Gender,SeniorCitizen,Partner,Dependents,Tenure,PhoneService,MultipleLines,InternetService,OnlineSecurity,OnlineBackup,DeviceProtection,TechSupport,StreamingTV,StreamingMovies,Contract,PaperlessBilling,PaymentMethod,MonthlyCharges,TotalCharges,Churn,AverageMonthlySpend,ChargeDifference,ServiceCount,TenureGroup,ChargeGroup,ContractRisk,ElectronicPayment,HasTechSupport,HasOnlineSecurity
Female,0,Yes,No,61,Yes,Yes,No,No internet service,No internet service,No internet service,No internet service,No internet service,No internet service,One year,No,Mailed check,36.33,2054.28,No,33.67672131147541,2.653278688524587,2,Loyal,Low,1,0,0,0
Male,0,No,Yes,33,Yes,Yes,No,No internet service,No internet service,No internet service,No internet service,No internet service,No internet service,Two year,Yes,Mailed check,34.76,1179.14,No,35.731515151515154,-0.9715151515151561,2,Established,Low,0,0,0,0
Male,1,Yes,Yes,51,Yes,Yes,No,No internet service,No internet service,No internet service,No internet service,No internet service,No internet service,Month-to-month,No,Credit card,35.64,1766.36,No,34.63450980392157,1.0054901960784335,2,Loyal,Low,2,0,0,0
Female,0,Yes,No,70,Yes,Yes,Fiber optic,Yes,Yes,No,No,No,Yes,Month-to-month,No,Electronic check,92.6,6493.43,No,92.76328571428571,-0.16328571428572047,5,Loyal,High,2,1,0,1
Female,0,No,No,4,Yes,No,Fiber optic,Yes,No,No,No,No,Yes,One year,No,Electronic check,78.75,253.24,Yes,63.31,15.439999999999998,3,New,High,1,1,0,1
Male,0,No,Yes,8,Yes,No,Fiber optic,No,No,No,No,No,No,Month-to-month,Yes,Mailed check,73.81,525.01,Yes,65.62625,8.183750000000003,1,New,High,2,0,0,0
Female,1,No,No,67,No,No phone service,DSL,No,No,No,No,Yes,No,One year,No,Electronic check,44.13,2921.94,No,43.61104477611941,0.5189552238805959,1,Loyal,Medium,1,1,0,0
Male,1,No,No,41,Yes,No,No,No internet service,No internet service,No internet service,No internet service,No internet service,No internet service,One year,Yes,Bank transfer,32.83,1352.58,No,32.98975609756097,-0.15975609756097242,1,Established,Low,1,0,0,0
Female,0,No,No,45,Yes,No,Fiber optic,No,No,Yes,No,Yes,Yes,One year,Yes,Mailed check,88.82,4051.82,No,90.04044444444445,-1.2204444444444533,4,Established,High,1,0,0,0
Female,0,No,No,25,Yes,Yes,Fiber optic,Yes,Yes,Yes,No,No,No,Month-to-month,Yes,Credit card,91.92,2239.04,Yes,89.5616,2.358400000000003,5,Established,High,2,0,0,1
Male,0,No,Yes,60,Yes,Yes,DSL,No,No,No,Yes,No,Yes,Month-to-month,No,Bank transfer,62.17,3741.26,No,62.35433333333334,-0.1843333333333348,4,Loyal,Medium,2,0,1,0
Male,0,No,Yes,47,Yes,No,DSL,No,No,No,No,No,No,Two year,Yes,Mailed check,45.88,2188.77,No,46.56957446808511,-0.6895744680851053,1,Established,Medium,0,0,0,0
Male,0,Yes,Yes,19,Yes,No,No,No internet service,No internet service,No internet service,No internet service,No internet service,No internet service,Month-to-month,No,Credit card,31.65,562.14,No,29.586315789473684,2.063684210526315,1,Developing,Low,2,0,0,0
Male,0,No,No,47,Yes,Yes,DSL,No,No,No,Yes,No,Yes,Month-to-month,Yes,Electronic check,64.44,3059.03,No,65.08574468085106,-0.6457446808510667,4,Established,Medium,2,1,1,0
Male,0,No,No,1,Yes,No,DSL,No,No,No,No,No,Yes,Month-to-month,No,Bank transfer,53.79,18.0,No,18.0,35.79,2,New,Medium,2,0,0,0
Male,0,Yes,No,18,Yes,No,Fiber optic,No,No,Yes,No,Yes,Yes,Month-to-month,No,Bank transfer,95.47,1646.18,Yes,91.45444444444445,4.015555555555551,4,Developing,High,2,0,0,0
Male,0,No,No,15,Yes,No,Fiber optic,No,No,Yes,No,Yes,No,Month-to-month,Yes,Electronic check,77.17,1242.31,Yes,82.82066666666667,-5.650666666666666,3,Developing,High,2,1,0,0
Female,0,No,No,57,Yes,Yes,DSL,No,No,Yes,No,No,No,Month-to-month,Yes,Electronic check,54.24,2912.95,No,51.104385964912275,3.135614035087727,3,Loyal,Medium,2,1,0,0
Male,0,Yes,Yes,53,Yes,No,DSL,No,No,No,No,Yes,Yes,One year,Yes,Mailed check,61.2,3216.42,No,60.68716981132076,0.5128301886792457,3,Loyal,Medium,1,0,0,0
Female,0,Yes,Yes,7,Yes,Yes,Fiber optic,Yes,Yes,Yes,No,Yes,No,One year,Yes,Mailed check,92.14,650.54,Yes,92.9342857142857,-0.7942857142857065,6,New,High,1,0,0,1
Male,0,Yes,No,66,Yes,Yes,No,No internet service,No internet service,No internet service,No internet service,No internet service,No internet service,Two year,No,Bank transfer,37.04,2464.17,No,37.33590909090909,-0.2959090909090918,2,Loyal,Low,0,0,0,0
Female,0,Yes,No,59,Yes,No,Fiber optic,No,No,Yes,No,No,Yes,Two year,No,Electronic check,78.79,4671.18,No,79.17254237288137,-0.3825423728813604,3,Loyal,High,0,1,0,0
Female,0,Yes,No,32,Yes,No,Fiber optic,Yes,No,No,No,No,Yes,Month-to-month,No,Electronic check,80.19,2548.34,No,79.635625,0.5543749999999932,3,Established,High,2,1,0,1
Male,0,Yes,Yes,16,Yes,Yes,DSL,No,Yes,No,Yes,No,No,Month-to-month,No,Credit card,66.38,1031.68,No,64.48,1.8999999999999915,4,Developing,Medium,2,0,1,0
Male,1,Yes,No,31,Yes,Yes,Fiber optic,No,No,No,No,No,No,Two year,No,Electronic check,71.97,2163.21,No,69.78096774193548,2.1890322580645147,2,Established,High,0,1,0,0
Male,0,Yes,Yes,43,Yes,Yes,Fiber optic,No,Yes,Yes,Yes,Yes,No,Month-to-month,Yes,Credit card,91.02,4037.6,No,93.89767441860465,-2.8776744186046557,6,Established,High,2,0,1,0
Female,1,No,No,46,No,No phone service,No,No internet service,No internet service,No internet service,No internet service,No internet service,No internet service,Month-to-month,No,Bank transfer,18.0,889.52,No,19.337391304347825,-1.3373913043478254,0,Established,Low,2,0,0,0
Male,1,No,Yes,26,No,No phone service,Fiber optic,Yes,No,No,Yes,No,Yes,Month-to-month,No,Bank transfer,80.13,2106.8,No,81.03076923076924,-0.9007692307692423,3,Established,High,2,0,1,1
Male,0,Yes,No,8,Yes,No,DSL,No,No,Yes,No,Yes,No,One year,Yes,Electronic check,61.35,485.17,No,60.64625,0.7037499999999994,3,New,Medium,1,1,0,0
Female,0,Yes,Yes,44,Yes,No,DSL,No,No,No,Yes,No,No,Month-to-month,No,Credit card,46.7,2006.99,No,45.613409090909094,1.0865909090909085,2,Established,Medium,2,0,1,0
Female,0,Yes,Yes,51,Yes,Yes,No,No internet service,No internet service,No internet service,No internet service,No internet service,No internet service,Month-to-month,No,Credit card,39.24,1997.24,No,39.16156862745098,0.07843137254901933,2,Loyal,Low,2,0,0,0
Female,0,Yes,No,20,Yes,No,DSL,No,No,Yes,No,No,No,Month-to-month,No,Bank transfer,50.72,937.06,No,46.852999999999994,3.8670000000000044,2,Developing,Medium,2,0,0,0
Female,0,Yes,No,47,Yes,No,Fiber optic,No,Yes,No,Yes,No,Yes,One year,No,Bank transfer,87.13,4204.74,No,89.46255319148936,-2.3325531914893674,4,Established,High,1,0,1,0
Male,0,Yes,No,41,Yes,No,Fiber optic,Yes,No,No,No,Yes,No,Month-to-month,Yes,Mailed check,85.67,3442.04,No,83.95219512195122,1.7178048780487813,3,Established,High,2,0,0,1
Male,1,Yes,No,37,No,No phone service,DSL,No,No,No,Yes,Yes,Yes,One year,Yes,Electronic check,49.83,1743.65,No,47.12567567567568,2.7043243243243182,3,Established,Medium,1,1,1,0
Female,0,No,No,1,Yes,Yes,Fiber optic,Yes,Yes,Yes,Yes,No,Yes,Month-to-month,Yes,Credit card,106.54,344.51,No,344.51,-237.96999999999997,7,New,Very High,2,0,1,1
Male,0,Yes,Yes,23,Yes,Yes,Fiber optic,No,Yes,No,No,No,No,Month-to-month,Yes,Electronic check,74.57,1703.69,Yes,74.07347826086956,0.4965217391304293,3,Developing,High,2,1,0,0
Male,0,No,No,27,Yes,Yes,No,No internet service,No internet service,No internet service,No internet service,No internet service,No internet service,Month-to-month,No,Mailed check,28.43,698.31,No,25.86333333333333,2.56666666666667,2,Established,Low,2,0,0,0
Female,0,Yes,No,61,Yes,Yes,DSL,No,No,Yes,No,No,No,Month-to-month,Yes,Mailed check,52.06,3236.94,No,53.064590163934426,-1.0045901639344237,3,Loyal,Medium,2,0,0,0
Male,0,Yes,No,60,Yes,No,DSL,Yes,Yes,No,Yes,No,No,Month-to-month,Yes,Bank transfer,63.24,3687.59,No,61.459833333333336,1.7801666666666662,4,Loyal,Medium,2,0,1,1
Female,0,No,No,63,Yes,Yes,DSL,No,No,No,No,Yes,No,Two year,Yes,Bank transfer,62.48,3880.72,No,61.598730158730156,0.881269841269841,3,Loyal,Medium,0,0,0,0
Male,0,Yes,No,34,Yes,Yes,DSL,Yes,No,Yes,No,Yes,Yes,Month-to-month,Yes,Bank transfer,80.33,2795.39,No,82.21735294117647,-1.8873529411764736,6,Established,High,2,0,0,1
Male,0,No,Yes,24,No,No phone service,Fiber optic,Yes,Yes,No,No,No,No,Two year,No,Electronic check,71.63,1890.63,No,78.77625,-7.146250000000009,2,Developing,High,0,1,0,1
Female,0,No,No,36,Yes,Yes,Fiber optic,No,Yes,No,No,Yes,No,Month-to-month,No,Electronic check,87.27,3223.67,No,89.54638888888888,-2.2763888888888886,4,Established,High,2,1,0,0
Female,0,No,No,58,Yes,No,DSL,Yes,No,No,Yes,No,Yes,Month-to-month,Yes,Electronic check,64.76,3814.22,No,65.76241379310345,-1.0024137931034431,4,Loyal,Medium,2,1,1,1
Male,0,Yes,No,45,No,No phone service,No,No internet service,No internet service,No internet service,No internet service,No internet service,No internet service,One year,Yes,Credit card,19.16,973.79,No,21.639777777777777,-2.4797777777777767,0,Established,Low,1,0,0,0
Female,1,No,No,44,Yes,No,DSL,No,Yes,Yes,Yes,No,Yes,Two year,Yes,Electronic check,68.57,2994.28,No,68.05181818181819,0.5181818181818016,5,Established,Medium,0,1,1,0
Male,0,Yes,Yes,32,Yes,Yes,Fiber optic,Yes,No,No,No,No,Yes,Month-to-month,No,Credit card,88.44,2712.92,Yes,84.77875,3.6612499999999955,4,Established,High,2,0,0,1
Male,0,Yes,Yes,51,No,No phone service,No,No internet service,No internet service,No internet service,No internet service,No internet service,No internet service,Month-to-month,Yes,Electronic check,19.5,938.52,No,18.40235294117647,1.0976470588235294,0,Loyal,Low,2,1,0,0
Male,0,Yes,No,63,Yes,No,Fiber optic,No,No,No,No,Yes,Yes,One year,Yes,Credit card,91.86,5897.14,No,93.60539682539682,-1.7453968253968242,3,Loyal,High,1,0,0,0
Male,0,No,No,49,Yes,Yes,DSL,No,No,No,Yes,Yes,No,Month-to-month,Yes,Bank transfer,68.34,3253.72,Yes,66.40244897959184,1.937551020408165,4,Loyal,Medium,2,0,1,0
Female,0,No,No,30,Yes,Yes,No,No internet service,No internet service,No internet service,No internet service,No internet service,No internet service,One year,No,Credit card,36.64,1087.98,No,36.266,0.37400000000000233,2,Established,Low,1,0,0,0
Female,0,Yes,No,61,Yes,No,Fiber optic,No,Yes,No,No,Yes,No,Two year,Yes,Bank transfer,80.19,4895.29,No,80.25065573770492,-0.06065573770491994,3,Loyal,High,0,0,0,0
Female,1,Yes,No,68,Yes,No,DSL,No,No,No,No,No,No,Month-to-month,No,Bank transfer,45.97,3159.94,No,46.46970588235294,-0.49970588235294144,1,Loyal,Medium,2,0,0,0
Female,0,No,No,58,Yes,No,DSL,No,No,Yes,No,No,No,Two year,Yes,Bank transfer,54.65,3218.24,No,55.486896551724136,-0.8368965517241378,2,Loyal,Medium,0,0,0,0
Female,0,No,No,64,Yes,No,No,No internet service,No internet service,No internet service,No internet service,No internet service,No internet service,Month-to-month,No,Electronic check,28.46,1873.79,No,29.27796875,-0.8179687499999986,1,Loyal,Low,2,1,0,0
Male,0,Yes,Yes,20,Yes,No,DSL,No,No,Yes,No,Yes,No,Two year,No,Credit card,56.12,1359.45,No,67.9725,-11.8525,3,Developing,Medium,0,0,0,0
Female,0,Yes,No,31,Yes,No,No,No internet service,No internet service,No internet service,No internet service,No internet service,No internet service,Two year,Yes,Bank transfer,21.06,714.45,No,23.046774193548387,-1.9867741935483885,1,Established,Low,0,0,0,0
Male,0,No,No,18,Yes,No,DSL,No,No,Yes,No,No,No,One year,No,Electronic check,49.26,1002.64,No,55.70222222222222,-6.44222222222222,2,Developing,Medium,1,1,0,0
Male,0,No,Yes,27,Yes,Yes,DSL,Yes,No,No,No,No,No,Two year,Yes,Electronic check,60.47,1637.7,No,60.65555555555556,-0.1855555555555597,3,Established,Medium,0,1,0,1
Male,0,No,Yes,53,Yes,No,No,No internet service,No internet service,No internet service,No internet service,No internet service,No internet service,Two year,Yes,Mailed check,22.69,1362.8,No,25.71320754716981,-3.0232075471698074,1,Loyal,Low,0,0,0,0
Male,0,Yes,No,49,Yes,No,No,No internet service,No internet service,No internet service,No internet service,No internet service,No internet service,Month-to-month,No,Credit card,33.59,1584.02,No,32.3269387755102,1.2630612244898032,1,Loyal,Low,2,0,0,0
Female,0,Yes,No,1,Yes,No,DSL,No,Yes,Yes,Yes,No,Yes,Month-to-month,No,Credit card,68.72,150.7,Yes,150.7,-81.97999999999999,5,New,Medium,2,0,1,0
Male,0,Yes,No,55,No,No phone service,DSL,Yes,Yes,Yes,No,No,No,Month-to-month,No,Electronic check,58.34,3200.81,Yes,58.19654545454545,0.14345454545455283,3,Loyal,Medium,2,1,0,1
Female,0,Yes,No,14,Yes,No,Fiber optic,No,No,Yes,No,No,No,Month-to-month,Yes,Bank transfer,74.41,1121.31,No,80.09357142857142,-5.683571428571426,2,Developing,High,2,0,0,0
Female,0,No,Yes,14,Yes,Yes,Fiber optic,No,Yes,No,No,Yes,No,One year,No,Electronic check,79.92,1163.43,No,83.10214285714287,-3.182142857142864,4,Developing,High,1,1,0,0
Male,0,Yes,No,40,Yes,No,Fiber optic,Yes,No,No,No,No,Yes,Month-to-month,Yes,Electronic check,80.13,3308.54,No,82.7135,-2.583500000000001,3,Established,High,2,1,0,1
Female,0,No,No,18,Yes,Yes,DSL,No,No,No,No,Yes,Yes,One year,Yes,Credit card,64.05,1193.92,No,66.3288888888889,-2.2788888888889005,4,Developing,Medium,1,0,0,0
Female,0,No,No,70,Yes,Yes,No,No internet service,No internet service,No internet service,No internet service,No internet service,No internet service,Month-to-month,Yes,Electronic check,31.26,2184.92,No,31.21314285714286,0.046857142857142264,2,Loyal,Low,2,1,0,0
Female,1,No,No,11,Yes,Yes,DSL,No,Yes,No,No,No,No,Month-to-month,No,Mailed check,59.6,736.81,No,66.98272727272727,-7.382727272727273,3,New,Medium,2,0,0,0
Male,0,No,No,11,Yes,No,DSL,Yes,Yes,No,No,No,No,Month-to-month,Yes,Electronic check,52.05,507.37,No,46.124545454545455,5.925454545454542,3,New,Medium,2,1,0,1
Female,0,No,No,55,No,No phone service,DSL,No,No,No,No,Yes,No,Two year,Yes,Electronic check,38.91,1999.02,No,36.34581818181818,2.5641818181818152,1,Loyal,Low,0,1,0,0
Female,0,Yes,No,21,Yes,No,DSL,Yes,No,No,Yes,Yes,No,Month-to-month,Yes,Electronic check,60.13,1087.76,No,51.798095238095236,8.331904761904767,4,Developing,Medium,2,1,1,1
Female,0,Yes,Yes,52,Yes,Yes,Fiber optic,No,Yes,No,Yes,Yes,Yes,Month-to-month,Yes,Electronic check,103.98,5553.08,No,106.78999999999999,-2.809999999999988,6,Loyal,Very High,2,1,1,0
Male,0,Yes,No,50,Yes,Yes,Fiber optic,Yes,Yes,Yes,No,Yes,No,Month-to-month,Yes,Mailed check,97.58,4900.34,No,98.0068,-0.42680000000000007,6,Loyal,High,2,0,0,1
Female,0,No,No,14,Yes,No,Fiber optic,No,No,Yes,No,No,No,Two year,No,Credit card,71.01,1033.21,No,73.80071428571429,-2.7907142857142873,2,Developing,High,0,0,0,0
Female,0,No,No,42,Yes,Yes,Fiber optic,Yes,No,No,No,No,No,Month-to-month,Yes,Electronic check,79.99,3332.09,Yes,79.3354761904762,0.6545238095237949,3,Established,High,2,1,0,1
Female,1,Yes,No,39,Yes,No,DSL,Yes,No,No,No,No,No,One year,No,Credit card,54.98,2170.49,No,55.65358974358974,-0.6735897435897442,2,Established,Medium,1,0,0,1
Male,0,Yes,Yes,7,Yes,Yes,No,No internet service,No internet service,No internet service,No internet service,No internet service,No internet service,Month-to-month,Yes,Bank transfer,36.54,200.0,No,28.571428571428573,7.968571428571426,2,New,Low,2,0,0,0
Male,1,Yes,No,56,Yes,Yes,Fiber optic,Yes,Yes,No,No,Yes,Yes,Month-to-month,Yes,Electronic check,102.73,5751.93,Yes,102.71303571428572,0.016964285714280436,6,Loyal,Very High,2,1,0,1
Male,0,Yes,Yes,62,Yes,No,DSL,No,No,Yes,No,Yes,No,One year,Yes,Electronic check,59.48,3544.41,No,57.16790322580645,2.3120967741935488,3,Loyal,Medium,1,1,0,0
Female,0,No,Yes,69,Yes,No,DSL,No,No,No,No,Yes,No,One year,Yes,Electronic check,45.98,3022.78,No,43.80840579710145,2.1715942028985467,2,Loyal,Medium,1,1,0,0
Female,0,Yes,No,7,Yes,Yes,Fiber optic,No,Yes,Yes,No,Yes,No,One year,No,Bank transfer,93.1,547.75,No,78.25,14.849999999999994,5,New,High,1,0,0,0
Male,0,No,No,13,Yes,Yes,Fiber optic,Yes,Yes,No,No,Yes,No,Month-to-month,Yes,Bank transfer,97.61,1201.53,No,92.42538461538462,5.184615384615384,5,Developing,High,2,0,0,1
Male,0,No,No,60,Yes,Yes,Fiber optic,No,No,Yes,No,No,No,Two year,No,Electronic check,72.83,4479.95,No,74.66583333333332,-1.8358333333333263,3,Loyal,High,0,1,0,0
Male,0,Yes,No,22,Yes,Yes,Fiber optic,No,No,Yes,No,Yes,No,Month-to-month,Yes,Electronic check,80.8,1980.92,Yes,90.04181818181819,-9.24181818181819,4,Developing,High,2,1,0,0
Female,0,Yes,Yes,46,Yes,No,DSL,No,No,Yes,No,Yes,No,Two year,Yes,Electronic check,53.26,2542.21,No,55.26543478260869,-2.0054347826086953,3,Established,Medium,0,1,0,0
Female,0,No,No,26,Yes,No,No,No internet service,No internet service,No internet service,No internet service,No internet service,No internet service,Month-to-month,Yes,Bank transfer,24.57,384.86,No,14.802307692307693,9.767692307692307,1,Established,Low,2,0,0,0
Male,0,No,No,16,Yes,Yes,DSL,No,No,No,No,No,No,Month-to-month,Yes,Electronic check,52.72,985.62,Yes,61.60125,-8.881250000000001,2,Developing,Medium,2,1,0,0
Male,0,Yes,No,45,Yes,Yes,DSL,No,Yes,Yes,No,No,No,Month-to-month,No,Mailed check,57.37,2551.46,No,56.699111111111115,0.6708888888888822,4,Established,Medium,2,0,0,0
Female,0,Yes,No,15,Yes,Yes,Fiber optic,Yes,No,No,No,No,Yes,One year,Yes,Bank transfer,90.57,1233.88,No,82.25866666666667,8.311333333333323,4,Developing,High,1,0,0,1
Male,1,No,No,10,Yes,Yes,DSL,No,Yes,No,Yes,Yes,No,One year,No,Bank transfer,78.48,937.63,No,93.763,-15.283000000000001,5,New,High,1,0,1,0
Male,0,No,No,39,Yes,No,Fiber optic,No,No,No,Yes,Yes,Yes,Month-to-month,Yes,Electronic check,86.27,3332.65,No,85.45256410256411,0.8174358974358853,4,Established,High,2,1,1,0
Female,0,No,No,14,Yes,Yes,DSL,No,No,Yes,No,No,Yes,Month-to-month,Yes,Mailed check,58.92,748.36,No,53.45428571428572,5.465714285714284,4,Developing,Medium,2,0,0,0
Male,0,No,No,14,Yes,No,Fiber optic,No,No,No,No,No,No,Month-to-month,No,Mailed check,67.84,907.12,No,64.79428571428572,3.0457142857142827,1,Developing,Medium,2,0,0,0
Female,1,No,No,57,Yes,No,Fiber optic,Yes,Yes,No,No,No,No,Month-to-month,Yes,Credit card,81.73,4632.97,Yes,81.2801754385965,0.4498245614035028,3,Loyal,High,2,0,0,1
Female,0,Yes,No,39,Yes,No,Fiber optic,Yes,No,Yes,No,No,No,Two year,Yes,Mailed check,80.17,3175.81,No,81.43102564102564,-1.2610256410256397,3,Established,High,0,0,0,1
Male,0,No,No,40,Yes,No,Fiber optic,Yes,No,No,Yes,No,Yes,Month-to-month,Yes,Mailed check,89.51,3597.5,No,89.9375,-0.4274999999999949,4,Established,High,2,0,1,1
Male,1,Yes,No,11,Yes,Yes,DSL,No,Yes,Yes,No,No,No,Month-to-month,No,Electronic check,61.45,624.65,No,56.78636363636363,4.663636363636371,4,New,Medium,2,1,0,0
Female,1,No,No,12,Yes,No,No,No internet service,No internet service,No internet service,No internet service,No internet service,No internet service,Month-to-month,Yes,Bank transfer,28.87,191.09,Yes,15.924166666666666,12.945833333333335,1,New,Low,2,0,0,0
Male,0,No,No,29,Yes,No,Fiber optic,Yes,No,No,No,No,No,Month-to-month,Yes,Bank transfer,84.83,2397.71,No,82.67965517241379,2.15034482758621,2,Established,High,2,0,0,1
Female,0,No,No,28,Yes,No,Fiber optic,No,No,No,No,No,No,Two year,No,Bank transfer,67.96,1923.01,No,68.67892857142857,-0.7189285714285774,1,Established,Medium,0,0,0,0
Male,0,Yes,No,33,Yes,Yes,DSL,No,No,No,No,No,No,Month-to-month,Yes,Bank transfer,52.52,1675.0,Yes,50.75757575757576,1.7624242424242453,2,Established,Medium,2,0,0,0
Female,0,No,Yes,10,Yes,Yes,DSL,No,No,No,Yes,Yes,No,Two year,Yes,Credit card,66.37,675.46,No,67.546,-1.176000000000002,4,New,Medium,0,0,1,0
Male,0,No,Yes,65,Yes,Yes,Fiber optic,Yes,Yes,No,No,Yes,No,One year,No,Credit card,103.56,6732.05,No,103.57000000000001,-0.010000000000005116,5,Loyal,Very High,1,0,0,1
Male,0,No,No,27,Yes,Yes,Fiber optic,Yes,No,No,Yes,Yes,No,One year,No,Electronic check,96.99,2710.6,No,100.39259259259259,-3.4025925925925975,5,Established,High,1,1,1,1
Male,0,No,No,59,Yes,No,No,No internet service,No internet service,No internet service,No internet service,No internet service,No internet service,Month-to-month,Yes,Electronic check,27.99,1674.41,No,28.379830508474576,-0.3898305084745779,1,Loyal,Low,2,1,0,0
Male,0,Yes,No,29,Yes,No,No,No internet service,No internet service,No internet service,No internet service,No internet service,No internet service,One year,Yes,Credit card,25.72,816.11,Yes,28.141724137931035,-2.4217241379310366,1,Established,Low,1,0,0,0
Female,0,Yes,No,34,Yes,No,Fiber optic,No,No,No,No,Yes,Yes,One year,Yes,Bank transfer,88.95,3006.67,No,88.4314705882353,0.5185294117647032,3,Established,High,1,0,0,0
Male,0,No,No,9,Yes,No,Fiber optic,No,No,Yes,No,No,No,Month-to-month,Yes,Credit card,74.22,799.54,Yes,88.83777777777777,-14.617777777777775,2,New,High,2,0,0,0
Female,1,No,No,49,Yes,No,Fiber optic,No,Yes,Yes,Yes,No,No,Two year,Yes,Mailed check,90.67,4406.68,No,89.9322448979592,0.7377551020408077,4,Loyal,High,0,0,1,0
Male,0,No,Yes,5,Yes,No,DSL,Yes,Yes,Yes,No,No,No,Month-to-month,No,Credit card,59.52,230.39,No,46.077999999999996,13.442000000000007,4,New,Medium,2,0,0,1
Male,0,No,Yes,54,Yes,No,Fiber optic,Yes,No,No,No,Yes,No,Month-to-month,No,Electronic check,79.18,4383.03,No,81.16722222222222,-1.987222222222215,3,Loyal,High,2,1,0,1
Female,0,Yes,No,64,Yes,No,Fiber optic,No,No,No,No,Yes,Yes,Month-to-month,Yes,Bank transfer,77.74,4925.25,No,76.95703125,0.7829687499999949,3,Loyal,High,2,0,0,0
Male,0,Yes,Yes,27,Yes,Yes,DSL,Yes,Yes,Yes,Yes,No,No,One year,No,Mailed check,74.62,1927.77,No,71.39888888888889,3.2211111111111137,6,Established,High,1,0,1,1
Male,0,No,No,64,No,No phone service,DSL,No,No,Yes,Yes,Yes,No,Month-to-month,Yes,Electronic check,47.32,2939.1,No,45.9234375,1.3965625000000017,3,Loyal,Medium,2,1,1,0
Female,0,Yes,No,51,Yes,Yes,Fiber optic,No,Yes,No,Yes,No,No,Month-to-month,Yes,Electronic check,91.58,4630.81,No,90.80019607843138,0.7798039215686146,4,Loyal,High,2,1,1,0
Female,1,No,No,1,Yes,No,Fiber optic,Yes,Yes,No,No,No,Yes,Month-to-month,No,Electronic check,80.82,59.59,Yes,59.59,21.22999999999999,4,New,High,2,1,0,1
Female,0,No,Yes,15,Yes,No,DSL,No,No,No,Yes,Yes,No,Month-to-month,Yes,Electronic check,50.28,787.53,No,52.501999999999995,-2.221999999999994,3,Developing,Medium,2,1,1,0
Female,1,No,No,47,Yes,No,DSL,No,Yes,No,Yes,No,No,Month-to-month,Yes,Credit card,55.38,2664.65,No,56.69468085106383,-1.3146808510638266,3,Established,Medium,2,0,1,0
Female,1,Yes,No,51,Yes,No,DSL,No,No,Yes,No,No,Yes,Two year,Yes,Credit card,61.39,3133.35,No,61.438235294117646,-0.04823529411764582,3,Loyal,Medium,0,0,0,0
Male,1,No,No,7,No,No phone service,No,No internet service,No internet service,No internet service,No internet service,No internet service,No internet service,Month-to-month,Yes,Credit card,19.09,209.59,No,29.94142857142857,-10.85142857142857,0,New,Low,2,0,0,0
Male,0,Yes,No,50,Yes,No,No,No internet service,No internet service,No internet service,No internet service,No internet service,No internet service,Two year,No,Credit card,30.62,1596.33,No,31.926599999999997,-1.306599999999996,1,Loyal,Low,0,0,0,0
Female,1,Yes,No,59,Yes,Yes,No,No internet service,No internet service,No internet service,No internet service,No internet service,No internet service,One year,Yes,Credit card,35.84,2040.66,No,34.587457627118646,1.2525423728813578,2,Loyal,Low,1,0,0,0
Male,0,Yes,No,7,Yes,No,No,No internet service,No internet service,No internet service,No internet service,No internet service,No internet service,One year,Yes,Credit card,30.3,134.07,No,19.15285714285714,11.14714285714286,1,New,Low,1,0,0,0
Male,0,Yes,No,64,Yes,No,DSL,No,No,No,No,No,No,Two year,No,Electronic check,51.87,3284.13,No,51.31453125,0.5554687499999957,1,Loyal,Medium,0,1,0,0
Female,0,No,No,39,Yes,No,DSL,No,No,Yes,No,No,Yes,Month-to-month,Yes,Electronic check,54.75,1963.43,No,50.344358974358975,4.4056410256410246,3,Established,Medium,2,1,0,0
Male,0,No,Yes,45,Yes,No,Fiber optic,No,No,Yes,No,No,Yes,One year,No,Credit card,82.19,3705.09,No,82.33533333333334,-0.14533333333334042,3,Established,High,1,0,0,0
Male,0,Yes,Yes,4,Yes,Yes,Fiber optic,No,No,Yes,Yes,No,No,Month-to-month,Yes,Mailed check,78.76,297.07,Yes,74.2675,4.492500000000007,4,New,High,2,0,1,0
Male,0,No,No,45,Yes,Yes,Fiber optic,No,No,Yes,No,No,No,Month-to-month,Yes,Bank transfer,87.04,4047.31,No,89.94022222222222,-2.9002222222222116,3,Established,High,2,0,0,0
Male,0,Yes,No,33,Yes,Yes,DSL,No,Yes,No,No,Yes,No,Month-to-month,No,Mailed check,63.21,2173.99,No,65.87848484848485,-2.6684848484848445,4,Established,Medium,2,0,0,0
Male,0,No,No,27,Yes,No,No,No internet service,No internet service,No internet service,No internet service,No internet service,No internet service,One year,No,Electronic check,27.79,726.49,No,26.90703703703704,0.8829629629629601,1,Established,Low,1,1,0,0
Female,1,No,No,57,Yes,No,DSL,No,No,No,No,No,Yes,Two year,Yes,Electronic check,51.27,3000.7,No,52.6438596491228,-1.3738596491227995,2,Loyal,Medium,0,1,0,0
Male,0,No,No,18,Yes,No,Fiber optic,Yes,No,No,No,No,Yes,Month-to-month,No,Bank transfer,78.85,1406.43,No,78.135,0.7149999999999892,3,Developing,High,2,0,0,1
Male,0,Yes,Yes,5,Yes,No,No,No internet service,No internet service,No internet service,No internet service,No internet service,No internet service,One year,Yes,Mailed check,30.59,190.73,No,38.146,-7.556000000000001,1,New,Low,1,0,0,0
Female,0,Yes,No,36,Yes,Yes,Fiber optic,Yes,Yes,No,No,No,Yes,Month-to-month,Yes,Mailed check,95.84,3295.88,No,91.55222222222223,4.287777777777777,5,Established,High,2,0,0,1
Male,0,Yes,Yes,54,Yes,Yes,Fiber optic,No,No,Yes,No,No,No,Month-to-month,Yes,Bank transfer,79.36,4240.91,No,78.53537037037037,0.8246296296296265,3,Loyal,High,2,0,0,0
Female,0,No,No,10,Yes,No,Fiber optic,Yes,No,Yes,No,No,No,Month-to-month,Yes,Mailed check,86.51,878.41,Yes,87.841,-1.3309999999999889,3,New,High,2,0,0,1
Female,0,No,No,71,Yes,Yes,Fiber optic,No,No,No,Yes,No,Yes,One year,Yes,Mailed check,91.99,6510.13,No,91.69197183098592,0.29802816901407425,4,Loyal,High,1,0,1,0
Female,0,Yes,No,49,Yes,No,No,No internet service,No internet service,No internet service,No internet service,No internet service,No internet service,Month-to-month,No,Bank transfer,34.02,1770.66,No,36.13591836734694,-2.1159183673469357,1,Loyal,Low,2,0,0,0
Male,0,Yes,No,68,Yes,No,Fiber optic,No,Yes,No,Yes,Yes,No,Month-to-month,Yes,Mailed check,79.11,5408.35,No,79.53455882352942,-0.42455882352942353,4,Loyal,High,2,0,1,0
Female,0,No,No,34,Yes,Yes,Fiber optic,No,No,Yes,Yes,Yes,No,Month-to-month,Yes,Credit card,91.06,3145.22,Yes,92.50647058823529,-1.446470588235286,5,Established,High,2,0,1,0
Female,0,Yes,No,9,No,No phone service,No,No internet service,No internet service,No internet service,No internet service,No internet service,No internet service,One year,No,Mailed check,23.46,228.52,No,25.391111111111112,-1.931111111111111,0,New,Low,1,0,0,0
Female,1,No,Yes,13,Yes,No,Fiber optic,Yes,No,No,Yes,No,Yes,Two year,Yes,Credit card,81.68,1063.43,Yes,81.80230769230769,-0.12230769230768601,4,Developing,High,0,0,1,1
Male,0,No,No,37,Yes,Yes,Fiber optic,No,No,No,No,No,No,Month-to-month,Yes,Credit card,74.93,2846.28,No,76.9264864864865,-1.9964864864864893,2,Established,High,2,0,0,0
Male,1,Yes,No,43,Yes,Yes,Fiber optic,No,No,No,No,No,No,One year,No,Credit card,72.47,3259.31,No,75.79790697674419,-3.3279069767441882,2,Established,High,1,0,0,0
Female,0,Yes,Yes,53,Yes,No,DSL,No,No,Yes,No,No,No,One year,Yes,Bank transfer,52.19,2598.98,No,49.037358490566035,3.1526415094339626,2,Loyal,Medium,1,0,0,0
Female,0,Yes,No,58,Yes,No,Fiber optic,No,No,No,No,No,Yes,Month-to-month,Yes,Bank transfer,75.23,4282.66,No,73.83896551724138,1.3910344827586272,2,Loyal,High,2,0,0,0
Male,0,Yes,Yes,55,Yes,Yes,No,No internet service,No internet service,No internet service,No internet service,No internet service,No internet service,Month-to-month,No,Mailed check,30.56,1685.59,No,30.647090909090906,-0.08709090909090733,2,Loyal,Low,2,0,0,0
Female,1,No,No,43,Yes,Yes,DSL,Yes,No,No,No,No,Yes,Two year,No,Mailed check,71.54,3184.12,No,74.0493023255814,-2.5093023255813875,4,Established,High,0,0,0,1
Male,1,No,Yes,2,Yes,Yes,DSL,No,Yes,No,No,No,No,Month-to-month,Yes,Electronic check,60.22,183.5,No,91.75,-31.53,3,New,Medium,2,1,0,0
Female,0,Yes,No,39,Yes,No,DSL,No,No,No,Yes,No,Yes,Month-to-month,No,Electronic check,60.14,2280.29,Yes,58.46897435897436,1.6710256410256434,3,Established,Medium,2,1,1,0
Male,0,No,Yes,59,Yes,Yes,Fiber optic,Yes,No,Yes,Yes,No,No,Two year,No,Electronic check,92.41,5420.99,No,91.88118644067796,0.5288135593220318,5,Loyal,High,0,1,1,1
Female,0,Yes,No,62,Yes,No,DSL,No,No,Yes,No,No,Yes,Two year,Yes,Bank transfer,61.05,3845.39,No,62.02241935483871,-0.9724193548387134,3,Loyal,Medium,0,0,0,0
Female,0,Yes,Yes,61,Yes,Yes,Fiber optic,No,No,No,No,No,Yes,One year,No,Electronic check,85.85,5188.99,No,85.06540983606557,0.7845901639344248,3,Loyal,High,1,1,0,0
Male,1,No,No,1,Yes,No,DSL,No,No,No,Yes,No,No,Two year,Yes,Bank transfer,43.36,66.07,No,66.07,-22.709999999999994,2,New,Medium,0,0,1,0
Female,0,No,Yes,32,Yes,Yes,DSL,Yes,Yes,No,No,No,No,Month-to-month,No,Electronic check,70.46,2200.33,No,68.7603125,1.699687499999996,4,Established,High,2,1,0,1
Male,0,No,No,45,Yes,Yes,DSL,No,No,Yes,No,No,No,One year,Yes,Electronic check,64.8,2955.11,No,65.6691111111111,-0.8691111111111098,3,Established,Medium,1,1,0,0
Male,0,Yes,No,18,Yes,No,DSL,No,Yes,No,Yes,Yes,Yes,Month-to-month,Yes,Mailed check,67.98,1274.58,No,70.81,-2.8299999999999983,5,Developing,Medium,2,0,1,0
Male,0,No,Yes,30,No,No phone service,No,No internet service,No internet service,No internet service,No internet service,No internet service,No internet service,Two year,Yes,Credit card,18.0,324.69,No,10.823,7.177,0,Established,Low,0,0,0,0
Male,1,Yes,No,8,Yes,No,No,No internet service,No internet service,No internet service,No internet service,No internet service,No internet service,Month-to-month,Yes,Mailed check,23.46,331.59,No,41.44875,-17.988749999999996,1,New,Low,2,0,0,0
Male,0,No,No,14,Yes,No,Fiber optic,No,No,No,No,Yes,Yes,Month-to-month,Yes,Credit card,79.6,1267.01,Yes,90.50071428571428,-10.900714285714287,3,Developing,High,2,0,0,0
Female,0,No,No,1,Yes,No,No,No internet service,No internet service,No internet service,No internet service,No internet service,No internet service,Month-to-month,No,Electronic check,29.02,18.0,Yes,18.0,11.02,1,New,Low,2,1,0,0
Female,0,No,No,71,Yes,No,DSL,No,No,No,No,No,Yes,One year,Yes,Mailed check,51.2,3616.93,No,50.94267605633802,0.2573239436619801,2,Loyal,Medium,1,0,0,0
Female,0,Yes,Yes,62,Yes,No,No,No internet service,No internet service,No internet service,No internet service,No internet service,No internet service,Month-to-month,Yes,Electronic check,25.4,1444.27,No,23.294677419354837,2.1053225806451614,1,Loyal,Low,2,1,0,0
Male,0,Yes,No,30,Yes,No,Fiber optic,No,Yes,No,Yes,Yes,No,One year,No,Electronic check,89.35,2510.04,No,83.66799999999999,5.682000000000002,4,Established,High,1,1,1,0
Female,1,No,Yes,1,Yes,Yes,Fiber optic,Yes,Yes,Yes,Yes,No,Yes,Month-to-month,No,Electronic check,103.41,168.27,Yes,168.27,-64.86000000000001,7,New,Very High,2,1,1,1
Female,0,Yes,No,25,Yes,No,Fiber optic,Yes,Yes,Yes,No,Yes,No,Month-to-month,Yes,Electronic check,95.69,2537.22,No,101.4888,-5.7988,5,Established,High,2,1,0,1
Female,0,No,No,32,Yes,No,Fiber optic,No,No,No,No,No,Yes,One year,Yes,Bank transfer,76.67,2451.6,No,76.6125,0.05750000000000455,2,Established,High,1,0,0,0
Female,0,Yes,No,13,Yes,Yes,DSL,No,Yes,No,No,Yes,Yes,Month-to-month,No,Bank transfer,78.66,1147.56,No,88.27384615384615,-9.613846153846154,5,Developing,High,2,0,0,0
Female,0,No,Yes,48,Yes,Yes,DSL,No,No,Yes,No,No,No,One year,Yes,Electronic check,66.87,3156.8,No,65.76666666666667,1.1033333333333388,3,Established,Medium,1,1,0,0
Female,0,Yes,No,72,Yes,Yes,Fiber optic,No,No,No,No,Yes,Yes,Two year,Yes,Credit card,91.86,6497.95,No,90.24930555555555,1.610694444444448,4,Loyal,High,0,0,0,0
Male,0,No,Yes,61,No,No phone service,Fiber optic,No,No,No,Yes,Yes,No,One year,No,Bank transfer,72.64,4399.88,No,72.12918032786885,0.5108196721311486,2,Loyal,High,1,0,1,0
Male,0,Yes,No,62,Yes,No,No,No internet service,No internet service,No internet service,No internet service,No internet service,No internet service,Month-to-month,Yes,Electronic check,27.65,1651.65,No,26.63951612903226,1.0104838709677395,1,Loyal,Low,2,1,0,0
Male,0,Yes,No,60,Yes,Yes,DSL,Yes,Yes,No,No,Yes,Yes,Month-to-month,No,Mailed check,81.15,4903.33,No,81.72216666666667,-0.5721666666666607,6,Loyal,High,2,0,0,1
Female,0,No,Yes,6,Yes,No,Fiber optic,No,No,Yes,No,No,No,Two year,Yes,Electronic check,78.4,557.39,No,92.89833333333333,-14.49833333333332,2,New,High,0,1,0,0
Male,0,Yes,Yes,40,Yes,No,Fiber optic,No,Yes,No,No,Yes,Yes,One year,No,Credit card,81.29,3159.26,No,78.98150000000001,2.308499999999995,4,Established,High,1,0,0,0
Female,0,No,No,41,Yes,Yes,DSL,No,No,No,No,No,No,One year,Yes,Mailed check,55.14,2152.41,No,52.497804878048775,2.642195121951225,2,Established,Medium,1,0,0,0
Male,0,No,Yes,8,Yes,No,DSL,Yes,No,Yes,No,Yes,No,Month-to-month,No,Electronic check,61.36,561.2,No,70.15,-8.790000000000006,4,New,Medium,2,1,0,1
Male,0,No,No,11,Yes,No,Fiber optic,No,Yes,No,No,Yes,No,One year,No,Electronic check,83.02,885.21,Yes,80.47363636363637,2.5463636363636226,3,New,High,1,1,0,0
Male,0,No,No,41,Yes,No,Fiber optic,No,Yes,Yes,Yes,Yes,Yes,Month-to-month,Yes,Electronic check,98.91,4117.63,No,100.43,-1.5200000000000102,6,Established,High,2,1,1,0
Female,1,No,No,52,No,No phone service,DSL,No,Yes,No,No,No,No,One year,Yes,Mailed check,41.32,2082.8,No,40.05384615384616,1.2661538461538413,1,Loyal,Medium,1,0,0,0
Female,0,Yes,Yes,16,Yes,No,DSL,Yes,Yes,Yes,Yes,No,No,Two year,Yes,Bank transfer,59.24,895.23,No,55.951875,3.288125000000001,5,Developing,Medium,0,0,1,1
Male,0,No,Yes,35,Yes,Yes,DSL,Yes,Yes,No,No,No,Yes,Two year,No,Credit card,63.56,2306.62,No,65.90342857142856,-2.3434285714285608,5,Established,Medium,0,0,0,1
Female,0,Yes,Yes,6,No,No phone service,No,No internet service,No internet service,No internet service,No internet service,No internet service,No internet service,Month-to-month,Yes,Electronic check,18.8,178.51,No,29.751666666666665,-10.951666666666664,0,New,Low,2,1,0,0
Female,0,No,No,8,Yes,Yes,No,No internet service,No internet service,No internet service,No internet service,No internet service,No internet service,Two year,No,Electronic check,34.37,386.34,No,48.2925,-13.9225,2,New,Low,0,1,0,0
Female,0,Yes,No,42,Yes,No,DSL,No,Yes,No,No,No,Yes,Month-to-month,Yes,Electronic check,57.65,2404.56,No,57.25142857142857,0.39857142857142946,3,Established,Medium,2,1,0,0
Female,0,No,Yes,41,Yes,Yes,Fiber optic,No,No,Yes,No,Yes,Yes,Month-to-month,Yes,Mailed check,96.97,4079.34,No,99.49609756097561,-2.5260975609756144,5,Established,High,2,0,0,0
Female,0,Yes,Yes,55,Yes,No,No,No internet service,No internet service,No internet service,No internet service,No internet service,No internet service,One year,Yes,Bank transfer,24.63,1390.28,No,25.27781818181818,-0.647818181818181,1,Loyal,Low,1,0,0,0
Female,0,Yes,No,66,Yes,No,DSL,Yes,No,Yes,Yes,No,Yes,Month-to-month,Yes,Credit card,62.32,4145.53,No,62.8110606060606,-0.4910606060606,5,Loyal,Medium,2,0,1,1
Male,1,Yes,No,14,Yes,No,DSL,No,No,Yes,No,No,Yes,Month-to-month,Yes,Bank transfer,61.87,797.87,Yes,56.99071428571428,4.8792857142857144,3,Developing,Medium,2,0,0,0
Male,0,Yes,No,25,Yes,No,DSL,Yes,Yes,Yes,Yes,Yes,No,One year,Yes,Electronic check,75.16,1931.85,No,77.274,-2.1140000000000043,6,Established,High,1,1,1,1
Male,1,Yes,No,62,Yes,Yes,DSL,No,Yes,No,No,Yes,Yes,One year,Yes,Credit card,69.11,4264.48,No,68.78193548387097,0.3280645161290323,5,Loyal,Medium,1,0,0,0
Female,1,Yes,Yes,4,Yes,No,No,No internet service,No internet service,No internet service,No internet service,No internet service,No internet service,One year,Yes,Credit card,31.4,274.47,No,68.6175,-37.21750000000001,1,New,Low,1,0,0,0
Male,1,Yes,No,60,Yes,Yes,No,No internet service,No internet service,No internet service,No internet service,No internet service,No internet service,Month-to-month,Yes,Electronic check,30.9,1853.87,No,30.89783333333333,0.0021666666666675383,2,Loyal,Low,2,1,0,0
Female,0,No,No,69,Yes,Yes,Fiber optic,No,Yes,No,No,Yes,No,One year,No,Credit card,89.83,6183.73,No,89.61927536231883,0.21072463768116734,4,Loyal,High,1,0,0,0
Female,0,Yes,No,8,Yes,Yes,DSL,Yes,No,Yes,No,Yes,Yes,Month-to-month,No,Bank transfer,77.88,725.26,Yes,90.6575,-12.777500000000003,6,New,High,2,0,0,1
Female,0,No,No,11,Yes,No,No,No internet service,No internet service,No internet service,No internet service,No internet service,No internet service,Month-to-month,Yes,Bank transfer,25.39,286.02,No,26.00181818181818,-0.6118181818181796,1,New,Low,2,0,0,0
Female,0,Yes,No,50,No,No phone service,DSL,No,No,No,Yes,Yes,Yes,Month-to-month,No,Mailed check,58.91,2877.36,No,57.547200000000004,1.362799999999993,3,Loyal,Medium,2,0,1,0
Male,1,No,No,35,Yes,No,DSL,No,No,Yes,No,No,No,One year,Yes,Electronic check,45.74,1478.38,No,42.239428571428576,3.5005714285714262,2,Established,Medium,1,1,0,0
Female,0,Yes,No,72,Yes,Yes,DSL,No,No,Yes,No,No,No,Month-to-month,No,Credit card,57.83,4092.16,No,56.83555555555555,0.9944444444444471,3,Loyal,Medium,2,0,0,0
Male,0,No,No,40,Yes,Yes,No,No internet service,No internet service,No internet service,No internet service,No internet service,No internet service,Month-to-month,No,Mailed check,34.84,1247.5,No,31.1875,3.6525000000000034,2,Established,Low,2,0,0,0
Female,0,No,No,48,Yes,Yes,Fiber optic,No,Yes,Yes,Yes,No,No,Two year,Yes,Credit card,87.52,4193.45,No,87.36354166666666,0.15645833333333314,5,Established,High,0,0,1,0
Male,0,No,No,18,Yes,No,Fiber optic,Yes,Yes,No,No,No,No,Two year,Yes,Electronic check,82.48,1553.39,No,86.29944444444445,-3.819444444444443,3,Developing,High,0,1,0,1
Female,0,Yes,No,24,Yes,No,Fiber optic,No,No,Yes,No,No,Yes,One year,No,Mailed check,86.45,2029.29,No,84.55375,1.896250000000009,3,Developing,High,1,0,0,0
Female,0,Yes,No,13,Yes,Yes,DSL,No,No,No,No,Yes,Yes,One year,No,Bank transfer,66.7,1069.67,No,82.2823076923077,-15.582307692307694,4,Developing,Medium,1,0,0,0
Male,1,Yes,Yes,11,Yes,No,Fiber optic,No,No,No,No,No,No,Two year,Yes,Bank transfer,70.28,659.69,No,59.971818181818186,10.308181818181815,1,New,High,0,0,0,0
Male,0,Yes,Yes,9,Yes,No,No,No internet service,No internet service,No internet service,No internet service,No internet service,No internet service,One year,No,Mailed check,26.83,283.87,No,31.54111111111111,-4.711111111111112,1,New,Low,1,0,0,0
Female,0,Yes,No,65,Yes,Yes,No,No internet service,No internet service,No internet service,No internet service,No internet service,No internet service,Month-to-month,Yes,Bank transfer,34.58,2282.51,No,35.11553846153846,-0.5355384615384651,2,Loyal,Low,2,0,0,0
Male,0,No,Yes,6,Yes,Yes,Fiber optic,No,No,Yes,No,No,Yes,One year,No,Bank transfer,86.9,487.54,No,81.25666666666667,5.643333333333331,4,New,High,1,0,0,0
Female,1,Yes,No,38,Yes,Yes,DSL,No,Yes,Yes,No,Yes,No,Two year,No,Bank transfer,69.97,2646.4,No,69.6421052631579,0.32789473684209725,5,Established,Medium,0,0,0,0
Male,0,No,Yes,37,Yes,No,No,No internet service,No internet service,No internet service,No internet service,No internet service,No internet service,One year,No,Electronic check,26.9,1128.32,No,30.495135135135133,-3.595135135135134,1,Established,Low,1,1,0,0
Male,0,Yes,No,5,Yes,Yes,Fiber optic,Yes,Yes,No,No,Yes,Yes,Month-to-month,No,Bank transfer,107.47,623.19,Yes,124.638,-17.168000000000006,6,New,Very High,2,0,0,1
Female,0,Yes,No,61,Yes,No,DSL,No,No,No,Yes,No,No,Two year,No,Mailed check,50.01,3125.46,No,51.23704918032787,-1.2270491803278745,2,Loyal,Medium,0,0,1,0
Male,1,Yes,Yes,37,Yes,No,DSL,No,No,Yes,Yes,No,Yes,One year,Yes,Credit card,59.09,2111.5,No,57.067567567567565,2.0224324324324385,4,Established,Medium,1,0,1,0
Female,0,Yes,Yes,10,Yes,Yes,DSL,Yes,No,No,No,No,No,Month-to-month,Yes,Bank transfer,50.97,549.35,No,54.935,-3.9650000000000034,3,New,Medium,2,0,0,1
Female,0,No,No,10,No,No phone service,Fiber optic,No,No,Yes,No,Yes,Yes,Two year,Yes,Mailed check,84.91,914.43,No,91.443,-6.533000000000001,3,New,High,0,0,0,0
Female,1,No,No,51,Yes,Yes,Fiber optic,No,No,No,Yes,No,No,One year,Yes,Electronic check,87.65,4539.38,No,89.00745098039216,-1.3574509803921586,3,Loyal,High,1,1,1,0
Female,0,No,No,45,Yes,No,DSL,No,No,Yes,No,No,No,Two year,Yes,Electronic check,46.19,1966.81,No,43.70688888888889,2.483111111111107,2,Established,Medium,0,1,0,0
Male,0,Yes,Yes,30,Yes,Yes,DSL,Yes,No,Yes,Yes,Yes,Yes,Two year,No,Electronic check,84.32,2556.85,No,85.22833333333332,-0.9083333333333314,7,Established,High,0,1,1,1
Female,0,Yes,Yes,30,Yes,No,Fiber optic,Yes,Yes,No,No,No,No,Month-to-month,Yes,Bank transfer,81.99,2486.2,No,82.87333333333332,-0.8833333333333258,3,Established,High,2,0,0,1
Female,0,No,Yes,3,Yes,Yes,Fiber optic,Yes,No,No,No,Yes,No,One year,No,Credit card,88.93,356.37,No,118.79,-29.86,4,New,High,1,0,0,1
Male,0,Yes,Yes,3,No,No phone service,DSL,No,No,No,Yes,No,No,Month-to-month,No,Credit card,38.4,94.09,No,31.363333333333333,7.036666666666665,1,New,Low,2,0,1,0
Female,0,Yes,No,39,Yes,Yes,DSL,No,Yes,Yes,No,No,Yes,Two year,No,Bank transfer,71.89,2711.42,No,69.52358974358974,2.366410256410262,5,Established,High,0,0,0,0
Male,0,No,Yes,27,Yes,No,No,No internet service,No internet service,No internet service,No internet service,No internet service,No internet service,Two year,Yes,Bank transfer,33.14,818.9,No,30.32962962962963,2.8103703703703715,1,Established,Low,0,0,0,0
Female,0,Yes,Yes,19,Yes,No,No,No internet service,No internet service,No internet service,No internet service,No internet service,No internet service,Two year,No,Bank transfer,33.5,665.56,No,35.02947368421052,-1.5294736842105223,1,Developing,Low,0,0,0,0
Male,0,Yes,No,28,Yes,Yes,Fiber optic,No,Yes,Yes,Yes,No,No,One year,Yes,Mailed check,93.95,2723.56,No,97.27,-3.319999999999993,5,Established,High,1,0,1,0
Male,0,Yes,No,44,Yes,No,Fiber optic,No,No,No,No,No,No,One year,Yes,Bank transfer,73.36,3198.55,No,72.69431818181819,0.6656818181818096,1,Established,High,1,0,0,0
Male,0,No,No,22,No,No phone service,No,No internet service,No internet service,No internet service,No internet service,No internet service,No internet service,Month-to-month,No,Mailed check,18.0,419.42,No,19.064545454545456,-1.0645454545454562,0,Developing,Low,2,0,0,0
Female,1,Yes,No,26,Yes,No,DSL,Yes,Yes,No,No,Yes,Yes,Month-to-month,Yes,Mailed check,72.31,1716.16,No,66.00615384615385,6.303846153846152,5,Established,High,2,0,0,1
Female,0,No,No,21,Yes,No,No,No internet service,No internet service,No internet service,No internet service,No internet service,No internet service,Month-to-month,No,Credit card,30.37,467.32,No,22.253333333333334,8.116666666666667,1,Developing,Low,2,0,0,0
Male,0,Yes,Yes,48,No,No phone service,Fiber optic,No,Yes,No,Yes,No,No,Two year,No,Mailed check,70.59,3426.41,No,71.38354166666666,-0.7935416666666555,2,Established,High,0,0,1,0
Female,0,Yes,Yes,4,Yes,No,Fiber optic,No,No,Yes,No,No,No,One year,Yes,Electronic check,75.26,337.7,No,84.425,-9.164999999999992,2,New,High,1,1,0,0
Male,0,Yes,No,67,Yes,Yes,Fiber optic,Yes,No,Yes,No,No,No,One year,Yes,Mailed check,84.79,5738.13,No,85.64373134328359,-0.8537313432835845,4,Loyal,High,1,0,0,1
Female,0,No,No,40,Yes,No,DSL,No,Yes,No,No,Yes,No,Month-to-month,No,Credit card,51.7,1900.77,No,47.51925,4.180750000000003,3,Established,Medium,2,0,0,0
Male,0,Yes,No,18,Yes,No,Fiber optic,No,Yes,No,No,No,No,One year,No,Electronic check,77.37,1509.04,No,83.83555555555556,-6.465555555555554,2,Developing,High,1,1,0,0
Male,0,No,No,55,Yes,No,Fiber optic,No,No,No,No,No,No,Month-to-month,Yes,Credit card,77.47,4216.02,No,76.6549090909091,0.8150909090908982,1,Loyal,High,2,0,0,0
Female,0,Yes,No,68,Yes,No,DSL,No,No,Yes,Yes,Yes,No,Two year,Yes,Credit card,59.43,3992.77,No,58.71720588235294,0.7127941176470571,4,Loyal,Medium,0,0,1,0
Female,0,Yes,No,5,No,No phone service,Fiber optic,No,Yes,Yes,No,No,Yes,Two year,Yes,Mailed check,79.23,449.52,No,89.904,-10.673999999999992,3,New,High,0,0,0,0
Male,0,Yes,No,15,Yes,Yes,No,No internet service,No internet service,No internet service,No internet service,No internet service,No internet service,Month-to-month,No,Electronic check,29.62,450.86,Yes,30.057333333333336,-0.4373333333333349,2,Developing,Low,2,1,0,0
Female,0,Yes,No,11,No,No phone service,No,No internet service,No internet service,No internet service,No internet service,No internet service,No internet service,One year,No,Electronic check,20.84,364.67,Yes,33.151818181818186,-12.311818181818186,0,New,Low,1,1,0,0
Male,1,Yes,Yes,6,Yes,No,Fiber optic,Yes,No,Yes,No,No,No,Month-to-month,Yes,Electronic check,77.38,521.85,Yes,86.97500000000001,-9.595000000000013,3,New,High,2,1,0,1
Female,0,No,Yes,54,Yes,Yes,DSL,No,No,Yes,No,No,No,Month-to-month,Yes,Mailed check,57.37,3221.35,No,59.654629629629625,-2.2846296296296273,3,Loyal,Medium,2,0,0,0
Male,0,No,No,14,Yes,Yes,Fiber optic,No,Yes,Yes,No,No,No,One year,No,Bank transfer,90.91,1239.38,No,88.52714285714286,2.3828571428571337,4,Developing,High,1,0,0,0
Male,0,No,No,28,Yes,Yes,DSL,No,No,No,No,Yes,No,One year,Yes,Credit card,61.12,1809.48,No,64.62428571428572,-3.5042857142857216,3,Established,Medium,1,0,0,0
Female,0,No,Yes,59,Yes,No,No,No internet service,No internet service,No internet service,No internet service,No internet service,No internet service,Month-to-month,Yes,Electronic check,27.47,1443.05,No,24.458474576271186,3.0115254237288127,1,Loyal,Low,2,1,0,0
Male,0,No,No,45,Yes,No,Fiber optic,No,Yes,Yes,Yes,No,Yes,Month-to-month,No,Mailed check,88.23,3963.61,No,88.08022222222222,0.14977777777778556,5,Established,High,2,0,1,0
Female,0,No,No,49,No,No phone service,No,No internet service,No internet service,No internet service,No internet service,No internet service,No internet service,Month-to-month,No,Mailed check,22.73,1006.24,Yes,20.535510204081632,2.1944897959183685,0,Loyal,Low,2,0,0,0
Male,0,Yes,No,8,Yes,Yes,DSL,Yes,No,Yes,Yes,No,No,Month-to-month,Yes,Mailed check,63.51,518.6,Yes,64.825,-1.3150000000000048,5,New,Medium,2,0,1,1
Female,0,No,No,70,Yes,Yes,No,No internet service,No internet service,No internet service,No internet service,No internet service,No internet service,Month-to-month,No,Mailed check,40.28,2834.35,No,40.49071428571428,-0.21071428571428186,2,Loyal,Medium,2,0,0,0
Female,0,No,No,6,Yes,Yes,No,No internet service,No internet service,No internet service,No internet service,No internet service,No internet service,Month-to-month,Yes,Credit card,35.42,289.09,No,48.181666666666665,-12.761666666666663,2,New,Low,2,0,0,0
Female,0,Yes,Yes,52,Yes,No,Fiber optic,Yes,No,No,No,No,No,Two year,Yes,Mailed check,70.85,3704.7,No,71.24423076923077,-0.3942307692307736,2,Loyal,High,0,0,0,1
Female,0,No,No,47,Yes,No,No,No internet service,No internet service,No internet service,No internet service,No internet service,No internet service,Month-to-month,No,Electronic check,21.93,972.36,No,20.688510638297874,1.2414893617021256,1,Established,Low,2,1,0,0
Female,0,No,Yes,30,Yes,No,Fiber optic,No,No,No,No,No,Yes,Month-to-month,Yes,Bank transfer,75.67,2233.62,Yes,74.454,1.2160000000000082,2,Established,High,2,0,0,0
Male,1,Yes,No,61,Yes,Yes,DSL,No,No,No,No,No,No,Month-to-month,No,Electronic check,51.56,3161.67,No,51.830655737704916,-0.2706557377049137,2,Loyal,Medium,2,1,0,0
Female,0,No,No,65,Yes,No,DSL,Yes,No,Yes,Yes,No,No,Month-to-month,Yes,Credit card,62.82,4031.91,No,62.029384615384615,0.7906153846153856,4,Loyal,Medium,2,0,1,1
Male,1,Yes,Yes,6,Yes,No,DSL,Yes,Yes,Yes,No,No,No,One year,Yes,Credit card,56.89,436.92,No,72.82000000000001,-15.930000000000007,4,New,Medium,1,0,0,1
Female,0,Yes,Yes,69,Yes,No,DSL,No,No,No,Yes,Yes,Yes,Month-to-month,No,Electronic check,68.14,4671.99,No,67.71,0.4300000000000068,4,Loyal,Medium,2,1,1,0
Female,0,Yes,No,18,Yes,No,Fiber optic,Yes,No,Yes,No,No,No,Month-to-month,Yes,Mailed check,69.87,1339.94,No,74.44111111111111,-4.571111111111108,3,Developing,Medium,2,0,0,1
Male,0,No,No,57,Yes,No,DSL,No,No,No,No,Yes,No,Two year,Yes,Credit card,53.33,2985.88,No,52.38385964912281,0.9461403508771866,2,Loyal,Medium,0,0,0,0
Male,0,Yes,No,60,Yes,No,DSL,No,Yes,No,Yes,Yes,No,One year,Yes,Mailed check,60.1,3656.14,No,60.93566666666666,-0.8356666666666612,4,Loyal,Medium,1,0,1,0
Female,1,No,No,41,Yes,Yes,DSL,No,No,No,Yes,Yes,No,Month-to-month,Yes,Mailed check,65.37,2663.51,No,64.96365853658537,0.40634146341463406,4,Established,Medium,2,0,1,0
Female,0,Yes,No,63,Yes,No,Fiber optic,Yes,Yes,No,No,No,Yes,Month-to-month,Yes,Credit card,91.82,5878.07,No,93.3026984126984,-1.4826984126984115,4,Loyal,High,2,0,0,1
Male,0,Yes,No,60,Yes,No,No,No internet service,No internet service,No internet service,No internet service,No internet service,No internet service,Two year,Yes,Electronic check,31.62,2050.42,No,34.17366666666667,-2.5536666666666683,1,Loyal,Low,0,1,0,0
Male,0,No,No,38,Yes,No,Fiber optic,No,Yes,No,No,No,No,One year,Yes,Mailed check,76.33,2917.29,No,76.7707894736842,-0.4407894736842053,2,Established,High,1,0,0,0
Male,1,Yes,Yes,13,Yes,Yes,Fiber optic,No,No,No,Yes,No,No,Two year,Yes,Electronic check,87.31,1287.23,No,99.01769230769231,-11.707692307692312,3,Developing,High,0,1,1,0
Female,0,No,Yes,32,Yes,No,No,No internet service,No internet service,No internet service,No internet service,No internet service,No internet service,Month-to-month,Yes,Electronic check,33.48,1059.22,Yes,33.100625,0.379374999999996,1,Established,Low,2,1,0,0
Female,0,Yes,No,65,Yes,Yes,Fiber optic,Yes,No,No,No,Yes,No,One year,Yes,Credit card,95.14,6200.14,No,95.38676923076923,-0.24676923076923174,4,Loyal,High,1,0,0,1
Male,1,No,No,15,Yes,No,Fiber optic,No,Yes,Yes,No,No,No,Month-to-month,Yes,Bank transfer,77.57,1155.09,Yes,77.006,0.563999999999993,3,Developing,High,2,0,0,0
Male,1,No,Yes,72,Yes,No,Fiber optic,No,No,No,No,Yes,Yes,Month-to-month,No,Bank transfer,86.98,6182.35,No,85.86597222222223,1.1140277777777783,3,Loyal,High,2,0,0,0
Female,0,Yes,No,14,Yes,Yes,No,No internet service,No internet service,No internet service,No internet service,No internet service,No internet service,One year,No,Electronic check,38.07,650.13,No,46.43785714285714,-8.36785714285714,2,Developing,Low,1,1,0,0
Female,0,Yes,Yes,48,Yes,No,DSL,No,No,No,Yes,No,No,One year,Yes,Credit card,51.03,2462.03,No,51.29229166666667,-0.2622916666666697,2,Established,Medium,1,0,1,0
Female,1,Yes,No,47,Yes,No,Fiber optic,No,No,No,No,No,Yes,Month-to-month,No,Electronic check,81.13,3779.58,No,80.41659574468085,0.7134042553191478,2,Established,High,2,1,0,0
Male,0,No,Yes,15,Yes,No,Fiber optic,Yes,No,Yes,No,No,No,Month-to-month,No,Mailed check,80.14,1144.95,Yes,76.33,3.8100000000000023,3,Developing,High,2,0,0,1
Female,0,No,No,35,Yes,Yes,DSL,Yes,No,No,No,No,No,One year,No,Electronic check,52.04,1972.92,No,56.36914285714286,-4.3291428571428625,3,Established,Medium,1,1,0,1
Female,0,Yes,Yes,11,Yes,No,Fiber optic,No,Yes,No,No,No,No,Month-to-month,No,Mailed check,80.08,869.45,Yes,79.0409090909091,1.039090909090902,2,New,High,2,0,0,0
Female,0,Yes,No,27,Yes,No,No,No internet service,No internet service,No internet service,No internet service,No internet service,No internet service,Month-to-month,Yes,Mailed check,25.55,677.59,No,25.095925925925926,0.4540740740740752,1,Established,Low,2,0,0,0
Male,0,No,Yes,70,Yes,No,No,No internet service,No internet service,No internet service,No internet service,No internet service,No internet service,Month-to-month,No,Mailed check,20.98,1550.76,No,22.153714285714287,-1.1737142857142864,1,Loyal,Low,2,0,0,0
Female,0,Yes,No,4,Yes,No,No,No internet service,No internet service,No internet service,No internet service,No internet service,No internet service,Month-to-month,No,Mailed check,40.76,286.88,No,71.72,-30.96,1,New,Medium,2,0,0,0
Female,0,No,No,63,Yes,No,Fiber optic,No,No,No,No,Yes,Yes,Two year,Yes,Mailed check,79.67,4978.06,No,79.0168253968254,0.6531746031746053,3,Loyal,High,0,0,0,0
Female,0,No,Yes,49,Yes,Yes,Fiber optic,Yes,No,No,No,No,No,Month-to-month,Yes,Bank transfer,84.56,4193.48,No,85.58122448979591,-1.0212244897959124,3,Loyal,High,2,0,0,1
Female,0,Yes,No,54,Yes,No,No,No internet service,No internet service,No internet service,No internet service,No internet service,No internet service,Month-to-month,Yes,Mailed check,23.76,1332.92,No,24.683703703703706,-0.9237037037037048,1,Loyal,Low,2,0,0,0
Male,0,Yes,No,21,Yes,Yes,DSL,No,No,No,Yes,No,No,One year,Yes,Credit card,56.31,1168.55,No,55.64523809523809,0.6647619047619102,3,Developing,Medium,1,0,1,0
Female,0,Yes,No,69,Yes,Yes,DSL,No,Yes,No,No,No,No,Month-to-month,Yes,Electronic check,55.2,3778.21,No,54.75666666666667,0.44333333333333513,3,Loyal,Medium,2,1,0,0
Female,0,Yes,No,19,Yes,Yes,Fiber optic,No,Yes,No,Yes,No,No,One year,Yes,Electronic check,83.02,1528.76,No,80.46105263157895,2.5589473684210446,4,Developing,High,1,1,1,0
Male,0,No,No,37,Yes,No,Fiber optic,Yes,No,Yes,Yes,Yes,No,Month-to-month,Yes,Electronic check,95.47,3615.59,Yes,97.71864864864865,-2.248648648648654,5,Established,High,2,1,1,1
Female,0,No,No,3,Yes,No,Fiber optic,No,Yes,No,Yes,No,Yes,Two year,Yes,Electronic check,96.09,308.5,No,102.83333333333333,-6.743333333333325,4,New,High,0,1,1,0
Male,0,No,No,64,No,No phone service,No,No internet service,No internet service,No internet service,No internet service,No internet service,No internet service,One year,No,Mailed check,20.02,1287.65,No,20.11953125,-0.09953125000000185,0,Loyal,Low,1,0,0,0
Male,1,No,No,51,Yes,Yes,DSL,No,Yes,Yes,No,No,No,One year,Yes,Electronic check,55.9,2793.81,No,54.78058823529412,1.1194117647058803,4,Loyal,Medium,1,1,0,0
Female,0,Yes,Yes,12,Yes,Yes,No,No internet service,No internet service,No internet service,No internet service,No internet service,No internet service,Month-to-month,Yes,Electronic check,30.82,453.11,No,37.759166666666665,-6.939166666666665,2,New,Low,2,1,0,0
Male,0,No,No,48,Yes,Yes,Fiber optic,No,Yes,Yes,No,Yes,No,Two year,Yes,Electronic check,90.66,4377.08,No,91.18916666666667,-0.5291666666666686,5,Established,High,0,1,0,0
Female,0,Yes,Yes,14,Yes,No,No,No internet service,No internet service,No internet service,No internet service,No internet service,No internet service,One year,Yes,Mailed check,28.4,328.11,No,23.43642857142857,4.963571428571427,1,Developing,Low,1,0,0,0
Male,0,Yes,No,32,No,No phone service,Fiber optic,No,No,No,No,No,No,Month-to-month,Yes,Bank transfer,60.33,1902.83,Yes,59.4634375,0.8665625000000006,0,Established,Medium,2,0,0,0
Female,1,Yes,Yes,37,Yes,No,Fiber optic,Yes,No,No,No,Yes,No,Month-to-month,No,Mailed check,90.46,3407.94,No,92.10648648648649,-1.646486486486495,3,Established,High,2,0,0,1
Male,1,No,Yes,68,No,No phone service,Fiber optic,No,Yes,No,No,Yes,Yes,Month-to-month,No,Credit card,80.61,5340.65,No,78.53897058823529,2.0710294117647123,3,Loyal,High,2,0,0,0
Male,0,No,No,24,Yes,No,Fiber optic,No,No,No,Yes,Yes,No,Month-to-month,Yes,Electronic check,85.23,2042.73,No,85.11375,0.11625000000000796,3,Developing,High,2,1,1,0
Male,0,Yes,No,1,Yes,No,DSL,No,No,Yes,No,No,Yes,Month-to-month,No,Mailed check,57.32,124.21,No,124.21,-66.88999999999999,3,New,Medium,2,0,0,0
Female,0,No,Yes,32,Yes,Yes,DSL,Yes,No,Yes,No,No,No,Two year,Yes,Electronic check,62.84,2030.75,No,63.4609375,-0.6209374999999966,4,Established,Medium,0,1,0,1
Female,0,Yes,No,67,No,No phone service,DSL,Yes,Yes,No,No,No,Yes,Two year,Yes,Credit card,53.56,3647.6,No,54.44179104477612,-0.881791044776115,3,Loyal,Medium,0,0,0,1
Female,0,Yes,No,58,Yes,Yes,Fiber optic,No,Yes,Yes,Yes,No,No,Month-to-month,Yes,Electronic check,91.98,5167.91,No,89.10189655172414,2.8781034482758656,5,Loyal,High,2,1,1,0
Female,1,Yes,No,5,Yes,Yes,Fiber optic,No,Yes,Yes,Yes,Yes,Yes,Two year,Yes,Credit card,104.01,416.03,No,83.20599999999999,20.804000000000016,7,New,Very High,0,0,1,0
Male,0,No,No,4,Yes,No,Fiber optic,Yes,No,No,Yes,No,No,One year,Yes,Bank transfer,80.15,392.32,No,98.08,-17.929999999999993,3,New,High,1,0,1,1
Female,0,Yes,Yes,55,Yes,No,Fiber optic,Yes,No,No,Yes,Yes,No,Month-to-month,Yes,Mailed check,84.78,4695.18,No,85.36690909090909,-0.5869090909090886,4,Loyal,High,2,0,1,1
Male,0,Yes,Yes,52,Yes,Yes,DSL,No,No,Yes,No,No,Yes,Two year,Yes,Mailed check,74.07,3830.41,No,73.66173076923077,0.4082692307692213,4,Loyal,High,0,0,0,0
Male,0,Yes,No,41,Yes,No,DSL,No,No,Yes,Yes,No,Yes,One year,No,Mailed check,64.57,2669.56,No,65.11121951219512,-0.5412195121951271,4,Established,Medium,1,0,1,0
Female,0,No,Yes,7,Yes,Yes,Fiber optic,No,No,No,Yes,Yes,No,One year,Yes,Electronic check,91.32,687.57,No,98.22428571428573,-6.904285714285734,4,New,High,1,1,1,0
Female,0,No,No,21,Yes,No,Fiber optic,No,No,No,No,No,No,Month-to-month,No,Credit card,69.32,1416.89,Yes,67.47095238095238,1.8490476190476102,1,Developing,Medium,2,0,0,0
Male,0,Yes,No,62,Yes,Yes,Fiber optic,No,Yes,Yes,No,No,Yes,Month-to-month,No,Credit card,88.1,5406.81,No,87.20661290322582,0.8933870967741768,5,Loyal,High,2,0,0,0
Female,0,No,No,11,Yes,Yes,Fiber optic,No,No,No,No,No,No,Two year,Yes,Electronic check,71.6,680.93,No,61.90272727272727,9.697272727272725,2,New,High,0,1,0,0
Female,0,Yes,Yes,15,Yes,No,No,No internet service,No internet service,No internet service,No internet service,No internet service,No internet service,Month-to-month,Yes,Electronic check,27.3,525.93,Yes,35.062,-7.761999999999997,1,Developing,Low,2,1,0,0
Male,0,Yes,No,33,Yes,Yes,No,No internet service,No internet service,No internet service,No internet service,No internet service,No internet service,Month-to-month,Yes,Electronic check,34.17,1133.49,No,34.34818181818182,-0.17818181818181955,2,Established,Low,2,1,0,0
Male,1,No,No,53,Yes,Yes,Fiber optic,No,Yes,No,No,No,Yes,Month-to-month,Yes,Bank transfer,90.56,4921.49,Yes,92.85830188679245,-2.2983018867924443,4,Loyal,High,2,0,0,0
Female,0,No,Yes,60,Yes,No,DSL,Yes,No,No,No,No,Yes,Month-to-month,No,Mailed check,58.74,3417.26,No,56.95433333333334,1.785666666666664,3,Loyal,Medium,2,0,0,1
Female,0,Yes,Yes,43,Yes,No,DSL,No,Yes,No,Yes,No,No,Month-to-month,Yes,Bank transfer,54.12,2337.59,No,54.36255813953489,-0.2425581395348928,3,Established,Medium,2,0,1,0
Female,0,No,Yes,36,Yes,No,Fiber optic,No,No,No,No,Yes,No,Two year,Yes,Electronic check,87.6,3058.42,No,84.95611111111111,2.643888888888881,2,Established,High,0,1,0,0
Male,0,Yes,No,28,Yes,No,Fiber optic,No,No,Yes,No,No,No,Month-to-month,No,Credit card,76.39,2279.64,No,81.41571428571429,-5.025714285714287,2,Established,High,2,0,0,0
Male,0,No,No,4,Yes,Yes,DSL,No,No,No,Yes,No,Yes,Two year,No,Electronic check,63.23,470.92,No,117.73,-54.50000000000001,4,New,Medium,0,1,1,0
Male,0,No,No,20,Yes,No,DSL,No,No,No,No,Yes,Yes,One year,Yes,Electronic check,58.5,1270.31,Yes,63.515499999999996,-5.015499999999996,3,Developing,Medium,1,1,0,0
Male,0,No,Yes,16,No,No phone service,No,No internet service,No internet service,No internet service,No internet service,No internet service,No internet service,Month-to-month,Yes,Credit card,22.89,276.71,No,17.294375,5.595625000000002,0,Developing,Low,2,0,0,0
Male,1,Yes,No,5,Yes,Yes,DSL,No,Yes,No,Yes,No,Yes,Month-to-month,Yes,Bank transfer,69.1,253.0,Yes,50.6,18.499999999999993,5,New,Medium,2,0,1,0
Female,0,No,Yes,54,Yes,Yes,Fiber optic,No,No,No,No,No,Yes,Month-to-month,Yes,Mailed check,87.81,4733.98,No,87.6662962962963,0.14370370370370722,3,Loyal,High,2,0,0,0
Female,0,No,Yes,26,No,No phone service,No,No internet service,No internet service,No internet service,No internet service,No internet service,No internet service,Two year,Yes,Credit card,19.66,522.3,No,20.088461538461537,-0.4284615384615371,0,Established,Low,0,0,0,0
Male,0,Yes,Yes,37,Yes,No,Fiber optic,No,No,No,No,No,No,One year,Yes,Electronic check,68.46,2574.6,No,69.58378378378379,-1.123783783783793,1,Established,Medium,1,1,0,0
Male,1,Yes,No,15,Yes,Yes,DSL,Yes,Yes,No,No,No,No,Month-to-month,Yes,Electronic check,57.25,896.72,Yes,59.781333333333336,-2.531333333333336,4,Developing,Medium,2,1,0,1
Male,1,No,No,43,Yes,No,No,No internet service,No internet service,No internet service,No internet service,No internet service,No internet service,Two year,No,Electronic check,32.16,1384.28,No,32.19255813953488,-0.032558139534884845,1,Established,Low,0,1,0,0
Female,0,Yes,No,10,Yes,Yes,Fiber optic,No,No,No,Yes,Yes,No,Two year,Yes,Electronic check,84.65,828.29,Yes,82.829,1.8210000000000122,4,New,High,0,1,1,0
Female,0,No,No,49,Yes,No,DSL,Yes,No,Yes,Yes,No,No,Month-to-month,No,Bank transfer,64.0,3070.32,No,62.6595918367347,1.3404081632653018,4,Loyal,Medium,2,0,1,1
Female,0,Yes,Yes,54,Yes,No,Fiber optic,No,No,Yes,No,No,Yes,One year,Yes,Mailed check,79.61,4353.17,No,80.61425925925926,-1.004259259259257,3,Loyal,High,1,0,0,0
Female,0,No,No,23,Yes,Yes,DSL,No,Yes,No,Yes,Yes,No,One year,Yes,Mailed check,73.44,1498.81,No,65.16565217391305,8.274347826086952,5,Developing,High,1,0,1,0
Male,0,Yes,Yes,16,Yes,Yes,Fiber optic,No,Yes,No,No,Yes,No,One year,No,Bank transfer,94.13,1514.04,No,94.6275,-0.4975000000000023,4,Developing,High,1,0,0,0
Male,0,No,No,57,Yes,No,No,No internet service,No internet service,No internet service,No internet service,No internet service,No internet service,Month-to-month,Yes,Electronic check,24.99,1442.62,No,25.30912280701754,-0.3191228070175427,1,Loyal,Low,2,1,0,0
Female,0,No,No,17,Yes,Yes,Fiber optic,No,No,No,No,Yes,Yes,Month-to-month,Yes,Electronic check,87.64,1472.15,Yes,86.59705882352942,1.0429411764705776,4,Developing,High,2,1,0,0
Female,0,Yes,Yes,13,Yes,No,No,No internet service,No internet service,No internet service,No internet service,No internet service,No internet service,Month-to-month,No,Mailed check,36.87,544.46,No,41.88153846153846,-5.011538461538464,1,Developing,Low,2,0,0,0
Male,0,No,Yes,25,No,No phone service,Fiber optic,No,Yes,Yes,No,No,Yes,Month-to-month,Yes,Bank transfer,80.84,2099.79,Yes,83.9916,-3.151600000000002,3,Established,High,2,0,0,0
Female,0,No,Yes,70,Yes,No,No,No internet service,No internet service,No internet service,No internet service,No internet service,No internet service,Month-to-month,No,Mailed check,30.89,2178.65,No,31.12357142857143,-0.23357142857143032,1,Loyal,Low,2,0,0,0
Male,0,Yes,Yes,34,No,No phone service,Fiber optic,Yes,No,No,No,No,No,One year,Yes,Credit card,61.59,2279.15,No,67.03382352941176,-5.443823529411759,1,Established,Medium,1,0,0,1
Male,0,Yes,No,19,Yes,No,DSL,Yes,No,No,No,No,Yes,Month-to-month,Yes,Credit card,53.93,969.0,No,51.0,2.9299999999999997,3,Developing,Medium,2,0,0,1
Female,0,No,Yes,37,Yes,No,No,No internet service,No internet service,No internet service,No internet service,No internet service,No internet service,Month-to-month,No,Credit card,28.85,1030.4,No,27.848648648648652,1.0013513513513495,1,Established,Low,2,0,0,0
Female,0,No,No,26,Yes,No,No,No internet service,No internet service,No internet service,No internet service,No internet service,No internet service,One year,Yes,Bank transfer,26.48,655.24,No,25.201538461538462,1.2784615384615385,1,Established,Low,1,0,0,0
Male,0,Yes,No,48,Yes,Yes,Fiber optic,Yes,Yes,Yes,No,No,Yes,Month-to-month,Yes,Bank transfer,94.98,4649.36,No,96.86166666666666,-1.8816666666666606,6,Established,High,2,0,0,1
Male,0,No,No,32,Yes,No,Fiber optic,No,No,No,No,No,No,Month-to-month,No,Credit card,71.12,2304.91,No,72.0284375,-0.9084374999999909,1,Established,High,2,0,0,0
Female,0,Yes,No,43,Yes,Yes,DSL,No,No,No,Yes,Yes,Yes,One year,Yes,Bank transfer,65.17,2648.49,Yes,61.59279069767442,3.577209302325585,5,Established,Medium,1,0,1,0
Male,0,Yes,No,32,Yes,Yes,DSL,No,No,Yes,No,No,No,Two year,No,Mailed check,59.21,1868.39,No,58.3871875,0.8228124999999977,3,Established,Medium,0,0,0,0
Male,0,No,Yes,35,Yes,No,DSL,No,No,Yes,No,No,No,Month-to-month,Yes,Electronic check,47.4,1611.05,Yes,46.03,1.3699999999999974,2,Established,Medium,2,1,0,0
Male,0,Yes,Yes,33,Yes,Yes,Fiber optic,No,No,No,No,No,No,Two year,No,Credit card,79.83,2769.82,No,83.9339393939394,-4.103939393939399,2,Established,High,0,0,0,0
Female,0,Yes,No,29,Yes,Yes,DSL,Yes,No,Yes,No,No,Yes,Two year,Yes,Mailed check,70.4,1976.92,No,68.1696551724138,2.230344827586208,5,Established,High,0,0,0,1
Male,0,Yes,No,70,Yes,No,DSL,No,Yes,No,Yes,No,Yes,One year,Yes,Credit card,65.11,4556.39,No,65.09128571428572,0.018714285714281687,4,Loyal,Medium,1,0,1,0
Male,0,Yes,No,20,Yes,Yes,No,No internet service,No internet service,No internet service,No internet service,No internet service,No internet service,Two year,No,Credit card,40.36,681.25,Yes,34.0625,6.297499999999999,2,Developing,Medium,0,0,0,0
Female,0,Yes,Yes,58,Yes,No,Fiber optic,Yes,Yes,Yes,No,No,Yes,Month-to-month,No,Mailed check,89.33,5193.74,No,89.54724137931034,-0.21724137931033738,5,Loyal,High,2,0,0,1
Female,0,No,No,52,Yes,No,No,No internet service,No internet service,No internet service,No internet service,No internet service,No internet service,Month-to-month,Yes,Mailed check,24.08,1402.73,No,26.975576923076922,-2.8955769230769235,1,Loyal,Low,2,0,0,0
Male,0,No,No,39,Yes,No,DSL,No,No,Yes,No,Yes,No,Two year,No,Electronic check,62.81,2382.95,No,61.10128205128205,1.708717948717954,3,Established,Medium,0,1,0,0
Female,0,No,No,23,Yes,Yes,DSL,Yes,No,No,Yes,Yes,Yes,Month-to-month,Yes,Mailed check,83.77,2001.25,No,87.01086956521739,-3.2408695652173947,6,Developing,High,2,0,1,1
Female,0,No,Yes,35,Yes,No,Fiber optic,Yes,Yes,Yes,No,No,No,Month-to-month,Yes,Bank transfer,90.13,3138.07,No,89.65914285714287,0.47085714285712754,4,Established,High,2,0,0,1
Female,0,Yes,Yes,62,No,No phone service,Fiber optic,No,Yes,Yes,No,No,No,Month-to-month,No,Electronic check,62.68,3884.59,No,62.65467741935484,0.025322580645159576,2,Loyal,Medium,2,1,0,0
Male,0,Yes,No,14,Yes,No,Fiber optic,No,No,Yes,No,Yes,No,Month-to-month,No,Mailed check,84.41,1231.37,No,87.955,-3.5450000000000017,3,Developing,High,2,0,0,0
Male,1,No,No,43,Yes,Yes,No,No internet service,No internet service,No internet service,No internet service,No internet service,No internet service,Month-to-month,Yes,Mailed check,31.26,1243.67,No,28.922558139534885,2.337441860465116,2,Established,Low,2,0,0,0
Female,0,Yes,Yes,56,Yes,No,DSL,No,No,Yes,Yes,No,No,Month-to-month,No,Electronic check,59.58,3275.14,No,58.48464285714285,1.0953571428571465,3,Loyal,Medium,2,1,1,0
Male,0,Yes,Yes,46,No,No phone service,Fiber optic,Yes,Yes,Yes,Yes,Yes,No,Two year,No,Electronic check,87.99,3975.07,No,86.41456521739131,1.5754347826086814,5,Established,High,0,1,1,1
Female,0,No,No,11,Yes,No,Fiber optic,No,No,Yes,No,Yes,No,Month-to-month,No,Electronic check,80.66,1022.53,No,92.95727272727272,-12.297272727272727,3,New,High,2,1,0,0
Male,0,No,No,37,Yes,Yes,DSL,No,No,No,No,No,No,Two year,Yes,Credit card,51.43,1987.26,No,53.70972972972973,-2.2797297297297305,2,Established,Medium,0,0,0,0
Male,0,No,No,14,Yes,Yes,Fiber optic,No,Yes,Yes,No,No,No,Month-to-month,Yes,Electronic check,84.6,1263.42,Yes,90.24428571428572,-5.644285714285729,4,Developing,High,2,1,0,0
Male,0,Yes,No,67,Yes,Yes,Fiber optic,No,No,No,No,Yes,No,Month-to-month,No,Electronic check,78.88,5365.79,No,80.08641791044776,-1.2064179104477688,3,Loyal,High,2,1,0,0
Female,0,Yes,Yes,26,Yes,No,DSL,No,Yes,No,No,Yes,Yes,Two year,No,Mailed check,63.47,1714.93,No,65.95884615384615,-2.488846153846154,4,Established,Medium,0,0,0,0
Male,0,Yes,Yes,31,Yes,No,Fiber optic,No,Yes,Yes,No,No,Yes,Month-to-month,Yes,Bank transfer,87.53,2583.59,No,83.34161290322581,4.188387096774193,4,Established,High,2,0,0,0
Female,0,No,No,62,Yes,Yes,Fiber optic,No,No,No,Yes,No,Yes,Month-to-month,Yes,Bank transfer,94.98,5841.05,No,94.21048387096775,0.7695161290322545,4,Loyal,High,2,0,1,0
Male,0,Yes,No,31,Yes,Yes,Fiber optic,Yes,No,No,Yes,Yes,Yes,Two year,No,Mailed check,103.05,3177.18,No,102.48967741935483,0.5603225806451633,6,Established,Very High,0,0,1,1
Female,0,Yes,Yes,14,Yes,Yes,No,No internet service,No internet service,No internet service,No internet service,No internet service,No internet service,Month-to-month,No,Bank transfer,33.84,484.33,Yes,34.595,-0.7549999999999955,2,Developing,Low,2,0,0,0
Female,0,Yes,No,65,Yes,No,Fiber optic,No,No,No,No,Yes,Yes,Month-to-month,Yes,Bank transfer,82.55,5284.38,No,81.29815384615385,1.2518461538461452,3,Loyal,High,2,0,0,0
Female,1,No,Yes,47,Yes,No,Fiber optic,Yes,No,No,No,Yes,Yes,Two year,Yes,Credit card,77.06,3510.98,No,74.70170212765957,2.3582978723404295,4,Established,High,0,0,0,1
Male,0,No,Yes,44,No,No phone service,No,No internet service,No internet service,No internet service,No internet service,No internet service,No internet service,Month-to-month,No,Bank transfer,18.43,726.65,No,16.514772727272728,1.9152272727272717,0,Established,Low,2,0,0,0
Female,0,Yes,No,6,Yes,No,Fiber optic,Yes,Yes,Yes,No,No,Yes,One year,Yes,Bank transfer,92.54,494.56,No,82.42666666666666,10.113333333333344,5,New,High,1,0,0,1
Male,0,Yes,Yes,33,Yes,Yes,DSL,No,Yes,Yes,No,No,No,Month-to-month,No,Electronic check,60.55,1968.73,No,59.65848484848485,0.8915151515151507,4,Established,Medium,2,1,0,0
Female,0,Yes,Yes,34,Yes,No,DSL,No,Yes,No,No,No,No,Month-to-month,No,Mailed check,48.89,1696.34,No,49.89235294117647,-1.0023529411764684,2,Established,Medium,2,0,0,0
Female,0,Yes,No,19,Yes,No,DSL,Yes,No,Yes,No,No,No,Month-to-month,Yes,Credit card,46.07,863.01,No,45.421578947368424,0.6484210526315763,3,Developing,Medium,2,0,0,1
Male,0,No,No,41,Yes,No,DSL,No,Yes,No,Yes,Yes,Yes,One year,No,Electronic check,64.44,2739.52,No,66.81756097560975,-2.3775609756097538,5,Established,Medium,1,1,1,0
Female,0,Yes,No,18,Yes,Yes,Fiber optic,No,No,No,Yes,No,Yes,Month-to-month,Yes,Electronic check,84.6,1572.48,No,87.36,-2.760000000000005,4,Developing,High,2,1,1,0
Male,0,No,No,34,No,No phone service,Fiber optic,No,No,No,No,No,No,Two year,Yes,Bank transfer,59.11,1984.85,No,58.377941176470586,0.7320588235294139,0,Established,Medium,0,0,0,0
Male,0,No,Yes,58,Yes,No,No,No internet service,No internet service,No internet service,No internet service,No internet service,No internet service,One year,No,Credit card,18.0,1079.94,No,18.619655172413793,-0.6196551724137933,1,Loyal,Low,1,0,0,0
Female,0,No,No,53,Yes,Yes,Fiber optic,No,No,Yes,No,No,Yes,Month-to-month,Yes,Electronic check,88.24,4668.45,Yes,88.08396226415094,0.15603773584905412,4,Loyal,High,2,1,0,0
Female,0,No,No,21,Yes,Yes,DSL,No,No,No,No,Yes,No,Month-to-month,Yes,Credit card,59.64,1205.29,No,57.3947619047619,2.2452380952381006,3,Developing,Medium,2,0,0,0
Female,0,Yes,Yes,15,Yes,No,No,No internet service,No internet service,No internet service,No internet service,No internet service,No internet service,One year,Yes,Electronic check,29.64,449.29,No,29.95266666666667,-0.31266666666666865,1,Developing,Low,1,1,0,0
Male,0,Yes,No,1,Yes,No,Fiber optic,No,Yes,No,No,No,No,One year,No,Credit card,73.28,106.48,Yes,106.48,-33.2,2,New,High,1,0,0,0
Male,0,Yes,No,25,Yes,Yes,DSL,Yes,No,No,Yes,No,No,Month-to-month,Yes,Credit card,66.3,1737.78,No,69.5112,-3.211200000000005,4,Established,Medium,2,0,1,1
Female,0,No,No,2,No,No phone service,DSL,No,No,Yes,No,No,No,Two year,Yes,Bank transfer,50.14,276.71,No,138.355,-88.21499999999999,1,New,Medium,0,0,0,0
Female,0,Yes,No,10,No,No phone service,Fiber optic,Yes,No,No,No,Yes,Yes,Month-to-month,Yes,Credit card,75.37,855.54,Yes,85.554,-10.183999999999997,3,New,High,2,0,0,1
Female,0,Yes,No,71,Yes,Yes,Fiber optic,No,No,No,No,No,Yes,Two year,Yes,Credit card,79.01,5529.9,No,77.88591549295774,1.1240845070422694,3,Loyal,High,0,0,0,0
Female,0,Yes,No,62,Yes,Yes,Fiber optic,No,No,No,No,No,Yes,Two year,Yes,Credit card,85.34,5163.43,No,83.28112903225806,2.058870967741939,3,Loyal,High,0,0,0,0
Male,1,Yes,Yes,41,Yes,No,No,No internet service,No internet service,No internet service,No internet service,No internet service,No internet service,Month-to-month,No,Mailed check,30.34,1347.43,No,32.86414634146342,-2.5241463414634175,1,Established,Low,2,0,0,0
Male,0,No,No,56,Yes,Yes,Fiber optic,No,No,Yes,No,No,No,Month-to-month,Yes,Mailed check,77.12,4308.79,No,76.94267857142857,0.17732142857143174,3,Loyal,High,2,0,0,0
Female,0,No,No,36,Yes,No,No,No internet service,No internet service,No internet service,No internet service,No internet service,No internet service,Month-to-month,Yes,Electronic check,34.75,1194.66,No,33.185,1.5649999999999977,1,Established,Low,2,1,0,0
Male,0,No,No,44,Yes,Yes,Fiber optic,No,Yes,No,No,Yes,No,Month-to-month,Yes,Electronic check,85.23,3880.65,Yes,88.19659090909092,-2.966590909090911,4,Established,High,2,1,0,0
Female,1,No,No,67,Yes,Yes,Fiber optic,No,No,Yes,No,No,No,Two year,No,Bank transfer,81.02,5413.31,No,80.79567164179105,0.22432835820895036,3,Loyal,High,0,0,0,0
Female,0,Yes,Yes,6,Yes,Yes,DSL,No,No,No,Yes,Yes,No,Month-to-month,Yes,Electronic check,67.67,397.17,No,66.19500000000001,1.4749999999999943,4,New,Medium,2,1,1,0
Male,0,Yes,Yes,26,Yes,Yes,Fiber optic,No,Yes,Yes,No,Yes,No,One year,No,Credit card,99.74,2542.14,No,97.77461538461537,1.9653846153846217,5,Established,High,1,0,0,0
Male,1,Yes,No,9,No,No phone service,Fiber optic,Yes,No,No,No,No,No,Two year,Yes,Electronic check,63.02,404.46,No,44.94,18.080000000000005,1,New,Medium,0,1,0,1
Male,0,No,No,58,Yes,Yes,Fiber optic,No,No,No,Yes,Yes,No,Two year,No,Electronic check,91.96,5259.87,No,90.68741379310345,1.2725862068965483,4,Loyal,High,0,1,1,0
Female,1,No,Yes,60,Yes,No,Fiber optic,No,Yes,Yes,No,No,No,Month-to-month,Yes,Electronic check,79.56,4722.72,No,78.712,0.847999999999999,3,Loyal,High,2,1,0,0
Female,0,Yes,No,52,Yes,No,Fiber optic,Yes,No,Yes,No,No,No,Two year,No,Electronic check,74.13,3723.57,No,71.60711538461538,2.522884615384612,3,Loyal,High,0,1,0,1
Female,0,No,No,44,Yes,No,Fiber optic,No,No,Yes,No,No,Yes,Month-to-month,Yes,Electronic check,79.55,3506.57,No,79.69477272727273,-0.1447727272727377,3,Established,High,2,1,0,0
Female,0,Yes,No,35,Yes,No,Fiber optic,No,Yes,No,Yes,Yes,No,Month-to-month,No,Bank transfer,82.18,2897.65,No,82.79,-0.6099999999999994,4,Established,High,2,0,1,0
Male,0,Yes,Yes,2,Yes,Yes,Fiber optic,No,No,No,Yes,No,Yes,Month-to-month,No,Electronic check,91.73,256.24,Yes,128.12,-36.39,4,New,High,2,1,1,0
Male,1,No,No,56,Yes,No,No,No internet service,No internet service,No internet service,No internet service,No internet service,No internet service,One year,Yes,Credit card,22.3,1188.27,No,21.219107142857144,1.0808928571428567,1,Loyal,Low,1,0,0,0
Female,0,No,No,65,Yes,Yes,Fiber optic,No,No,Yes,Yes,Yes,Yes,Month-to-month,Yes,Mailed check,102.74,6528.31,No,100.43553846153847,2.304461538461524,6,Loyal,Very High,2,0,1,0
Male,1,No,No,70,Yes,No,Fiber optic,No,No,No,No,No,No,Month-to-month,No,Bank transfer,69.94,4869.59,No,69.56557142857143,0.37442857142856667,1,Loyal,Medium,2,0,0,0
Female,0,No,Yes,25,No,No phone service,Fiber optic,No,No,No,No,No,No,Month-to-month,Yes,Bank transfer,63.32,1482.92,No,59.3168,4.0032,0,Established,Medium,2,0,0,0
Male,0,Yes,No,15,Yes,No,Fiber optic,No,Yes,No,Yes,Yes,Yes,Two year,Yes,Electronic check,93.98,1407.59,No,93.83933333333333,0.14066666666667516,5,Developing,High,0,1,1,0
Female,1,No,No,48,Yes,No,No,No internet service,No internet service,No internet service,No internet service,No internet service,No internet service,One year,Yes,Electronic check,24.47,1243.97,No,25.91604166666667,-1.4460416666666696,1,Established,Low,1,1,0,0
Female,0,No,No,2,No,No phone service,No,No internet service,No internet service,No internet service,No internet service,No internet service,No internet service,One year,Yes,Credit card,21.5,18.0,No,9.0,12.5,0,New,Low,1,0,0,0
Male,1,Yes,No,5,Yes,No,Fiber optic,No,No,No,No,No,Yes,One year,No,Bank transfer,77.49,381.71,No,76.342,1.1479999999999961,2,New,High,1,0,0,0
Female,0,Yes,Yes,60,Yes,Yes,No,No internet service,No internet service,No internet service,No internet service,No internet service,No internet service,Month-to-month,No,Electronic check,32.91,1810.67,No,30.177833333333336,2.732166666666661,2,Loyal,Low,2,1,0,0
Female,0,No,No,69,Yes,Yes,Fiber optic,Yes,No,No,No,Yes,Yes,Month-to-month,Yes,Bank transfer,106.22,7298.05,No,105.76884057971014,0.451159420289855,5,Loyal,Very High,2,0,0,1
Female,0,Yes,Yes,30,Yes,Yes,No,No internet service,No internet service,No internet service,No internet service,No internet service,No internet service,Month-to-month,No,Electronic check,30.25,1035.85,No,34.52833333333333,-4.278333333333329,2,Established,Low,2,1,0,0
Female,0,Yes,Yes,37,Yes,No,No,No internet service,No internet service,No internet service,No internet service,No internet service,No internet service,Month-to-month,Yes,Electronic check,30.0,1154.64,No,31.20648648648649,-1.2064864864864902,1,Established,Low,2,1,0,0
Female,0,No,No,40,Yes,No,Fiber optic,No,Yes,Yes,Yes,Yes,No,Two year,No,Electronic check,94.35,3711.49,No,92.78725,1.562749999999994,5,Established,High,0,1,1,0
Female,0,No,Yes,10,Yes,Yes,No,No internet service,No internet service,No internet service,No internet service,No internet service,No internet service,Month-to-month,Yes,Bank transfer,33.83,248.5,No,24.85,8.979999999999997,2,New,Low,2,0,0,0
Male,0,No,No,17,Yes,No,Fiber optic,No,No,No,Yes,No,Yes,One year,No,Mailed check,82.97,1408.45,No,82.85000000000001,0.11999999999999034,3,Developing,High,1,0,1,0
Male,0,No,No,22,Yes,Yes,Fiber optic,No,No,No,No,No,Yes,Two year,No,Mailed check,85.77,1927.65,No,87.62045454545455,-1.8504545454545536,3,Developing,High,0,0,0,0
Female,1,Yes,No,61,Yes,No,Fiber optic,Yes,Yes,No,No,Yes,Yes,Two year,Yes,Electronic check,93.69,5653.69,No,92.6834426229508,1.006557377049191,5,Loyal,High,0,1,0,1
Female,0,No,Yes,32,No,No phone service,Fiber optic,No,No,No,No,No,Yes,Month-to-month,Yes,Electronic check,66.75,2120.48,No,66.265,0.48499999999999943,1,Established,Medium,2,1,0,0
Male,0,Yes,No,52,No,No phone service,Fiber optic,No,Yes,No,No,Yes,No,Two year,Yes,Electronic check,73.66,3675.85,No,70.68942307692308,2.9705769230769192,2,Loyal,High,0,1,0,0
Male,1,No,No,15,Yes,Yes,DSL,No,Yes,No,No,No,No,One year,Yes,Mailed check,55.56,898.42,Yes,59.894666666666666,-4.334666666666664,3,Developing,Medium,1,0,0,0
Male,0,Yes,No,69,Yes,No,Fiber optic,No,No,No,Yes,No,Yes,Month-to-month,No,Credit card,87.47,5966.93,No,86.47724637681159,0.9927536231884062,3,Loyal,High,2,0,1,0
Male,0,No,Yes,64,Yes,Yes,Fiber optic,No,No,Yes,No,Yes,No,One year,No,Bank transfer,92.49,5970.07,No,93.28234375,-0.7923437500000006,4,Loyal,High,1,0,0,0
Male,0,No,Yes,35,Yes,Yes,Fiber optic,No,Yes,No,No,No,Yes,Month-to-month,No,Electronic check,89.29,3153.02,No,90.08628571428571,-0.7962857142857018,4,Established,High,2,1,0,0
Female,0,No,No,17,Yes,Yes,DSL,Yes,No,No,Yes,No,No,Two year,No,Electronic check,60.01,1057.14,No,62.184705882352944,-2.1747058823529457,4,Developing,Medium,0,1,1,1
Female,0,Yes,Yes,71,Yes,No,DSL,No,No,No,No,Yes,Yes,One year,Yes,Electronic check,58.72,4148.42,No,58.428450704225355,0.2915492957746437,3,Loyal,Medium,1,1,0,0
Male,0,Yes,No,59,Yes,No,Fiber optic,Yes,Yes,No,No,Yes,No,One year,No,Credit card,84.62,5124.19,No,86.85067796610169,-2.2306779661016805,4,Loyal,High,1,0,0,1
Male,0,Yes,Yes,37,Yes,No,Fiber optic,Yes,No,Yes,No,Yes,Yes,Two year,Yes,Mailed check,93.59,3410.76,No,92.18270270270271,1.4072972972972906,5,Established,High,0,0,0,1
Female,0,Yes,Yes,20,Yes,No,DSL,Yes,Yes,Yes,No,No,Yes,One year,No,Credit card,61.56,1364.03,No,68.2015,-6.6414999999999935,5,Developing,Medium,1,0,0,1
Male,0,No,No,45,No,No phone service,DSL,No,No,No,No,No,Yes,Month-to-month,No,Mailed check,42.75,1944.05,No,43.20111111111111,-0.4511111111111106,1,Established,Medium,2,0,0,0
Female,0,Yes,No,27,Yes,No,Fiber optic,Yes,No,No,No,Yes,Yes,Month-to-month,No,Bank transfer,84.59,2293.82,Yes,84.9562962962963,-0.3662962962962979,4,Established,High,2,0,0,1
Male,0,No,No,49,Yes,No,DSL,No,Yes,No,Yes,Yes,No,Two year,Yes,Bank transfer,60.17,2929.88,No,59.7934693877551,0.37653061224489903,4,Loyal,Medium,0,0,1,0
Male,0,Yes,No,60,Yes,Yes,DSL,No,Yes,No,No,Yes,No,One year,Yes,Bank transfer,72.3,4346.97,No,72.4495,-0.1495000000000033,4,Loyal,High,1,0,0,0
Female,1,Yes,No,36,Yes,Yes,Fiber optic,No,Yes,No,No,No,No,Two year,Yes,Mailed check,80.69,2905.63,No,80.71194444444444,-0.021944444444443434,3,Established,High,0,0,0,0
Female,0,No,No,4,Yes,No,Fiber optic,No,No,Yes,Yes,Yes,Yes,Month-to-month,Yes,Electronic check,94.75,518.43,No,129.6075,-34.85749999999999,5,New,High,2,1,1,0
Female,0,Yes,Yes,41,Yes,No,No,No internet service,No internet service,No internet service,No internet service,No internet service,No internet service,Month-to-month,No,Mailed check,27.08,1013.14,No,24.710731707317073,2.369268292682925,1,Established,Low,2,0,0,0
Male,0,Yes,No,62,Yes,No,DSL,No,No,Yes,No,Yes,No,Two year,Yes,Credit card,60.5,3735.46,No,60.24935483870968,0.250645161290322,3,Loyal,Medium,0,0,0,0
Male,0,Yes,No,17,Yes,No,DSL,Yes,No,No,No,No,No,One year,Yes,Electronic check,49.42,764.43,No,44.96647058823529,4.453529411764713,2,Developing,Medium,1,1,0,1
Female,0,Yes,No,70,No,No phone service,DSL,No,No,Yes,No,Yes,No,Month-to-month,No,Bank transfer,47.78,3298.57,No,47.12242857142857,0.6575714285714298,2,Loyal,Medium,2,0,0,0
Female,0,No,No,27,Yes,Yes,Fiber optic,Yes,No,Yes,No,No,No,Month-to-month,Yes,Credit card,84.24,2275.88,No,84.29185185185186,-0.051851851851864694,4,Established,High,2,0,0,1
Male,1,Yes,No,50,Yes,No,DSL,No,Yes,No,Yes,Yes,No,Two year,Yes,Mailed check,60.02,3121.38,No,62.427600000000005,-2.407600000000002,4,Loyal,Medium,0,0,1,0
Female,0,Yes,No,51,Yes,Yes,DSL,No,No,No,No,Yes,Yes,One year,Yes,Mailed check,73.01,3762.12,No,73.76705882352941,-0.7570588235294053,4,Loyal,High,1,0,0,0
Female,0,No,No,14,No,No phone service,Fiber optic,No,No,Yes,No,No,No,Month-to-month,Yes,Electronic check,68.52,882.76,Yes,63.05428571428571,5.465714285714284,1,Developing,Medium,2,1,0,0
Female,0,Yes,No,3,Yes,Yes,Fiber optic,No,Yes,No,No,No,No,Month-to-month,Yes,Bank transfer,79.53,215.11,No,71.70333333333333,7.826666666666668,3,New,High,2,0,0,0
Male,0,No,No,69,Yes,No,Fiber optic,Yes,Yes,Yes,No,No,Yes,Month-to-month,Yes,Credit card,95.35,6671.35,No,96.68623188405797,-1.3362318840579803,5,Loyal,High,2,0,0,1
Male,0,Yes,No,51,Yes,Yes,Fiber optic,Yes,No,No,No,No,No,Month-to-month,Yes,Credit card,86.59,4369.33,No,85.67313725490196,0.9168627450980438,3,Loyal,High,2,0,0,1
Female,0,No,Yes,46,Yes,No,No,No internet service,No internet service,No internet service,No internet service,No internet service,No internet service,Month-to-month,Yes,Electronic check,25.14,1167.26,No,25.375217391304346,-0.23521739130434582,1,Established,Low,2,1,0,0
Male,0,Yes,No,22,Yes,Yes,Fiber optic,No,Yes,No,Yes,No,Yes,Month-to-month,Yes,Credit card,92.82,2074.75,No,94.30681818181819,-1.4868181818181938,5,Developing,High,2,0,1,0
Male,1,Yes,Yes,8,Yes,Yes,DSL,Yes,Yes,Yes,No,Yes,Yes,Two year,No,Mailed check,82.03,638.69,No,79.83625,2.1937499999999943,7,New,High,0,0,0,1
Female,1,No,No,20,Yes,No,Fiber optic,No,No,No,No,No,No,Month-to-month,Yes,Bank transfer,66.92,1265.37,No,63.268499999999996,3.6515000000000057,1,Developing,Medium,2,0,0,0
Male,0,No,No,40,Yes,Yes,DSL,Yes,No,No,No,No,Yes,Two year,Yes,Electronic check,63.02,2540.92,No,63.523,-0.5030000000000001,4,Established,Medium,0,1,0,1
Male,0,No,Yes,50,Yes,Yes,DSL,Yes,Yes,Yes,No,No,No,Month-to-month,Yes,Electronic check,66.02,3485.41,No,69.70819999999999,-3.688199999999995,5,Loyal,Medium,2,1,0,1
Female,0,No,Yes,23,Yes,No,Fiber optic,No,No,No,No,No,No,Month-to-month,Yes,Bank transfer,69.41,1559.15,No,67.7891304347826,1.6208695652173901,1,Developing,Medium,2,0,0,0
Female,1,Yes,No,16,No,No phone service,DSL,Yes,No,No,No,Yes,No,Month-to-month,Yes,Mailed check,62.24,953.0,Yes,59.5625,2.677500000000002,2,Developing,Medium,2,0,0,1
Male,0,No,No,18,Yes,Yes,DSL,No,Yes,No,No,Yes,No,Month-to-month,Yes,Credit card,61.39,1164.34,Yes,64.68555555555555,-3.295555555555552,4,Developing,Medium,2,0,0,0
Male,0,No,No,70,Yes,Yes,Fiber optic,Yes,Yes,No,No,Yes,No,One year,No,Electronic check,88.11,6358.37,No,90.83385714285714,-2.723857142857142,5,Loyal,High,1,1,0,1
Female,0,Yes,Yes,46,Yes,No,No,No internet service,No internet service,No internet service,No internet service,No internet service,No internet service,Two year,Yes,Credit card,31.91,1399.85,No,30.43152173913043,1.4784782608695686,1,Established,Low,0,0,0,0
Male,0,Yes,No,72,Yes,Yes,DSL,Yes,Yes,No,No,No,No,One year,Yes,Mailed check,63.73,4494.0,No,62.416666666666664,1.3133333333333326,4,Loyal,Medium,1,0,0,1
Male,0,Yes,No,1,Yes,No,Fiber optic,Yes,No,No,Yes,No,No,One year,Yes,Electronic check,78.77,142.47,No,142.47,-63.7,3,New,High,1,1,1,1
Female,1,No,No,33,Yes,No,No,No internet service,No internet service,No internet service,No internet service,No internet service,No internet service,Two year,Yes,Electronic check,31.46,1103.72,No,33.446060606060605,-1.9860606060606045,1,Established,Low,0,1,0,0
Male,0,Yes,Yes,33,Yes,Yes,DSL,No,No,No,No,Yes,Yes,One year,Yes,Bank transfer,62.11,1971.54,No,59.74363636363636,2.366363636363637,4,Established,Medium,1,0,0,0
Female,1,Yes,No,29,Yes,No,Fiber optic,No,Yes,No,No,Yes,No,One year,No,Credit card,83.26,2390.76,No,82.44000000000001,0.8199999999999932,3,Established,High,1,0,0,0
Male,0,No,No,29,Yes,No,DSL,No,Yes,No,Yes,No,No,One year,No,Electronic check,55.25,1509.59,No,52.05482758620689,3.1951724137931095,3,Established,Medium,1,1,1,0
Female,0,No,No,6,Yes,No,No,No internet service,No internet service,No internet service,No internet service,No internet service,No internet service,Month-to-month,Yes,Mailed check,28.14,139.49,No,23.248333333333335,4.891666666666666,1,New,Low,2,0,0,0
Female,0,Yes,No,3,Yes,Yes,DSL,Yes,No,Yes,Yes,No,Yes,Month-to-month,Yes,Mailed check,75.2,202.52,No,67.50666666666667,7.693333333333328,6,New,High,2,0,1,1
Male,0,No,No,57,Yes,No,DSL,No,No,No,No,No,Yes,One year,Yes,Bank transfer,62.54,3640.9,No,63.87543859649123,-1.3354385964912296,2,Loyal,Medium,1,0,0,0
Female,0,Yes,No,32,Yes,Yes,No,No internet service,No internet service,No internet service,No internet service,No internet service,No internet service,One year,Yes,Bank transfer,32.99,1153.62,No,36.050625,-3.0606249999999946,2,Established,Low,1,0,0,0
Male,0,No,Yes,12,Yes,No,Fiber optic,No,Yes,No,No,Yes,Yes,Month-to-month,No,Credit card,85.63,1019.89,Yes,84.99083333333333,0.639166666666668,4,New,High,2,0,0,0
Female,0,Yes,Yes,26,Yes,Yes,DSL,Yes,No,No,Yes,No,No,Two year,Yes,Electronic check,65.14,1813.84,No,69.76307692307692,-4.623076923076923,4,Established,Medium,0,1,1,1
Male,0,Yes,No,68,Yes,No,Fiber optic,No,Yes,Yes,Yes,Yes,No,Month-to-month,No,Electronic check,96.09,6610.87,No,97.21867647058824,-1.128676470588232,5,Loyal,High,2,1,1,0
Male,0,No,Yes,34,Yes,Yes,No,No internet service,No internet service,No internet service,No internet service,No internet service,No internet service,One year,No,Electronic check,29.59,900.48,No,26.48470588235294,3.105294117647059,2,Established,Low,1,1,0,0
Male,0,Yes,No,72,Yes,No,Fiber optic,Yes,No,No,Yes,Yes,Yes,Two year,Yes,Credit card,95.56,6970.93,No,96.81847222222223,-1.258472222222224,5,Loyal,High,0,0,1,1
Female,0,No,No,12,Yes,No,DSL,No,No,No,No,Yes,Yes,Month-to-month,No,Mailed check,55.33,728.67,No,60.7225,-5.392499999999998,3,New,Medium,2,0,0,0
Female,1,Yes,No,9,Yes,Yes,DSL,No,No,No,Yes,No,No,Two year,No,Electronic check,52.58,626.97,No,69.66333333333334,-17.083333333333343,3,New,Medium,0,1,1,0
Male,0,No,Yes,41,Yes,Yes,No,No internet service,No internet service,No internet service,No internet service,No internet service,No internet service,Two year,No,Bank transfer,34.11,1419.85,No,34.630487804878044,-0.5204878048780444,2,Established,Low,0,0,0,0
Male,0,No,Yes,50,Yes,Yes,DSL,No,Yes,Yes,No,No,No,One year,No,Bank transfer,60.35,3159.34,No,63.186800000000005,-2.8368000000000038,4,Loyal,Medium,1,0,0,0
Male,0,No,No,71,Yes,No,DSL,No,No,Yes,No,Yes,No,Two year,Yes,Mailed check,52.84,3613.0,No,50.88732394366197,1.952676056338035,3,Loyal,Medium,0,0,0,0
Female,0,No,No,34,Yes,No,DSL,No,No,Yes,No,Yes,Yes,One year,No,Electronic check,61.6,2058.95,No,60.55735294117647,1.0426470588235333,4,Established,Medium,1,1,0,0
Male,0,No,Yes,15,Yes,Yes,DSL,No,No,No,No,No,Yes,Month-to-month,Yes,Bank transfer,57.92,710.3,No,47.35333333333333,10.56666666666667,3,Developing,Medium,2,0,0,0
Female,1,Yes,No,39,Yes,No,Fiber optic,Yes,No,No,Yes,No,No,One year,No,Bank transfer,82.48,3192.08,No,81.84820512820512,0.6317948717948809,3,Established,High,1,0,1,1
Female,0,Yes,Yes,23,No,No phone service,Fiber optic,No,No,No,Yes,Yes,No,Month-to-month,Yes,Electronic check,70.07,1624.9,No,70.64782608695653,-0.5778260869565344,2,Developing,High,2,1,1,0
Male,0,No,Yes,13,No,No phone service,DSL,No,No,Yes,No,No,Yes,Month-to-month,Yes,Electronic check,50.29,651.73,No,50.13307692307693,0.1569230769230714,2,Developing,Medium,2,1,0,0
Female,0,No,No,7,Yes,Yes,DSL,No,No,No,No,Yes,No,Month-to-month,No,Electronic check,52.62,442.82,Yes,63.26,-10.64,3,New,Medium,2,1,0,0
Male,0,No,No,53,Yes,No,DSL,Yes,Yes,Yes,No,Yes,No,Month-to-month,No,Bank transfer,67.12,3755.62,No,70.86075471698113,-3.7407547169811295,5,Loyal,Medium,2,0,0,1
Female,0,No,No,47,Yes,No,DSL,Yes,No,No,Yes,Yes,Yes,One year,No,Electronic check,72.94,3399.46,No,72.32893617021277,0.6110638297872271,5,Established,High,1,1,1,1
Female,0,Yes,No,12,Yes,No,DSL,Yes,Yes,No,No,Yes,No,Two year,Yes,Electronic check,61.09,834.84,No,69.57000000000001,-8.480000000000004,4,New,Medium,0,1,0,1
Female,0,No,No,41,Yes,No,Fiber optic,No,Yes,No,No,Yes,Yes,Two year,No,Mailed check,91.14,3793.61,No,92.52707317073171,-1.3870731707317105,4,Established,High,0,0,0,0
Male,0,No,Yes,64,No,No phone service,DSL,Yes,No,Yes,Yes,No,No,Month-to-month,Yes,Credit card,45.33,2930.94,No,45.7959375,-0.46593750000000256,3,Loyal,Medium,2,0,1,1
Male,0,No,No,59,Yes,No,DSL,No,No,Yes,Yes,No,No,One year,No,Mailed check,51.54,3109.37,No,52.701186440677965,-1.161186440677966,3,Loyal,Medium,1,0,1,0
Male,0,No,Yes,33,Yes,Yes,Fiber optic,No,No,Yes,No,Yes,Yes,One year,Yes,Mailed check,98.25,3214.98,No,97.42363636363636,0.826363636363638,5,Established,High,1,0,0,0
Male,0,No,No,5,Yes,Yes,Fiber optic,No,No,Yes,No,No,No,Month-to-month,Yes,Mailed check,84.53,507.19,Yes,101.438,-16.908,3,New,High,2,0,0,0
Male,0,No,No,46,Yes,Yes,Fiber optic,No,No,No,Yes,No,No,One year,Yes,Bank transfer,89.47,4000.22,No,86.96130434782609,2.5086956521739125,3,Established,High,1,0,1,0
Male,0,Yes,No,38,Yes,No,No,No internet service,No internet service,No internet service,No internet service,No internet service,No internet service,Month-to-month,Yes,Credit card,30.82,1183.86,No,31.154210526315786,-0.3342105263157862,1,Established,Low,2,0,0,0
Male,0,No,Yes,67,No,No phone service,DSL,No,Yes,No,No,No,Yes,Two year,No,Credit card,54.64,3636.43,No,54.27507462686567,0.3649253731343336,2,Loyal,Medium,0,0,0,0
Female,0,Yes,No,40,Yes,Yes,DSL,No,Yes,Yes,Yes,No,Yes,Month-to-month,Yes,Mailed check,71.16,3045.51,Yes,76.13775000000001,-4.9777500000000146,6,Established,High,2,0,1,0
Female,0,Yes,No,54,Yes,Yes,DSL,No,No,No,No,Yes,No,Two year,No,Mailed check,59.98,3152.82,No,58.385555555555555,1.5944444444444414,3,Loyal,Medium,0,0,0,0
Female,0,Yes,No,39,Yes,No,DSL,No,Yes,Yes,Yes,No,Yes,Two year,Yes,Electronic check,62.48,2476.23,No,63.49307692307692,-1.0130769230769232,5,Established,Medium,0,1,1,0
Female,0,Yes,No,39,Yes,No,No,No internet service,No internet service,No internet service,No internet service,No internet service,No internet service,One year,Yes,Bank transfer,32.34,1362.45,No,34.934615384615384,-2.5946153846153805,1,Established,Low,1,0,0,0
Male,1,Yes,No,23,Yes,No,Fiber optic,No,No,No,Yes,No,No,Month-to-month,No,Bank transfer,73.84,1653.52,No,71.89217391304348,1.9478260869565247,2,Developing,High,2,0,1,0
Female,0,No,No,29,Yes,No,Fiber optic,Yes,No,No,Yes,No,No,Month-to-month,Yes,Mailed check,81.94,2379.36,Yes,82.04689655172415,-0.10689655172414803,3,Established,High,2,0,1,1
Female,0,No,No,22,Yes,Yes,No,No internet service,No internet service,No internet service,No internet service,No internet service,No internet service,Two year,Yes,Mailed check,25.81,527.29,No,23.96772727272727,1.8422727272727286,2,Developing,Low,0,0,0,0
Male,0,No,No,34,No,No phone service,No,No internet service,No internet service,No internet service,No internet service,No internet service,No internet service,Month-to-month,Yes,Electronic check,18.0,577.36,No,16.981176470588235,1.0188235294117653,0,Established,Low,2,1,0,0
Male,0,Yes,No,69,Yes,No,Fiber optic,No,No,No,No,No,Yes,Month-to-month,Yes,Bank transfer,84.05,5934.61,No,86.00884057971014,-1.9588405797101416,2,Loyal,High,2,0,0,0
Male,0,Yes,No,25,Yes,No,No,No internet service,No internet service,No internet service,No internet service,No internet service,No internet service,Two year,Yes,Electronic check,41.83,894.92,Yes,35.7968,6.033200000000001,1,Established,Medium,0,1,0,0
Female,0,No,No,34,Yes,Yes,Fiber optic,No,No,No,No,Yes,No,One year,No,Mailed check,85.41,2926.18,No,86.06411764705882,-0.6541176470588255,3,Established,High,1,0,0,0
Female,0,No,No,69,Yes,No,DSL,No,Yes,No,No,No,No,One year,Yes,Electronic check,57.19,3779.43,No,54.77434782608695,2.4156521739130454,2,Loyal,Medium,1,1,0,0
Male,0,No,No,11,Yes,Yes,Fiber optic,No,No,No,Yes,No,Yes,Month-to-month,Yes,Electronic check,86.06,1023.09,No,93.00818181818182,-6.948181818181823,4,New,High,2,1,1,0
Female,0,No,No,19,Yes,Yes,No,No internet service,No internet service,No internet service,No internet service,No internet service,No internet service,Month-to-month,Yes,Electronic check,28.7,514.78,No,27.093684210526316,1.6063157894736833,2,Developing,Low,2,1,0,0
Female,0,No,No,36,Yes,Yes,Fiber optic,No,No,Yes,Yes,No,No,Two year,No,Bank transfer,93.6,3231.79,No,89.77194444444444,3.828055555555551,4,Established,High,0,0,1,0
Female,0,No,No,30,Yes,No,Fiber optic,No,No,No,No,Yes,Yes,Month-to-month,No,Bank transfer,83.46,2492.26,Yes,83.07533333333335,0.3846666666666465,3,Established,High,2,0,0,0
Male,0,No,No,25,Yes,No,No,No internet service,No internet service,No internet service,No internet service,No internet service,No internet service,Month-to-month,Yes,Mailed check,27.15,582.4,No,23.296,3.853999999999999,1,Established,Low,2,0,0,0
Male,1,No,No,57,Yes,Yes,Fiber optic,Yes,No,No,Yes,No,No,Month-to-month,No,Mailed check,93.66,5418.34,No,95.05859649122807,-1.3985964912280764,4,Loyal,High,2,0,1,1
Male,0,No,No,36,Yes,Yes,Fiber optic,No,No,No,No,Yes,No,One year,Yes,Credit card,82.62,3057.83,No,84.93972222222222,-2.319722222222211,3,Established,High,1,0,0,0
Male,0,Yes,Yes,27,No,No phone service,DSL,No,Yes,No,No,Yes,No,Month-to-month,Yes,Credit card,45.29,1131.7,No,41.91481481481482,3.375185185185181,2,Established,Medium,2,0,0,0
Male,0,Yes,Yes,35,Yes,No,DSL,No,No,Yes,No,No,No,Two year,Yes,Bank transfer,45.45,1634.67,No,46.70485714285714,-1.2548571428571407,2,Established,Medium,0,0,0,0
Female,0,Yes,Yes,64,Yes,No,DSL,No,Yes,No,No,Yes,Yes,Month-to-month,No,Bank transfer,64.98,4107.37,No,64.17765625,0.8023437500000057,4,Loyal,Medium,2,0,0,0
Male,1,No,No,71,Yes,No,No,No internet service,No internet service,No internet service,No internet service,No internet service,No internet service,Month-to-month,Yes,Credit card,31.49,2213.0,No,31.169014084507044,0.32098591549295463,1,Loyal,Low,2,0,0,0
Female,0,No,No,18,Yes,No,No,No internet service,No internet service,No internet service,No internet service,No internet service,No internet service,Two year,No,Bank transfer,26.85,643.08,No,35.72666666666667,-8.876666666666665,1,Developing,Low,0,0,0,0
Female,0,Yes,No,3,No,No phone service,DSL,Yes,No,Yes,Yes,Yes,Yes,Two year,Yes,Electronic check,66.55,170.0,No,56.666666666666664,9.883333333333333,5,New,Medium,0,1,1,1
Male,0,No,Yes,3,Yes,Yes,DSL,Yes,Yes,No,No,Yes,No,One year,Yes,Mailed check,66.89,318.29,No,106.09666666666668,-39.20666666666668,5,New,Medium,1,0,0,1
Female,0,Yes,No,33,Yes,No,DSL,No,No,No,No,No,No,Two year,No,Electronic check,43.93,1591.56,No,48.22909090909091,-4.299090909090907,1,Established,Medium,0,1,0,0
Female,0,Yes,No,46,Yes,No,Fiber optic,No,Yes,No,No,No,Yes,Month-to-month,Yes,Credit card,88.28,4036.19,No,87.74326086956522,0.5367391304347819,3,Established,High,2,0,0,0
Female,0,No,No,4,No,No phone service,Fiber optic,Yes,Yes,No,No,No,No,Month-to-month,No,Bank transfer,71.45,309.19,Yes,77.2975,-5.847499999999997,2,New,High,2,0,0,1
Male,0,Yes,Yes,37,Yes,No,Fiber optic,No,Yes,Yes,Yes,No,Yes,Month-to-month,Yes,Credit card,88.9,3252.38,Yes,87.90216216216217,0.9978378378378352,5,Established,High,2,0,1,0
Female,0,Yes,Yes,29,Yes,No,DSL,Yes,Yes,Yes,No,Yes,No,Month-to-month,Yes,Electronic check,74.57,2164.82,No,74.64896551724138,-0.0789655172413859,5,Established,High,2,1,0,1
Female,0,Yes,Yes,68,Yes,Yes,DSL,Yes,Yes,No,No,No,No,One year,Yes,Mailed check,61.87,4260.94,No,62.66088235294117,-0.7908823529411748,4,Loyal,Medium,1,0,0,1
Male,0,Yes,No,44,Yes,No,No,No internet service,No internet service,No internet service,No internet service,No internet service,No internet service,Two year,No,Bank transfer,27.29,1195.17,No,27.162954545454546,0.12704545454545269,1,Established,Low,0,0,0,0
Female,1,No,No,31,Yes,No,Fiber optic,No,No,No,Yes,No,No,Month-to-month,Yes,Credit card,73.96,2325.39,Yes,75.0125806451613,-1.0525806451612993,2,Established,High,2,0,1,0
Male,0,No,Yes,43,Yes,No,DSL,Yes,No,Yes,No,Yes,Yes,Month-to-month,No,Credit card,63.48,2675.33,No,62.21697674418604,1.2630232558139554,5,Established,Medium,2,0,0,1
Male,0,No,No,10,Yes,Yes,DSL,No,Yes,No,Yes,No,No,Two year,Yes,Electronic check,61.29,542.43,No,54.242999999999995,7.047000000000004,4,New,Medium,0,1,1,0
Male,0,No,Yes,35,No,No phone service,DSL,Yes,Yes,No,No,No,Yes,One year,Yes,Credit card,55.79,1924.57,No,54.98771428571428,0.8022857142857163,3,Established,Medium,1,0,0,1
Female,0,Yes,No,24,Yes,Yes,DSL,No,No,No,No,No,Yes,Month-to-month,No,Credit card,58.26,1411.03,No,58.79291666666666,-0.5329166666666652,3,Developing,Medium,2,0,0,0
Female,0,No,Yes,14,Yes,No,DSL,No,No,No,Yes,No,Yes,Month-to-month,Yes,Credit card,61.89,971.16,No,69.36857142857143,-7.478571428571428,3,Developing,Medium,2,0,1,0
Female,0,Yes,Yes,29,Yes,No,Fiber optic,Yes,Yes,No,No,Yes,Yes,Month-to-month,No,Bank transfer,89.95,2595.34,No,89.49448275862069,0.4555172413793116,5,Established,High,2,0,0,1
Male,1,Yes,Yes,47,Yes,No,DSL,No,Yes,No,No,No,Yes,Month-to-month,No,Credit card,59.09,2811.54,No,59.82,-0.7299999999999969,3,Established,Medium,2,0,0,0
Female,0,No,No,42,Yes,No,Fiber optic,No,No,No,Yes,Yes,No,Month-to-month,Yes,Electronic check,79.88,3281.11,No,78.12166666666667,1.7583333333333258,3,Established,High,2,1,1,0
Female,0,Yes,No,70,Yes,No,Fiber optic,Yes,Yes,Yes,No,Yes,No,Month-to-month,Yes,Electronic check,95.69,6768.49,No,96.69271428571429,-1.0027142857142906,5,Loyal,High,2,1,0,1
Female,0,Yes,No,20,Yes,No,DSL,Yes,No,No,No,No,Yes,Month-to-month,No,Electronic check,64.06,1251.48,No,62.574,1.4860000000000042,3,Developing,Medium,2,1,0,1
Male,0,Yes,Yes,51,Yes,Yes,Fiber optic,No,No,No,Yes,No,No,Month-to-month,Yes,Mailed check,86.83,4412.0,No,86.50980392156863,0.32019607843136555,3,Loyal,High,2,0,1,0
Female,0,No,No,40,Yes,No,No,No internet service,No internet service,No internet service,No internet service,No internet service,No internet service,Month-to-month,Yes,Credit card,28.24,1135.93,No,28.39825,-0.15825000000000244,1,Established,Low,2,0,0,0
Male,0,Yes,No,63,Yes,No,DSL,No,No,Yes,No,Yes,Yes,Month-to-month,Yes,Bank transfer,64.8,4040.35,No,64.13253968253969,0.6674603174603106,4,Loyal,Medium,2,0,0,0
Female,1,Yes,No,66,Yes,Yes,Fiber optic,No,No,No,Yes,No,Yes,Month-to-month,No,Mailed check,88.53,5755.6,No,87.20606060606062,1.3239393939393835,4,Loyal,High,2,0,1,0
Female,0,No,Yes,51,Yes,No,DSL,Yes,No,No,Yes,No,No,Two year,Yes,Credit card,51.64,2671.5,No,52.38235294117647,-0.7423529411764704,3,Loyal,Medium,0,0,1,1
Female,0,Yes,No,31,Yes,Yes,DSL,No,No,Yes,No,Yes,Yes,One year,No,Mailed check,75.54,2415.77,No,77.92806451612903,-2.3880645161290204,5,Established,High,1,0,0,0
Male,0,No,No,39,Yes,No,DSL,No,Yes,No,No,Yes,Yes,Month-to-month,Yes,Mailed check,56.44,2095.83,No,53.739230769230765,2.7007692307692324,4,Established,Medium,2,0,0,0
Female,1,Yes,No,47,Yes,No,Fiber optic,No,No,Yes,No,Yes,No,Month-to-month,No,Bank transfer,80.35,3797.79,Yes,80.8040425531915,-0.4540425531914991,3,Established,High,2,0,0,0
Female,0,No,No,59,Yes,No,Fiber optic,Yes,No,No,No,No,Yes,One year,Yes,Mailed check,88.4,5235.74,No,88.74135593220339,-0.3413559322033848,3,Loyal,High,1,0,0,1
Male,0,No,No,17,Yes,Yes,Fiber optic,No,Yes,Yes,No,Yes,No,Month-to-month,No,Bank transfer,87.4,1458.34,No,85.78470588235294,1.6152941176470677,5,Developing,High,2,0,0,0
Male,1,No,No,63,Yes,No,DSL,No,No,No,No,Yes,Yes,One year,Yes,Credit card,61.85,3868.71,No,61.408095238095235,0.441904761904766,3,Loyal,Medium,1,0,0,0
Male,0,No,Yes,58,Yes,No,Fiber optic,No,No,No,No,Yes,Yes,Two year,Yes,Mailed check,86.97,5131.23,No,88.46948275862069,-1.4994827586206867,3,Loyal,High,0,0,0,0
Male,1,Yes,Yes,7,Yes,No,DSL,No,No,Yes,No,Yes,No,Month-to-month,Yes,Mailed check,55.65,564.37,No,80.62428571428572,-24.97428571428572,3,New,Medium,2,0,0,0
Female,0,No,No,20,Yes,No,DSL,No,No,No,No,No,Yes,Month-to-month,No,Mailed check,48.74,1080.08,No,54.004,-5.263999999999996,2,Developing,Medium,2,0,0,0
Male,0,No,Yes,17,No,No phone service,Fiber optic,No,No,No,Yes,No,No,Month-to-month,No,Credit card,60.2,1067.99,No,62.822941176470586,-2.622941176470583,1,Developing,Medium,2,0,1,0
Female,0,No,No,42,Yes,No,DSL,No,Yes,No,No,No,Yes,One year,Yes,Mailed check,56.04,2449.49,No,58.32119047619047,-2.281190476190474,3,Established,Medium,1,0,0,0
Male,0,No,Yes,16,No,No phone service,Fiber optic,No,Yes,Yes,No,No,No,Month-to-month,No,Credit card,68.78,1139.53,No,71.220625,-2.440624999999997,2,Developing,Medium,2,0,0,0
Male,0,No,Yes,22,Yes,Yes,Fiber optic,Yes,Yes,No,Yes,No,No,One year,No,Bank transfer,86.14,1841.39,No,83.69954545454546,2.4404545454545428,5,Developing,High,1,0,1,1
Male,0,No,Yes,14,No,No phone service,Fiber optic,Yes,No,No,No,No,Yes,Month-to-month,Yes,Electronic check,77.88,1120.54,No,80.03857142857143,-2.1585714285714346,2,Developing,High,2,1,0,1
Male,0,Yes,No,5,No,No phone service,Fiber optic,No,No,No,No,Yes,No,One year,Yes,Mailed check,65.45,220.8,No,44.160000000000004,21.29,1,New,Medium,1,0,0,0
Male,0,No,No,34,Yes,Yes,DSL,No,No,No,No,Yes,No,One year,Yes,Electronic check,61.73,2040.34,No,60.01,1.7199999999999989,3,Established,Medium,1,1,0,0
Male,0,No,No,24,No,No phone service,DSL,No,No,No,No,No,No,Month-to-month,Yes,Electronic check,34.44,902.73,No,37.61375,-3.1737500000000054,0,Developing,Low,2,1,0,0
Male,0,No,No,37,Yes,No,Fiber optic,No,No,No,No,No,Yes,Two year,Yes,Electronic check,79.05,2910.49,No,78.66189189189188,0.38810810810811347,2,Established,High,0,1,0,0
Female,0,Yes,No,16,Yes,Yes,DSL,No,No,No,No,Yes,Yes,Two year,No,Bank transfer,67.74,1018.29,No,63.643125,4.096874999999997,4,Developing,Medium,0,0,0,0
Female,0,No,No,21,Yes,Yes,DSL,Yes,No,Yes,No,Yes,No,Month-to-month,No,Bank transfer,74.06,1507.68,Yes,71.79428571428572,2.2657142857142816,5,Developing,High,2,0,0,1
Female,1,No,No,65,Yes,No,Fiber optic,No,No,No,No,Yes,No,Two year,No,Mailed check,70.52,4486.66,No,69.02553846153846,1.494461538461536,2,Loyal,High,0,0,0,0
Male,0,No,No,58,Yes,Yes,Fiber optic,Yes,Yes,Yes,Yes,No,No,Two year,No,Mailed check,93.85,5469.65,No,94.30431034482758,-0.45431034482759003,6,Loyal,High,0,0,1,1
Female,0,Yes,Yes,20,Yes,Yes,Fiber optic,No,No,No,Yes,No,Yes,Month-to-month,Yes,Mailed check,92.6,1818.25,Yes,90.9125,1.6875,4,Developing,High,2,0,1,0
Female,0,Yes,No,12,Yes,No,DSL,No,Yes,No,No,Yes,No,One year,No,Credit card,55.31,644.41,No,53.70083333333333,1.609166666666674,3,New,Medium,1,0,0,0
Female,0,Yes,No,71,Yes,No,DSL,No,Yes,No,No,No,No,One year,No,Credit card,49.35,3537.24,No,49.820281690140845,-0.470281690140844,2,Loyal,Medium,1,0,0,0
Male,0,Yes,Yes,50,Yes,Yes,DSL,Yes,No,No,Yes,Yes,No,One year,Yes,Bank transfer,72.1,3632.46,No,72.64920000000001,-0.5492000000000132,5,Loyal,High,1,0,1,1
Male,0,No,No,36,Yes,Yes,DSL,No,Yes,No,No,No,No,Two year,Yes,Electronic check,56.72,1947.19,No,54.08861111111111,2.6313888888888854,3,Established,Medium,0,1,0,0
Male,0,Yes,No,51,Yes,No,Fiber optic,No,Yes,Yes,Yes,No,No,Month-to-month,Yes,Credit card,85.35,4260.77,No,83.54450980392157,1.8054901960784235,4,Loyal,High,2,0,1,0
Female,1,No,Yes,16,Yes,No,DSL,Yes,Yes,No,No,Yes,No,Month-to-month,No,Credit card,62.43,993.35,No,62.084375,0.3456249999999983,4,Developing,Medium,2,0,0,1
Female,0,Yes,No,31,No,No phone service,DSL,No,No,Yes,No,Yes,No,Month-to-month,No,Electronic check,48.56,1557.45,Yes,50.24032258064516,-1.6803225806451607,2,Established,Medium,2,1,0,0
Female,0,Yes,Yes,29,Yes,No,No,No internet service,No internet service,No internet service,No internet service,No internet service,No internet service,One year,Yes,Mailed check,22.4,596.14,No,20.55655172413793,1.8434482758620696,1,Established,Low,1,0,0,0
Female,1,No,Yes,52,Yes,No,Fiber optic,Yes,No,Yes,No,No,Yes,Month-to-month,Yes,Electronic check,85.04,4379.75,No,84.22596153846153,0.8140384615384733,4,Loyal,High,2,1,0,1
Female,1,Yes,No,14,Yes,No,DSL,No,Yes,No,No,Yes,No,Month-to-month,No,Bank transfer,60.08,852.42,Yes,60.887142857142855,-0.8071428571428569,3,Developing,Medium,2,0,0,0
Male,0,Yes,No,36,Yes,Yes,Fiber optic,No,Yes,No,No,No,No,Month-to-month,Yes,Mailed check,80.64,2912.91,No,80.91416666666666,-0.2741666666666589,3,Established,High,2,0,0,0
Male,0,Yes,No,61,Yes,Yes,Fiber optic,No,No,No,Yes,Yes,No,One year,No,Electronic check,90.88,5539.6,No,90.81311475409836,0.0668852459016307,4,Loyal,High,1,1,1,0
Male,0,No,No,15,Yes,No,No,No internet service,No internet service,No internet service,No internet service,No internet service,No internet service,Month-to-month,No,Electronic check,26.6,429.75,No,28.65,-2.049999999999997,1,Developing,Low,2,1,0,0
Female,0,No,No,9,No,No phone service,No,No internet service,No internet service,No internet service,No internet service,No internet service,No internet service,Month-to-month,No,Mailed check,21.85,124.13,No,13.792222222222222,8.05777777777778,0,New,Low,2,0,0,0
Female,0,Yes,No,60,Yes,No,Fiber optic,No,Yes,Yes,No,No,Yes,Month-to-month,Yes,Bank transfer,84.45,5188.13,No,86.46883333333334,-2.0188333333333333,4,Loyal,High,2,0,0,0
Male,0,No,No,63,No,No phone service,DSL,No,No,No,No,Yes,Yes,Month-to-month,No,Mailed check,47.25,2952.77,No,46.86936507936508,0.3806349206349182,2,Loyal,Medium,2,0,0,0
Female,0,Yes,Yes,32,Yes,No,Fiber optic,No,No,No,No,Yes,Yes,Month-to-month,No,Electronic check,87.38,2930.62,No,91.581875,-4.201875000000001,3,Established,High,2,1,0,0
Female,0,No,No,4,Yes,Yes,DSL,No,No,No,Yes,Yes,Yes,Month-to-month,Yes,Bank transfer,67.52,95.97,No,23.9925,43.527499999999996,5,New,Medium,2,0,1,0
Female,0,Yes,No,39,Yes,Yes,Fiber optic,Yes,No,No,No,Yes,Yes,One year,No,Credit card,93.14,3496.94,No,89.66512820512821,3.474871794871788,5,Established,High,1,0,0,1
Male,0,No,No,22,No,No phone service,No,No internet service,No internet service,No internet service,No internet service,No internet service,No internet service,Month-to-month,Yes,Electronic check,19.95,432.26,No,19.64818181818182,0.3018181818181809,0,Developing,Low,2,1,0,0
Male,0,No,No,43,Yes,No,DSL,Yes,No,Yes,No,No,No,Month-to-month,No,Mailed check,48.7,2174.17,No,50.56209302325581,-1.8620930232558095,3,Established,Medium,2,0,0,1
Female,0,Yes,Yes,11,Yes,Yes,No,No internet service,No internet service,No internet service,No internet service,No internet service,No internet service,One year,No,Mailed check,32.62,377.5,No,34.31818181818182,-1.6981818181818227,2,New,Low,1,0,0,0
Male,0,Yes,No,58,No,No phone service,Fiber optic,No,No,No,No,Yes,Yes,Month-to-month,No,Electronic check,73.28,4241.62,No,73.13137931034483,0.14862068965517494,2,Loyal,High,2,1,0,0
Male,1,Yes,No,50,Yes,No,DSL,No,No,No,Yes,No,Yes,Month-to-month,No,Credit card,56.83,2864.31,No,57.2862,-0.4562000000000026,3,Loyal,Medium,2,0,1,0
Male,1,Yes,No,47,Yes,No,No,No internet service,No internet service,No internet service,No internet service,No internet service,No internet service,Month-to-month,No,Credit card,26.95,1264.97,No,26.914255319148936,0.03574468085106375,1,Established,Low,2,0,0,0
Male,1,Yes,No,37,Yes,No,Fiber optic,No,Yes,No,No,Yes,No,Month-to-month,No,Mailed check,80.01,3117.37,No,84.25324324324325,-4.243243243243242,3,Established,High,2,0,0,0
Female,1,Yes,No,16,Yes,No,Fiber optic,No,Yes,No,No,Yes,Yes,Month-to-month,Yes,Mailed check,88.21,1370.18,Yes,85.63625,2.5737499999999898,4,Developing,High,2,0,0,0
Male,1,No,No,68,Yes,No,Fiber optic,No,Yes,No,No,Yes,No,Two year,No,Electronic check,87.75,6068.96,No,89.24941176470588,-1.4994117647058829,3,Loyal,High,0,1,0,0
Female,0,Yes,No,20,Yes,Yes,DSL,No,No,Yes,No,No,Yes,Month-to-month,No,Bank transfer,74.3,1426.78,No,71.339,2.9609999999999985,4,Developing,High,2,0,0,0
Male,0,No,No,27,Yes,No,DSL,No,No,Yes,No,Yes,Yes,One year,No,Electronic check,66.92,1783.32,Yes,66.04888888888888,0.8711111111111194,4,Established,Medium,1,1,0,0
Male,0,Yes,Yes,67,Yes,No,Fiber optic,Yes,Yes,Yes,No,No,Yes,Two year,Yes,Mailed check,90.61,5993.2,No,89.45074626865672,1.1592537313432842,5,Loyal,High,0,0,0,1
Male,0,No,Yes,3,No,No phone service,No,No internet service,No internet service,No internet service,No internet service,No internet service,No internet service,Month-to-month,No,Electronic check,18.0,122.22,No,40.74,-22.740000000000002,0,New,Low,2,1,0,0
Male,0,Yes,No,10,Yes,Yes,Fiber optic,No,No,Yes,No,No,Yes,One year,Yes,Bank transfer,85.95,956.53,No,95.65299999999999,-9.702999999999989,4,New,High,1,0,0,0
Male,0,No,No,55,Yes,No,No,No internet service,No internet service,No internet service,No internet service,No internet service,No internet service,Month-to-month,Yes,Credit card,26.96,1468.89,No,26.707090909090912,0.252909090909089,1,Loyal,Low,2,0,0,0
Male,1,Yes,Yes,27,Yes,No,No,No internet service,No internet service,No internet service,No internet service,No internet service,No internet service,One year,No,Electronic check,32.43,919.24,No,34.04592592592593,-1.6159259259259287,1,Established,Low,1,1,0,0
Male,0,Yes,Yes,42,Yes,Yes,DSL,No,Yes,No,No,Yes,No,Two year,Yes,Bank transfer,60.79,2563.4,No,61.03333333333334,-0.2433333333333394,4,Established,Medium,0,0,0,0
Male,1,No,No,42,Yes,No,Fiber optic,Yes,No,Yes,Yes,No,Yes,Month-to-month,Yes,Credit card,93.33,3967.39,No,94.46166666666666,-1.1316666666666606,5,Established,High,2,0,1,1
Female,0,No,No,60,Yes,Yes,Fiber optic,No,No,Yes,Yes,No,No,Two year,Yes,Electronic check,84.81,5183.21,No,86.38683333333333,-1.576833333333326,4,Loyal,High,0,1,1,0
Male,0,No,No,45,Yes,No,Fiber optic,No,Yes,No,Yes,No,No,Month-to-month,Yes,Credit card,83.74,3676.88,No,81.70844444444445,2.031555555555542,3,Established,High,2,0,1,0
Male,0,Yes,No,31,No,No phone service,Fiber optic,Yes,Yes,No,No,No,Yes,One year,Yes,Bank transfer,77.39,2314.6,No,74.66451612903225,2.72548387096775,3,Established,High,1,0,0,1
Female,0,Yes,No,40,Yes,No,Fiber optic,Yes,Yes,No,No,No,Yes,Month-to-month,Yes,Mailed check,83.86,3310.32,No,82.75800000000001,1.1019999999999897,4,Established,High,2,0,0,1
Male,0,No,No,54,Yes,No,No,No internet service,No internet service,No internet service,No internet service,No internet service,No internet service,Month-to-month,No,Bank transfer,25.12,1321.27,No,24.46796296296296,0.6520370370370401,1,Loyal,Low,2,0,0,0
Male,0,No,No,28,Yes,No,No,No internet service,No internet service,No internet service,No internet service,No internet service,No internet service,Month-to-month,Yes,Electronic check,34.83,992.04,Yes,35.43,-0.6000000000000014,1,Established,Low,2,1,0,0
Male,1,No,Yes,13,Yes,Yes,Fiber optic,No,No,No,No,No,No,Two year,No,Electronic check,76.69,997.89,Yes,76.76076923076923,-0.07076923076922981,2,Developing,High,0,1,0,0
Male,0,Yes,No,36,Yes,No,Fiber optic,No,No,No,No,No,No,One year,Yes,Mailed check,74.24,2656.62,No,73.795,0.4449999999999932,1,Established,High,1,0,0,0
Female,0,Yes,Yes,72,Yes,No,Fiber optic,No,Yes,No,No,No,No,Two year,Yes,Bank transfer,76.27,5485.52,No,76.18777777777778,0.08222222222221376,2,Loyal,High,0,0,0,0
Male,0,No,Yes,9,Yes,No,No,No internet service,No internet service,No internet service,No internet service,No internet service,No internet service,Month-to-month,Yes,Credit card,30.3,290.46,No,32.27333333333333,-1.9733333333333327,1,New,Low,2,0,0,0
Female,0,No,Yes,13,Yes,Yes,Fiber optic,No,Yes,No,No,No,Yes,Month-to-month,Yes,Mailed check,87.37,1074.46,No,82.65076923076923,4.7192307692307764,4,Developing,High,2,0,0,0
Male,0,Yes,Yes,72,Yes,No,No,No internet service,No internet service,No internet service,No internet service,No internet service,No internet service,Month-to-month,No,Electronic check,27.42,1804.9,No,25.068055555555556,2.3519444444444453,1,Loyal,Low,2,1,0,0
Male,0,No,No,60,Yes,No,No,No internet service,No internet service,No internet service,No internet service,No internet service,No internet service,Month-to-month,No,Electronic check,23.63,1345.35,No,22.4225,1.2074999999999996,1,Loyal,Low,2,1,0,0
Female,0,No,No,9,Yes,No,DSL,No,Yes,No,No,No,No,Month-to-month,No,Credit card,46.84,510.23,No,56.69222222222223,-9.852222222222224,2,New,Medium,2,0,0,0
Female,0,Yes,No,16,Yes,Yes,No,No internet service,No internet service,No internet service,No internet service,No internet service,No internet service,Two year,No,Electronic check,33.92,335.56,No,20.9725,12.947500000000002,2,Developing,Low,0,1,0,0
Female,0,Yes,No,50,Yes,No,Fiber optic,No,Yes,No,No,Yes,No,Two year,Yes,Credit card,80.5,4115.72,No,82.3144,-1.8144000000000062,3,Loyal,High,0,0,0,0
Female,0,No,No,57,Yes,Yes,DSL,No,Yes,Yes,No,No,No,Month-to-month,Yes,Electronic check,62.28,3504.59,No,61.4840350877193,0.7959649122807022,4,Loyal,Medium,2,1,0,0
Female,0,Yes,Yes,53,Yes,No,DSL,No,No,No,Yes,Yes,No,Month-to-month,No,Electronic check,60.94,3297.94,No,62.22528301886793,-1.2852830188679292,3,Loyal,Medium,2,1,1,0
Female,0,No,No,63,No,No phone service,Fiber optic,No,No,Yes,No,No,Yes,One year,Yes,Electronic check,81.27,5038.31,No,79.97317460317461,1.2968253968253833,2,Loyal,High,1,1,0,0
Female,0,No,No,37,Yes,Yes,DSL,No,No,Yes,No,No,No,One year,No,Mailed check,53.89,1793.37,No,48.46945945945946,5.420540540540543,3,Established,Medium,1,0,0,0
Female,0,Yes,No,64,Yes,Yes,DSL,Yes,Yes,No,No,No,Yes,One year,Yes,Mailed check,71.37,4498.99,No,70.29671875,1.073281250000008,5,Loyal,High,1,0,0,1
Male,0,No,No,43,Yes,No,Fiber optic,Yes,No,No,No,Yes,No,Month-to-month,Yes,Credit card,79.49,3407.52,No,79.2446511627907,0.24534883720929201,3,Established,High,2,0,0,1
Female,0,Yes,Yes,35,Yes,Yes,DSL,Yes,Yes,Yes,No,No,Yes,Month-to-month,Yes,Mailed check,68.22,2418.66,No,69.10457142857142,-0.8845714285714195,6,Established,Medium,2,0,0,1
Female,0,Yes,No,46,Yes,No,Fiber optic,No,Yes,Yes,Yes,No,Yes,Month-to-month,Yes,Electronic check,101.29,4546.25,No,98.83152173913044,2.458478260869569,5,Established,Very High,2,1,1,0
Female,0,No,No,31,Yes,Yes,Fiber optic,No,Yes,No,No,No,No,Two year,Yes,Bank transfer,81.55,2558.23,No,82.52354838709678,-0.973548387096784,3,Established,High,0,0,0,0
Male,0,No,No,44,Yes,Yes,DSL,Yes,No,No,No,Yes,No,One year,Yes,Mailed check,63.32,2788.28,No,63.370000000000005,-0.05000000000000426,4,Established,Medium,1,0,0,1
Female,1,Yes,Yes,61,Yes,No,Fiber optic,Yes,Yes,No,No,No,Yes,Two year,No,Bank transfer,90.41,5465.64,No,89.60065573770493,0.8093442622950704,4,Loyal,High,0,0,0,1
Male,0,No,No,69,No,No phone service,DSL,No,No,No,No,Yes,Yes,Month-to-month,Yes,Bank transfer,61.46,4250.09,No,61.59550724637681,-0.135507246376811,2,Loyal,Medium,2,0,0,0
Female,1,No,No,42,No,No phone service,No,No internet service,No internet service,No internet service,No internet service,No internet service,No internet service,Month-to-month,Yes,Credit card,21.07,892.1,No,21.24047619047619,-0.17047619047619023,0,Established,Low,2,0,0,0
Female,0,No,No,1,Yes,No,Fiber optic,No,Yes,No,No,Yes,No,Month-to-month,No,Bank transfer,92.0,134.14,Yes,134.14,-42.139999999999986,3,New,High,2,0,0,0
Female,0,No,No,45,Yes,No,No,No internet service,No internet service,No internet service,No internet service,No internet service,No internet service,Two year,No,Mailed check,27.79,1266.62,No,28.14711111111111,-0.3571111111111094,1,Established,Low,0,0,0,0
Female,0,Yes,Yes,19,No,No phone service,Fiber optic,No,Yes,Yes,No,No,Yes,Month-to-month,Yes,Mailed check,82.93,1584.1,No,83.3736842105263,-0.4436842105262997,3,Developing,High,2,0,0,0
Male,0,Yes,No,17,Yes,No,No,No internet service,No internet service,No internet service,No internet service,No internet service,No internet service,One year,Yes,Mailed check,24.63,576.94,No,33.93764705882353,-9.30764705882353,1,Developing,Low,1,0,0,0
Female,1,No,Yes,64,Yes,No,Fiber optic,No,Yes,Yes,No,No,No,Month-to-month,Yes,Mailed check,76.68,4751.89,Yes,74.24828125,2.4317187500000017,3,Loyal,High,2,0,0,0
Female,0,Yes,Yes,33,Yes,Yes,Fiber optic,No,Yes,No,No,No,Yes,Month-to-month,No,Electronic check,90.11,2869.4,Yes,86.95151515151515,3.1584848484848465,4,Established,High,2,1,0,0
Male,0,No,Yes,57,Yes,No,DSL,No,Yes,Yes,No,Yes,No,Month-to-month,Yes,Electronic check,68.18,3973.46,No,69.70982456140351,-1.529824561403501,4,Loyal,Medium,2,1,0,0
Male,0,Yes,No,27,Yes,No,Fiber optic,No,Yes,No,Yes,No,No,Month-to-month,No,Credit card,77.9,1985.99,Yes,73.55518518518518,4.344814814814825,3,Established,High,2,0,1,0
Male,0,Yes,No,44,No,No phone service,Fiber optic,No,Yes,No,No,No,No,Two year,Yes,Credit card,70.63,3179.45,No,72.26022727272726,-1.630227272727268,1,Established,High,0,0,0,0
Male,0,Yes,Yes,48,No,No phone service,Fiber optic,No,No,No,No,Yes,No,Two year,No,Electronic check,70.42,3405.72,No,70.9525,-0.5324999999999989,1,Established,High,0,1,0,0
Male,1,Yes,Yes,65,No,No phone service,DSL,No,No,No,No,No,Yes,One year,Yes,Credit card,43.82,2743.71,No,42.21092307692308,1.6090769230769197,1,Loyal,Medium,1,0,0,0
Female,0,Yes,No,15,Yes,No,Fiber optic,Yes,No,Yes,Yes,No,No,Month-to-month,No,Credit card,87.83,1396.69,No,93.11266666666667,-5.282666666666671,4,Developing,High,2,0,1,1
Male,0,No,No,41,Yes,No,Fiber optic,No,Yes,Yes,No,No,No,One year,Yes,Electronic check,76.78,3243.05,No,79.09878048780489,-2.3187804878048865,3,Established,High,1,1,0,0
Female,0,No,Yes,30,Yes,No,Fiber optic,Yes,Yes,No,No,Yes,Yes,Month-to-month,No,Credit card,98.07,2944.6,No,98.15333333333334,-0.08333333333334281,5,Established,High,2,0,0,1
Female,0,Yes,No,34,Yes,Yes,Fiber optic,No,No,Yes,No,No,No,One year,Yes,Credit card,81.04,2747.45,No,80.80735294117646,0.2326470588235452,3,Established,High,1,0,0,0
Male,0,Yes,Yes,62,Yes,No,Fiber optic,No,No,No,Yes,Yes,No,One year,Yes,Bank transfer,84.88,5366.36,No,86.55419354838709,-1.6741935483870947,3,Loyal,High,1,0,1,0
Male,1,No,No,10,No,No phone service,Fiber optic,Yes,Yes,No,No,No,No,Month-to-month,Yes,Bank transfer,72.83,592.42,No,59.242,13.588000000000001,2,New,High,2,0,0,1
Male,0,Yes,Yes,40,Yes,Yes,Fiber optic,No,No,No,No,No,Yes,Month-to-month,Yes,Electronic check,84.35,3429.59,No,85.73975,-1.3897500000000065,3,Established,High,2,1,0,0
Female,0,Yes,No,28,Yes,Yes,Fiber optic,No,No,No,Yes,No,Yes,Month-to-month,Yes,Bank transfer,75.45,1997.26,No,71.33071428571428,4.1192857142857235,4,Established,High,2,0,1,0
Male,0,No,No,65,Yes,Yes,Fiber optic,Yes,Yes,No,No,No,Yes,Month-to-month,Yes,Bank transfer,91.73,6008.89,No,92.44446153846154,-0.7144615384615349,5,Loyal,High,2,0,0,1
Female,0,No,No,16,Yes,No,DSL,No,No,No,No,No,Yes,Two year,Yes,Mailed check,49.02,773.99,No,48.374375,0.6456250000000026,2,Developing,Medium,0,0,0,0
Male,0,No,No,17,Yes,Yes,DSL,No,Yes,Yes,No,Yes,No,One year,No,Electronic check,72.21,1224.84,No,72.04941176470588,0.1605882352941137,5,Developing,High,1,1,0,0
Male,0,No,No,7,Yes,No,Fiber optic,Yes,No,No,No,No,Yes,Month-to-month,Yes,Bank transfer,81.07,699.21,No,99.88714285714286,-18.81714285714287,3,New,High,2,0,0,1
Male,0,No,No,32,Yes,Yes,Fiber optic,No,Yes,No,Yes,No,No,Month-to-month,No,Credit card,80.31,2444.66,No,76.395625,3.914375000000007,4,Established,High,2,0,1,0
Male,0,No,No,1,Yes,Yes,DSL,No,No,No,No,No,No,One year,Yes,Credit card,55.26,112.76,No,112.76,-57.50000000000001,2,New,Medium,1,0,0,0
Male,0,Yes,No,37,Yes,No,Fiber optic,No,Yes,Yes,No,No,No,Month-to-month,No,Electronic check,79.34,2929.88,No,79.18594594594595,0.1540540540540576,3,Established,High,2,1,0,0
Female,1,Yes,No,17,Yes,No,DSL,Yes,No,No,Yes,No,No,Month-to-month,Yes,Mailed check,55.76,955.92,No,56.230588235294114,-0.470588235294116,3,Developing,Medium,2,0,1,1
Female,0,Yes,Yes,29,Yes,Yes,Fiber optic,Yes,Yes,No,No,No,Yes,One year,No,Electronic check,95.84,2848.03,Yes,98.20793103448277,-2.3679310344827655,5,Established,High,1,1,0,1
Female,1,Yes,Yes,44,Yes,No,DSL,Yes,No,No,No,No,No,Month-to-month,No,Bank transfer,52.01,2353.06,No,53.47863636363636,-1.4686363636363637,2,Established,Medium,2,0,0,1
Male,1,No,Yes,50,Yes,Yes,Fiber optic,No,No,Yes,Yes,No,Yes,Month-to-month,Yes,Electronic check,102.05,5152.34,No,103.0468,-0.9968000000000075,5,Loyal,Very High,2,1,1,0
Female,0,Yes,No,5,Yes,No,Fiber optic,Yes,Yes,Yes,Yes,No,Yes,Month-to-month,Yes,Credit card,100.64,433.57,Yes,86.714,13.926000000000002,6,New,Very High,2,0,1,1
Female,0,Yes,Yes,11,Yes,Yes,No,No internet service,No internet service,No internet service,No internet service,No internet service,No internet service,Month-to-month,Yes,Bank transfer,35.28,437.51,No,39.77363636363636,-4.493636363636362,2,New,Low,2,0,0,0
Male,0,Yes,Yes,23,Yes,No,No,No internet service,No internet service,No internet service,No internet service,No internet service,No internet service,Two year,No,Mailed check,29.32,735.23,No,31.966521739130435,-2.646521739130435,1,Developing,Low,0,0,0,0
Male,0,No,No,38,Yes,Yes,Fiber optic,No,No,Yes,Yes,No,No,Two year,No,Bank transfer,86.14,3313.57,No,87.1992105263158,-1.0592105263157947,4,Established,High,0,0,1,0
Male,0,No,Yes,64,Yes,No,Fiber optic,No,No,No,No,No,Yes,Two year,Yes,Electronic check,75.06,4854.4,No,75.85,-0.789999999999992,2,Loyal,High,0,1,0,0
Male,0,No,No,10,Yes,No,Fiber optic,No,Yes,No,No,No,Yes,Two year,Yes,Electronic check,85.53,863.04,No,86.304,-0.7740000000000009,3,New,High,0,1,0,0
Male,0,Yes,No,5,Yes,Yes,No,No internet service,No internet service,No internet service,No internet service,No internet service,No internet service,Month-to-month,Yes,Electronic check,41.46,114.35,No,22.869999999999997,18.590000000000003,2,New,Medium,2,1,0,0
Female,0,Yes,Yes,46,Yes,No,Fiber optic,Yes,No,Yes,No,Yes,Yes,Month-to-month,Yes,Bank transfer,93.34,4261.27,No,92.6363043478261,0.7036956521739057,5,Established,High,2,0,0,1
Male,1,No,No,71,Yes,Yes,DSL,No,No,Yes,No,Yes,No,One year,Yes,Credit card,67.18,4732.45,No,66.65422535211268,0.5257746478873315,4,Loyal,Medium,1,0,0,0
Male,0,No,Yes,60,Yes,No,No,No internet service,No internet service,No internet service,No internet service,No internet service,No internet service,Month-to-month,No,Electronic check,24.37,1464.53,No,24.408833333333334,-0.03883333333333283,1,Loyal,Low,2,1,0,0
Male,0,No,No,41,Yes,No,DSL,No,No,No,No,No,No,Two year,No,Bank transfer,48.59,1960.37,No,47.81390243902439,0.7760975609756144,1,Established,Medium,0,0,0,0
Female,1,No,No,2,Yes,Yes,No,No internet service,No internet service,No internet service,No internet service,No internet service,No internet service,Month-to-month,Yes,Electronic check,31.3,207.1,No,103.55,-72.25,2,New,Low,2,1,0,0
Male,0,Yes,Yes,42,Yes,Yes,DSL,Yes,No,Yes,No,Yes,Yes,Month-to-month,Yes,Mailed check,77.82,3304.88,No,78.68761904761905,-0.8676190476190584,6,Established,High,2,0,0,1
Male,0,No,Yes,33,Yes,No,Fiber optic,No,No,Yes,No,No,No,One year,Yes,Bank transfer,76.78,2529.12,No,76.64,0.14000000000000057,2,Established,High,1,0,0,0
Male,1,No,No,33,Yes,Yes,No,No internet service,No internet service,No internet service,No internet service,No internet service,No internet service,Two year,No,Credit card,40.28,1351.92,No,40.96727272727273,-0.6872727272727275,2,Established,Medium,0,0,0,0
Female,0,No,No,36,Yes,No,Fiber optic,Yes,Yes,No,No,Yes,Yes,One year,Yes,Credit card,85.77,3121.74,No,86.71499999999999,-0.9449999999999932,5,Established,High,1,0,0,1
Male,0,No,Yes,41,Yes,Yes,Fiber optic,No,Yes,No,Yes,Yes,Yes,One year,Yes,Bank transfer,107.42,4577.88,No,111.65560975609756,-4.23560975609756,6,Established,Very High,1,0,1,0
Male,0,Yes,No,52,Yes,Yes,DSL,No,No,No,No,Yes,Yes,Month-to-month,Yes,Mailed check,71.86,3772.9,No,72.55576923076923,-0.6957692307692298,4,Loyal,High,2,0,0,0
Male,1,Yes,No,14,Yes,No,DSL,No,No,No,Yes,No,No,One year,Yes,Electronic check,53.13,711.72,No,50.83714285714286,2.2928571428571445,2,Developing,Medium,1,1,1,0
Female,0,No,No,6,Yes,No,DSL,No,No,No,No,No,No,One year,No,Electronic check,44.78,186.85,No,31.141666666666666,13.638333333333335,1,New,Medium,1,1,0,0
Male,0,Yes,Yes,4,Yes,No,Fiber optic,Yes,No,Yes,No,Yes,Yes,Month-to-month,Yes,Credit card,98.28,411.51,No,102.8775,-4.597499999999997,5,New,High,2,0,0,1
Male,0,Yes,Yes,30,Yes,Yes,Fiber optic,No,No,No,No,No,Yes,One year,Yes,Bank transfer,91.56,2911.02,No,97.034,-5.474000000000004,3,Established,High,1,0,0,0
Female,0,Yes,No,37,Yes,No,DSL,No,Yes,Yes,Yes,No,No,Month-to-month,No,Mailed check,59.94,2205.42,No,59.60594594594595,0.3340540540540502,4,Established,Medium,2,0,1,0
Male,0,No,Yes,57,Yes,Yes,Fiber optic,No,Yes,No,No,Yes,Yes,Month-to-month,Yes,Electronic check,101.84,5730.29,Yes,100.53140350877193,1.308596491228073,5,Loyal,Very High,2,1,0,0
Female,0,Yes,Yes,32,Yes,Yes,No,No internet service,No internet service,No internet service,No internet service,No internet service,No internet service,Two year,Yes,Electronic check,38.97,1326.54,No,41.454375,-2.484375,2,Established,Low,0,1,0,0
Male,1,Yes,Yes,39,Yes,Yes,No,No internet service,No internet service,No internet service,No internet service,No internet service,No internet service,Month-to-month,No,Bank transfer,40.02,1570.52,No,40.26974358974359,-0.2497435897435878,2,Established,Medium,2,0,0,0
Female,0,No,Yes,71,Yes,No,Fiber optic,No,No,No,Yes,No,No,One year,Yes,Mailed check,78.15,5418.21,No,76.31281690140845,1.8371830985915523,2,Loyal,High,1,0,1,0
Male,0,No,No,54,No,No phone service,No,No internet service,No internet service,No internet service,No internet service,No internet service,No internet service,Month-to-month,No,Credit card,20.1,1102.18,No,20.410740740740742,-0.31074074074074076,0,Loyal,Low,2,0,0,0
Male,0,No,Yes,50,Yes,Yes,Fiber optic,No,No,Yes,No,Yes,Yes,Two year,No,Mailed check,91.3,4656.31,No,93.12620000000001,-1.8262000000000143,5,Loyal,High,0,0,0,0
Male,0,No,No,27,Yes,No,Fiber optic,Yes,Yes,No,No,Yes,Yes,Month-to-month,No,Credit card,92.1,2318.72,No,85.8785185185185,6.22148148148149,5,Established,High,2,0,0,1
Male,0,Yes,Yes,11,Yes,Yes,Fiber optic,No,No,Yes,No,No,Yes,Month-to-month,Yes,Electronic check,91.77,1066.97,Yes,96.99727272727273,-5.227272727272734,4,New,High,2,1,0,0
Male,0,No,No,67,Yes,No,No,No internet service,No internet service,No internet service,No internet service,No internet service,No internet service,Two year,No,Electronic check,27.24,1725.0,No,25.746268656716417,1.4937313432835815,1,Loyal,Low,0,1,0,0
Female,0,No,No,40,Yes,Yes,DSL,Yes,No,Yes,No,No,No,One year,Yes,Electronic check,55.4,2199.74,No,54.9935,0.4065000000000012,4,Established,Medium,1,1,0,1
Female,0,Yes,No,6,No,No phone service,DSL,No,No,No,Yes,No,No,Month-to-month,Yes,Electronic check,40.66,206.07,Yes,34.345,6.314999999999998,1,New,Medium,2,1,1,0
Male,0,No,No,35,Yes,Yes,No,No internet service,No internet service,No internet service,No internet service,No internet service,No internet service,Month-to-month,Yes,Credit card,30.59,1159.59,No,33.131142857142855,-2.541142857142855,2,Established,Low,2,0,0,0
Male,0,Yes,No,7,Yes,No,Fiber optic,No,No,No,No,No,Yes,Month-to-month,Yes,Credit card,78.06,626.29,Yes,89.47,-11.409999999999997,2,New,High,2,0,0,0
Female,0,Yes,Yes,71,Yes,No,Fiber optic,No,Yes,No,No,No,Yes,Two year,Yes,Mailed check,85.48,5960.78,No,83.95464788732394,1.5253521126760603,3,Loyal,High,0,0,0,0
Female,1,Yes,No,39,Yes,No,Fiber optic,Yes,No,No,No,Yes,No,One year,Yes,Mailed check,82.91,3074.26,Yes,78.82717948717949,4.082820512820504,3,Established,High,1,0,0,1
Male,0,Yes,No,57,Yes,Yes,Fiber optic,No,No,No,No,Yes,No,Two year,No,Mailed check,78.1,4330.57,No,75.97491228070174,2.12508771929825,3,Loyal,High,0,0,0,0
Male,1,No,Yes,34,No,No phone service,DSL,No,Yes,No,No,No,No,Two year,No,Bank transfer,41.51,1445.39,No,42.5114705882353,-1.0014705882352999,1,Established,Medium,0,0,0,0
Female,1,Yes,No,2,Yes,Yes,Fiber optic,Yes,No,No,Yes,Yes,Yes,Month-to-month,Yes,Electronic check,96.86,18.0,Yes,9.0,87.86,6,New,High,2,1,1,1
Female,0,No,Yes,46,Yes,Yes,DSL,No,Yes,No,No,No,No,One year,No,Mailed check,57.48,2592.56,No,56.36,1.1199999999999974,3,Established,Medium,1,0,0,0
Female,1,Yes,No,48,No,No phone service,DSL,Yes,No,Yes,Yes,No,Yes,One year,No,Electronic check,63.1,3103.23,No,64.650625,-1.5506250000000037,4,Established,Medium,1,1,1,1
Male,0,Yes,No,17,Yes,No,No,No internet service,No internet service,No internet service,No internet service,No internet service,No internet service,Two year,Yes,Credit card,28.45,531.55,No,31.267647058823528,-2.8176470588235283,1,Developing,Low,0,0,0,0
Female,0,Yes,No,52,Yes,Yes,DSL,No,Yes,Yes,No,No,Yes,One year,No,Mailed check,70.19,3514.15,No,67.5798076923077,2.6101923076923015,5,Loyal,High,1,0,0,0
Male,0,Yes,No,17,Yes,No,DSL,No,No,No,Yes,Yes,No,Month-to-month,No,Bank transfer,64.38,1110.31,No,65.31235294117647,-0.9323529411764753,3,Developing,Medium,2,0,1,0
Female,0,No,No,50,Yes,No,DSL,No,No,Yes,No,No,No,Two year,Yes,Credit card,47.49,2297.89,No,45.9578,1.5322000000000031,2,Loyal,Medium,0,0,0,0
Female,0,No,No,54,Yes,No,No,No internet service,No internet service,No internet service,No internet service,No internet service,No internet service,One year,Yes,Electronic check,32.55,1706.04,No,31.593333333333334,0.9566666666666634,1,Loyal,Low,1,1,0,0
Male,0,Yes,No,10,Yes,No,No,No internet service,No internet service,No internet service,No internet service,No internet service,No internet service,Two year,No,Electronic check,26.88,223.03,No,22.303,4.576999999999998,1,New,Low,0,1,0,0
Male,0,No,No,22,Yes,Yes,DSL,No,No,Yes,No,No,No,Month-to-month,No,Electronic check,68.11,1462.05,No,66.45681818181818,1.653181818181821,3,Developing,Medium,2,1,0,0
Male,0,No,No,12,Yes,Yes,Fiber optic,No,No,Yes,No,No,No,Month-to-month,Yes,Bank transfer,83.19,991.38,Yes,82.615,0.5750000000000028,3,New,High,2,0,0,0
Male,0,No,No,53,Yes,Yes,Fiber optic,Yes,No,No,No,No,No,One year,No,Mailed check,74.86,3908.62,No,73.74754716981131,1.112452830188687,3,Loyal,High,1,0,0,1
Male,0,Yes,No,17,Yes,No,Fiber optic,No,No,Yes,No,No,Yes,One year,Yes,Electronic check,80.56,1313.75,Yes,77.27941176470588,3.2805882352941182,3,Developing,High,1,1,0,0
Male,0,Yes,Yes,47,Yes,Yes,DSL,No,No,No,Yes,No,No,Month-to-month,Yes,Electronic check,52.98,2561.47,No,54.49936170212766,-1.5193617021276609,3,Established,Medium,2,1,1,0
Male,0,No,No,31,No,No phone service,DSL,No,No,No,No,Yes,No,Month-to-month,Yes,Bank transfer,53.59,1661.64,Yes,53.601290322580645,-0.011290322580641998,1,Established,Medium,2,0,0,0
Female,0,No,No,6,Yes,No,Fiber optic,No,No,No,No,No,No,One year,Yes,Bank transfer,67.2,315.95,No,52.65833333333333,14.541666666666671,1,New,Medium,1,0,0,0
Female,0,Yes,No,64,Yes,Yes,DSL,Yes,Yes,Yes,No,No,No,Two year,Yes,Electronic check,73.05,4683.31,No,73.17671875,-0.1267187500000091,5,Loyal,High,0,1,0,1
Male,0,No,No,52,Yes,No,Fiber optic,Yes,No,No,Yes,No,No,Month-to-month,Yes,Credit card,83.86,4241.79,No,81.57288461538461,2.28711538461539,3,Loyal,High,2,0,1,1
Female,0,Yes,No,19,Yes,No,DSL,Yes,No,No,No,No,No,Month-to-month,Yes,Mailed check,46.39,890.56,No,46.87157894736842,-0.4815789473684191,2,Developing,Medium,2,0,0,1
Male,0,No,No,64,Yes,No,No,No internet service,No internet service,No internet service,No internet service,No internet service,No internet service,Month-to-month,Yes,Electronic check,21.96,1450.25,No,22.66015625,-0.7001562499999991,1,Loyal,Low,2,1,0,0
Male,0,Yes,No,52,Yes,No,Fiber optic,No,No,No,No,Yes,No,Month-to-month,No,Electronic check,80.99,4276.03,Yes,82.23134615384615,-1.2413461538461519,2,Loyal,High,2,1,0,0
Female,0,No,Yes,59,No,No phone service,Fiber optic,Yes,No,No,No,No,No,Month-to-month,Yes,Bank transfer,65.67,3908.29,No,66.24220338983051,-0.5722033898305057,1,Loyal,Medium,2,0,0,1
Male,0,Yes,No,13,Yes,No,Fiber optic,Yes,No,Yes,Yes,No,Yes,Month-to-month,Yes,Bank transfer,92.08,1110.47,No,85.42076923076924,6.65923076923076,5,Developing,High,2,0,1,1
Female,0,Yes,No,1,Yes,No,DSL,Yes,Yes,Yes,No,Yes,Yes,One year,Yes,Mailed check,75.68,30.42,No,30.42,45.260000000000005,6,New,High,1,0,0,1
Male,0,No,No,5,Yes,No,DSL,No,Yes,No,No,No,Yes,Month-to-month,No,Electronic check,46.33,322.81,No,64.562,-18.232,3,New,Medium,2,1,0,0
Female,0,Yes,No,39,Yes,No,Fiber optic,No,Yes,Yes,No,No,Yes,Month-to-month,No,Mailed check,86.72,3356.92,No,86.0748717948718,0.6451282051282021,4,Established,High,2,0,0,0
Female,0,No,Yes,57,Yes,Yes,Fiber optic,Yes,No,No,Yes,No,Yes,Two year,No,Mailed check,98.59,5612.7,No,98.46842105263157,0.12157894736843389,5,Loyal,High,0,0,1,1
Male,0,No,No,66,Yes,No,No,No internet service,No internet service,No internet service,No internet service,No internet service,No internet service,Month-to-month,Yes,Mailed check,20.97,1438.23,No,21.791363636363638,-0.821363636363639,1,Loyal,Low,2,0,0,0
Male,0,Yes,No,70,Yes,Yes,Fiber optic,Yes,No,No,Yes,No,Yes,One year,Yes,Mailed check,97.27,6929.53,No,98.9932857142857,-1.7232857142857085,5,Loyal,High,1,0,1,1
Female,0,Yes,No,44,Yes,Yes,Fiber optic,No,No,Yes,No,No,No,Month-to-month,No,Mailed check,81.13,3563.63,No,80.99159090909092,0.1384090909090787,3,Established,High,2,0,0,0
Male,0,No,No,46,Yes,Yes,DSL,No,No,No,No,No,Yes,Two year,Yes,Electronic check,55.45,2519.49,No,54.77152173913043,0.678478260869575,3,Established,Medium,0,1,0,0
Male,0,No,No,21,Yes,No,DSL,Yes,No,No,Yes,Yes,No,Two year,Yes,Electronic check,64.39,1503.78,No,71.60857142857142,-7.218571428571423,4,Developing,Medium,0,1,1,1
Female,0,No,No,1,Yes,No,DSL,No,No,Yes,Yes,No,No,Month-to-month,No,Electronic check,55.93,213.25,No,213.25,-157.32,3,New,Medium,2,1,1,0
Male,0,Yes,Yes,15,Yes,No,No,No internet service,No internet service,No internet service,No internet service,No internet service,No internet service,One year,Yes,Bank transfer,33.45,504.74,No,33.64933333333333,-0.19933333333332826,1,Developing,Low,1,0,0,0
Male,1,No,Yes,5,Yes,No,Fiber optic,Yes,No,Yes,Yes,Yes,Yes,One year,Yes,Mailed check,96.77,485.38,No,97.076,-0.3059999999999974,6,New,High,1,0,1,1
Female,0,No,No,50,Yes,No,Fiber optic,Yes,Yes,No,No,No,No,Month-to-month,No,Bank transfer,85.16,4330.6,No,86.61200000000001,-1.4520000000000124,3,Loyal,High,2,0,0,1
Male,0,No,Yes,37,Yes,No,Fiber optic,Yes,No,Yes,No,No,No,One year,Yes,Electronic check,79.85,2989.48,No,80.79675675675676,-0.9467567567567698,3,Established,High,1,1,0,1
Male,0,Yes,Yes,56,Yes,No,DSL,Yes,No,No,No,No,Yes,Month-to-month,Yes,Mailed check,59.73,3347.15,No,59.770535714285714,-0.040535714285717006,3,Loyal,Medium,2,0,0,1
Male,1,Yes,Yes,11,Yes,Yes,DSL,No,No,No,Yes,No,Yes,Month-to-month,No,Electronic check,63.59,758.51,No,68.95545454545454,-5.36545454545454,4,New,Medium,2,1,1,0
Male,0,No,No,66,Yes,No,DSL,No,No,No,No,Yes,No,Two year,Yes,Electronic check,49.16,3192.81,No,48.37590909090909,0.7840909090909065,2,Loyal,Medium,0,1,0,0
Male,1,No,No,52,Yes,No,DSL,Yes,Yes,No,No,No,No,Month-to-month,Yes,Bank transfer,59.78,3197.64,No,61.49307692307692,-1.713076923076919,3,Loyal,Medium,2,0,0,1
Female,0,Yes,Yes,66,Yes,Yes,Fiber optic,No,No,No,No,No,No,Month-to-month,Yes,Electronic check,76.82,5123.21,No,77.62439393939394,-0.8043939393939468,2,Loyal,High,2,1,0,0
Male,0,No,Yes,47,Yes,Yes,DSL,No,Yes,Yes,No,Yes,No,Month-to-month,Yes,Electronic check,68.68,3264.23,No,69.45170212765957,-0.7717021276595659,5,Established,Medium,2,1,0,0
Female,0,Yes,No,25,Yes,Yes,Fiber optic,No,Yes,Yes,No,No,Yes,Two year,No,Mailed check,97.98,2440.88,No,97.6352,0.34480000000000643,5,Established,High,0,0,0,0
Male,0,Yes,No,46,Yes,Yes,No,No internet service,No internet service,No internet service,No internet service,No internet service,No internet service,Month-to-month,Yes,Electronic check,40.99,1835.84,No,39.909565217391304,1.0804347826086982,2,Established,Medium,2,1,0,0
Female,0,Yes,Yes,44,Yes,No,No,No internet service,No internet service,No internet service,No internet service,No internet service,No internet service,Month-to-month,No,Credit card,25.87,997.05,No,22.660227272727273,3.2097727272727283,1,Established,Low,2,0,0,0
Female,1,Yes,No,14,Yes,No,DSL,No,No,Yes,No,No,Yes,One year,No,Credit card,64.57,762.95,No,54.496428571428574,10.07357142857142,3,Developing,Medium,1,0,0,0
Female,0,Yes,Yes,8,Yes,No,Fiber optic,Yes,No,Yes,No,No,Yes,One year,No,Mailed check,83.87,537.16,No,67.145,16.72500000000001,4,New,High,1,0,0,1
Male,1,Yes,No,47,Yes,No,DSL,No,No,Yes,No,No,No,Month-to-month,Yes,Electronic check,51.85,2534.78,No,53.931489361702134,-2.0814893617021326,2,Established,Medium,2,1,0,0
Female,0,Yes,Yes,7,Yes,No,DSL,Yes,Yes,No,Yes,No,No,Two year,Yes,Mailed check,64.45,398.56,No,56.93714285714286,7.512857142857143,4,New,Medium,0,0,1,1
Female,0,No,No,8,Yes,No,Fiber optic,Yes,Yes,Yes,No,No,No,Month-to-month,No,Mailed check,71.23,473.08,Yes,59.135,12.095000000000006,4,New,High,2,0,0,1
Male,0,No,Yes,6,No,No phone service,Fiber optic,Yes,No,Yes,No,No,No,One year,Yes,Mailed check,68.09,401.3,Yes,66.88333333333334,1.2066666666666634,2,New,Medium,1,0,0,1
Male,0,No,No,45,Yes,Yes,Fiber optic,No,Yes,No,No,No,No,One year,Yes,Electronic check,80.28,3536.56,No,78.59022222222222,1.6897777777777776,3,Established,High,1,1,0,0
Female,0,Yes,Yes,67,Yes,Yes,No,No internet service,No internet service,No internet service,No internet service,No internet service,No internet service,Month-to-month,No,Electronic check,36.07,2385.27,Yes,35.6010447761194,0.46895522388059874,2,Loyal,Low,2,1,0,0
Male,0,No,No,36,No,No phone service,DSL,No,No,Yes,No,No,No,Two year,Yes,Electronic check,43.0,1592.44,No,44.23444444444445,-1.2344444444444491,1,Established,Medium,0,1,0,0
Female,0,Yes,No,11,Yes,No,No,No internet service,No internet service,No internet service,No internet service,No internet service,No internet service,Month-to-month,No,Mailed check,18.12,172.98,No,15.725454545454545,2.3945454545454563,1,New,Low,2,0,0,0
Female,0,No,Yes,37,Yes,Yes,DSL,No,Yes,No,Yes,Yes,Yes,Month-to-month,Yes,Bank transfer,75.42,2764.27,No,74.71,0.710000000000008,6,Established,High,2,0,1,0
Male,0,No,No,35,Yes,No,No,No internet service,No internet service,No internet service,No internet service,No internet service,No internet service,Month-to-month,Yes,Credit card,21.72,758.57,No,21.673428571428573,0.0465714285714256,1,Established,Low,2,0,0,0
Female,0,Yes,No,43,Yes,No,Fiber optic,No,No,Yes,No,No,No,Month-to-month,Yes,Electronic check,72.51,3006.06,No,69.90837209302326,2.601627906976745,2,Established,High,2,1,0,0
Male,0,Yes,Yes,32,Yes,No,DSL,Yes,Yes,No,No,No,No,Two year,No,Bank transfer,54.59,1770.01,No,55.3128125,-0.7228124999999963,3,Established,Medium,0,0,0,1
Male,0,No,Yes,39,Yes,Yes,Fiber optic,No,No,No,No,No,No,Month-to-month,Yes,Electronic check,77.82,3149.08,Yes,80.74564102564102,-2.9256410256410277,2,Established,High,2,1,0,0
Male,0,No,No,24,Yes,No,DSL,Yes,No,No,No,No,No,Two year,No,Electronic check,49.16,1150.52,No,47.93833333333333,1.221666666666664,2,Developing,Medium,0,1,0,1
Female,0,No,Yes,66,Yes,No,Fiber optic,Yes,No,No,No,No,No,Month-to-month,No,Bank transfer,75.08,4963.15,No,75.19924242424241,-0.11924242424241527,2,Loyal,High,2,0,0,1
Male,0,No,No,39,Yes,No,DSL,No,No,Yes,No,Yes,No,Two year,Yes,Electronic check,55.79,2108.86,No,54.07333333333334,1.7166666666666615,3,Established,Medium,0,1,0,0
Male,0,No,No,23,Yes,No,No,No internet service,No internet service,No internet service,No internet service,No internet service,No internet service,Two year,Yes,Credit card,29.28,615.72,No,26.770434782608696,2.5095652173913052,1,Developing,Low,0,0,0,0
Female,0,Yes,No,1,Yes,Yes,DSL,No,No,No,No,Yes,No,Month-to-month,Yes,Credit card,54.73,133.41,Yes,133.41,-78.68,3,New,Medium,2,0,0,0
Female,1,No,No,49,Yes,No,No,No internet service,No internet service,No internet service,No internet service,No internet service,No internet service,Month-to-month,No,Electronic check,27.68,1369.19,No,27.94265306122449,-0.2626530612244906,1,Loyal,Low,2,1,0,0
Female,0,Yes,No,28,Yes,Yes,DSL,No,No,No,No,No,Yes,One year,No,Electronic check,55.38,1603.65,No,57.27321428571429,-1.8932142857142864,3,Established,Medium,1,1,0,0
Male,1,Yes,No,18,Yes,Yes,Fiber optic,No,Yes,No,No,Yes,No,Month-to-month,Yes,Electronic check,87.34,1593.49,No,88.52722222222222,-1.1872222222222177,4,Developing,High,2,1,0,0
Male,0,Yes,No,35,Yes,Yes,No,No internet service,No internet service,No internet service,No internet service,No internet service,No internet service,Month-to-month,No,Credit card,35.78,1239.76,No,35.42171428571429,0.35828571428571365,2,Established,Low,2,0,0,0
Female,0,No,No,35,Yes,Yes,DSL,Yes,No,Yes,No,No,No,One year,No,Electronic check,59.35,2174.28,No,62.12228571428572,-2.772285714285715,4,Established,Medium,1,1,0,1
Male,0,No,Yes,58,No,No phone service,DSL,No,No,Yes,Yes,No,No,Two year,Yes,Bank transfer,47.43,2608.09,No,44.96706896551724,2.4629310344827573,2,Loyal,Medium,0,0,1,0
Male,0,Yes,No,40,Yes,Yes,Fiber optic,No,No,No,Yes,Yes,Yes,One year,Yes,Electronic check,94.51,3715.73,No,92.89325,1.6167500000000103,5,Established,High,1,1,1,0
Male,0,Yes,No,51,Yes,Yes,Fiber optic,No,No,Yes,No,No,Yes,Two year,Yes,Bank transfer,97.16,4924.78,No,96.5643137254902,0.5956862745098022,4,Loyal,High,0,0,0,0
Female,0,Yes,No,47,Yes,Yes,No,No internet service,No internet service,No internet service,No internet service,No internet service,No internet service,Month-to-month,Yes,Electronic check,36.34,1711.61,No,36.41723404255319,-0.07723404255318655,2,Established,Low,2,1,0,0
Female,0,No,No,62,Yes,No,DSL,No,No,Yes,No,Yes,No,One year,Yes,Credit card,59.92,3691.2,No,59.53548387096774,0.3845161290322636,3,Loyal,Medium,1,0,0,0
Female,0,No,No,1,Yes,No,No,No internet service,No internet service,No internet service,No internet service,No internet service,No internet service,Month-to-month,No,Bank transfer,24.42,41.15,No,41.15,-16.729999999999997,1,New,Low,2,0,0,0
Male,0,Yes,No,28,Yes,No,No,No internet service,No internet service,No internet service,No internet service,No internet service,No internet service,One year,Yes,Electronic check,18.0,613.55,No,21.912499999999998,-3.912499999999998,1,Established,Low,1,1,0,0
Male,0,Yes,No,52,Yes,No,Fiber optic,No,No,No,No,No,No,One year,No,Electronic check,67.48,3416.88,Yes,65.70923076923077,1.7707692307692326,1,Loyal,Medium,1,1,0,0
Male,0,No,Yes,11,Yes,No,DSL,No,Yes,No,No,No,No,One year,No,Mailed check,44.41,610.4,No,55.49090909090909,-11.080909090909095,2,New,Medium,1,0,0,0
Female,0,Yes,No,32,Yes,Yes,DSL,No,No,No,No,No,No,Two year,Yes,Mailed check,53.79,1703.86,No,53.245625,0.5443750000000023,2,Established,Medium,0,0,0,0
Female,0,Yes,Yes,29,Yes,No,No,No internet service,No internet service,No internet service,No internet service,No internet service,No internet service,Month-to-month,No,Credit card,28.99,856.2,No,29.524137931034485,-0.5341379310344863,1,Established,Low,2,0,0,0
Female,0,Yes,No,59,No,No phone service,Fiber optic,No,No,Yes,Yes,Yes,Yes,One year,No,Mailed check,86.72,5118.42,No,86.7528813559322,-0.032881355932204315,4,Loyal,High,1,0,1,0
Male,0,Yes,No,70,No,No phone service,Fiber optic,No,No,Yes,Yes,No,No,Month-to-month,Yes,Credit card,71.6,5034.32,No,71.91885714285714,-0.31885714285714073,2,Loyal,High,2,0,1,0
Female,0,Yes,No,8,Yes,No,No,No internet service,No internet service,No internet service,No internet service,No internet service,No internet service,Month-to-month,Yes,Electronic check,24.34,290.96,No,36.37,-12.029999999999998,1,New,Low,2,1,0,0
Male,0,No,No,16,No,No phone service,DSL,Yes,Yes,No,No,Yes,No,Month-to-month,Yes,Credit card,51.96,739.47,No,46.216875,5.743124999999999,3,Developing,Medium,2,0,0,1
Male,0,Yes,No,56,Yes,Yes,Fiber optic,No,No,No,Yes,No,No,Two year,No,Credit card,83.54,4620.76,No,82.51357142857144,1.0264285714285677,3,Loyal,High,0,0,1,0
Female,0,Yes,No,13,Yes,No,Fiber optic,No,No,Yes,No,No,No,Month-to-month,No,Bank transfer,82.85,1127.22,No,86.70923076923077,-3.859230769230777,2,Developing,High,2,0,0,0
Female,0,No,No,36,Yes,No,No,No internet service,No internet service,No internet service,No internet service,No internet service,No internet service,One year,Yes,Credit card,28.86,974.83,No,27.078611111111112,1.7813888888888876,1,Established,Low,1,0,0,0
Female,0,No,No,68,Yes,No,Fiber optic,Yes,Yes,Yes,No,No,Yes,One year,Yes,Mailed check,93.35,6198.29,No,91.15132352941177,2.198676470588225,5,Loyal,High,1,0,0,1
Male,0,Yes,No,71,Yes,No,Fiber optic,No,No,No,No,Yes,Yes,Two year,Yes,Bank transfer,91.49,6547.47,No,92.21788732394367,-0.7278873239436763,3,Loyal,High,0,0,0,0
Male,0,Yes,Yes,69,Yes,No,DSL,No,No,No,No,No,Yes,One year,No,Electronic check,52.83,3583.59,No,51.93608695652174,0.893913043478257,2,Loyal,Medium,1,1,0,0
Female,0,No,Yes,10,Yes,No,No,No internet service,No internet service,No internet service,No internet service,No internet service,No internet service,Month-to-month,Yes,Electronic check,24.14,311.78,Yes,31.177999999999997,-7.037999999999997,1,New,Low,2,1,0,0
Female,1,Yes,Yes,11,Yes,Yes,Fiber optic,Yes,No,No,Yes,No,No,Month-to-month,Yes,Mailed check,88.41,936.63,No,85.14818181818181,3.2618181818181853,4,New,High,2,0,1,1
Male,0,No,No,13,Yes,No,Fiber optic,Yes,Yes,Yes,No,No,Yes,One year,No,Credit card,98.53,1372.15,No,105.55000000000001,-7.02000000000001,5,Developing,High,1,0,0,1
Female,0,Yes,Yes,56,No,No phone service,No,No internet service,No internet service,No internet service,No internet service,No internet service,No internet service,Month-to-month,Yes,Credit card,23.5,1336.36,No,23.863571428571426,-0.36357142857142577,0,Loyal,Low,2,0,0,0
Female,0,Yes,No,13,Yes,No,DSL,No,Yes,Yes,No,No,No,Month-to-month,Yes,Bank transfer,56.78,682.28,No,52.48307692307692,4.296923076923079,3,Developing,Medium,2,0,0,0
Female,0,Yes,No,31,Yes,Yes,Fiber optic,No,No,No,No,No,No,Month-to-month,Yes,Credit card,69.28,2049.68,No,66.11870967741935,3.161290322580655,2,Established,Medium,2,0,0,0
Female,1,No,No,59,Yes,No,No,No internet service,No internet service,No internet service,No internet service,No internet service,No internet service,Month-to-month,Yes,Credit card,21.81,1268.18,No,21.494576271186443,0.3154237288135562,1,Loyal,Low,2,0,0,0
Female,0,Yes,No,36,Yes,Yes,Fiber optic,No,Yes,Yes,No,No,Yes,Two year,No,Bank transfer,95.33,3436.34,No,95.4538888888889,-0.12388888888889937,5,Established,High,0,0,0,0
Male,0,Yes,No,68,No,No phone service,No,No internet service,No internet service,No internet service,No internet service,No internet service,No internet service,Two year,No,Electronic check,18.59,1212.81,No,17.83544117647059,0.7545588235294112,0,Loyal,Low,0,1,0,0
Male,1,Yes,No,36,Yes,No,No,No internet service,No internet service,No internet service,No internet service,No internet service,No internet service,One year,Yes,Mailed check,27.61,890.53,No,24.736944444444443,2.873055555555556,1,Established,Low,1,0,0,0
Male,0,No,No,28,Yes,No,Fiber optic,No,Yes,Yes,No,No,Yes,Month-to-month,Yes,Mailed check,90.89,2526.61,No,90.23607142857144,0.6539285714285654,4,Established,High,2,0,0,0
Male,0,Yes,Yes,70,No,No phone service,DSL,No,Yes,Yes,Yes,Yes,Yes,Two year,No,Bank transfer,61.97,4460.82,No,63.726,-1.7560000000000002,5,Loyal,Medium,0,0,1,0
Male,0,No,No,40,Yes,No,No,No internet service,No internet service,No internet service,No internet service,No internet service,No internet service,One year,Yes,Bank transfer,25.5,1039.84,No,25.996,-0.49599999999999866,1,Established,Low,1,0,0,0
Female,0,No,Yes,14,Yes,No,Fiber optic,Yes,No,Yes,No,Yes,Yes,Two year,No,Credit card,98.8,1331.41,Yes,95.10071428571429,3.6992857142857076,5,Developing,High,0,0,0,1
Female,0,Yes,Yes,46,Yes,No,Fiber optic,No,Yes,No,No,Yes,Yes,Month-to-month,No,Credit card,83.99,3875.26,No,84.24478260869566,-0.25478260869566327,4,Established,High,2,0,0,0
Male,0,No,No,56,Yes,No,Fiber optic,No,Yes,No,No,Yes,Yes,Month-to-month,No,Mailed check,93.64,5294.2,No,94.53928571428571,-0.8992857142857105,4,Loyal,High,2,0,0,0
Female,1,No,No,61,Yes,Yes,DSL,No,Yes,No,Yes,No,No,One year,No,Credit card,64.41,3854.89,No,63.19491803278688,1.2150819672131163,4,Loyal,Medium,1,0,1,0
Male,1,Yes,No,1,Yes,No,DSL,No,No,Yes,Yes,No,No,Two year,No,Mailed check,55.5,34.91,No,34.91,20.590000000000003,3,New,Medium,0,0,1,0
Male,0,Yes,Yes,8,Yes,Yes,Fiber optic,Yes,Yes,Yes,Yes,No,Yes,Month-to-month,No,Bank transfer,104.59,824.95,No,103.11875,1.4712499999999977,7,New,Very High,2,0,1,1
Female,0,Yes,No,46,Yes,No,Fiber optic,No,No,Yes,No,No,No,Month-to-month,No,Mailed check,76.47,3485.49,No,75.77152173913043,0.6984782608695639,2,Established,High,2,0,0,0
Male,0,Yes,Yes,54,Yes,No,Fiber optic,Yes,No,Yes,Yes,Yes,Yes,One year,Yes,Credit card,101.63,5389.37,No,99.80314814814814,1.8268518518518562,6,Loyal,Very High,1,0,1,1
Male,0,No,Yes,47,Yes,Yes,DSL,No,No,No,No,No,No,Two year,Yes,Credit card,44.85,2160.85,No,45.975531914893615,-1.1255319148936138,2,Established,Medium,0,0,0,0
Female,0,No,No,28,Yes,Yes,Fiber optic,No,Yes,No,No,Yes,No,One year,No,Bank transfer,94.07,2465.49,No,88.05321428571428,6.016785714285717,4,Established,High,1,0,0,0
Female,0,No,No,55,No,No phone service,Fiber optic,No,No,No,No,No,Yes,Two year,Yes,Electronic check,69.98,3796.16,No,69.0210909090909,0.9589090909091027,1,Loyal,Medium,0,1,0,0
Male,0,Yes,No,42,Yes,No,DSL,No,No,No,No,No,No,One year,Yes,Mailed check,50.61,2067.49,No,49.22595238095238,1.384047619047621,1,Established,Medium,1,0,0,0
Male,0,Yes,Yes,67,Yes,Yes,Fiber optic,No,No,No,No,Yes,No,Two year,No,Credit card,85.79,5703.2,No,85.12238805970149,0.6676119402985137,3,Loyal,High,0,0,0,0
Female,0,Yes,Yes,27,Yes,No,Fiber optic,No,No,Yes,Yes,Yes,No,Month-to-month,Yes,Credit card,95.73,2701.5,Yes,100.05555555555556,-4.325555555555553,4,Established,High,2,0,1,0
Male,0,No,Yes,55,Yes,No,Fiber optic,No,No,No,No,Yes,No,Month-to-month,Yes,Credit card,74.15,4053.53,No,73.70054545454546,0.4494545454545431,2,Loyal,High,2,0,0,0
Female,0,Yes,No,11,Yes,Yes,Fiber optic,No,No,Yes,No,Yes,No,One year,Yes,Bank transfer,95.47,1135.42,No,103.22000000000001,-7.750000000000014,4,New,High,1,0,0,0
Male,0,No,No,53,Yes,Yes,No,No internet service,No internet service,No internet service,No internet service,No internet service,No internet service,One year,Yes,Bank transfer,31.55,1682.83,No,31.751509433962262,-0.2015094339622614,2,Loyal,Low,1,0,0,0
Male,0,No,No,53,Yes,Yes,DSL,No,No,No,No,Yes,No,Month-to-month,No,Electronic check,62.18,3331.35,No,62.85566037735849,-0.6756603773584899,3,Loyal,Medium,2,1,0,0
Female,1,Yes,No,19,Yes,No,DSL,Yes,Yes,No,Yes,No,Yes,Month-to-month,Yes,Bank transfer,72.25,1349.08,No,71.00421052631579,1.2457894736842121,5,Developing,High,2,0,1,1
Male,0,No,No,5,No,No phone service,DSL,No,No,No,Yes,No,Yes,One year,Yes,Mailed check,50.07,308.2,No,61.64,-11.57,2,New,Medium,1,0,1,0
Male,1,No,Yes,72,Yes,No,Fiber optic,Yes,No,No,No,Yes,No,Two year,Yes,Credit card,74.21,5293.85,No,73.52569444444445,0.6843055555555395,3,Loyal,High,0,0,0,1
Male,0,No,Yes,6,Yes,No,No,No internet service,No internet service,No internet service,No internet service,No internet service,No internet service,Month-to-month,Yes,Electronic check,28.54,135.64,No,22.606666666666666,5.933333333333334,1,New,Low,2,1,0,0
Female,0,Yes,No,34,Yes,No,Fiber optic,No,Yes,No,No,No,No,Two year,Yes,Credit card,73.12,2444.47,No,71.89617647058823,1.2238235294117743,2,Established,High,0,0,0,0
Female,1,Yes,Yes,1,No,No phone service,No,No internet service,No internet service,No internet service,No internet service,No internet service,No internet service,Month-to-month,Yes,Mailed check,23.61,18.0,No,18.0,5.609999999999999,0,New,Low,2,0,0,0
Female,0,No,No,31,Yes,Yes,Fiber optic,No,Yes,No,No,Yes,No,Month-to-month,Yes,Electronic check,85.44,2646.93,No,85.38483870967741,0.05516129032258732,4,Established,High,2,1,0,0
Female,0,Yes,No,60,Yes,No,DSL,Yes,No,Yes,No,No,No,Month-to-month,No,Bank transfer,53.82,3298.63,No,54.97716666666667,-1.1571666666666687,3,Loyal,Medium,2,0,0,1
Female,0,No,No,37,Yes,Yes,DSL,No,Yes,Yes,No,Yes,Yes,Month-to-month,Yes,Bank transfer,74.31,2722.41,No,73.57864864864864,0.7313513513513641,6,Established,High,2,0,0,0
Male,0,Yes,No,18,No,No phone service,Fiber optic,No,No,No,Yes,No,No,Month-to-month,Yes,Bank transfer,65.75,1119.6,Yes,62.199999999999996,3.5500000000000043,1,Developing,Medium,2,0,1,0
Male,0,No,No,29,Yes,No,Fiber optic,No,No,Yes,No,Yes,Yes,One year,No,Bank transfer,89.34,2746.85,No,94.71896551724137,-5.378965517241369,4,Established,High,1,0,0,0
Male,0,No,Yes,7,Yes,Yes,Fiber optic,No,Yes,No,No,Yes,Yes,One year,Yes,Mailed check,98.29,656.84,No,93.83428571428571,4.4557142857142935,5,New,High,1,0,0,0
Female,1,Yes,No,43,Yes,No,Fiber optic,Yes,No,Yes,No,No,No,Month-to-month,Yes,Electronic check,81.97,3583.21,No,83.33046511627907,-1.360465116279073,3,Established,High,2,1,0,1
Female,0,Yes,No,1,No,No phone service,Fiber optic,Yes,Yes,No,Yes,No,Yes,Two year,Yes,Credit card,78.89,79.27,No,79.27,-0.37999999999999545,4,New,High,0,0,1,1
Male,0,No,Yes,26,Yes,No,Fiber optic,No,No,No,No,No,No,Two year,No,Credit card,66.54,1816.11,No,69.85038461538461,-3.3103846153846064,1,Established,Medium,0,0,0,0
Female,0,Yes,Yes,5,Yes,No,Fiber optic,No,No,Yes,Yes,No,No,Month-to-month,Yes,Bank transfer,77.65,384.12,Yes,76.824,0.8260000000000076,3,New,High,2,0,1,0
Male,0,No,Yes,18,Yes,No,Fiber optic,No,No,No,No,Yes,No,Month-to-month,Yes,Electronic check,75.6,1356.91,No,75.38388888888889,0.21611111111110404,2,Developing,High,2,1,0,0
Male,0,No,Yes,5,Yes,Yes,No,No internet service,No internet service,No internet service,No internet service,No internet service,No internet service,Month-to-month,Yes,Bank transfer,31.54,153.09,Yes,30.618000000000002,0.921999999999997,2,New,Low,2,0,0,0
Female,0,Yes,Yes,67,Yes,No,DSL,No,No,Yes,Yes,No,Yes,One year,Yes,Electronic check,60.0,3999.59,No,59.695373134328364,0.30462686567163644,4,Loyal,Medium,1,1,1,0
Female,0,No,Yes,56,Yes,Yes,No,No internet service,No internet service,No internet service,No internet service,No internet service,No internet service,Month-to-month,Yes,Credit card,40.19,2255.6,No,40.278571428571425,-0.08857142857142719,2,Loyal,Medium,2,0,0,0
Female,0,Yes,No,67,Yes,Yes,DSL,No,No,No,No,No,No,One year,Yes,Electronic check,54.23,3571.79,No,53.31029850746268,0.9197014925373139,2,Loyal,Medium,1,1,0,0
Female,0,No,No,50,Yes,Yes,DSL,No,Yes,Yes,No,No,No,One year,No,Electronic check,58.58,2968.65,No,59.373000000000005,-0.7930000000000064,4,Loyal,Medium,1,1,0,0
Female,0,Yes,No,36,Yes,Yes,No,No internet service,No internet service,No internet service,No internet service,No internet service,No internet service,One year,No,Electronic check,36.6,1534.64,No,42.628888888888895,-6.028888888888893,2,Established,Low,1,1,0,0
Male,0,Yes,No,13,Yes,Yes,No,No internet service,No internet service,No internet service,No internet service,No internet service,No internet service,Month-to-month,Yes,Bank transfer,33.35,358.77,No,27.597692307692306,5.752307692307696,2,Developing,Low,2,0,0,0
Male,0,Yes,No,70,No,No phone service,No,No internet service,No internet service,No internet service,No internet service,No internet service,No internet service,Month-to-month,No,Bank transfer,27.39,1942.59,No,27.751285714285714,-0.36128571428571377,0,Loyal,Low,2,0,0,0
Male,0,No,No,67,Yes,No,DSL,No,Yes,No,No,No,No,Month-to-month,Yes,Bank transfer,48.48,3249.44,No,48.499104477611944,-0.01910447761194689,2,Loyal,Medium,2,0,0,0
Male,0,No,No,30,Yes,No,DSL,Yes,Yes,No,Yes,No,Yes,Two year,Yes,Mailed check,66.02,1890.04,No,63.001333333333335,3.018666666666661,5,Established,Medium,0,0,1,1
Male,0,No,No,17,Yes,No,Fiber optic,No,Yes,Yes,Yes,No,Yes,One year,Yes,Credit card,90.82,1606.42,No,94.49529411764706,-3.67529411764707,5,Developing,High,1,0,1,0
Female,0,Yes,No,28,Yes,No,No,No internet service,No internet service,No internet service,No internet service,No internet service,No internet service,One year,Yes,Mailed check,23.58,624.76,No,22.312857142857144,1.2671428571428542,1,Established,Low,1,0,0,0
Female,0,No,No,29,Yes,No,Fiber optic,Yes,No,Yes,No,No,No,One year,Yes,Electronic check,81.85,2318.62,No,79.95241379310345,1.8975862068965483,3,Established,High,1,1,0,1
Male,0,No,No,67,Yes,No,DSL,No,No,No,No,No,Yes,Month-to-month,No,Bank transfer,53.19,3673.13,No,54.82283582089553,-1.6328358208955294,2,Loyal,Medium,2,0,0,0
Female,0,No,Yes,5,Yes,Yes,Fiber optic,No,No,No,No,No,Yes,Month-to-month,Yes,Mailed check,85.36,399.5,No,79.9,5.459999999999994,3,New,High,2,0,0,0
Female,0,Yes,Yes,46,Yes,Yes,DSL,No,No,No,No,No,Yes,Month-to-month,Yes,Bank transfer,60.11,2858.45,No,62.14021739130435,-2.0302173913043475,3,Established,Medium,2,0,0,0
Male,0,No,No,56,Yes,Yes,DSL,No,No,Yes,No,Yes,No,Month-to-month,Yes,Mailed check,65.74,3724.66,No,66.51178571428571,-0.7717857142857127,4,Loyal,Medium,2,0,0,0
Male,0,Yes,Yes,55,Yes,Yes,Fiber optic,No,No,No,Yes,No,No,Month-to-month,No,Bank transfer,88.49,4874.55,No,88.62818181818182,-0.1381818181818204,3,Loyal,High,2,0,1,0
Male,0,Yes,Yes,14,Yes,No,DSL,No,Yes,No,No,No,No,Month-to-month,Yes,Electronic check,53.2,795.71,No,56.83642857142858,-3.6364285714285742,2,Developing,Medium,2,1,0,0
Male,0,No,Yes,30,Yes,No,Fiber optic,No,No,Yes,No,Yes,Yes,One year,No,Mailed check,81.82,2517.49,No,83.91633333333333,-2.096333333333334,4,Established,High,1,0,0,0
Female,0,Yes,No,25,Yes,No,Fiber optic,No,No,No,No,Yes,No,Month-to-month,Yes,Mailed check,78.25,1942.23,No,77.6892,0.5608000000000004,2,Established,High,2,0,0,0
Male,0,Yes,No,30,No,No phone service,Fiber optic,No,No,Yes,Yes,No,No,Month-to-month,Yes,Bank transfer,76.67,2270.65,No,75.68833333333333,0.9816666666666691,2,Established,High,2,0,1,0
Male,0,No,No,7,Yes,No,Fiber optic,No,Yes,Yes,No,No,Yes,Month-to-month,Yes,Electronic check,77.73,612.72,Yes,87.53142857142858,-9.801428571428573,4,New,High,2,1,0,0
Male,0,No,Yes,6,Yes,Yes,No,No internet service,No internet service,No internet service,No internet service,No internet service,No internet service,Month-to-month,Yes,Electronic check,30.35,404.37,No,67.395,-37.044999999999995,2,New,Low,2,1,0,0
Male,0,Yes,No,2,Yes,No,Fiber optic,Yes,Yes,No,No,No,No,Month-to-month,No,Electronic check,82.4,35.1,Yes,17.55,64.85000000000001,3,New,High,2,1,0,1
Male,0,No,No,70,No,No phone service,No,No internet service,No internet service,No internet service,No internet service,No internet service,No internet service,Month-to-month,No,Mailed check,23.88,1582.4,No,22.60571428571429,1.2742857142857105,0,Loyal,Low,2,0,0,0
Female,0,Yes,No,31,Yes,No,Fiber optic,No,No,No,Yes,Yes,Yes,Month-to-month,Yes,Electronic check,89.69,2703.33,No,87.2041935483871,2.485806451612902,4,Established,High,2,1,1,0
Female,0,Yes,No,17,Yes,No,Fiber optic,No,No,No,No,No,No,Two year,Yes,Bank transfer,71.75,1193.79,No,70.22294117647058,1.5270588235294156,1,Developing,High,0,0,0,0
Female,1,Yes,Yes,58,No,No phone service,No,No internet service,No internet service,No internet service,No internet service,No internet service,No internet service,Month-to-month,Yes,Electronic check,25.48,1399.86,No,24.135517241379308,1.3444827586206927,0,Loyal,Low,2,1,0,0
Female,0,No,No,36,Yes,No,DSL,No,No,No,Yes,No,No,Month-to-month,Yes,Mailed check,48.94,1810.81,No,50.30027777777778,-1.3602777777777817,2,Established,Medium,2,0,1,0
Female,1,Yes,Yes,27,Yes,No,DSL,No,No,No,No,No,Yes,Month-to-month,Yes,Mailed check,49.23,1213.38,No,44.940000000000005,4.289999999999992,2,Established,Medium,2,0,0,0
Female,0,Yes,No,9,Yes,No,No,No internet service,No internet service,No internet service,No internet service,No internet service,No internet service,Month-to-month,Yes,Mailed check,26.99,208.72,No,23.191111111111113,3.798888888888886,1,New,Low,2,0,0,0
Male,0,No,No,28,Yes,No,Fiber optic,Yes,No,No,No,No,No,Month-to-month,Yes,Bank transfer,75.7,2079.97,Yes,74.28464285714286,1.4153571428571468,2,Established,High,2,0,0,1
Male,0,No,No,47,Yes,No,DSL,Yes,No,Yes,No,Yes,No,Month-to-month,Yes,Bank transfer,64.26,3099.78,No,65.95276595744681,-1.6927659574468095,4,Established,Medium,2,0,0,1
Male,0,No,Yes,45,Yes,No,No,No internet service,No internet service,No internet service,No internet service,No internet service,No internet service,Two year,Yes,Bank transfer,31.09,1395.15,No,31.003333333333334,0.086666666666666,1,Established,Low,0,0,0,0
Male,1,No,No,29,Yes,No,DSL,Yes,No,No,No,Yes,Yes,Two year,Yes,Mailed check,71.66,1971.02,No,67.96620689655172,3.6937931034482716,4,Established,High,0,0,0,1
Male,0,Yes,No,45,No,No phone service,Fiber optic,No,No,No,No,No,No,One year,Yes,Mailed check,62.74,2847.02,No,63.26711111111111,-0.5271111111111111,0,Established,Medium,1,0,0,0
Male,1,Yes,No,56,Yes,Yes,Fiber optic,No,Yes,No,No,Yes,Yes,Month-to-month,No,Electronic check,90.99,5021.33,No,89.66660714285715,1.3233928571428493,5,Loyal,High,2,1,0,0
Female,0,Yes,Yes,67,Yes,No,Fiber optic,No,No,Yes,Yes,No,Yes,Month-to-month,Yes,Mailed check,83.91,5526.57,No,82.48611940298507,1.4238805970149286,4,Loyal,High,2,0,1,0
Male,1,No,No,39,Yes,Yes,Fiber optic,No,No,Yes,No,No,Yes,Month-to-month,No,Credit card,89.55,3581.15,No,91.82435897435897,-2.274358974358975,4,Established,High,2,0,0,0
Female,1,Yes,Yes,17,Yes,Yes,DSL,Yes,No,Yes,No,No,No,One year,No,Electronic check,68.82,1135.45,No,66.79117647058824,2.0288235294117527,4,Developing,Medium,1,1,0,1
Female,0,Yes,Yes,10,No,No phone service,No,No internet service,No internet service,No internet service,No internet service,No internet service,No internet service,Month-to-month,Yes,Electronic check,22.62,265.45,No,26.544999999999998,-3.924999999999997,0,New,Low,2,1,0,0
Male,0,Yes,No,12,Yes,No,No,No internet service,No internet service,No internet service,No internet service,No internet service,No internet service,One year,Yes,Bank transfer,24.44,255.18,No,21.265,3.1750000000000007,1,New,Low,1,0,0,0
Male,0,Yes,No,1,Yes,No,DSL,No,No,No,No,No,No,Month-to-month,No,Bank transfer,43.4,63.12,No,63.12,-19.72,1,New,Medium,2,0,0,0
Female,0,No,Yes,41,Yes,No,Fiber optic,Yes,No,No,Yes,Yes,No,Month-to-month,Yes,Credit card,85.83,3630.94,Yes,88.55951219512195,-2.7295121951219556,4,Established,High,2,0,1,1
Female,1,No,No,16,Yes,No,Fiber optic,No,Yes,Yes,No,Yes,No,Month-to-month,Yes,Electronic check,87.3,1411.88,Yes,88.2425,-0.9425000000000097,4,Developing,High,2,1,0,0
Female,0,Yes,No,17,Yes,No,DSL,No,No,No,No,Yes,Yes,Month-to-month,Yes,Credit card,58.91,972.62,No,57.212941176470586,1.6970588235294102,3,Developing,Medium,2,0,0,0
Female,0,No,No,53,Yes,No,No,No internet service,No internet service,No internet service,No internet service,No internet service,No internet service,One year,Yes,Bank transfer,24.5,1193.08,No,22.510943396226413,1.9890566037735873,1,Loyal,Low,1,0,0,0
Female,0,No,No,24,Yes,Yes,No,No internet service,No internet service,No internet service,No internet service,No internet service,No internet service,One year,Yes,Bank transfer,31.99,838.92,No,34.955,-2.965,2,Developing,Low,1,0,0,0
Male,0,Yes,No,60,Yes,No,DSL,Yes,Yes,No,Yes,Yes,No,Month-to-month,Yes,Mailed check,67.7,4100.47,No,68.34116666666667,-0.6411666666666633,5,Loyal,Medium,2,0,1,1
Male,1,Yes,No,10,Yes,Yes,No,No internet service,No internet service,No internet service,No internet service,No internet service,No internet service,Month-to-month,Yes,Electronic check,35.84,384.38,Yes,38.438,-2.597999999999999,2,New,Low,2,1,0,0
Male,0,No,Yes,25,Yes,No,No,No internet service,No internet service,No internet service,No internet service,No internet service,No internet service,Two year,No,Electronic check,24.11,596.34,No,23.8536,0.2563999999999993,1,Established,Low,0,1,0,0
Male,0,Yes,Yes,4,Yes,No,Fiber optic,No,No,Yes,No,Yes,Yes,Month-to-month,No,Bank transfer,90.29,451.04,No,112.76,-22.47,4,New,High,2,0,0,0
Male,1,No,No,39,Yes,Yes,No,No internet service,No internet service,No internet service,No internet service,No internet service,No internet service,One year,No,Electronic check,42.26,1613.09,No,41.361282051282046,0.8987179487179517,2,Established,Medium,1,1,0,0
Male,0,No,Yes,9,Yes,No,DSL,No,No,Yes,Yes,No,No,Month-to-month,No,Electronic check,56.83,555.55,No,61.727777777777774,-4.897777777777776,3,New,Medium,2,1,1,0
Female,0,No,No,18,Yes,Yes,No,No internet service,No internet service,No internet service,No internet service,No internet service,No internet service,One year,Yes,Electronic check,36.09,795.0,No,44.166666666666664,-8.07666666666666,2,Developing,Low,1,1,0,0
Female,0,No,No,53,Yes,Yes,DSL,No,Yes,No,No,No,No,One year,Yes,Credit card,52.51,2789.47,No,52.63150943396226,-0.12150943396225955,3,Loyal,Medium,1,0,0,0
Male,0,No,Yes,64,Yes,Yes,Fiber optic,Yes,No,No,No,Yes,No,Month-to-month,No,Electronic check,91.95,5857.83,No,91.52859375,0.421406250000004,4,Loyal,High,2,1,0,1
Female,0,Yes,Yes,40,Yes,No,Fiber optic,No,No,No,No,No,No,Month-to-month,No,Mailed check,67.68,2662.79,No,66.56975,1.1102500000000077,1,Established,Medium,2,0,0,0
Female,0,Yes,No,70,Yes,Yes,DSL,No,No,No,No,No,No,Month-to-month,No,Bank transfer,57.28,3964.15,No,56.630714285714284,0.6492857142857176,2,Loyal,Medium,2,0,0,0
Female,0,No,No,55,Yes,No,Fiber optic,Yes,No,No,No,No,Yes,Month-to-month,No,Credit card,89.21,4909.48,No,89.26327272727272,-0.05327272727272714,3,Loyal,High,2,0,0,1
Male,1,No,No,55,Yes,No,Fiber optic,No,Yes,No,No,Yes,Yes,One year,Yes,Credit card,86.29,4878.31,No,88.69654545454546,-2.4065454545454514,4,Loyal,High,1,0,0,0
Female,1,No,Yes,72,Yes,No,Fiber optic,No,No,Yes,Yes,No,Yes,Month-to-month,Yes,Mailed check,84.41,6112.15,No,84.89097222222222,-0.4809722222222206,4,Loyal,High,2,0,1,0
Male,0,No,No,7,Yes,No,Fiber optic,No,No,No,No,Yes,No,Month-to-month,Yes,Electronic check,79.13,570.25,Yes,81.46428571428571,-2.3342857142857127,2,New,High,2,1,0,0
Female,0,Yes,Yes,17,Yes,No,DSL,Yes,Yes,No,No,Yes,Yes,One year,Yes,Electronic check,64.92,1115.26,No,65.60352941176471,-0.6835294117647095,5,Developing,Medium,1,1,0,1
Female,0,No,No,32,Yes,Yes,DSL,No,Yes,No,No,No,Yes,Two year,Yes,Electronic check,65.4,1968.73,No,61.5228125,3.877187500000005,4,Established,Medium,0,1,0,0
Female,0,No,Yes,45,No,No phone service,DSL,No,No,Yes,Yes,Yes,No,Month-to-month,Yes,Mailed check,53.84,2415.05,No,53.66777777777778,0.17222222222222427,3,Established,Medium,2,0,1,0
Female,0,No,Yes,72,Yes,No,No,No internet service,No internet service,No internet service,No internet service,No internet service,No internet service,One year,No,Mailed check,27.68,1918.85,No,26.650694444444444,1.0293055555555561,1,Loyal,Low,1,0,0,0
Male,0,No,No,8,Yes,Yes,Fiber optic,Yes,No,Yes,No,No,No,Month-to-month,Yes,Mailed check,78.92,751.77,Yes,93.97125,-15.051249999999996,4,New,High,2,0,0,1
Female,0,Yes,Yes,17,No,No phone service,Fiber optic,No,No,Yes,No,No,No,One year,Yes,Mailed check,69.03,1103.73,Yes,64.92529411764706,4.104705882352945,1,Developing,Medium,1,0,0,0
Female,0,No,No,22,Yes,No,Fiber optic,No,No,No,No,No,Yes,Month-to-month,Yes,Bank transfer,86.83,1803.47,Yes,81.9759090909091,4.8540909090909,2,Developing,High,2,0,0,0
Male,0,Yes,Yes,49,Yes,Yes,Fiber optic,No,Yes,Yes,No,No,Yes,One year,No,Electronic check,92.34,4386.89,No,89.52836734693878,2.811632653061224,5,Loyal,High,1,1,0,0
Male,0,Yes,Yes,69,Yes,Yes,DSL,No,No,No,No,Yes,No,Month-to-month,No,Credit card,54.24,3680.61,No,53.34217391304348,0.8978260869565204,3,Loyal,Medium,2,0,0,0
Female,0,No,Yes,68,Yes,Yes,DSL,No,Yes,No,Yes,No,No,Month-to-month,No,Credit card,66.2,4269.24,No,62.78294117647059,3.417058823529416,4,Loyal,Medium,2,0,1,0
Male,0,No,No,54,Yes,Yes,Fiber optic,Yes,Yes,No,Yes,Yes,No,Two year,Yes,Electronic check,95.53,5173.54,Yes,95.8062962962963,-0.2762962962962945,6,Loyal,High,0,1,1,1
Male,0,No,No,56,Yes,No,DSL,No,No,No,No,Yes,No,Month-to-month,Yes,Mailed check,53.12,2993.52,No,53.455714285714286,-0.33571428571428896,2,Loyal,Medium,2,0,0,0
Female,0,Yes,Yes,30,Yes,Yes,No,No internet service,No internet service,No internet service,No internet service,No internet service,No internet service,Month-to-month,Yes,Credit card,32.16,877.65,No,29.255,2.9049999999999976,2,Established,Low,2,0,0,0
Male,1,Yes,No,44,Yes,No,DSL,No,Yes,No,No,No,No,Month-to-month,Yes,Credit card,45.28,2061.33,No,46.84840909090909,-1.5684090909090855,2,Established,Medium,2,0,0,0
Male,1,Yes,No,13,Yes,Yes,Fiber optic,Yes,No,No,No,Yes,Yes,One year,No,Mailed check,97.24,1250.71,No,96.20846153846153,1.0315384615384602,5,Developing,High,1,0,0,1
Male,0,No,No,37,Yes,No,Fiber optic,No,No,Yes,Yes,No,Yes,Month-to-month,No,Electronic check,84.24,3104.61,Yes,83.90837837837839,0.3316216216216077,4,Established,High,2,1,1,0
Female,0,No,No,22,Yes,No,Fiber optic,No,No,No,Yes,No,Yes,One year,No,Credit card,75.6,1732.59,Yes,78.7540909090909,-3.154090909090911,3,Developing,High,1,0,1,0
Female,0,No,No,67,No,No phone service,No,No internet service,No internet service,No internet service,No internet service,No internet service,No internet service,Month-to-month,No,Bank transfer,21.17,1508.88,No,22.520597014925375,-1.3505970149253734,0,Loyal,Low,2,0,0,0
Female,0,Yes,No,27,Yes,No,Fiber optic,No,No,Yes,No,No,No,One year,Yes,Bank transfer,86.49,2253.8,No,83.47407407407408,3.015925925925913,2,Established,High,1,0,0,0
Male,0,No,No,29,Yes,No,DSL,No,Yes,No,No,Yes,Yes,Two year,Yes,Electronic check,69.07,1887.94,No,65.10137931034483,3.968620689655168,4,Established,Medium,0,1,0,0
Male,0,No,No,30,Yes,Yes,Fiber optic,Yes,Yes,Yes,Yes,No,No,Month-to-month,Yes,Credit card,96.85,2875.11,No,95.837,1.012999999999991,6,Established,High,2,0,1,1
Female,1,Yes,No,65,Yes,Yes,DSL,Yes,Yes,Yes,Yes,No,No,Month-to-month,No,Mailed check,85.13,5657.44,No,87.03753846153846,-1.907538461538465,6,Loyal,High,2,0,1,1
Female,1,No,Yes,68,Yes,No,DSL,No,No,Yes,No,Yes,Yes,Month-to-month,No,Mailed check,57.97,3880.06,No,57.059705882352944,0.9102941176470551,4,Loyal,Medium,2,0,0,0
Male,0,No,No,32,No,No phone service,Fiber optic,No,No,No,No,No,No,Month-to-month,No,Bank transfer,64.3,2135.06,No,66.720625,-2.420625000000001,0,Established,Medium,2,0,0,0
Male,0,Yes,No,72,Yes,Yes,DSL,Yes,Yes,Yes,Yes,No,No,One year,No,Mailed check,80.33,5705.84,No,79.24777777777778,1.0822222222222138,6,Loyal,High,1,0,1,1
Male,0,Yes,No,55,Yes,No,DSL,No,Yes,Yes,No,No,No,Two year,No,Mailed check,51.93,2843.86,No,51.706545454545456,0.22345454545454402,3,Loyal,Medium,0,0,0,0
Female,1,No,No,61,No,No phone service,Fiber optic,No,No,Yes,Yes,Yes,Yes,Two year,Yes,Bank transfer,87.21,5273.83,No,86.45622950819671,0.7537704918032802,4,Loyal,High,0,0,1,0
Male,0,No,No,66,Yes,No,Fiber optic,No,Yes,No,Yes,Yes,No,Two year,Yes,Bank transfer,84.48,5608.63,No,84.97924242424243,-0.49924242424242493,4,Loyal,High,0,0,1,0
Female,0,No,No,24,Yes,No,No,No internet service,No internet service,No internet service,No internet service,No internet service,No internet service,Month-to-month,No,Credit card,26.64,651.21,No,27.133750000000003,-0.49375000000000213,1,Developing,Low,2,0,0,0
Male,0,No,No,40,Yes,No,DSL,No,No,No,No,Yes,No,One year,Yes,Mailed check,54.64,2114.03,No,52.850750000000005,1.7892499999999956,2,Established,Medium,1,0,0,0
Female,0,Yes,No,21,Yes,Yes,Fiber optic,Yes,No,Yes,Yes,No,No,Month-to-month,No,Electronic check,84.94,1745.09,No,83.0995238095238,1.8404761904761955,5,Developing,High,2,1,1,1
Female,0,No,No,23,Yes,Yes,Fiber optic,No,No,Yes,No,Yes,No,Two year,Yes,Electronic check,84.97,1869.0,No,81.26086956521739,3.709130434782608,4,Developing,High,0,1,0,0
Female,0,No,No,34,Yes,No,No,No internet service,No internet service,No internet service,No internet service,No internet service,No internet service,One year,No,Mailed check,28.15,975.49,No,28.690882352941177,-0.5408823529411784,1,Established,Low,1,0,0,0
Male,0,Yes,Yes,4,Yes,No,Fiber optic,No,No,No,No,No,No,Month-to-month,No,Electronic check,62.98,170.54,Yes,42.635,20.345,1,New,Medium,2,1,0,0
Male,0,No,No,16,Yes,No,Fiber optic,Yes,No,No,No,No,No,One year,No,Bank transfer,73.53,1184.12,No,74.0075,-0.47749999999999204,2,Developing,High,1,0,0,1
Female,0,Yes,Yes,59,Yes,Yes,Fiber optic,Yes,Yes,No,No,No,No,One year,Yes,Mailed check,80.91,4805.47,No,81.44864406779662,-0.5386440677966249,4,Loyal,High,1,0,0,1
Male,0,Yes,No,12,Yes,Yes,DSL,No,Yes,No,No,No,No,Two year,Yes,Mailed check,52.14,678.45,No,56.5375,-4.397500000000001,3,New,Medium,0,0,0,0
Female,0,Yes,No,45,Yes,No,DSL,No,No,No,No,Yes,No,One year,No,Electronic check,56.69,2604.91,No,57.88688888888888,-1.1968888888888856,2,Established,Medium,1,1,0,0
Female,1,No,No,56,No,No phone service,Fiber optic,No,Yes,Yes,No,Yes,No,Two year,No,Mailed check,79.4,4473.28,No,79.88,-0.47999999999998977,3,Loyal,High,0,0,0,0
Female,0,Yes,Yes,19,Yes,No,DSL,No,No,Yes,No,No,No,Month-to-month,Yes,Electronic check,50.13,865.93,No,45.57526315789473,4.554736842105271,2,Developing,Medium,2,1,0,0
Male,0,Yes,No,33,Yes,Yes,DSL,Yes,Yes,No,No,No,Yes,Month-to-month,Yes,Bank transfer,68.24,2182.55,No,66.13787878787879,2.1021212121212045,5,Established,Medium,2,0,0,1
Female,0,No,Yes,64,Yes,No,Fiber optic,No,No,No,Yes,No,No,One year,Yes,Electronic check,76.26,4810.91,No,75.17046875,1.0895312500000074,2,Loyal,High,1,1,1,0
Male,0,Yes,No,61,Yes,Yes,DSL,No,No,No,No,Yes,No,Month-to-month,No,Credit card,58.09,3538.28,No,58.00459016393443,0.08540983606557262,3,Loyal,Medium,2,0,0,0
Female,0,No,Yes,67,Yes,No,DSL,No,Yes,No,Yes,Yes,No,Month-to-month,Yes,Mailed check,59.99,4106.6,No,61.29253731343284,-1.3025373134328362,4,Loyal,Medium,2,0,1,0
Female,0,No,No,46,Yes,Yes,Fiber optic,Yes,Yes,No,No,No,No,Two year,Yes,Bank transfer,91.18,4138.49,Yes,89.96717391304347,1.2128260869565395,4,Established,High,0,0,0,1
Female,0,Yes,No,64,Yes,No,No,No internet service,No internet service,No internet service,No internet service,No internet service,No internet service,Two year,Yes,Credit card,25.54,1609.84,No,25.15375,0.3862500000000004,1,Loyal,Low,0,0,0,0
Male,0,Yes,No,29,No,No phone service,Fiber optic,Yes,Yes,Yes,No,No,No,Two year,Yes,Credit card,82.36,2484.47,No,85.67137931034482,-3.311379310344819,3,Established,High,0,0,0,1
Female,0,No,No,44,Yes,No,DSL,Yes,Yes,Yes,No,Yes,Yes,Month-to-month,No,Credit card,72.78,3092.69,No,70.2884090909091,2.4915909090909025,6,Established,High,2,0,0,1
Male,1,Yes,Yes,49,Yes,No,DSL,No,Yes,Yes,No,No,No,Month-to-month,No,Electronic check,59.0,3012.68,No,61.48326530612245,-2.4832653061224477,3,Loyal,Medium,2,1,0,0
Male,0,Yes,No,71,No,No phone service,No,No internet service,No internet service,No internet service,No internet service,No internet service,No internet service,Two year,Yes,Electronic check,21.03,1542.9,No,21.73098591549296,-0.7009859154929572,0,Loyal,Low,0,1,0,0
Female,1,No,Yes,27,Yes,Yes,Fiber optic,No,No,No,Yes,No,Yes,Month-to-month,Yes,Bank transfer,91.25,2407.72,No,89.17481481481481,2.075185185185191,4,Established,High,2,0,1,0
Male,1,No,No,63,Yes,No,Fiber optic,Yes,No,No,No,Yes,No,Month-to-month,No,Mailed check,83.16,5211.79,No,82.72682539682539,0.43317460317460643,3,Loyal,High,2,0,0,1
Male,0,No,No,37,Yes,No,DSL,Yes,Yes,No,Yes,Yes,No,Month-to-month,No,Bank transfer,70.85,2757.25,No,74.52027027027027,-3.6702702702702794,5,Established,High,2,0,1,1
Female,0,No,No,8,Yes,Yes,DSL,No,No,No,No,Yes,No,Two year,Yes,Bank transfer,65.82,486.54,No,60.8175,5.002499999999991,3,New,Medium,0,0,0,0
Female,0,No,Yes,48,Yes,Yes,DSL,No,No,No,No,No,Yes,Month-to-month,No,Electronic check,56.48,2768.37,No,57.674375,-1.1943750000000009,3,Established,Medium,2,1,0,0
Female,0,No,No,71,Yes,No,No,No internet service,No internet service,No internet service,No internet service,No internet service,No internet service,Month-to-month,No,Electronic check,33.96,2574.34,No,36.258309859154934,-2.2983098591549336,1,Loyal,Low,2,1,0,0
Male,0,No,No,33,Yes,No,No,No internet service,No internet service,No internet service,No internet service,No internet service,No internet service,Month-to-month,Yes,Bank transfer,26.81,881.37,No,26.708181818181817,0.10181818181818159,1,Established,Low,2,0,0,0
Female,0,No,Yes,40,Yes,No,DSL,No,No,No,No,No,Yes,Month-to-month,No,Bank transfer,45.75,1829.24,No,45.731,0.01899999999999835,2,Established,Medium,2,0,0,0
Male,0,No,No,67,Yes,No,Fiber optic,No,Yes,Yes,No,No,No,One year,Yes,Credit card,82.74,5720.39,No,85.3789552238806,-2.6389552238806004,3,Loyal,High,1,0,0,0
Male,0,Yes,Yes,67,Yes,Yes,No,No internet service,No internet service,No internet service,No internet service,No internet service,No internet service,One year,Yes,Bank transfer,38.32,2480.35,No,37.02014925373134,1.2998507462686604,2,Loyal,Low,1,0,0,0
Male,0,Yes,Yes,29,Yes,Yes,No,No internet service,No internet service,No internet service,No internet service,No internet service,No internet service,One year,No,Electronic check,37.01,1071.8,No,36.95862068965517,0.0513793103448279,2,Established,Low,1,1,0,0
Female,0,Yes,No,55,Yes,Yes,Fiber optic,No,Yes,No,No,No,No,Month-to-month,No,Electronic check,80.64,4469.28,No,81.25963636363636,-0.61963636363636,3,Loyal,High,2,1,0,0
Male,0,No,Yes,46,Yes,No,DSL,Yes,Yes,Yes,No,Yes,No,Month-to-month,Yes,Mailed check,64.24,2831.6,No,61.55652173913043,2.6834782608695633,5,Established,Medium,2,0,0,1
Female,1,Yes,Yes,47,Yes,Yes,No,No internet service,No internet service,No internet service,No internet service,No internet service,No internet service,Month-to-month,No,Mailed check,32.88,1452.4,No,30.90212765957447,1.977872340425531,2,Established,Low,2,0,0,0
Female,0,Yes,No,52,No,No phone service,DSL,No,Yes,No,No,No,No,Two year,No,Bank transfer,43.66,2224.64,No,42.78153846153846,0.8784615384615364,1,Loyal,Medium,0,0,0,0
Female,0,No,No,24,Yes,Yes,DSL,No,Yes,Yes,No,Yes,No,Month-to-month,No,Bank transfer,68.9,1686.25,No,70.26041666666667,-1.3604166666666657,5,Developing,Medium,2,0,0,0
Female,0,Yes,Yes,22,Yes,Yes,DSL,Yes,No,No,No,No,No,Month-to-month,No,Credit card,53.82,1145.27,No,52.05772727272727,1.7622727272727303,3,Developing,Medium,2,0,0,1
Female,0,Yes,Yes,2,Yes,No,Fiber optic,No,No,Yes,No,No,No,Month-to-month,No,Mailed check,73.96,140.95,Yes,70.475,3.4849999999999994,2,New,High,2,0,0,0
Female,0,Yes,No,62,Yes,No,DSL,No,Yes,Yes,Yes,Yes,Yes,Two year,No,Electronic check,71.67,4506.07,No,72.67854838709677,-1.0085483870967664,6,Loyal,High,0,1,1,0
Female,0,Yes,No,20,Yes,No,Fiber optic,No,No,Yes,Yes,Yes,No,One year,Yes,Mailed check,84.31,1734.31,Yes,86.71549999999999,-2.4054999999999893,4,Developing,High,1,0,1,0
Female,0,No,No,49,No,No phone service,No,No internet service,No internet service,No internet service,No internet service,No internet service,No internet service,Month-to-month,Yes,Electronic check,22.91,958.6,No,19.56326530612245,3.3467346938775506,0,Loyal,Low,2,1,0,0
Male,1,Yes,No,50,Yes,No,Fiber optic,Yes,No,Yes,No,No,No,One year,No,Electronic check,75.25,3777.08,No,75.5416,-0.2916000000000025,3,Loyal,High,1,1,0,1
Female,1,Yes,No,51,Yes,No,No,No internet service,No internet service,No internet service,No internet service,No internet service,No internet service,Month-to-month,No,Mailed check,29.32,1539.2,No,30.180392156862744,-0.8603921568627442,1,Loyal,Low,2,0,0,0
Male,0,No,No,63,Yes,No,No,No internet service,No internet service,No internet service,No internet service,No internet service,No internet service,One year,Yes,Mailed check,25.84,1621.39,No,25.736349206349207,0.1036507936507931,1,Loyal,Low,1,0,0,0
Male,0,Yes,No,63,Yes,Yes,Fiber optic,No,Yes,No,Yes,No,No,Two year,No,Electronic check,88.08,5591.08,No,88.74730158730159,-0.6673015873015942,4,Loyal,High,0,1,1,0
Male,0,Yes,Yes,1,Yes,No,Fiber optic,No,Yes,Yes,No,Yes,No,One year,Yes,Bank transfer,83.3,144.86,No,144.86,-61.56000000000002,4,New,High,1,0,0,0
Male,0,No,Yes,61,Yes,No,No,No internet service,No internet service,No internet service,No internet service,No internet service,No internet service,Two year,No,Bank transfer,27.11,1679.67,No,27.535573770491805,-0.42557377049180545,1,Loyal,Low,0,0,0,0
Male,0,No,Yes,15,Yes,No,Fiber optic,No,No,No,No,No,No,Month-to-month,Yes,Electronic check,66.56,990.71,Yes,66.04733333333334,0.5126666666666608,1,Developing,Medium,2,1,0,0
Male,0,No,No,47,No,No phone service,DSL,No,Yes,Yes,No,No,Yes,Month-to-month,No,Bank transfer,56.16,2659.65,No,56.588297872340426,-0.4282978723404298,3,Established,Medium,2,0,0,0
Male,0,No,No,49,Yes,No,No,No internet service,No internet service,No internet service,No internet service,No internet service,No internet service,One year,No,Electronic check,20.68,827.15,No,16.880612244897957,3.7993877551020425,1,Loyal,Low,1,1,0,0
Male,0,No,No,4,Yes,No,Fiber optic,No,No,Yes,Yes,Yes,Yes,One year,No,Mailed check,93.61,487.32,No,121.83,-28.22,5,New,High,1,0,1,0
Female,0,Yes,Yes,21,Yes,No,No,No internet service,No internet service,No internet service,No internet service,No internet service,No internet service,Month-to-month,Yes,Bank transfer,22.7,582.55,No,27.740476190476187,-5.040476190476188,1,Developing,Low,2,0,0,0
Female,0,No,No,66,Yes,Yes,Fiber optic,No,No,No,No,Yes,Yes,Month-to-month,Yes,Mailed check,88.36,5931.93,No,89.87772727272727,-1.5177272727272708,4,Loyal,High,2,0,0,0
Male,0,No,No,11,Yes,No,DSL,Yes,Yes,Yes,No,No,Yes,Month-to-month,Yes,Bank transfer,66.62,743.07,No,67.55181818181819,-0.931818181818187,5,New,Medium,2,0,0,1
Female,0,Yes,Yes,17,Yes,No,Fiber optic,No,Yes,No,Yes,Yes,Yes,Month-to-month,Yes,Mailed check,96.82,1691.66,Yes,99.50941176470589,-2.689411764705895,5,Developing,High,2,0,1,0
Male,0,No,No,6,Yes,Yes,Fiber optic,No,Yes,Yes,Yes,Yes,No,Two year,Yes,Electronic check,92.2,564.41,No,94.06833333333333,-1.8683333333333252,6,New,High,0,1,1,0
Female,1,Yes,No,13,Yes,No,Fiber optic,No,Yes,No,Yes,Yes,Yes,Month-to-month,No,Mailed check,86.47,1149.92,No,88.45538461538462,-1.9853846153846177,5,Developing,High,2,0,1,0
Female,0,No,No,46,Yes,Yes,No,No internet service,No internet service,No internet service,No internet service,No internet service,No internet service,Two year,Yes,Mailed check,39.44,1923.68,No,41.81913043478261,-2.37913043478261,2,Established,Low,0,0,0,0
Male,0,No,No,61,Yes,Yes,Fiber optic,No,No,No,Yes,No,No,Month-to-month,Yes,Electronic check,80.57,4773.15,No,78.2483606557377,2.3216393442622945,3,Loyal,High,2,1,1,0
Male,0,No,No,43,Yes,No,DSL,Yes,No,Yes,No,No,No,One year,No,Mailed check,48.98,2141.28,No,49.797209302325584,-0.8172093023255869,3,Established,Medium,1,0,0,1
Male,0,Yes,Yes,21,Yes,Yes,Fiber optic,No,No,No,Yes,Yes,No,Two year,No,Electronic check,87.27,1765.98,Yes,84.09428571428572,3.175714285714278,4,Developing,High,0,1,1,0
Female,0,No,No,62,Yes,Yes,DSL,No,No,No,No,Yes,No,One year,Yes,Mailed check,58.04,3506.32,No,56.553548387096775,1.486451612903224,3,Loyal,Medium,1,0,0,0
Male,0,No,Yes,27,No,No phone service,Fiber optic,Yes,Yes,No,No,No,No,Two year,No,Bank transfer,69.63,1869.86,No,69.25407407407407,0.37592592592592666,2,Established,Medium,0,0,0,1
Male,1,Yes,No,23,Yes,No,DSL,Yes,No,No,No,No,Yes,Month-to-month,Yes,Bank transfer,58.85,1253.33,No,54.49260869565217,4.3573913043478285,3,Developing,Medium,2,0,0,1
Male,0,Yes,No,37,Yes,No,DSL,No,No,Yes,No,No,Yes,Month-to-month,Yes,Credit card,51.15,1792.18,No,48.4372972972973,2.7127027027026998,3,Established,Medium,2,0,0,0
Male,0,No,No,10,Yes,Yes,No,No internet service,No internet service,No internet service,No internet service,No internet service,No internet service,One year,Yes,Bank transfer,35.1,218.08,Yes,21.808,13.292000000000002,2,New,Low,1,0,0,0
Male,0,Yes,No,26,Yes,No,DSL,No,No,No,No,No,No,One year,Yes,Credit card,44.05,1106.74,No,42.566923076923075,1.483076923076922,1,Established,Medium,1,0,0,0
Male,0,No,Yes,58,Yes,Yes,Fiber optic,No,No,No,Yes,No,No,One year,No,Mailed check,81.66,4778.82,No,82.39344827586207,-0.7334482758620737,3,Loyal,High,1,0,1,0
Female,0,No,Yes,44,Yes,Yes,Fiber optic,No,Yes,Yes,No,Yes,No,One year,No,Bank transfer,97.47,4354.71,No,98.97068181818182,-1.5006818181818176,5,Established,High,1,0,0,0
Male,0,Yes,No,72,Yes,Yes,DSL,Yes,Yes,Yes,No,No,No,Month-to-month,Yes,Bank transfer,71.93,5337.2,No,74.12777777777778,-2.197777777777773,5,Loyal,High,2,0,0,1
Male,0,No,Yes,56,Yes,No,No,No internet service,No internet service,No internet service,No internet service,No internet service,No internet service,Month-to-month,No,Credit card,34.24,1885.05,No,33.66160714285714,0.5783928571428589,1,Loyal,Low,2,0,0,0
Male,0,Yes,No,26,Yes,No,DSL,No,No,No,No,Yes,No,Two year,No,Bank transfer,45.26,1240.58,No,47.714615384615385,-2.454615384615387,2,Established,Medium,0,0,0,0
Male,0,No,Yes,56,Yes,Yes,Fiber optic,No,Yes,No,No,No,No,Month-to-month,Yes,Credit card,83.32,4680.33,No,83.57732142857142,-0.25732142857143003,3,Loyal,High,2,0,0,0
Male,0,No,No,63,Yes,No,Fiber optic,Yes,Yes,Yes,Yes,Yes,No,One year,Yes,Mailed check,99.98,6310.81,No,100.17158730158731,-0.19158730158730464,6,Loyal,High,1,0,1,1
Female,1,Yes,No,46,Yes,No,Fiber optic,No,No,No,Yes,No,No,One year,Yes,Credit card,72.53,3366.28,No,73.18,-0.6500000000000057,2,Established,High,1,0,1,0
Male,0,No,No,55,Yes,Yes,DSL,No,No,Yes,No,Yes,Yes,Two year,Yes,Mailed check,71.76,4010.9,Yes,72.92545454545454,-1.165454545454537,5,Loyal,High,0,0,0,0
Female,1,Yes,No,37,Yes,No,No,No internet service,No internet service,No internet service,No internet service,No internet service,No internet service,Two year,Yes,Electronic check,33.19,1266.28,No,34.22378378378378,-1.0337837837837824,1,Established,Low,0,1,0,0
Female,1,No,No,66,Yes,No,No,No internet service,No internet service,No internet service,No internet service,No internet service,No internet service,Month-to-month,Yes,Electronic check,27.04,1752.97,Yes,26.560151515151517,0.47984848484848186,1,Loyal,Low,2,1,0,0
Male,1,Yes,Yes,18,Yes,No,Fiber optic,Yes,Yes,Yes,No,No,Yes,Two year,Yes,Mailed check,97.05,1793.67,No,99.64833333333334,-2.5983333333333434,5,Developing,High,0,0,0,1
Male,0,No,No,31,Yes,No,Fiber optic,No,Yes,No,Yes,No,No,Month-to-month,Yes,Electronic check,79.65,2418.82,Yes,78.02645161290323,1.6235483870967755,3,Established,High,2,1,1,0
Female,0,No,No,19,Yes,No,Fiber optic,No,Yes,No,Yes,No,Yes,Month-to-month,Yes,Electronic check,88.69,1732.09,No,91.16263157894737,-2.4726315789473716,4,Developing,High,2,1,1,0
Female,0,Yes,Yes,8,Yes,Yes,Fiber optic,Yes,Yes,Yes,Yes,No,No,Two year,Yes,Mailed check,100.56,813.78,No,101.7225,-1.1624999999999943,6,New,Very High,0,0,1,1
Female,0,No,No,45,Yes,No,Fiber optic,No,No,No,No,No,No,Month-to-month,Yes,Bank transfer,65.49,2797.56,No,62.168,3.3219999999999956,1,Established,Medium,2,0,0,0
Female,0,Yes,No,9,Yes,Yes,DSL,Yes,Yes,Yes,No,No,No,Month-to-month,Yes,Electronic check,69.57,615.06,No,68.33999999999999,1.230000000000004,5,New,Medium,2,1,0,1
Female,0,No,No,17,Yes,Yes,Fiber optic,No,No,No,No,Yes,Yes,One year,Yes,Bank transfer,88.94,1586.52,Yes,93.32470588235294,-4.384705882352947,4,Developing,High,1,0,0,0
Female,1,Yes,No,55,Yes,No,DSL,Yes,No,Yes,No,No,Yes,Two year,Yes,Bank transfer,67.73,3715.03,No,67.546,0.1839999999999975,4,Loyal,Medium,0,0,0,1
Male,0,No,No,18,Yes,Yes,DSL,Yes,Yes,Yes,No,Yes,No,Month-to-month,Yes,Bank transfer,73.65,1344.02,Yes,74.66777777777777,-1.0177777777777663,6,Developing,High,2,0,0,1
Male,0,Yes,Yes,63,Yes,No,Fiber optic,No,No,Yes,No,No,Yes,One year,Yes,Bank transfer,80.59,5038.87,No,79.98206349206349,0.6079365079365147,3,Loyal,High,1,0,0,0
Male,0,Yes,Yes,4,Yes,No,DSL,No,No,No,No,Yes,Yes,Month-to-month,Yes,Electronic check,56.55,204.28,No,51.07,5.479999999999997,3,New,Medium,2,1,0,0
Female,0,No,Yes,33,Yes,Yes,Fiber optic,No,Yes,Yes,Yes,No,Yes,Month-to-month,No,Credit card,98.72,3333.64,No,101.01939393939394,-2.299393939393937,6,Established,High,2,0,1,0
Female,0,No,No,5,Yes,No,Fiber optic,Yes,Yes,No,Yes,Yes,Yes,One year,No,Credit card,101.12,471.13,No,94.226,6.8940000000000055,6,New,Very High,1,0,1,1
Female,0,No,Yes,5,Yes,Yes,DSL,No,No,No,No,No,No,Month-to-month,No,Mailed check,53.23,174.08,No,34.816,18.413999999999994,2,New,Medium,2,0,0,0
Male,0,No,No,57,Yes,No,DSL,No,No,Yes,No,No,Yes,One year,No,Electronic check,66.81,3633.75,No,63.75,3.0600000000000023,3,Loyal,Medium,1,1,0,0
Female,0,Yes,No,5,Yes,Yes,DSL,No,Yes,Yes,No,No,No,One year,No,Mailed check,61.18,244.97,Yes,48.994,12.186,4,New,Medium,1,0,0,0
Female,0,No,No,65,Yes,Yes,Fiber optic,No,No,Yes,Yes,No,No,Two year,Yes,Credit card,83.5,5339.6,No,82.14769230769231,1.35230769230769,4,Loyal,High,0,0,1,0
Female,0,Yes,Yes,44,Yes,No,DSL,No,No,No,No,Yes,Yes,Two year,No,Credit card,59.47,2497.78,No,56.76772727272728,2.702272727272721,3,Established,Medium,0,0,0,0
Male,0,Yes,Yes,35,Yes,No,Fiber optic,Yes,No,No,No,No,Yes,Month-to-month,Yes,Credit card,83.36,2831.72,Yes,80.90628571428572,2.453714285714284,3,Established,High,2,0,0,1
Female,0,No,No,67,No,No phone service,Fiber optic,No,No,No,Yes,No,Yes,One year,Yes,Credit card,68.9,4537.06,No,67.71731343283582,1.1826865671641826,2,Loyal,Medium,1,0,1,0
Female,0,No,No,28,Yes,Yes,Fiber optic,No,No,No,No,No,No,One year,Yes,Bank transfer,82.24,2218.09,No,79.2175,3.0224999999999937,2,Established,High,1,0,0,0
Male,0,Yes,No,29,Yes,No,DSL,No,Yes,No,No,No,Yes,Month-to-month,Yes,Electronic check,56.97,1762.79,No,60.785862068965514,-3.815862068965515,3,Established,Medium,2,1,0,0
Male,0,Yes,No,30,Yes,Yes,DSL,No,Yes,Yes,No,Yes,No,One year,No,Electronic check,76.78,2171.39,No,72.37966666666667,4.400333333333336,5,Established,High,1,1,0,0
Female,0,No,No,47,No,No phone service,DSL,No,No,No,No,No,No,One year,Yes,Electronic check,43.34,2083.2,No,44.32340425531915,-0.9834042553191438,0,Established,Medium,1,1,0,0
Female,0,Yes,Yes,62,Yes,Yes,DSL,No,No,Yes,No,Yes,No,Month-to-month,Yes,Electronic check,67.64,4236.51,No,68.3308064516129,-0.6908064516129002,4,Loyal,Medium,2,1,0,0
Male,0,Yes,No,40,Yes,Yes,No,No internet service,No internet service,No internet service,No internet service,No internet service,No internet service,Month-to-month,No,Electronic check,34.91,1445.59,No,36.13975,-1.2297500000000028,2,Established,Low,2,1,0,0
Male,1,Yes,Yes,21,Yes,Yes,DSL,No,No,No,No,Yes,Yes,Month-to-month,No,Mailed check,62.95,1318.13,No,62.76809523809524,0.1819047619047609,4,Developing,Medium,2,0,0,0
Male,0,Yes,No,65,Yes,Yes,DSL,No,Yes,Yes,Yes,No,Yes,Month-to-month,Yes,Bank transfer,72.48,4812.44,No,74.03753846153846,-1.5575384615384564,6,Loyal,High,2,0,1,0
Female,1,Yes,Yes,44,No,No phone service,No,No internet service,No internet service,No internet service,No internet service,No internet service,No internet service,Two year,Yes,Electronic check,18.0,792.05,No,18.001136363636363,-0.0011363636363626028,0,Established,Low,0,1,0,0
Female,0,No,Yes,60,Yes,No,No,No internet service,No internet service,No internet service,No internet service,No internet service,No internet service,Month-to-month,No,Credit card,23.52,1394.32,No,23.238666666666667,0.28133333333333255,1,Loyal,Low,2,0,0,0
Male,0,Yes,Yes,32,Yes,Yes,Fiber optic,No,No,No,No,No,No,One year,Yes,Credit card,78.15,2594.09,No,81.0653125,-2.915312499999999,2,Established,High,1,0,0,0
Female,0,Yes,No,15,No,No phone service,Fiber optic,No,No,No,No,No,No,One year,Yes,Electronic check,63.3,935.6,No,62.373333333333335,0.9266666666666623,0,Developing,Medium,1,1,0,0
Female,0,No,No,69,Yes,Yes,DSL,Yes,No,Yes,Yes,No,Yes,Month-to-month,Yes,Electronic check,68.77,4617.86,No,66.92550724637681,1.8444927536231859,6,Loyal,Medium,2,1,1,1
Male,1,No,Yes,49,Yes,No,No,No internet service,No internet service,No internet service,No internet service,No internet service,No internet service,Month-to-month,Yes,Mailed check,26.05,1316.53,No,26.86795918367347,-0.8179591836734694,1,Loyal,Low,2,0,0,0
Male,0,No,No,23,Yes,No,Fiber optic,Yes,Yes,No,No,Yes,No,Month-to-month,Yes,Credit card,83.76,2013.27,Yes,87.53347826086956,-3.7734782608695525,4,Developing,High,2,0,0,1
Female,1,No,Yes,62,Yes,Yes,Fiber optic,Yes,No,No,Yes,No,No,Month-to-month,No,Bank transfer,92.83,5778.9,No,93.20806451612903,-0.37806451612902947,4,Loyal,High,2,0,1,1
Male,1,No,Yes,1,Yes,No,DSL,No,No,No,Yes,Yes,Yes,Month-to-month,Yes,Electronic check,56.61,27.64,No,27.64,28.97,4,New,Medium,2,1,1,0
Female,0,No,No,67,Yes,No,Fiber optic,Yes,No,No,No,Yes,Yes,Month-to-month,Yes,Bank transfer,96.67,6497.8,No,96.9820895522388,-0.3120895522388025,4,Loyal,High,2,0,0,1
Male,0,No,Yes,42,Yes,No,Fiber optic,No,No,Yes,No,Yes,No,One year,Yes,Credit card,84.32,3596.07,No,85.62071428571429,-1.3007142857142924,3,Established,High,1,0,0,0
Male,0,No,No,43,Yes,No,DSL,No,Yes,Yes,No,No,No,One year,Yes,Electronic check,45.76,1885.08,No,43.839069767441856,1.9209302325581419,3,Established,Medium,1,1,0,0
Female,0,No,No,1,Yes,Yes,Fiber optic,Yes,No,No,Yes,No,No,Month-to-month,No,Bank transfer,84.44,18.0,No,18.0,66.44,4,New,High,2,0,1,1
Male,0,Yes,Yes,13,Yes,Yes,DSL,Yes,No,Yes,No,Yes,No,Month-to-month,No,Mailed check,71.79,922.3,No,70.94615384615385,0.8438461538461581,5,Developing,High,2,0,0,1
Female,0,No,No,52,Yes,No,Fiber optic,Yes,Yes,No,No,No,Yes,Two year,Yes,Electronic check,84.28,4465.56,No,85.87615384615385,-1.5961538461538538,4,Loyal,High,0,1,0,1
Male,1,No,No,41,Yes,Yes,DSL,No,No,No,No,No,No,Month-to-month,No,Credit card,51.91,2037.4,No,49.69268292682927,2.217317073170726,2,Established,Medium,2,0,0,0
Female,0,Yes,No,10,Yes,Yes,No,No internet service,No internet service,No internet service,No internet service,No internet service,No internet service,One year,Yes,Electronic check,44.1,338.57,No,33.857,10.243000000000002,2,New,Medium,1,1,0,0
Female,0,No,No,48,Yes,No,Fiber optic,No,Yes,Yes,No,No,Yes,Month-to-month,Yes,Credit card,85.31,4111.08,No,85.6475,-0.3374999999999915,4,Established,High,2,0,0,0
Male,0,Yes,Yes,54,Yes,No,Fiber optic,Yes,Yes,No,No,No,No,Two year,Yes,Bank transfer,75.67,4067.6,No,75.32592592592593,0.3440740740740722,3,Loyal,High,0,0,0,1
Male,0,Yes,Yes,20,No,No phone service,Fiber optic,No,No,No,No,Yes,Yes,Month-to-month,Yes,Electronic check,79.66,1537.79,No,76.8895,2.7704999999999984,2,Developing,High,2,1,0,0
Female,1,No,No,50,No,No phone service,Fiber optic,No,Yes,Yes,No,No,Yes,Month-to-month,No,Bank transfer,73.39,3762.56,No,75.2512,-1.8611999999999966,3,Loyal,High,2,0,0,0
Male,0,Yes,No,71,Yes,Yes,DSL,No,Yes,No,No,Yes,Yes,One year,No,Electronic check,74.81,5257.8,No,74.05352112676057,0.7564788732394305,5,Loyal,High,1,1,0,0
Male,1,Yes,No,35,Yes,No,Fiber optic,No,No,Yes,No,No,No,Month-to-month,No,Electronic check,77.34,2735.6,No,78.16,-0.8199999999999932,2,Established,High,2,1,0,0
Female,0,Yes,No,17,Yes,No,DSL,Yes,Yes,Yes,No,No,No,One year,Yes,Electronic check,68.3,1228.27,No,72.25117647058823,-3.951176470588237,4,Developing,Medium,1,1,0,1
Male,1,No,No,70,Yes,Yes,Fiber optic,Yes,Yes,Yes,No,Yes,No,Month-to-month,No,Credit card,100.66,7029.58,No,100.42257142857143,0.23742857142856622,6,Loyal,Very High,2,0,0,1
Male,0,Yes,Yes,66,Yes,Yes,No,No internet service,No internet service,No internet service,No internet service,No internet service,No internet service,Month-to-month,Yes,Credit card,34.06,2315.3,No,35.080303030303035,-1.0203030303030332,2,Loyal,Low,2,0,0,0
Female,0,No,No,33,No,No phone service,DSL,No,No,No,No,No,No,Month-to-month,Yes,Electronic check,37.88,1303.49,Yes,39.49969696969697,-1.6196969696969674,0,Established,Low,2,1,0,0
Female,0,No,No,31,Yes,Yes,No,No internet service,No internet service,No internet service,No internet service,No internet service,No internet service,One year,Yes,Mailed check,43.55,1364.73,No,44.023548387096774,-0.47354838709677693,2,Established,Medium,1,0,0,0
Male,0,No,No,61,Yes,No,No,No internet service,No internet service,No internet service,No internet service,No internet service,No internet service,Two year,No,Credit card,28.25,1693.28,No,27.758688524590163,0.49131147540983733,1,Loyal,Low,0,0,0,0
Female,0,No,Yes,1,Yes,Yes,Fiber optic,No,Yes,No,No,No,Yes,Month-to-month,No,Bank transfer,88.14,202.65,No,202.65,-114.51,4,New,High,2,0,0,0
Male,0,No,No,23,Yes,No,DSL,No,No,No,Yes,No,No,Two year,No,Electronic check,50.74,1239.6,No,53.89565217391304,-3.1556521739130403,2,Developing,Medium,0,1,1,0
Male,0,Yes,No,40,Yes,No,Fiber optic,No,Yes,Yes,No,No,No,Two year,No,Mailed check,81.9,3335.09,No,83.37725,-1.477249999999998,3,Established,High,0,0,0,0
Female,0,No,No,48,Yes,No,No,No internet service,No internet service,No internet service,No internet service,No internet service,No internet service,Month-to-month,No,Mailed check,26.49,1276.13,No,26.58604166666667,-0.09604166666667169,1,Established,Low,2,0,0,0
Female,0,No,No,46,Yes,Yes,Fiber optic,No,No,No,Yes,Yes,No,Month-to-month,No,Electronic check,84.87,3860.88,No,83.93217391304348,0.9378260869565196,4,Established,High,2,1,1,0
Male,0,Yes,No,27,Yes,Yes,DSL,No,No,Yes,Yes,No,No,Month-to-month,Yes,Mailed check,60.31,1473.59,No,54.57740740740741,5.732592592592596,4,Established,Medium,2,0,1,0
Female,0,Yes,No,63,Yes,No,DSL,No,No,No,No,No,No,Month-to-month,No,Bank transfer,42.46,2716.89,No,43.125238095238096,-0.6652380952380952,1,Loyal,Medium,2,0,0,0
Female,0,No,No,47,Yes,Yes,Fiber optic,Yes,No,Yes,No,No,No,One year,Yes,Bank transfer,86.39,4033.67,No,85.8227659574468,0.5672340425531956,4,Established,High,1,0,0,1
Male,0,Yes,Yes,39,Yes,No,DSL,Yes,No,No,No,Yes,Yes,Month-to-month,Yes,Mailed check,62.55,2457.16,No,63.00410256410256,-0.45410256410256267,4,Established,Medium,2,0,0,1
Male,0,No,No,68,Yes,No,DSL,Yes,Yes,No,No,Yes,Yes,Month-to-month,No,Bank transfer,69.28,4908.41,No,72.1825,-2.9025000000000034,5,Loyal,Medium,2,0,0,1
Male,0,Yes,Yes,7,Yes,No,Fiber optic,No,Yes,No,No,Yes,Yes,One year,Yes,Mailed check,88.39,718.78,No,102.68285714285715,-14.292857142857144,4,New,High,1,0,0,0
Male,0,No,No,52,Yes,Yes,Fiber optic,No,Yes,No,Yes,No,Yes,Month-to-month,No,Bank transfer,95.05,4978.41,Yes,95.73865384615384,-0.6886538461538407,5,Loyal,High,2,0,1,0
Male,0,Yes,No,67,Yes,Yes,DSL,Yes,Yes,No,Yes,Yes,No,Two year,No,Electronic check,71.15,4758.98,No,71.02955223880596,0.12044776119404332,6,Loyal,High,0,1,1,1
Female,1,No,No,48,Yes,No,No,No internet service,No internet service,No internet service,No internet service,No internet service,No internet service,One year,No,Mailed check,34.81,1733.34,No,36.11125,-1.301249999999996,1,Established,Low,1,0,0,0
Male,0,Yes,No,41,Yes,No,DSL,No,No,No,No,No,Yes,Month-to-month,Yes,Mailed check,57.98,2449.61,No,59.74658536585366,-1.7665853658536648,2,Established,Medium,2,0,0,0
Male,0,Yes,No,27,Yes,Yes,DSL,No,Yes,Yes,No,No,Yes,Month-to-month,No,Mailed check,72.16,1917.33,No,71.01222222222222,1.147777777777776,5,Established,High,2,0,0,0
Male,0,Yes,No,20,Yes,No,DSL,Yes,Yes,No,No,No,Yes,Month-to-month,No,Bank transfer,65.94,1297.87,No,64.89349999999999,1.0465000000000089,4,Developing,Medium,2,0,0,1
Male,0,Yes,No,40,Yes,No,DSL,No,No,No,Yes,Yes,Yes,Two year,No,Mailed check,60.46,2437.17,No,60.92925,-0.4692500000000024,4,Established,Medium,0,0,1,0
Female,0,No,No,65,Yes,No,Fiber optic,No,No,No,No,No,No,Month-to-month,Yes,Mailed check,67.66,4337.37,No,66.72876923076923,0.9312307692307655,1,Loyal,Medium,2,0,0,0
Male,0,No,Yes,34,Yes,No,DSL,No,No,Yes,Yes,Yes,No,Two year,No,Mailed check,61.11,2022.81,No,59.49441176470588,1.615588235294119,4,Established,Medium,0,0,1,0
Female,0,Yes,No,9,Yes,No,No,No internet service,No internet service,No internet service,No internet service,No internet service,No internet service,Two year,Yes,Bank transfer,22.32,110.68,No,12.297777777777778,10.022222222222222,1,New,Low,0,0,0,0
Male,0,No,No,35,Yes,Yes,No,No internet service,No internet service,No internet service,No internet service,No internet service,No internet service,Month-to-month,Yes,Bank transfer,33.49,1311.51,No,37.471714285714285,-3.9817142857142827,2,Established,Low,2,0,0,0
Female,0,Yes,Yes,8,No,No phone service,DSL,No,Yes,No,No,No,No,One year,No,Bank transfer,52.09,308.84,No,38.605,13.485000000000007,1,New,Medium,1,0,0,0
Female,0,Yes,No,68,Yes,No,Fiber optic,No,No,Yes,No,Yes,Yes,One year,Yes,Credit card,89.43,5976.28,No,87.88647058823528,1.5435294117647231,4,Loyal,High,1,0,0,0
Female,1,No,No,39,Yes,No,Fiber optic,Yes,No,No,No,No,Yes,Month-to-month,Yes,Bank transfer,88.12,3254.09,No,83.43820512820513,4.681794871794878,3,Established,High,2,0,0,1
Male,1,No,No,16,Yes,No,No,No internet service,No internet service,No internet service,No internet service,No internet service,No internet service,Two year,No,Electronic check,33.85,591.08,No,36.9425,-3.092500000000001,1,Developing,Low,0,1,0,0
Male,1,No,No,45,Yes,No,DSL,Yes,Yes,No,Yes,Yes,No,Month-to-month,No,Credit card,64.23,2814.59,No,62.54644444444445,1.6835555555555572,5,Established,Medium,2,0,1,1
Female,1,Yes,No,39,Yes,Yes,Fiber optic,No,No,No,No,Yes,Yes,Two year,No,Electronic check,91.15,3615.45,No,92.70384615384614,-1.5538461538461377,4,Established,High,0,1,0,0
Female,0,Yes,No,37,Yes,No,DSL,No,No,No,No,Yes,No,One year,Yes,Bank transfer,51.41,1898.26,No,51.30432432432433,0.10567567567566982,2,Established,Medium,1,0,0,0
Female,0,No,No,43,Yes,Yes,DSL,No,No,Yes,No,Yes,No,Month-to-month,No,Credit card,68.73,3057.2,No,71.09767441860464,-2.3676744186046363,4,Established,Medium,2,0,0,0
Female,0,Yes,Yes,67,Yes,No,No,No internet service,No internet service,No internet service,No internet service,No internet service,No internet service,Month-to-month,Yes,Electronic check,29.88,1933.94,No,28.864776119402986,1.0152238805970129,1,Loyal,Low,2,1,0,0
Male,0,Yes,No,62,Yes,No,DSL,No,Yes,No,Yes,Yes,Yes,Month-to-month,Yes,Electronic check,76.66,4757.62,No,76.7358064516129,-0.07580645161290533,5,Loyal,High,2,1,1,0
Female,0,No,Yes,19,Yes,No,Fiber optic,Yes,No,No,No,No,Yes,Month-to-month,Yes,Electronic check,82.83,1662.67,No,87.50894736842106,-4.678947368421063,3,Developing,High,2,1,0,1
Female,1,No,Yes,18,Yes,No,DSL,No,Yes,No,Yes,Yes,No,One year,Yes,Credit card,66.31,1290.77,No,71.70944444444444,-5.399444444444441,4,Developing,Medium,1,0,1,0
Female,0,Yes,No,72,Yes,Yes,No,No internet service,No internet service,No internet service,No internet service,No internet service,No internet service,Month-to-month,No,Mailed check,32.43,2421.87,No,33.63708333333333,-1.2070833333333297,2,Loyal,Low,2,0,0,0
Female,0,Yes,Yes,47,Yes,No,Fiber optic,No,No,Yes,Yes,No,No,Two year,Yes,Bank transfer,74.14,3528.93,No,75.0836170212766,-0.9436170212765944,3,Established,High,0,0,1,0
Male,0,No,No,2,Yes,Yes,DSL,Yes,Yes,Yes,Yes,No,Yes,Month-to-month,No,Electronic check,82.68,163.31,Yes,81.655,1.0250000000000057,7,New,High,2,1,1,1
Male,0,Yes,No,39,Yes,No,Fiber optic,No,No,Yes,No,Yes,No,Month-to-month,Yes,Electronic check,82.59,3267.74,No,83.78820512820512,-1.1982051282051174,3,Established,High,2,1,0,0
Female,0,Yes,Yes,9,Yes,Yes,DSL,No,Yes,No,No,No,Yes,Month-to-month,Yes,Electronic check,67.21,500.12,Yes,55.56888888888889,11.641111111111101,4,New,Medium,2,1,0,0
Male,0,Yes,No,3,Yes,No,DSL,No,No,Yes,No,Yes,No,Month-to-month,No,Credit card,63.66,160.79,No,53.596666666666664,10.063333333333333,3,New,Medium,2,0,0,0
Female,0,No,No,14,No,No phone service,Fiber optic,No,Yes,No,Yes,No,Yes,One year,Yes,Electronic check,80.35,1237.73,No,88.40928571428572,-8.059285714285721,3,Developing,High,1,1,1,0
Female,0,No,No,19,Yes,Yes,No,No internet service,No internet service,No internet service,No internet service,No internet service,No internet service,Month-to-month,Yes,Credit card,38.32,801.89,No,42.20473684210526,-3.884736842105262,2,Developing,Low,2,0,0,0
Female,1,Yes,No,6,Yes,No,Fiber optic,No,No,Yes,No,Yes,Yes,One year,Yes,Bank transfer,93.09,460.96,No,76.82666666666667,16.263333333333335,4,New,High,1,0,0,0
Female,0,Yes,No,61,Yes,No,DSL,Yes,No,No,Yes,Yes,No,Month-to-month,Yes,Credit card,62.41,3835.17,No,62.8716393442623,-0.46163934426230213,4,Loyal,Medium,2,0,1,1
Female,0,No,Yes,32,Yes,Yes,DSL,No,Yes,No,Yes,Yes,Yes,Month-to-month,No,Mailed check,74.6,2315.06,Yes,72.345625,2.254374999999996,6,Established,High,2,0,1,0
Male,0,No,Yes,40,Yes,No,Fiber optic,Yes,Yes,Yes,No,No,Yes,Month-to-month,Yes,Mailed check,99.91,3973.63,No,99.34075,0.5692499999999967,5,Established,High,2,0,0,1
Male,0,No,No,63,Yes,No,DSL,No,Yes,Yes,Yes,Yes,No,Month-to-month,Yes,Electronic check,69.54,4499.55,No,71.42142857142858,-1.8814285714285717,5,Loyal,Medium,2,1,1,0
Male,0,Yes,Yes,61,Yes,No,Fiber optic,No,Yes,No,No,No,Yes,Month-to-month,Yes,Mailed check,83.15,4926.58,No,80.76360655737705,2.3863934426229605,3,Loyal,High,2,0,0,0
Female,1,No,No,60,No,No phone service,Fiber optic,No,No,No,No,Yes,Yes,One year,No,Bank transfer,72.07,4222.0,No,70.36666666666666,1.7033333333333331,2,Loyal,High,1,0,0,0
Female,0,No,No,15,Yes,Yes,No,No internet service,No internet service,No internet service,No internet service,No internet service,No internet service,Month-to-month,No,Electronic check,35.99,551.94,No,36.79600000000001,-0.8060000000000045,2,Developing,Low,2,1,0,0
Female,0,No,No,54,Yes,Yes,Fiber optic,No,No,No,No,Yes,Yes,Month-to-month,Yes,Credit card,92.29,5021.23,No,92.98574074074074,-0.6957407407407317,4,Loyal,High,2,0,0,0
Female,0,Yes,No,72,Yes,Yes,No,No internet service,No internet service,No internet service,No internet service,No internet service,No internet service,Month-to-month,Yes,Electronic check,31.25,2225.91,No,30.915416666666665,0.33458333333333456,2,Loyal,Low,2,1,0,0
Female,0,No,No,1,Yes,No,Fiber optic,No,No,No,No,Yes,No,Month-to-month,Yes,Electronic check,79.95,172.64,Yes,172.64,-92.68999999999998,2,New,High,2,1,0,0
Male,0,Yes,Yes,63,Yes,Yes,Fiber optic,Yes,No,No,No,Yes,No,Two year,No,Bank transfer,87.98,5524.44,No,87.6895238095238,0.2904761904761983,4,Loyal,High,0,0,0,1
Male,0,Yes,No,63,Yes,Yes,DSL,No,No,No,No,No,Yes,Two year,Yes,Mailed check,51.16,3244.79,No,51.504603174603176,-0.34460317460317924,3,Loyal,Medium,0,0,0,0
Male,1,Yes,No,61,Yes,Yes,Fiber optic,No,No,No,Yes,Yes,No,One year,Yes,Electronic check,86.9,5305.53,No,86.97590163934426,-0.0759016393442522,4,Loyal,High,1,1,1,0
Male,0,No,No,29,Yes,No,DSL,No,No,Yes,No,No,No,Month-to-month,No,Credit card,54.87,1570.82,No,54.16620689655172,0.7037931034482767,2,Established,Medium,2,0,0,0
Male,0,Yes,No,15,Yes,Yes,DSL,No,No,No,No,Yes,No,Month-to-month,No,Electronic check,56.41,905.89,Yes,60.39266666666666,-3.982666666666667,3,Developing,Medium,2,1,0,0
Male,0,No,No,53,Yes,No,Fiber optic,Yes,Yes,No,No,No,Yes,Month-to-month,Yes,Mailed check,96.67,5058.91,Yes,95.45113207547169,1.2188679245283112,4,Loyal,High,2,0,0,1
Female,0,Yes,Yes,45,Yes,Yes,DSL,No,No,No,No,No,Yes,Two year,Yes,Electronic check,61.91,2889.39,No,64.20866666666666,-2.298666666666662,3,Established,Medium,0,1,0,0
Male,1,Yes,No,53,Yes,No,No,No internet service,No internet service,No internet service,No internet service,No internet service,No internet service,Month-to-month,Yes,Electronic check,36.95,2035.56,No,38.40679245283019,-1.4567924528301859,1,Loyal,Low,2,1,0,0
Male,0,Yes,No,19,Yes,No,No,No internet service,No internet service,No internet service,No internet service,No internet service,No internet service,Month-to-month,Yes,Mailed check,23.59,526.67,No,27.719473684210524,-4.129473684210524,1,Developing,Low,2,0,0,0
Male,0,No,Yes,13,Yes,No,Fiber optic,No,No,No,No,Yes,Yes,One year,No,Credit card,79.16,1211.63,No,93.2023076923077,-14.042307692307702,3,Developing,High,1,0,0,0
Male,0,Yes,No,65,Yes,No,Fiber optic,No,Yes,Yes,Yes,No,No,One year,No,Mailed check,84.04,5496.32,No,84.55876923076923,-0.5187692307692231,4,Loyal,High,1,0,1,0
Female,0,Yes,Yes,38,Yes,No,DSL,No,No,Yes,Yes,Yes,Yes,Month-to-month,No,Electronic check,64.93,2477.27,No,65.19131578947368,-0.2613157894736702,5,Established,Medium,2,1,1,0
Male,0,Yes,Yes,62,Yes,Yes,DSL,Yes,No,Yes,Yes,Yes,No,Month-to-month,Yes,Electronic check,73.17,4574.0,No,73.7741935483871,-0.6041935483871015,6,Loyal,High,2,1,1,1
Female,0,Yes,Yes,67,Yes,No,DSL,No,No,No,No,No,No,Two year,No,Credit card,52.35,3474.59,No,51.859552238805975,0.49044776119402655,1,Loyal,Medium,0,0,0,0
Male,0,No,No,34,Yes,No,Fiber optic,Yes,Yes,No,No,Yes,No,Month-to-month,Yes,Electronic check,85.77,2909.34,No,85.56882352941177,0.20117647058822286,4,Established,High,2,1,0,1
Male,0,Yes,Yes,19,Yes,No,No,No internet service,No internet service,No internet service,No internet service,No internet service,No internet service,Two year,Yes,Bank transfer,21.63,344.44,No,18.12842105263158,3.5015789473684187,1,Developing,Low,0,0,0,0
Male,0,Yes,Yes,65,Yes,No,DSL,No,No,Yes,No,No,Yes,Month-to-month,Yes,Electronic check,59.21,3957.4,No,60.88307692307693,-1.673076923076927,3,Loyal,Medium,2,1,0,0
Female,0,No,No,52,Yes,No,DSL,No,No,No,No,No,Yes,Two year,Yes,Electronic check,58.29,2950.64,No,56.74307692307692,1.546923076923079,2,Loyal,Medium,0,1,0,0
Male,0,Yes,No,48,Yes,Yes,DSL,Yes,No,Yes,No,Yes,No,Two year,Yes,Electronic check,62.52,2935.55,No,61.15729166666667,1.3627083333333303,5,Established,Medium,0,1,0,1
Male,0,Yes,Yes,69,Yes,No,Fiber optic,No,Yes,Yes,No,No,No,Month-to-month,Yes,Electronic check,74.6,5130.42,No,74.35391304347826,0.2460869565217365,3,Loyal,High,2,1,0,0
Female,0,Yes,Yes,18,Yes,Yes,DSL,Yes,No,No,Yes,No,Yes,One year,Yes,Mailed check,70.22,1175.75,No,65.31944444444444,4.900555555555556,5,Developing,High,1,0,1,1
Female,0,Yes,No,26,Yes,No,Fiber optic,No,Yes,Yes,No,No,No,Month-to-month,Yes,Mailed check,75.21,1903.39,No,73.2073076923077,2.0026923076922998,3,Established,High,2,0,0,0
Male,0,No,No,3,Yes,Yes,DSL,No,Yes,Yes,No,No,Yes,Month-to-month,Yes,Credit card,69.33,179.6,No,59.86666666666667,9.463333333333331,5,New,Medium,2,0,0,0
Male,0,Yes,No,28,Yes,No,DSL,No,No,Yes,No,No,No,Month-to-month,No,Electronic check,56.76,1652.93,No,59.03321428571429,-2.273214285714289,2,Established,Medium,2,1,0,0
Male,0,Yes,Yes,33,Yes,No,Fiber optic,No,No,No,No,No,No,One year,Yes,Mailed check,68.49,2144.4,No,64.98181818181818,3.5081818181818107,1,Established,Medium,1,0,0,0
Male,1,No,No,33,Yes,Yes,No,No internet service,No internet service,No internet service,No internet service,No internet service,No internet service,Month-to-month,Yes,Mailed check,36.83,1173.68,No,35.56606060606061,1.2639393939393884,2,Established,Low,2,0,0,0
Female,0,Yes,No,11,Yes,No,DSL,No,Yes,No,No,No,Yes,Month-to-month,No,Electronic check,60.12,685.33,No,62.302727272727275,-2.182727272727277,3,New,Medium,2,1,0,0
Male,0,No,Yes,59,Yes,No,DSL,No,No,Yes,No,No,No,Two year,Yes,Electronic check,47.83,2862.02,No,48.508813559322036,-0.6788135593220375,2,Loyal,Medium,0,1,0,0
Female,0,No,Yes,36,Yes,Yes,DSL,No,No,No,No,No,No,Two year,Yes,Electronic check,48.78,1963.61,No,54.54472222222222,-5.764722222222218,2,Established,Medium,0,1,0,0
Male,0,Yes,No,32,Yes,No,Fiber optic,No,No,No,No,Yes,No,Month-to-month,Yes,Electronic check,80.98,2708.41,Yes,84.6378125,-3.6578124999999915,2,Established,High,2,1,0,0
Female,0,Yes,No,63,Yes,Yes,Fiber optic,No,No,Yes,No,No,No,Month-to-month,No,Mailed check,82.2,5310.77,No,84.29793650793651,-2.0979365079365095,3,Loyal,High,2,0,0,0
Male,0,Yes,Yes,36,Yes,Yes,Fiber optic,No,No,Yes,No,No,No,Month-to-month,Yes,Electronic check,82.84,2859.42,No,79.42833333333334,3.4116666666666617,3,Established,High,2,1,0,0
Female,0,Yes,No,65,Yes,No,Fiber optic,Yes,Yes,Yes,No,No,Yes,Month-to-month,No,Mailed check,91.86,5997.7,No,92.27230769230769,-0.41230769230769226,5,Loyal,High,2,0,0,1
Male,0,Yes,No,17,No,No phone service,No,No internet service,No internet service,No internet service,No internet service,No internet service,No internet service,Two year,Yes,Mailed check,19.49,381.65,No,22.45,-2.960000000000001,0,Developing,Low,0,0,0,0
Female,1,No,No,62,Yes,No,DSL,Yes,Yes,No,No,Yes,Yes,Two year,No,Mailed check,70.78,4290.55,No,69.20241935483871,1.5775806451612908,5,Loyal,High,0,0,0,1
Female,0,Yes,Yes,72,Yes,Yes,DSL,No,No,No,No,Yes,No,Month-to-month,No,Electronic check,55.53,3979.29,No,55.267916666666665,0.26208333333333655,3,Loyal,Medium,2,1,0,0
Male,0,Yes,No,55,Yes,Yes,Fiber optic,No,No,No,No,No,No,Month-to-month,No,Mailed check,78.56,4385.73,No,79.74054545454544,-1.1805454545454381,2,Loyal,High,2,0,0,0
Female,1,Yes,No,65,No,No phone service,Fiber optic,No,No,No,No,No,No,Month-to-month,No,Mailed check,57.99,3838.88,No,59.05969230769231,-1.069692307692307,0,Loyal,Medium,2,0,0,0
Male,1,No,No,54,Yes,Yes,DSL,Yes,No,No,No,Yes,No,Month-to-month,No,Credit card,74.3,4114.28,No,76.19037037037036,-1.8903703703703627,4,Loyal,High,2,0,0,1
Male,0,No,No,44,Yes,No,No,No internet service,No internet service,No internet service,No internet service,No internet service,No internet service,Month-to-month,Yes,Electronic check,30.45,1350.39,No,30.69068181818182,-0.24068181818181955,1,Established,Low,2,1,0,0
Male,0,Yes,No,55,No,No phone service,Fiber optic,Yes,No,No,No,No,No,Month-to-month,Yes,Electronic check,68.13,3703.94,No,67.34436363636364,0.7856363636363568,1,Loyal,Medium,2,1,0,1
Female,0,No,No,70,Yes,No,No,No internet service,No internet service,No internet service,No internet service,No internet service,No internet service,Month-to-month,No,Credit card,23.74,1710.4,No,24.434285714285714,-0.6942857142857157,1,Loyal,Low,2,0,0,0
Female,0,Yes,No,44,Yes,No,No,No internet service,No internet service,No internet service,No internet service,No internet service,No internet service,Month-to-month,Yes,Electronic check,32.42,1442.74,No,32.789545454545454,-0.3695454545454524,1,Established,Low,2,1,0,0
Female,0,No,No,50,Yes,No,Fiber optic,No,No,No,No,Yes,No,Two year,Yes,Electronic check,75.1,3792.59,No,75.8518,-0.7518000000000029,2,Loyal,High,0,1,0,0
Male,0,No,No,6,Yes,No,No,No internet service,No internet service,No internet service,No internet service,No internet service,No internet service,One year,Yes,Credit card,30.42,33.7,No,5.616666666666667,24.803333333333335,1,New,Low,1,0,0,0
Male,0,No,No,70,Yes,Yes,Fiber optic,No,No,No,No,Yes,No,Month-to-month,No,Mailed check,81.33,5693.67,No,81.33814285714286,-0.008142857142857451,3,Loyal,High,2,0,0,0
Male,0,Yes,No,56,Yes,No,Fiber optic,No,No,Yes,No,Yes,No,Month-to-month,No,Bank transfer,74.34,4197.28,No,74.95142857142856,-0.6114285714285614,3,Loyal,High,2,0,0,0
Male,0,Yes,No,12,Yes,No,Fiber optic,Yes,No,Yes,Yes,Yes,Yes,Two year,No,Electronic check,105.17,1262.51,No,105.20916666666666,-0.039166666666659467,6,New,Very High,0,1,1,1
Female,0,No,Yes,21,Yes,No,No,No internet service,No internet service,No internet service,No internet service,No internet service,No internet service,Month-to-month,Yes,Electronic check,30.32,626.33,Yes,29.8252380952381,0.4947619047619014,1,Developing,Low,2,1,0,0
Female,0,Yes,Yes,17,Yes,Yes,Fiber optic,Yes,Yes,No,No,Yes,No,Two year,No,Electronic check,92.43,1560.81,No,91.81235294117647,0.6176470588235361,5,Developing,High,0,1,0,1
Female,0,Yes,No,24,Yes,Yes,Fiber optic,Yes,Yes,Yes,No,No,No,Month-to-month,Yes,Bank transfer,99.86,2326.67,No,96.94458333333334,2.9154166666666583,5,Developing,High,2,0,0,1
Female,1,No,No,64,Yes,Yes,DSL,Yes,Yes,Yes,No,No,No,Two year,No,Mailed check,67.93,4416.56,No,69.00875,-1.0787499999999994,5,Loyal,Medium,0,0,0,1
Female,0,No,No,34,Yes,Yes,No,No internet service,No internet service,No internet service,No internet service,No internet service,No internet service,Month-to-month,Yes,Bank transfer,39.84,1331.09,No,39.14970588235294,0.6902941176470634,2,Established,Low,2,0,0,0
Female,0,No,No,31,Yes,Yes,Fiber optic,No,Yes,No,No,Yes,No,Two year,No,Credit card,82.47,2355.7,No,75.99032258064516,6.479677419354843,4,Established,High,0,0,0,0
Female,0,No,No,57,Yes,Yes,Fiber optic,Yes,No,No,No,No,Yes,Month-to-month,No,Credit card,87.69,4949.48,No,86.83298245614034,0.857017543859655,4,Loyal,High,2,0,0,1
Female,0,No,Yes,27,Yes,Yes,Fiber optic,No,No,No,Yes,No,No,Two year,Yes,Electronic check,80.83,2121.29,No,78.5662962962963,2.2637037037036976,3,Established,High,0,1,1,0
Male,0,Yes,Yes,64,Yes,Yes,Fiber optic,No,No,No,No,No,No,One year,Yes,Mailed check,73.05,4649.2,No,72.64375,0.40625,2,Loyal,High,1,0,0,0
Male,0,No,Yes,55,No,No phone service,DSL,Yes,No,No,No,No,No,Month-to-month,Yes,Bank transfer,39.46,2118.52,No,38.51854545454545,0.9414545454545475,1,Loyal,Low,2,0,0,1
Male,0,No,Yes,19,Yes,No,Fiber optic,Yes,No,Yes,No,No,Yes,One year,Yes,Bank transfer,87.59,1655.45,No,87.12894736842105,0.4610526315789514,4,Developing,High,1,0,0,1
Female,0,No,No,46,Yes,No,DSL,Yes,No,Yes,No,Yes,Yes,Month-to-month,No,Credit card,69.3,3203.61,No,69.64369565217392,-0.3436956521739205,5,Established,Medium,2,0,0,1
Female,0,Yes,No,35,Yes,No,DSL,No,No,No,No,Yes,Yes,Month-to-month,No,Bank transfer,59.22,2009.38,No,57.41085714285715,1.8091428571428523,3,Established,Medium,2,0,0,0
Female,0,Yes,Yes,25,Yes,Yes,DSL,No,No,No,Yes,Yes,No,Month-to-month,No,Bank transfer,62.96,1578.16,No,63.126400000000004,-0.166400000000003,4,Established,Medium,2,0,1,0
Female,0,No,No,66,No,No phone service,Fiber optic,Yes,Yes,No,No,Yes,No,One year,No,Electronic check,83.08,5536.44,No,83.88545454545454,-0.8054545454545377,3,Loyal,High,1,1,0,1
Male,1,Yes,No,29,Yes,No,DSL,Yes,No,No,No,No,No,Two year,Yes,Mailed check,46.02,1306.07,No,45.03689655172413,0.9831034482758696,2,Established,Medium,0,0,0,1
Male,0,Yes,No,9,Yes,No,Fiber optic,Yes,No,No,No,Yes,No,Month-to-month,Yes,Bank transfer,82.22,792.74,Yes,88.08222222222223,-5.862222222222229,3,New,High,2,0,0,1
Female,0,No,No,30,Yes,Yes,No,No internet service,No internet service,No internet service,No internet service,No internet service,No internet service,One year,Yes,Bank transfer,33.2,1101.87,No,36.729,-3.5289999999999964,2,Established,Low,1,0,0,0
Female,0,Yes,Yes,38,Yes,Yes,Fiber optic,No,Yes,No,No,Yes,No,Two year,No,Bank transfer,86.88,3226.03,No,84.89552631578948,1.9844736842105135,4,Established,High,0,0,0,0
Female,0,Yes,No,10,Yes,Yes,No,No internet service,No internet service,No internet service,No internet service,No internet service,No internet service,One year,No,Mailed check,26.29,286.55,No,28.655,-2.365000000000002,2,New,Low,1,0,0,0
Female,0,Yes,Yes,54,Yes,Yes,Fiber optic,No,No,No,No,Yes,Yes,Month-to-month,No,Mailed check,90.84,5068.21,No,93.85574074074074,-3.015740740740739,4,Loyal,High,2,0,0,0
Male,0,Yes,Yes,17,Yes,Yes,DSL,No,No,No,No,No,No,Month-to-month,Yes,Credit card,50.54,878.42,No,51.67176470588235,-1.131764705882354,2,Developing,Medium,2,0,0,0
Male,0,No,Yes,7,Yes,No,Fiber optic,Yes,Yes,Yes,No,No,No,Month-to-month,No,Electronic check,86.11,536.67,Yes,76.66714285714285,9.44285714285715,4,New,High,2,1,0,1
Male,0,Yes,No,39,Yes,Yes,Fiber optic,Yes,No,Yes,No,No,No,Month-to-month,Yes,Bank transfer,99.29,3911.4,Yes,100.29230769230769,-1.0023076923076815,4,Established,High,2,0,0,1
Male,0,Yes,Yes,12,No,No phone service,No,No internet service,No internet service,No internet service,No internet service,No internet service,No internet service,Month-to-month,Yes,Bank transfer,20.69,234.84,No,19.57,1.120000000000001,0,New,Low,2,0,0,0
Male,0,Yes,No,57,No,No phone service,DSL,No,No,No,Yes,No,No,One year,No,Mailed check,44.86,2455.73,No,43.08298245614035,1.7770175438596496,1,Loyal,Medium,1,0,1,0
Male,0,Yes,Yes,5,Yes,No,No,No internet service,No internet service,No internet service,No internet service,No internet service,No internet service,One year,No,Mailed check,24.87,110.78,No,22.156,2.714000000000002,1,New,Low,1,0,0,0
Male,0,Yes,Yes,31,Yes,Yes,Fiber optic,No,Yes,No,No,No,No,One year,Yes,Mailed check,82.7,2472.04,No,79.7432258064516,2.956774193548398,3,Established,High,1,0,0,0
Male,1,Yes,No,4,No,No phone service,No,No internet service,No internet service,No internet service,No internet service,No internet service,No internet service,Month-to-month,Yes,Credit card,19.55,18.0,No,4.5,15.05,0,New,Low,2,0,0,0
Female,0,No,No,28,Yes,Yes,DSL,No,No,No,No,No,No,Month-to-month,Yes,Electronic check,49.69,1460.72,Yes,52.16857142857143,-2.478571428571435,2,Established,Medium,2,1,0,0
Male,0,Yes,Yes,68,Yes,Yes,Fiber optic,No,No,No,No,Yes,Yes,One year,No,Credit card,87.36,5753.27,No,84.60691176470588,2.753088235294115,4,Loyal,High,1,0,0,0
Male,0,Yes,No,47,Yes,Yes,DSL,No,No,No,No,Yes,Yes,Month-to-month,No,Bank transfer,68.9,3350.05,No,71.27765957446809,-2.3776595744680833,4,Established,Medium,2,0,0,0
Male,0,Yes,Yes,39,Yes,Yes,No,No internet service,No internet service,No internet service,No internet service,No internet service,No internet service,Two year,No,Mailed check,32.31,1305.58,No,33.476410256410254,-1.166410256410252,2,Established,Low,0,0,0,0
Male,0,Yes,No,12,Yes,Yes,DSL,Yes,Yes,Yes,No,No,Yes,Month-to-month,Yes,Electronic check,71.23,974.33,Yes,81.19416666666667,-9.96416666666667,6,New,High,2,1,0,1
Male,0,Yes,Yes,23,Yes,No,Fiber optic,No,No,No,No,No,No,Month-to-month,Yes,Electronic check,75.27,1864.44,No,81.06260869565217,-5.792608695652177,1,Developing,High,2,1,0,0
Male,0,Yes,No,28,Yes,No,Fiber optic,No,Yes,No,Yes,No,Yes,One year,Yes,Electronic check,93.12,2697.28,No,96.33142857142857,-3.21142857142857,4,Established,High,1,1,1,0
Female,0,Yes,No,42,Yes,Yes,Fiber optic,No,No,No,No,Yes,No,One year,No,Electronic check,80.28,3337.51,No,79.46452380952381,0.8154761904761898,3,Established,High,1,1,0,0
Male,0,Yes,Yes,15,Yes,Yes,Fiber optic,No,No,No,Yes,No,No,Month-to-month,No,Electronic check,86.23,1243.85,Yes,82.92333333333333,3.306666666666672,3,Developing,High,2,1,1,0
Male,1,No,Yes,72,Yes,Yes,Fiber optic,No,No,No,No,No,Yes,One year,Yes,Credit card,77.44,5584.77,No,77.56625000000001,-0.12625000000001307,3,Loyal,High,1,0,0,0
Male,0,Yes,No,47,No,No phone service,DSL,No,Yes,Yes,No,No,Yes,Month-to-month,No,Bank transfer,51.19,2485.45,Yes,52.881914893617015,-1.6919148936170174,3,Established,Medium,2,0,0,0
Female,1,No,No,23,Yes,No,Fiber optic,Yes,No,Yes,Yes,No,Yes,Month-to-month,No,Credit card,87.14,2155.67,No,93.72478260869566,-6.584782608695662,5,Developing,High,2,0,1,1
Male,0,No,No,9,Yes,Yes,Fiber optic,No,No,No,No,No,No,Month-to-month,No,Mailed check,74.99,594.55,Yes,66.0611111111111,8.928888888888892,2,New,High,2,0,0,0
Female,1,Yes,No,43,Yes,No,Fiber optic,No,No,No,No,No,No,One year,No,Bank transfer,69.99,3074.49,No,71.49976744186046,-1.5097674418604612,1,Established,Medium,1,0,0,0
Female,0,Yes,Yes,33,Yes,No,DSL,Yes,No,Yes,No,No,Yes,One year,Yes,Credit card,57.97,1916.21,No,58.0669696969697,-0.09696969696970115,4,Established,Medium,1,0,0,1
Male,0,Yes,No,49,Yes,No,Fiber optic,Yes,No,No,No,No,No,Month-to-month,Yes,Electronic check,73.25,3592.63,No,73.31897959183674,-0.06897959183673663,2,Loyal,High,2,1,0,1
Male,0,Yes,Yes,43,Yes,Yes,No,No internet service,No internet service,No internet service,No internet service,No internet service,No internet service,One year,Yes,Bank transfer,31.21,1394.06,No,32.42,-1.2100000000000009,2,Established,Low,1,0,0,0
Male,1,No,No,47,Yes,Yes,No,No internet service,No internet service,No internet service,No internet service,No internet service,No internet service,One year,Yes,Credit card,35.93,1482.75,No,31.54787234042553,4.3821276595744685,2,Established,Low,1,0,0,0
Female,0,Yes,Yes,61,Yes,Yes,No,No internet service,No internet service,No internet service,No internet service,No internet service,No internet service,Month-to-month,No,Credit card,35.46,2165.35,No,35.497540983606555,-0.037540983606554335,2,Loyal,Low,2,0,0,0
Male,0,No,No,38,Yes,No,Fiber optic,Yes,Yes,Yes,Yes,Yes,No,Month-to-month,Yes,Mailed check,102.55,3797.97,No,99.94657894736842,2.6034210526315746,6,Established,Very High,2,0,1,1
Male,0,Yes,Yes,53,Yes,No,DSL,Yes,No,No,No,No,No,Month-to-month,Yes,Credit card,44.0,2390.79,No,45.109245283018865,-1.1092452830188648,2,Loyal,Medium,2,0,0,1
Male,1,No,No,26,Yes,No,Fiber optic,No,No,No,Yes,Yes,Yes,Month-to-month,No,Mailed check,93.52,2456.56,Yes,94.48307692307692,-0.963076923076926,4,Established,High,2,0,1,0
Male,0,No,No,68,No,No phone service,DSL,No,Yes,Yes,Yes,No,Yes,Two year,No,Electronic check,64.54,4524.24,No,66.53294117647059,-1.9929411764705804,4,Loyal,Medium,0,1,1,0
Female,0,Yes,No,30,Yes,Yes,Fiber optic,Yes,Yes,No,No,No,Yes,Two year,Yes,Electronic check,91.83,2874.51,No,95.81700000000001,-3.987000000000009,5,Established,High,0,1,0,1
Male,0,No,No,49,Yes,No,DSL,No,No,Yes,No,Yes,No,Month-to-month,Yes,Mailed check,56.51,2720.78,No,55.5261224489796,0.9838775510203988,3,Loyal,Medium,2,0,0,0
Female,1,No,No,72,Yes,Yes,No,No internet service,No internet service,No internet service,No internet service,No internet service,No internet service,Month-to-month,Yes,Electronic check,36.3,2635.71,No,36.607083333333335,-0.30708333333333826,2,Loyal,Low,2,1,0,0
Male,0,Yes,No,26,Yes,No,DSL,No,No,No,No,No,No,Month-to-month,Yes,Electronic check,50.01,1429.29,No,54.972692307692306,-4.962692307692308,1,Established,Medium,2,1,0,0
Female,0,Yes,Yes,8,Yes,No,DSL,No,Yes,No,Yes,No,No,Month-to-month,Yes,Electronic check,47.78,420.66,No,52.5825,-4.802500000000002,3,New,Medium,2,1,1,0
Female,0,Yes,No,17,Yes,Yes,No,No internet service,No internet service,No internet service,No internet service,No internet service,No internet service,Month-to-month,Yes,Credit card,33.14,621.35,No,36.550000000000004,-3.4100000000000037,2,Developing,Low,2,0,0,0
Male,1,Yes,No,18,Yes,No,DSL,No,Yes,No,No,Yes,Yes,Month-to-month,No,Credit card,66.73,1333.44,No,74.08,-7.349999999999994,4,Developing,Medium,2,0,0,0
Male,1,No,No,5,No,No phone service,DSL,Yes,No,No,No,Yes,No,Month-to-month,No,Credit card,50.26,370.95,Yes,74.19,-23.93,2,New,Medium,2,0,0,1
Male,0,Yes,No,40,Yes,No,Fiber optic,Yes,No,No,Yes,Yes,Yes,Month-to-month,No,Mailed check,94.09,3781.43,No,94.53575,-0.44574999999998965,5,Established,High,2,0,1,1
Male,0,Yes,No,20,Yes,No,No,No internet service,No internet service,No internet service,No internet service,No internet service,No internet service,Month-to-month,Yes,Credit card,21.47,517.8,No,25.889999999999997,-4.419999999999998,1,Developing,Low,2,0,0,0
Male,0,No,No,7,Yes,Yes,DSL,No,No,No,No,Yes,Yes,Month-to-month,Yes,Mailed check,65.0,530.09,Yes,75.72714285714287,-10.727142857142866,4,New,Medium,2,0,0,0
Female,1,Yes,No,10,Yes,No,Fiber optic,Yes,Yes,No,Yes,No,Yes,Month-to-month,Yes,Mailed check,90.43,1042.81,Yes,104.28099999999999,-13.850999999999985,5,New,High,2,0,1,1
Female,0,No,No,20,Yes,Yes,DSL,No,No,No,Yes,No,Yes,Month-to-month,No,Mailed check,61.43,1240.38,No,62.019000000000005,-0.5890000000000057,4,Developing,Medium,2,0,1,0
Female,0,Yes,No,27,Yes,Yes,Fiber optic,Yes,No,No,No,No,No,Month-to-month,No,Electronic check,86.43,2438.67,Yes,90.32111111111111,-3.891111111111101,3,Established,High,2,1,0,1
Female,0,No,No,71,Yes,Yes,DSL,Yes,No,No,No,No,No,Month-to-month,No,Bank transfer,56.5,3983.43,No,56.10464788732394,0.39535211267605774,3,Loyal,Medium,2,0,0,1
Female,0,No,No,51,Yes,Yes,Fiber optic,No,No,Yes,No,Yes,No,Two year,Yes,Mailed check,85.57,4406.22,No,86.3964705882353,-0.8264705882353098,4,Loyal,High,0,0,0,0
Male,0,Yes,No,52,Yes,Yes,Fiber optic,No,No,Yes,Yes,Yes,No,Month-to-month,Yes,Credit card,101.83,5371.9,No,103.30576923076923,-1.475769230769231,5,Loyal,Very High,2,0,1,0
Male,0,No,No,50,Yes,No,No,No internet service,No internet service,No internet service,No internet service,No internet service,No internet service,One year,Yes,Electronic check,29.79,1550.15,No,31.003,-1.213000000000001,1,Loyal,Low,1,1,0,0
Male,1,Yes,No,58,Yes,No,Fiber optic,No,No,Yes,No,Yes,Yes,Month-to-month,No,Electronic check,89.64,5229.73,No,90.16775862068965,-0.527758620689653,4,Loyal,High,2,1,0,0
Female,0,No,No,23,Yes,No,Fiber optic,No,No,No,No,No,No,Month-to-month,No,Mailed check,69.47,1601.37,Yes,69.62478260869565,-0.15478260869565474,1,Developing,Medium,2,0,0,0
Male,0,No,No,8,Yes,Yes,Fiber optic,No,Yes,Yes,No,No,Yes,Month-to-month,Yes,Electronic check,91.3,793.42,Yes,99.1775,-7.877499999999998,5,New,High,2,1,0,0
Male,0,Yes,No,37,Yes,No,DSL,No,No,No,Yes,No,No,One year,No,Credit card,47.64,1809.9,No,48.91621621621622,-1.2762162162162198,2,Established,Medium,1,0,1,0
Male,0,No,No,1,No,No phone service,DSL,No,No,No,No,No,Yes,Two year,Yes,Mailed check,40.31,54.89,Yes,54.89,-14.579999999999998,1,New,Medium,0,0,0,0
Female,1,No,No,16,Yes,No,Fiber optic,No,No,No,No,Yes,No,Month-to-month,Yes,Mailed check,75.66,1270.4,Yes,79.4,-3.740000000000009,2,Developing,High,2,0,0,0
Female,0,No,Yes,55,Yes,No,DSL,No,No,Yes,No,Yes,No,Month-to-month,Yes,Bank transfer,51.94,2742.53,No,49.86418181818182,2.0758181818181782,3,Loyal,Medium,2,0,0,0
Male,0,No,No,37,Yes,No,DSL,No,No,No,No,Yes,No,One year,No,Mailed check,56.6,2133.67,No,57.66675675675676,-1.0667567567567602,2,Established,Medium,1,0,0,0
Female,0,No,No,50,No,No phone service,Fiber optic,No,Yes,Yes,No,Yes,Yes,Month-to-month,No,Electronic check,83.3,4033.88,No,80.6776,2.622399999999999,4,Loyal,High,2,1,0,0
Female,0,Yes,No,37,Yes,No,DSL,No,No,Yes,No,Yes,No,Month-to-month,Yes,Mailed check,61.43,2207.44,Yes,59.660540540540545,1.7694594594594548,3,Established,Medium,2,0,0,0
Female,0,No,No,40,Yes,Yes,DSL,No,No,Yes,No,No,Yes,Two year,No,Electronic check,61.66,2497.89,No,62.44725,-0.7872500000000002,4,Established,Medium,0,1,0,0
Male,0,No,Yes,22,Yes,Yes,Fiber optic,No,Yes,No,No,No,Yes,Month-to-month,Yes,Bank transfer,90.54,1992.67,Yes,90.5759090909091,-0.03590909090908667,4,Developing,High,2,0,0,0
Male,0,Yes,Yes,16,Yes,No,Fiber optic,No,Yes,Yes,No,No,Yes,Month-to-month,No,Credit card,81.38,1171.49,No,73.218125,8.161874999999995,4,Developing,High,2,0,0,0
Female,0,Yes,No,19,Yes,No,DSL,No,Yes,Yes,No,Yes,Yes,Month-to-month,Yes,Electronic check,67.44,1134.86,No,59.72947368421052,7.71052631578948,5,Developing,Medium,2,1,0,0
Female,0,Yes,No,58,Yes,No,Fiber optic,No,No,Yes,No,No,No,Month-to-month,Yes,Bank transfer,72.91,4205.49,No,72.50844827586207,0.4015517241379314,2,Loyal,High,2,0,0,0
Male,0,Yes,No,71,No,No phone service,DSL,No,No,No,No,No,Yes,Two year,No,Bank transfer,46.0,3124.3,No,44.00422535211268,1.9957746478873233,1,Loyal,Medium,0,0,0,0
Male,1,Yes,Yes,6,Yes,No,No,No internet service,No internet service,No internet service,No internet service,No internet service,No internet service,Month-to-month,Yes,Mailed check,22.97,31.19,No,5.198333333333333,17.771666666666665,1,New,Low,2,0,0,0
Male,0,Yes,No,39,Yes,No,Fiber optic,No,No,Yes,Yes,No,No,Month-to-month,No,Mailed check,85.8,3301.49,No,84.65358974358973,1.1464102564102632,3,Established,High,2,0,1,0
Female,1,No,No,34,Yes,Yes,Fiber optic,No,No,Yes,No,Yes,No,Month-to-month,No,Mailed check,88.9,3094.5,No,91.01470588235294,-2.1147058823529363,4,Established,High,2,0,0,0
Male,0,Yes,No,41,Yes,No,Fiber optic,Yes,Yes,No,No,Yes,No,Month-to-month,No,Mailed check,86.74,3464.34,No,84.49609756097561,2.2439024390243816,4,Established,High,2,0,0,1
Female,0,Yes,Yes,17,Yes,Yes,Fiber optic,Yes,No,No,No,Yes,No,Month-to-month,Yes,Mailed check,83.18,1242.59,No,73.0935294117647,10.0864705882353,4,Developing,High,2,0,0,1
Male,0,No,No,1,Yes,Yes,Fiber optic,No,No,No,No,Yes,Yes,Month-to-month,No,Electronic check,92.22,200.34,No,200.34,-108.12,4,New,High,2,1,0,0
Female,0,Yes,No,15,Yes,No,Fiber optic,No,No,No,No,Yes,No,Month-to-month,Yes,Mailed check,81.38,1289.37,Yes,85.958,-4.578000000000003,2,Developing,High,2,0,0,0
Female,0,Yes,No,14,Yes,No,No,No internet service,No internet service,No internet service,No internet service,No internet service,No internet service,Month-to-month,Yes,Bank transfer,24.26,368.8,No,26.342857142857145,-2.0828571428571436,1,Developing,Low,2,0,0,0
Female,0,No,No,4,Yes,No,No,No internet service,No internet service,No internet service,No internet service,No internet service,No internet service,One year,Yes,Mailed check,25.58,99.64,No,24.91,0.6699999999999982,1,New,Low,1,0,0,0
Female,0,No,No,26,Yes,No,Fiber optic,Yes,No,Yes,No,Yes,No,Month-to-month,No,Credit card,85.94,2401.86,No,92.37923076923077,-6.439230769230775,4,Established,High,2,0,0,1
Male,0,No,No,50,Yes,Yes,No,No internet service,No internet service,No internet service,No internet service,No internet service,No internet service,Two year,Yes,Electronic check,33.71,1711.28,No,34.2256,-0.5155999999999992,2,Loyal,Low,0,1,0,0
Female,0,Yes,No,70,No,No phone service,DSL,Yes,No,Yes,No,Yes,No,Month-to-month,Yes,Mailed check,51.17,3588.78,No,51.26828571428572,-0.09828571428571564,3,Loyal,Medium,2,0,0,1
Female,1,Yes,No,48,Yes,No,Fiber optic,No,Yes,No,No,Yes,No,Month-to-month,No,Bank transfer,83.58,3997.68,No,83.285,0.2950000000000017,3,Established,High,2,0,0,0
Female,1,No,No,13,Yes,No,Fiber optic,Yes,No,Yes,No,Yes,No,Two year,No,Mailed check,91.68,1226.73,No,94.36384615384615,-2.6838461538461473,4,Developing,High,0,0,0,1
Male,0,No,No,27,No,No phone service,DSL,No,No,No,No,No,No,Two year,Yes,Credit card,37.71,959.74,No,35.54592592592593,2.1640740740740725,0,Established,Low,0,0,0,0
Male,0,No,No,22,Yes,No,No,No internet service,No internet service,No internet service,No internet service,No internet service,No internet service,Month-to-month,Yes,Electronic check,24.38,625.51,Yes,28.43227272727273,-4.0522727272727295,1,Developing,Low,2,1,0,0
Male,0,No,No,16,Yes,Yes,No,No internet service,No internet service,No internet service,No internet service,No internet service,No internet service,Month-to-month,No,Mailed check,30.52,592.62,No,37.03875,-6.518750000000001,2,Developing,Low,2,0,0,0
Male,0,Yes,No,72,No,No phone service,No,No internet service,No internet service,No internet service,No internet service,No internet service,No internet service,Two year,No,Bank transfer,29.68,2238.91,No,31.09597222222222,-1.4159722222222193,0,Loyal,Low,0,0,0,0
Male,0,Yes,No,48,Yes,No,Fiber optic,No,No,Yes,No,No,Yes,Month-to-month,No,Bank transfer,80.23,3847.37,No,80.15354166666667,0.07645833333333485,3,Established,High,2,0,0,0
Male,0,No,No,35,Yes,No,Fiber optic,No,Yes,Yes,Yes,Yes,No,Month-to-month,Yes,Bank transfer,94.01,3320.5,Yes,94.87142857142857,-0.8614285714285614,5,Established,High,2,0,1,0
Female,0,No,Yes,32,Yes,Yes,Fiber optic,No,No,No,No,Yes,No,Month-to-month,Yes,Credit card,77.34,2368.89,No,74.0278125,3.3121875000000074,3,Established,High,2,0,0,0
Male,1,Yes,No,23,Yes,Yes,DSL,Yes,No,Yes,No,No,Yes,Two year,No,Electronic check,66.97,1440.06,No,62.611304347826085,4.358695652173914,5,Developing,Medium,0,1,0,1
Male,0,No,No,31,Yes,No,No,No internet service,No internet service,No internet service,No internet service,No internet service,No internet service,One year,No,Bank transfer,32.3,1062.97,No,34.28935483870968,-1.98935483870968,1,Established,Low,1,0,0,0
Male,0,Yes,No,46,Yes,No,DSL,Yes,No,No,No,No,No,Month-to-month,No,Bank transfer,47.47,2256.86,No,49.06217391304348,-1.5921739130434815,2,Established,Medium,2,0,0,1
Female,1,No,No,67,Yes,Yes,No,No internet service,No internet service,No internet service,No internet service,No internet service,No internet service,Two year,Yes,Bank transfer,31.69,1983.79,No,29.608805970149252,2.0811940298507494,2,Loyal,Low,0,0,0,0
Male,0,Yes,Yes,36,Yes,No,Fiber optic,No,Yes,Yes,Yes,No,No,Month-to-month,Yes,Electronic check,86.43,3008.76,Yes,83.57666666666667,2.853333333333339,4,Established,High,2,1,1,0
Female,0,No,No,14,Yes,No,DSL,No,No,No,No,No,Yes,One year,Yes,Credit card,50.36,630.56,No,45.04,5.32,2,Developing,Medium,1,0,0,0
Female,1,Yes,No,69,Yes,Yes,DSL,Yes,No,No,No,Yes,No,Month-to-month,Yes,Bank transfer,67.17,4662.43,No,67.57144927536233,-0.40144927536232444,4,Loyal,Medium,2,0,0,1
Male,1,No,No,23,Yes,No,Fiber optic,Yes,Yes,Yes,Yes,Yes,Yes,One year,No,Electronic check,101.35,2296.61,No,99.85260869565218,1.4973913043478149,7,Developing,Very High,1,1,1,1
Female,0,No,Yes,6,Yes,Yes,DSL,No,Yes,Yes,No,Yes,No,Month-to-month,No,Electronic check,69.58,324.38,No,54.06333333333333,15.516666666666666,5,New,Medium,2,1,0,0
Female,0,Yes,Yes,40,Yes,No,No,No internet service,No internet service,No internet service,No internet service,No internet service,No internet service,Month-to-month,Yes,Bank transfer,30.59,1198.48,No,29.962,0.6280000000000001,1,Established,Low,2,0,0,0
Male,0,No,No,57,Yes,Yes,DSL,No,No,No,No,No,Yes,Month-to-month,No,Credit card,58.15,3288.16,No,57.687017543859646,0.4629824561403524,3,Loyal,Medium,2,0,0,0
Female,0,No,No,19,Yes,No,Fiber optic,No,No,Yes,No,No,No,Two year,Yes,Mailed check,69.97,1402.09,Yes,73.79421052631578,-3.824210526315781,2,Developing,Medium,0,0,0,0
Male,0,No,No,21,Yes,No,DSL,Yes,No,No,No,No,Yes,Month-to-month,Yes,Credit card,56.25,1159.97,No,55.236666666666665,1.0133333333333354,3,Developing,Medium,2,0,0,1
Female,0,Yes,Yes,21,No,No phone service,DSL,No,No,Yes,No,No,Yes,Month-to-month,Yes,Mailed check,46.02,1083.34,No,51.58761904761904,-5.56761904761904,2,Developing,Medium,2,0,0,0
Female,0,No,No,59,Yes,No,DSL,Yes,No,Yes,No,No,No,Month-to-month,No,Mailed check,54.01,3023.04,No,51.237966101694916,2.7720338983050823,3,Loyal,Medium,2,0,0,1
Male,0,No,Yes,69,Yes,Yes,No,No internet service,No internet service,No internet service,No internet service,No internet service,No internet service,One year,No,Bank transfer,35.02,2452.95,No,35.55,-0.529999999999994,2,Loyal,Low,1,0,0,0
Male,0,No,No,62,No,No phone service,Fiber optic,No,No,No,No,No,No,One year,Yes,Electronic check,62.02,4013.21,No,64.7291935483871,-2.7091935483870984,0,Loyal,Medium,1,1,0,0
Female,0,Yes,Yes,17,Yes,No,No,No internet service,No internet service,No internet service,No internet service,No internet service,No internet service,Month-to-month,Yes,Electronic check,31.61,526.53,No,30.972352941176467,0.6376470588235321,1,Developing,Low,2,1,0,0
Male,0,No,No,62,Yes,No,Fiber optic,No,No,No,No,No,No,Month-to-month,Yes,Bank transfer,66.86,4123.0,No,66.5,0.35999999999999943,1,Loyal,Medium,2,0,0,0
Male,0,Yes,Yes,23,Yes,No,DSL,Yes,No,Yes,No,Yes,No,One year,Yes,Electronic check,62.91,1393.91,No,60.60478260869566,2.305217391304339,4,Developing,Medium,1,1,0,1
Female,0,Yes,No,63,Yes,No,DSL,Yes,No,No,No,No,No,Month-to-month,Yes,Electronic check,56.47,3441.15,No,54.621428571428574,1.8485714285714252,2,Loyal,Medium,2,1,0,1
Male,0,Yes,No,72,Yes,Yes,Fiber optic,Yes,Yes,No,No,Yes,No,Month-to-month,No,Electronic check,95.3,6946.27,No,96.47597222222223,-1.175972222222228,5,Loyal,High,2,1,0,1
Female,0,Yes,No,52,Yes,No,DSL,No,No,No,Yes,No,Yes,Month-to-month,No,Electronic check,61.77,3148.88,No,60.55538461538462,1.214615384615385,3,Loyal,Medium,2,1,1,0
Male,0,Yes,Yes,69,Yes,No,DSL,Yes,No,Yes,No,No,Yes,Month-to-month,Yes,Electronic check,62.77,4403.63,No,63.82072463768116,-1.0507246376811565,4,Loyal,Medium,2,1,0,1
Male,0,Yes,No,11,Yes,No,Fiber optic,No,No,Yes,No,Yes,Yes,Two year,No,Mailed check,92.21,1045.64,No,95.05818181818182,-2.8481818181818284,4,New,High,0,0,0,0
Male,0,No,No,48,Yes,Yes,DSL,No,No,No,No,No,No,One year,Yes,Credit card,52.26,2561.1,No,53.356249999999996,-1.0962499999999977,2,Established,Medium,1,0,0,0
Male,0,No,Yes,4,Yes,Yes,Fiber optic,No,No,No,No,Yes,No,Month-to-month,Yes,Bank transfer,78.36,237.87,No,59.4675,18.8925,3,New,High,2,0,0,0
Female,0,Yes,Yes,47,Yes,No,Fiber optic,No,Yes,No,No,Yes,Yes,Two year,No,Bank transfer,91.58,4331.67,No,92.16319148936171,-0.5831914893617096,4,Established,High,0,0,0,0
Female,0,No,No,25,No,No phone service,Fiber optic,No,No,Yes,No,No,Yes,Month-to-month,Yes,Electronic check,75.47,1887.12,Yes,75.48479999999999,-0.014799999999993929,2,Established,High,2,1,0,0
Female,1,No,No,70,Yes,No,Fiber optic,No,No,No,No,No,Yes,Two year,Yes,Electronic check,77.15,5415.76,No,77.36800000000001,-0.21800000000000352,2,Loyal,High,0,1,0,0
Male,0,No,No,36,Yes,Yes,Fiber optic,No,Yes,Yes,No,No,No,Month-to-month,Yes,Credit card,83.21,2794.48,No,77.62444444444445,5.585555555555544,4,Established,High,2,0,0,0
Male,0,No,Yes,55,Yes,No,Fiber optic,No,No,Yes,No,No,No,Two year,No,Bank transfer,81.22,4509.14,No,81.98436363636364,-0.7643636363636404,2,Loyal,High,0,0,0,0
Female,0,No,No,22,Yes,Yes,DSL,No,Yes,No,Yes,Yes,No,Two year,Yes,Credit card,73.18,1788.6,No,81.3,-8.11999999999999,5,Developing,High,0,0,1,0
Male,0,No,No,6,No,No phone service,DSL,Yes,Yes,No,No,No,Yes,Two year,Yes,Mailed check,52.46,212.68,No,35.446666666666665,17.013333333333335,3,New,Medium,0,0,0,1
Male,0,No,No,54,Yes,No,DSL,No,No,Yes,No,No,No,Month-to-month,No,Bank transfer,56.69,3136.97,No,58.09203703703703,-1.402037037037033,2,Loyal,Medium,2,0,0,0
Male,0,No,No,16,Yes,No,Fiber optic,No,No,No,No,Yes,No,Two year,Yes,Mailed check,82.47,1300.67,No,81.291875,1.1781249999999943,2,Developing,High,0,0,0,0
Female,0,Yes,No,53,Yes,No,Fiber optic,No,No,No,Yes,Yes,Yes,One year,No,Electronic check,88.19,4591.12,No,86.62490566037735,1.5650943396226467,4,Loyal,High,1,1,1,0
Male,0,No,No,34,Yes,Yes,Fiber optic,No,No,No,No,No,No,Month-to-month,Yes,Credit card,73.57,2445.16,No,71.91647058823528,1.6535294117647084,2,Established,High,2,0,0,0
Male,0,No,No,70,Yes,Yes,DSL,No,Yes,No,No,No,No,Month-to-month,Yes,Electronic check,59.88,4308.3,No,61.54714285714286,-1.6671428571428564,3,Loyal,Medium,2,1,0,0
Female,0,No,Yes,26,Yes,No,DSL,No,Yes,No,No,No,No,One year,No,Mailed check,50.22,1328.86,No,51.11,-0.8900000000000006,2,Established,Medium,1,0,0,0
Female,1,No,No,29,Yes,Yes,DSL,No,Yes,Yes,No,Yes,No,Two year,Yes,Electronic check,80.77,2332.27,No,80.42310344827587,0.3468965517241287,5,Established,High,0,1,0,0
Female,0,Yes,No,54,Yes,Yes,No,No internet service,No internet service,No internet service,No internet service,No internet service,No internet service,One year,Yes,Bank transfer,30.87,1541.11,No,28.539074074074072,2.3309259259259285,2,Loyal,Low,1,0,0,0
Female,0,Yes,No,57,Yes,No,DSL,No,No,No,No,Yes,No,Month-to-month,Yes,Credit card,59.26,3421.83,No,60.032105263157895,-0.7721052631578971,2,Loyal,Medium,2,0,0,0
Male,0,No,No,10,Yes,Yes,Fiber optic,No,No,Yes,No,No,No,One year,Yes,Mailed check,80.37,890.07,No,89.007,-8.637,3,New,High,1,0,0,0
Male,0,No,No,54,Yes,No,DSL,No,No,Yes,No,Yes,No,Month-to-month,No,Credit card,57.06,3105.39,No,57.50722222222222,-0.44722222222221575,3,Loyal,Medium,2,0,0,0
Male,0,No,Yes,36,Yes,No,Fiber optic,No,Yes,No,No,No,No,Month-to-month,Yes,Electronic check,71.63,2487.32,No,69.09222222222223,2.5377777777777624,2,Established,High,2,1,0,0
Female,0,No,No,72,Yes,Yes,Fiber optic,Yes,No,No,No,No,Yes,One year,No,Credit card,89.47,6483.97,No,90.05513888888889,-0.585138888888892,4,Loyal,High,1,0,0,1
Male,0,No,No,46,Yes,Yes,DSL,Yes,No,No,Yes,Yes,Yes,One year,Yes,Bank transfer,73.51,3530.27,No,76.745,-3.2349999999999994,6,Established,High,1,0,1,1
Female,0,No,No,56,Yes,Yes,Fiber optic,No,No,No,No,Yes,No,One year,No,Credit card,83.07,4639.16,No,82.84214285714286,0.22785714285713254,3,Loyal,High,1,0,0,0
Male,1,Yes,No,25,Yes,No,Fiber optic,No,No,No,No,No,Yes,Month-to-month,No,Bank transfer,71.95,1881.61,No,75.2644,-3.314399999999992,2,Established,High,2,0,0,0
Female,0,No,Yes,21,Yes,Yes,Fiber optic,No,No,Yes,No,No,No,Month-to-month,Yes,Mailed check,74.01,1536.44,Yes,73.16380952380953,0.8461904761904719,3,Developing,High,2,0,0,0
Female,0,Yes,Yes,57,Yes,No,No,No internet service,No internet service,No internet service,No internet service,No internet service,No internet service,One year,No,Mailed check,27.09,1529.81,No,26.83877192982456,0.2512280701754399,1,Loyal,Low,1,0,0,0
Male,0,No,Yes,2,No,No phone service,No,No internet service,No internet service,No internet service,No internet service,No internet service,No internet service,Month-to-month,No,Credit card,25.21,66.85,No,33.425,-8.214999999999996,0,New,Low,2,0,0,0
Female,0,Yes,No,42,Yes,Yes,Fiber optic,No,No,No,No,No,Yes,Two year,No,Credit card,84.98,3540.3,No,84.29285714285714,0.6871428571428595,3,Established,High,0,0,0,0
Male,0,No,No,70,Yes,No,No,No internet service,No internet service,No internet service,No internet service,No internet service,No internet service,Two year,Yes,Bank transfer,27.3,1874.45,No,26.777857142857144,0.5221428571428568,1,Loyal,Low,0,0,0,0
Male,0,Yes,No,72,Yes,Yes,No,No internet service,No internet service,No internet service,No internet service,No internet service,No internet service,Two year,Yes,Bank transfer,45.43,3272.47,No,45.45097222222222,-0.020972222222219727,2,Loyal,Medium,0,0,0,0
Male,0,Yes,No,52,Yes,No,Fiber optic,No,No,No,No,No,No,Two year,Yes,Mailed check,60.69,3233.16,No,62.176153846153845,-1.4861538461538473,1,Loyal,Medium,0,0,0,0
Male,0,No,No,36,Yes,No,Fiber optic,No,Yes,No,No,Yes,No,Month-to-month,Yes,Electronic check,83.1,2998.26,Yes,83.28500000000001,-0.18500000000001648,3,Established,High,2,1,0,0
Female,0,No,No,59,Yes,Yes,Fiber optic,Yes,Yes,No,Yes,Yes,No,Month-to-month,Yes,Electronic check,95.45,5628.69,No,95.40152542372881,0.04847457627118956,6,Loyal,High,2,1,1,1
Male,0,Yes,No,2,Yes,No,Fiber optic,No,Yes,Yes,No,Yes,No,Two year,No,Bank transfer,87.14,190.05,No,95.025,-7.885000000000005,4,New,High,0,0,0,0
Female,0,No,No,58,Yes,No,Fiber optic,No,No,Yes,No,No,Yes,Month-to-month,Yes,Bank transfer,78.83,4699.02,No,81.01758620689655,-2.1875862068965546,3,Loyal,High,2,0,0,0
Male,0,Yes,Yes,14,Yes,Yes,No,No internet service,No internet service,No internet service,No internet service,No internet service,No internet service,Two year,Yes,Bank transfer,32.28,373.21,No,26.657857142857143,5.622142857142858,2,Developing,Low,0,0,0,0
Female,0,Yes,No,53,Yes,No,No,No internet service,No internet service,No internet service,No internet service,No internet service,No internet service,Month-to-month,No,Mailed check,29.06,1593.91,No,30.073773584905663,-1.013773584905664,1,Loyal,Low,2,0,0,0
Female,0,Yes,No,26,Yes,Yes,DSL,Yes,Yes,Yes,No,Yes,No,Two year,Yes,Mailed check,74.22,1997.09,No,76.81115384615384,-2.591153846153844,6,Established,High,0,0,0,1
Male,0,No,No,55,Yes,No,Fiber optic,Yes,No,Yes,No,No,No,Month-to-month,No,Electronic check,77.04,4224.09,Yes,76.80163636363636,0.2383636363636441,3,Loyal,High,2,1,0,1
Female,1,No,No,44,Yes,Yes,Fiber optic,No,No,No,No,Yes,No,Two year,No,Electronic check,78.59,3556.31,No,80.82522727272728,-2.235227272727272,3,Established,High,0,1,0,0
Male,0,No,Yes,67,Yes,Yes,No,No internet service,No internet service,No internet service,No internet service,No internet service,No internet service,Month-to-month,No,Electronic check,38.02,2622.49,No,39.141641791044776,-1.1216417910447731,2,Loyal,Low,2,1,0,0
Male,0,No,No,57,Yes,Yes,Fiber optic,Yes,No,Yes,No,Yes,Yes,One year,Yes,Bank transfer,100.01,5767.52,No,101.18456140350878,-1.1745614035087755,6,Loyal,Very High,1,0,0,1
Male,0,No,Yes,66,Yes,No,DSL,No,No,Yes,Yes,No,No,Two year,Yes,Bank transfer,51.03,3266.28,No,49.48909090909091,1.5409090909090892,3,Loyal,Medium,0,0,1,0
Male,0,No,No,11,Yes,Yes,DSL,Yes,Yes,Yes,No,No,No,Month-to-month,Yes,Credit card,61.16,629.94,No,57.26727272727273,3.8927272727272637,5,New,Medium,2,0,0,1
Male,0,No,Yes,28,Yes,No,DSL,No,No,No,Yes,Yes,Yes,Month-to-month,No,Electronic check,66.06,1796.3,No,64.15357142857142,1.9064285714285774,4,Established,Medium,2,1,1,0
Female,0,Yes,No,32,Yes,Yes,DSL,Yes,Yes,No,Yes,No,No,Month-to-month,Yes,Credit card,66.71,2192.64,No,68.52,-1.8100000000000023,5,Established,Medium,2,0,1,1
Female,0,Yes,No,3,Yes,No,DSL,No,Yes,No,Yes,No,No,One year,Yes,Bank transfer,56.63,242.05,No,80.68333333333334,-24.053333333333335,3,New,Medium,1,0,1,0
Female,0,Yes,Yes,2,Yes,No,DSL,Yes,No,No,No,No,No,One year,Yes,Electronic check,61.1,102.01,No,51.005,10.094999999999999,2,New,Medium,1,1,0,1
Male,0,No,No,3,Yes,No,No,No internet service,No internet service,No internet service,No internet service,No internet service,No internet service,One year,Yes,Bank transfer,31.19,73.62,No,24.540000000000003,6.649999999999999,1,New,Low,1,0,0,0
Female,0,No,Yes,56,Yes,No,Fiber optic,No,No,No,Yes,No,No,Month-to-month,No,Credit card,74.82,4367.64,No,77.99357142857143,-3.173571428571435,2,Loyal,High,2,0,1,0
Female,0,Yes,No,33,Yes,No,Fiber optic,Yes,Yes,Yes,No,Yes,No,Month-to-month,Yes,Mailed check,85.24,2829.02,No,85.7278787878788,-0.4878787878787989,5,Established,High,2,0,0,1
Female,0,No,No,55,Yes,No,Fiber optic,Yes,No,Yes,No,No,No,Two year,Yes,Bank transfer,86.47,4792.58,No,87.13781818181818,-0.667818181818177,3,Loyal,High,0,0,0,1
Female,0,No,No,61,Yes,Yes,DSL,Yes,No,No,Yes,Yes,Yes,One year,Yes,Electronic check,77.26,4694.19,No,76.9539344262295,0.30606557377051047,6,Loyal,High,1,1,1,1
Female,0,Yes,No,3,Yes,No,Fiber optic,Yes,Yes,No,No,No,No,Month-to-month,No,Electronic check,89.75,375.9,No,125.3,-35.55,3,New,High,2,1,0,1
Female,0,Yes,No,62,Yes,No,No,No internet service,No internet service,No internet service,No internet service,No internet service,No internet service,Month-to-month,No,Electronic check,24.72,1565.77,No,25.254354838709677,-0.5343548387096781,1,Loyal,Low,2,1,0,0
Female,0,Yes,No,17,Yes,No,Fiber optic,No,No,No,No,Yes,Yes,Month-to-month,Yes,Electronic check,78.81,1354.41,No,79.67117647058824,-0.8611764705882337,3,Developing,High,2,1,0,0
Female,0,Yes,No,30,No,No phone service,Fiber optic,No,No,No,No,No,No,One year,No,Bank transfer,67.72,2049.62,No,68.32066666666667,-0.6006666666666689,0,Established,Medium,1,0,0,0
Female,0,No,No,70,No,No phone service,DSL,No,No,No,Yes,No,No,One year,Yes,Electronic check,43.97,3045.01,No,43.50014285714286,0.469857142857137,1,Loyal,Medium,1,1,1,0
Female,0,No,No,22,Yes,Yes,Fiber optic,No,No,Yes,No,No,No,One year,No,Bank transfer,86.96,1837.72,No,83.53272727272727,3.4272727272727224,3,Developing,High,1,0,0,0
Male,1,Yes,Yes,68,Yes,No,Fiber optic,Yes,Yes,No,Yes,No,No,One year,Yes,Credit card,80.09,5446.81,No,80.10014705882354,-0.010147058823534394,4,Loyal,High,1,0,1,1
Female,0,Yes,Yes,37,Yes,Yes,Fiber optic,No,No,Yes,Yes,Yes,No,Two year,Yes,Credit card,89.04,3418.91,No,92.40297297297298,-3.362972972972969,5,Established,High,0,0,1,0
Female,0,Yes,No,1,Yes,No,Fiber optic,No,No,No,Yes,Yes,Yes,Month-to-month,Yes,Electronic check,84.88,61.94,No,61.94,22.939999999999998,4,New,High,2,1,1,0
Female,0,Yes,No,60,Yes,Yes,Fiber optic,Yes,No,No,Yes,Yes,Yes,Month-to-month,Yes,Electronic check,89.88,5477.3,No,91.28833333333334,-1.4083333333333456,6,Loyal,High,2,1,1,1
Male,0,Yes,Yes,4,No,No phone service,DSL,Yes,Yes,No,No,No,Yes,Month-to-month,No,Mailed check,52.91,180.43,No,45.1075,7.802499999999995,3,New,Medium,2,0,0,1
Male,0,No,No,46,Yes,No,DSL,Yes,No,No,No,No,No,Two year,No,Electronic check,43.51,1851.48,No,40.24956521739131,3.260434782608691,2,Established,Medium,0,1,0,1
Male,0,No,No,34,Yes,No,Fiber optic,No,Yes,No,Yes,Yes,Yes,Month-to-month,Yes,Mailed check,94.3,3164.46,No,93.07235294117648,1.2276470588235213,5,Established,High,2,0,1,0
Female,0,No,No,11,Yes,No,DSL,No,No,No,No,Yes,No,Month-to-month,Yes,Mailed check,52.61,448.93,No,40.81181818181818,11.798181818181817,2,New,Medium,2,0,0,0
Female,0,Yes,No,38,Yes,No,Fiber optic,No,No,No,No,Yes,Yes,One year,No,Bank transfer,80.42,3115.92,No,81.99789473684211,-1.5778947368421115,3,Established,High,1,0,0,0
Female,0,No,No,27,Yes,No,No,No internet service,No internet service,No internet service,No internet service,No internet service,No internet service,Month-to-month,Yes,Electronic check,30.04,664.47,No,24.61,5.43,1,Established,Low,2,1,0,0
Male,1,Yes,No,8,Yes,No,Fiber optic,No,Yes,Yes,No,Yes,No,Month-to-month,No,Electronic check,87.64,707.8,Yes,88.475,-0.8349999999999937,4,New,High,2,1,0,0
Male,0,Yes,Yes,40,Yes,Yes,DSL,No,Yes,No,Yes,Yes,Yes,One year,No,Credit card,82.32,3232.82,No,80.82050000000001,1.4994999999999834,6,Established,High,1,0,1,0
Male,0,No,Yes,4,Yes,Yes,Fiber optic,No,Yes,No,No,Yes,No,Two year,Yes,Credit card,96.39,335.82,No,83.955,12.435000000000002,4,New,High,0,0,0,0
Male,1,No,Yes,39,No,No phone service,Fiber optic,No,No,Yes,No,No,No,Month-to-month,No,Bank transfer,67.53,2703.13,No,69.31102564102564,-1.7810256410256358,1,Established,Medium,2,0,0,0
Male,0,Yes,No,17,Yes,Yes,Fiber optic,Yes,No,No,No,Yes,No,Month-to-month,No,Mailed check,90.73,1533.05,Yes,90.17941176470588,0.5505882352941285,4,Developing,High,2,0,0,1
Male,0,Yes,No,60,Yes,Yes,No,No internet service,No internet service,No internet service,No internet service,No internet service,No internet service,Two year,No,Bank transfer,37.33,2237.49,No,37.2915,0.03849999999999909,2,Loyal,Low,0,0,0,0
Male,0,No,No,69,Yes,No,Fiber optic,No,Yes,No,No,No,Yes,One year,Yes,Electronic check,89.71,6182.61,No,89.60304347826086,0.10695652173913572,3,Loyal,High,1,1,0,0
Female,1,No,Yes,68,Yes,Yes,DSL,No,No,No,No,No,No,One year,Yes,Credit card,47.36,3188.96,No,46.896470588235296,0.4635294117647035,2,Loyal,Medium,1,0,0,0
Female,0,No,No,68,Yes,No,Fiber optic,Yes,Yes,No,No,No,No,Month-to-month,Yes,Electronic check,77.72,5221.29,No,76.78367647058823,0.9363235294117658,3,Loyal,High,2,1,0,1
Male,0,Yes,No,8,Yes,No,No,No internet service,No internet service,No internet service,No internet service,No internet service,No internet service,Month-to-month,Yes,Bank transfer,22.48,46.56,No,5.82,16.66,1,New,Low,2,0,0,0
Female,1,Yes,No,37,Yes,No,Fiber optic,No,No,No,No,Yes,Yes,Month-to-month,Yes,Electronic check,81.48,3045.46,Yes,82.30972972972972,-0.8297297297297206,3,Established,High,2,1,0,0
Female,0,Yes,No,17,Yes,No,No,No internet service,No internet service,No internet service,No internet service,No internet service,No internet service,Month-to-month,Yes,Bank transfer,26.45,473.79,No,27.87,-1.4200000000000017,1,Developing,Low,2,0,0,0
Male,1,Yes,No,7,Yes,No,Fiber optic,Yes,Yes,No,No,No,No,One year,Yes,Bank transfer,76.49,627.05,No,89.57857142857142,-13.088571428571427,3,New,High,1,0,0,1
Female,1,No,No,29,Yes,Yes,No,No internet service,No internet service,No internet service,No internet service,No internet service,No internet service,One year,No,Bank transfer,36.67,1095.75,No,37.78448275862069,-1.1144827586206887,2,Established,Low,1,0,0,0
Male,1,No,No,31,No,No phone service,Fiber optic,Yes,No,Yes,No,No,Yes,Two year,No,Mailed check,81.01,2475.42,No,79.85225806451614,1.1577419354838696,3,Established,High,0,0,0,1
Male,0,Yes,Yes,22,Yes,Yes,No,No internet service,No internet service,No internet service,No internet service,No internet service,No internet service,Month-to-month,Yes,Bank transfer,34.97,756.64,No,34.39272727272727,0.577272727272728,2,Developing,Low,2,0,0,0
Female,0,No,No,9,Yes,Yes,No,No internet service,No internet service,No internet service,No internet service,No internet service,No internet service,Month-to-month,Yes,Bank transfer,36.29,372.52,No,41.39111111111111,-5.101111111111109,2,New,Low,2,0,0,0
Male,0,No,No,30,Yes,No,No,No internet service,No internet service,No internet service,No internet service,No internet service,No internet service,One year,Yes,Bank transfer,35.1,1141.18,No,38.03933333333334,-2.9393333333333374,1,Established,Low,1,0,0,0
Male,0,No,No,12,Yes,No,No,No internet service,No internet service,No internet service,No internet service,No internet service,No internet service,Month-to-month,No,Mailed check,29.44,321.28,No,26.77333333333333,2.6666666666666714,1,New,Low,2,0,0,0
Male,0,Yes,No,3,Yes,No,Fiber optic,No,No,No,Yes,Yes,No,Month-to-month,Yes,Mailed check,76.67,318.71,Yes,106.23666666666666,-29.566666666666663,3,New,High,2,0,1,0
Female,1,Yes,Yes,33,Yes,Yes,Fiber optic,No,No,Yes,Yes,No,No,Month-to-month,Yes,Bank transfer,83.83,2760.53,No,83.65242424242425,0.1775757575757524,4,Established,High,2,0,1,0
Male,0,Yes,No,5,Yes,No,Fiber optic,No,Yes,Yes,No,Yes,No,Month-to-month,Yes,Electronic check,83.52,364.77,No,72.954,10.566000000000003,4,New,High,2,1,0,0
Male,0,Yes,No,70,Yes,Yes,Fiber optic,Yes,No,No,No,Yes,No,Month-to-month,No,Bank transfer,94.66,6575.24,No,93.932,0.7279999999999944,4,Loyal,High,2,0,0,1
Male,0,Yes,No,61,Yes,No,Fiber optic,Yes,No,No,No,No,No,Month-to-month,No,Electronic check,72.98,4429.1,No,72.60819672131149,0.3718032786885175,2,Loyal,High,2,1,0,1
Female,0,Yes,No,67,Yes,Yes,Fiber optic,No,Yes,No,No,No,No,Two year,Yes,Bank transfer,77.88,5217.12,No,77.86746268656717,0.012537313432829933,3,Loyal,High,0,0,0,0
Female,0,Yes,No,8,Yes,No,Fiber optic,Yes,Yes,Yes,No,Yes,Yes,Month-to-month,Yes,Mailed check,94.43,847.54,No,105.9425,-11.512499999999989,6,New,High,2,0,0,1
Male,0,Yes,No,34,Yes,No,Fiber optic,No,No,Yes,No,No,No,One year,No,Credit card,72.7,2622.97,No,77.14617647058823,-4.446176470588227,2,Established,High,1,0,0,0
Female,0,No,No,60,Yes,Yes,No,No internet service,No internet service,No internet service,No internet service,No internet service,No internet service,One year,No,Electronic check,32.54,1935.46,No,32.257666666666665,0.28233333333333377,2,Loyal,Low,1,1,0,0
Female,0,No,No,42,Yes,No,Fiber optic,No,No,No,No,No,No,Month-to-month,Yes,Mailed check,66.94,2701.06,Yes,64.31095238095239,2.6290476190476113,1,Established,Medium,2,0,0,0
Female,0,Yes,No,23,Yes,Yes,Fiber optic,No,No,No,No,No,Yes,Month-to-month,Yes,Electronic check,87.5,1965.32,No,85.44869565217391,2.0513043478260897,3,Developing,High,2,1,0,0
Female,0,No,Yes,60,Yes,No,No,No internet service,No internet service,No internet service,No internet service,No internet service,No internet service,Month-to-month,Yes,Credit card,26.83,1585.88,No,26.431333333333335,0.3986666666666636,1,Loyal,Low,2,0,0,0
Female,0,Yes,No,23,Yes,Yes,Fiber optic,Yes,No,Yes,No,No,Yes,Month-to-month,Yes,Electronic check,93.68,2177.1,Yes,94.65652173913043,-0.9765217391304191,5,Developing,High,2,1,0,1
Female,0,Yes,No,71,Yes,Yes,Fiber optic,Yes,No,Yes,No,Yes,No,Month-to-month,No,Mailed check,96.99,6742.8,No,94.96901408450705,2.0209859154929433,5,Loyal,High,2,0,0,1
Male,1,No,No,8,Yes,Yes,Fiber optic,No,No,No,Yes,No,No,Two year,Yes,Electronic check,85.29,767.01,No,95.87625,-10.586249999999993,3,New,High,0,1,1,0
Female,0,Yes,No,51,No,No phone service,Fiber optic,No,No,Yes,Yes,No,No,Month-to-month,Yes,Credit card,69.55,3475.28,No,68.14274509803921,1.4072549019607834,2,Loyal,Medium,2,0,1,0
Female,0,Yes,No,1,Yes,No,Fiber optic,No,No,Yes,No,No,Yes,Month-to-month,Yes,Electronic check,86.82,111.53,Yes,111.53,-24.710000000000008,3,New,High,2,1,0,0
Female,0,Yes,No,66,Yes,No,DSL,No,No,No,Yes,No,No,Two year,Yes,Bank transfer,50.91,3350.4,No,50.763636363636365,0.14636363636363114,2,Loyal,Medium,0,0,1,0
Male,0,Yes,Yes,26,No,No phone service,DSL,No,Yes,Yes,No,Yes,No,One year,Yes,Electronic check,52.64,1315.35,No,50.590384615384615,2.049615384615386,3,Established,Medium,1,1,0,0
Female,1,No,No,2,Yes,No,No,No internet service,No internet service,No internet service,No internet service,No internet service,No internet service,One year,Yes,Mailed check,31.64,170.73,No,85.365,-53.724999999999994,1,New,Low,1,0,0,0
Male,0,Yes,Yes,61,Yes,No,No,No internet service,No internet service,No internet service,No internet service,No internet service,No internet service,Month-to-month,Yes,Electronic check,29.57,1767.95,No,28.982786885245904,0.5872131147540962,1,Loyal,Low,2,1,0,0
Male,0,Yes,No,70,Yes,Yes,Fiber optic,No,Yes,Yes,No,Yes,No,Two year,Yes,Mailed check,95.17,6585.67,No,94.081,1.0889999999999986,5,Loyal,High,0,0,0,0
Male,0,Yes,No,67,Yes,Yes,No,No internet service,No internet service,No internet service,No internet service,No internet service,No internet service,One year,No,Electronic check,33.55,2290.62,No,34.18835820895522,-0.6383582089552249,2,Loyal,Low,1,1,0,0
Male,0,No,Yes,35,Yes,No,Fiber optic,Yes,Yes,No,No,No,No,One year,No,Credit card,79.99,2870.2,No,82.00571428571428,-2.0157142857142816,3,Established,High,1,0,0,1
Female,0,Yes,No,5,Yes,No,DSL,No,Yes,Yes,Yes,Yes,No,One year,No,Mailed check,65.08,309.73,No,61.946000000000005,3.1339999999999932,5,New,Medium,1,0,1,0
Male,0,No,No,17,No,No phone service,Fiber optic,No,Yes,No,No,No,No,Month-to-month,Yes,Bank transfer,66.15,1139.39,No,67.0229411764706,-0.8729411764705901,1,Developing,Medium,2,0,0,0
Female,0,No,No,3,No,No phone service,DSL,No,Yes,Yes,No,Yes,Yes,Two year,Yes,Electronic check,60.32,258.06,No,86.02,-25.699999999999996,4,New,Medium,0,1,0,0
Male,0,Yes,No,4,Yes,No,DSL,No,No,No,No,Yes,Yes,Two year,No,Electronic check,60.98,227.26,No,56.815,4.164999999999999,3,New,Medium,0,1,0,0
Male,1,No,No,12,No,No phone service,No,No internet service,No internet service,No internet service,No internet service,No internet service,No internet service,One year,No,Credit card,26.15,294.25,Yes,24.520833333333332,1.6291666666666664,0,New,Low,1,0,0,0
Male,0,Yes,No,41,Yes,No,Fiber optic,No,No,Yes,No,Yes,No,Month-to-month,Yes,Bank transfer,81.3,3396.41,No,82.83926829268292,-1.5392682926829195,3,Established,High,2,0,0,0
Male,1,Yes,No,56,No,No phone service,DSL,Yes,No,No,No,No,Yes,One year,No,Bank transfer,53.14,2964.11,No,52.93053571428572,0.209464285714283,2,Loyal,Medium,1,0,0,1
Female,0,Yes,No,43,Yes,No,Fiber optic,Yes,No,No,Yes,Yes,No,Month-to-month,No,Bank transfer,87.53,3702.11,Yes,86.09558139534884,1.4344186046511567,4,Established,High,2,0,1,1
Male,0,Yes,No,15,Yes,No,Fiber optic,Yes,No,Yes,Yes,No,No,One year,Yes,Electronic check,89.59,1343.73,No,89.58200000000001,0.007999999999995566,4,Developing,High,1,1,1,1
Male,0,No,No,44,Yes,Yes,Fiber optic,No,Yes,Yes,Yes,Yes,Yes,Month-to-month,No,Credit card,112.81,4886.83,No,111.06431818181818,1.745681818181822,7,Established,Very High,2,0,1,0
Male,0,No,No,17,Yes,Yes,Fiber optic,No,No,No,No,No,Yes,One year,No,Mailed check,81.95,1387.93,No,81.64294117647059,0.3070588235294167,3,Developing,High,1,0,0,0
Female,0,Yes,No,34,Yes,No,Fiber optic,No,No,Yes,Yes,Yes,No,Two year,No,Credit card,80.17,2803.37,No,82.45205882352941,-2.282058823529411,4,Established,High,0,0,1,0
Male,1,Yes,No,65,Yes,No,Fiber optic,Yes,No,No,No,No,Yes,Month-to-month,No,Bank transfer,77.02,4908.97,Yes,75.52261538461539,1.497384615384604,3,Loyal,High,2,0,0,1
Female,0,No,No,10,Yes,No,Fiber optic,Yes,No,Yes,Yes,Yes,No,One year,Yes,Electronic check,95.94,956.0,No,95.6,0.3400000000000034,5,New,High,1,1,1,1
Female,0,Yes,No,63,No,No phone service,No,No internet service,No internet service,No internet service,No internet service,No internet service,No internet service,Two year,Yes,Mailed check,21.27,1387.87,No,22.029682539682536,-0.7596825396825366,0,Loyal,Low,0,0,0,0
Female,0,Yes,No,20,Yes,No,Fiber optic,No,Yes,No,Yes,Yes,No,Month-to-month,Yes,Credit card,83.09,1657.2,No,82.86,0.23000000000000398,4,Developing,High,2,0,1,0
Male,0,No,No,49,Yes,Yes,No,No internet service,No internet service,No internet service,No internet service,No internet service,No internet service,Month-to-month,Yes,Electronic check,41.41,2140.69,No,43.687551020408165,-2.2775510204081684,2,Loyal,Medium,2,1,0,0
Female,0,No,No,19,No,No phone service,No,No internet service,No internet service,No internet service,No internet service,No internet service,No internet service,Month-to-month,Yes,Mailed check,18.73,360.59,No,18.978421052631578,-0.24842105263157777,0,Developing,Low,2,0,0,0
Female,0,No,No,12,Yes,No,DSL,No,No,No,No,Yes,Yes,Two year,Yes,Bank transfer,58.56,734.12,No,61.17666666666667,-2.616666666666667,3,New,Medium,0,0,0,0
Female,0,Yes,No,33,Yes,No,DSL,Yes,No,Yes,No,No,No,Month-to-month,No,Electronic check,54.83,1920.36,No,58.19272727272727,-3.3627272727272697,3,Established,Medium,2,1,0,1
Male,0,Yes,No,28,Yes,No,Fiber optic,Yes,No,Yes,No,No,No,Month-to-month,Yes,Electronic check,85.06,2423.2,No,86.54285714285713,-1.482857142857128,3,Established,High,2,1,0,1
Female,0,Yes,No,37,Yes,Yes,No,No internet service,No internet service,No internet service,No internet service,No internet service,No internet service,Month-to-month,Yes,Bank transfer,31.94,1180.64,No,31.909189189189192,0.030810810810809386,2,Established,Low,2,0,0,0
Male,0,No,No,18,Yes,No,DSL,No,No,Yes,No,Yes,Yes,Month-to-month,No,Credit card,70.12,1227.89,Yes,68.21611111111112,1.9038888888888863,4,Developing,High,2,0,0,0
Male,0,Yes,No,71,Yes,Yes,DSL,Yes,No,No,No,Yes,Yes,Month-to-month,Yes,Mailed check,74.25,5259.76,No,74.08112676056338,0.16887323943662125,5,Loyal,High,2,0,0,1
Male,0,Yes,No,49,Yes,No,Fiber optic,No,No,No,No,No,Yes,One year,Yes,Credit card,82.46,4068.22,No,83.02489795918368,-0.564897959183682,2,Loyal,High,1,0,0,0
Male,0,Yes,No,61,Yes,No,No,No internet service,No internet service,No internet service,No internet service,No internet service,No internet service,Month-to-month,Yes,Electronic check,31.06,1833.13,No,30.05131147540984,1.0086885245901591,1,Loyal,Low,2,1,0,0
Female,0,No,Yes,57,Yes,No,DSL,No,No,Yes,Yes,Yes,Yes,One year,Yes,Electronic check,71.41,4175.91,No,73.26157894736842,-1.8515789473684237,5,Loyal,High,1,1,1,0
Female,0,No,Yes,53,Yes,No,Fiber optic,No,No,No,No,No,Yes,One year,Yes,Electronic check,79.79,4413.26,No,83.26905660377359,-3.4790566037735857,2,Loyal,High,1,1,0,0
Female,1,No,No,11,Yes,No,DSL,No,Yes,No,No,No,Yes,Two year,Yes,Mailed check,58.37,643.09,No,58.46272727272728,-0.09272727272728076,3,New,Medium,0,0,0,0
Male,0,Yes,No,43,Yes,Yes,No,No internet service,No internet service,No internet service,No internet service,No internet service,No internet service,Month-to-month,Yes,Bank transfer,32.18,1247.07,No,29.001627906976744,3.178372093023256,2,Established,Low,2,0,0,0
Male,0,No,Yes,65,Yes,No,Fiber optic,No,No,No,Yes,No,Yes,One year,Yes,Electronic check,84.65,5564.62,No,85.60953846153846,-0.9595384615384575,3,Loyal,High,1,1,1,0
Male,1,Yes,No,7,Yes,No,Fiber optic,No,No,Yes,No,No,No,One year,Yes,Mailed check,74.71,531.79,No,75.97,-1.2600000000000051,2,New,High,1,0,0,0
Female,0,Yes,No,34,Yes,Yes,No,No internet service,No internet service,No internet service,No internet service,No internet service,No internet service,Month-to-month,No,Bank transfer,40.05,1415.37,No,41.6285294117647,-1.5785294117647055,2,Established,Medium,2,0,0,0
Female,0,Yes,No,14,Yes,Yes,Fiber optic,Yes,No,Yes,No,Yes,No,Month-to-month,Yes,Bank transfer,98.91,1382.4,No,98.74285714285715,0.16714285714284927,5,Developing,High,2,0,0,1
Female,1,Yes,No,58,Yes,No,No,No internet service,No internet service,No internet service,No internet service,No internet service,No internet service,Month-to-month,No,Bank transfer,30.34,1836.0,No,31.655172413793103,-1.3151724137931033,1,Loyal,Low,2,0,0,0
Female,1,Yes,No,68,Yes,No,DSL,No,No,Yes,No,No,No,One year,No,Bank transfer,54.97,3680.83,No,54.129852941176466,0.8401470588235327,2,Loyal,Medium,1,0,0,0
Female,0,No,No,4,Yes,No,DSL,No,Yes,Yes,No,No,No,Month-to-month,Yes,Credit card,57.97,265.65,No,66.4125,-8.442499999999995,3,New,Medium,2,0,0,0
Male,0,Yes,No,58,Yes,No,Fiber optic,Yes,Yes,Yes,Yes,Yes,No,Two year,No,Bank transfer,99.01,5768.48,No,99.45655172413792,-0.4465517241379189,6,Loyal,High,0,0,1,1
Female,0,Yes,No,26,Yes,No,DSL,No,No,No,Yes,No,No,Two year,Yes,Credit card,48.47,1292.83,No,49.724230769230765,-1.254230769230766,2,Established,Medium,0,0,1,0
Male,1,No,Yes,70,Yes,No,No,No internet service,No internet service,No internet service,No internet service,No internet service,No internet service,One year,Yes,Credit card,29.01,2093.81,No,29.911571428571428,-0.901571428571426,1,Loyal,Low,1,0,0,0
Female,1,No,No,2,Yes,No,Fiber optic,No,Yes,No,No,No,No,Two year,Yes,Credit card,76.78,227.62,No,113.81,-37.03,2,New,High,0,0,0,0
Female,0,Yes,No,14,Yes,Yes,DSL,Yes,Yes,Yes,No,No,No,One year,No,Electronic check,69.47,882.26,No,63.01857142857143,6.451428571428572,5,Developing,Medium,1,1,0,1
Male,0,No,Yes,52,No,No phone service,Fiber optic,Yes,No,No,No,No,Yes,Month-to-month,No,Mailed check,75.09,3968.84,No,76.32384615384616,-1.2338461538461587,2,Loyal,High,2,0,0,1
Male,0,Yes,No,57,No,No phone service,Fiber optic,Yes,No,No,Yes,Yes,No,Month-to-month,No,Mailed check,79.84,4565.99,No,80.10508771929824,-0.2650877192982364,3,Loyal,High,2,0,1,1
Female,0,Yes,Yes,6,Yes,No,Fiber optic,No,No,No,No,No,No,Two year,Yes,Electronic check,78.33,454.81,No,75.80166666666666,2.528333333333336,1,New,High,0,1,0,0
Female,0,No,No,12,Yes,Yes,DSL,No,No,No,No,Yes,No,Month-to-month,Yes,Mailed check,60.54,749.47,Yes,62.45583333333334,-1.9158333333333388,3,New,Medium,2,0,0,0
Female,0,No,No,25,Yes,No,No,No internet service,No internet service,No internet service,No internet service,No internet service,No internet service,Two year,Yes,Electronic check,30.97,793.69,No,31.747600000000002,-0.7776000000000032,1,Established,Low,0,1,0,0
Male,0,Yes,No,3,Yes,No,Fiber optic,No,Yes,No,No,No,Yes,Month-to-month,No,Bank transfer,82.13,254.45,No,84.81666666666666,-2.6866666666666674,3,New,High,2,0,0,0
Female,0,Yes,No,57,Yes,Yes,No,No internet service,No internet service,No internet service,No internet service,No internet service,No internet service,Month-to-month,Yes,Credit card,36.37,1932.42,No,33.90210526315789,2.467894736842105,2,Loyal,Low,2,0,0,0
Male,0,Yes,No,49,Yes,No,Fiber optic,No,No,No,No,No,Yes,One year,No,Mailed check,73.63,3619.22,No,73.86163265306122,-0.23163265306122582,2,Loyal,High,1,0,0,0
Female,0,Yes,No,54,Yes,No,Fiber optic,No,No,Yes,No,Yes,No,Two year,No,Credit card,79.72,4289.11,No,79.42796296296295,0.29203703703704775,3,Loyal,High,0,0,0,0
Male,0,No,Yes,34,Yes,Yes,DSL,No,Yes,Yes,No,Yes,Yes,Two year,No,Bank transfer,75.11,2581.53,No,75.92735294117648,-0.8173529411764804,6,Established,High,0,0,0,0
Female,0,No,No,47,No,No phone service,Fiber optic,No,Yes,No,No,No,Yes,Month-to-month,Yes,Credit card,68.48,3214.41,No,68.39170212765957,0.08829787234043351,2,Established,Medium,2,0,0,0
Male,1,No,No,42,Yes,Yes,DSL,No,No,No,Yes,No,No,Month-to-month,Yes,Electronic check,58.57,2630.2,No,62.62380952380952,-4.0538095238095195,3,Established,Medium,2,1,1,0
Male,0,Yes,Yes,50,Yes,No,No,No internet service,No internet service,No internet service,No internet service,No internet service,No internet service,One year,Yes,Credit card,24.51,1209.71,No,24.194200000000002,0.3157999999999994,1,Loyal,Low,1,0,0,0
Female,0,No,Yes,33,Yes,Yes,DSL,No,Yes,Yes,No,No,Yes,Two year,Yes,Electronic check,65.78,2048.76,No,62.08363636363637,3.6963636363636283,5,Established,Medium,0,1,0,0
Female,0,Yes,No,47,No,No phone service,Fiber optic,No,No,No,No,Yes,Yes,Month-to-month,Yes,Credit card,84.7,3973.13,No,84.53468085106383,0.16531914893617738,2,Established,High,2,0,0,0
Male,0,Yes,Yes,47,Yes,Yes,Fiber optic,No,No,Yes,No,No,Yes,One year,Yes,Electronic check,93.71,4368.82,No,92.95361702127659,0.7563829787234084,4,Established,High,1,1,0,0
Female,0,Yes,No,47,Yes,No,Fiber optic,No,No,No,No,No,Yes,Month-to-month,Yes,Electronic check,85.32,4026.71,No,85.67468085106383,-0.35468085106383285,2,Established,High,2,1,0,0
Female,0,Yes,Yes,63,Yes,Yes,Fiber optic,No,Yes,No,No,No,Yes,One year,Yes,Electronic check,88.87,5562.87,No,88.2995238095238,0.5704761904761995,4,Loyal,High,1,1,0,0
Female,0,No,No,26,Yes,Yes,Fiber optic,No,No,No,Yes,No,Yes,Month-to-month,Yes,Bank transfer,87.95,2337.45,No,89.90192307692307,-1.951923076923066,4,Established,High,2,0,1,0
Female,0,No,No,64,Yes,No,Fiber optic,No,Yes,Yes,Yes,No,No,Two year,No,Credit card,86.77,5552.22,No,86.7534375,0.016562499999992042,4,Loyal,High,0,0,1,0
Female,0,No,No,3,Yes,Yes,No,No internet service,No internet service,No internet service,No internet service,No internet service,No internet service,Month-to-month,No,Bank transfer,36.73,138.54,Yes,46.18,-9.450000000000003,2,New,Low,2,0,0,0
Female,0,No,No,36,Yes,Yes,Fiber optic,No,No,Yes,No,Yes,No,One year,No,Bank transfer,87.85,3280.45,No,91.1236111111111,-3.2736111111111086,4,Established,High,1,0,0,0
Female,0,No,Yes,32,Yes,Yes,Fiber optic,No,Yes,No,No,No,No,One year,No,Electronic check,79.19,2539.49,Yes,79.3590625,-0.16906249999999545,3,Established,High,1,1,0,0
Female,0,No,No,63,Yes,No,No,No internet service,No internet service,No internet service,No internet service,No internet service,No internet service,Month-to-month,No,Credit card,30.62,1822.4,No,28.926984126984127,1.6930158730158738,1,Loyal,Low,2,0,0,0
Female,0,No,No,4,Yes,Yes,DSL,No,No,No,Yes,No,Yes,Month-to-month,Yes,Mailed check,58.91,197.26,No,49.315,9.594999999999999,4,New,Medium,2,0,1,0
Female,0,No,No,16,No,No phone service,DSL,Yes,No,No,Yes,Yes,No,One year,No,Credit card,57.57,810.93,No,50.683125,6.886875000000003,3,Developing,Medium,1,0,1,1
Male,0,No,No,34,No,No phone service,DSL,No,Yes,No,No,No,No,One year,Yes,Bank transfer,42.04,1382.2,No,40.65294117647059,1.387058823529408,1,Established,Medium,1,0,0,0
Female,0,Yes,Yes,59,Yes,Yes,Fiber optic,No,Yes,No,No,No,No,One year,No,Mailed check,85.36,4755.09,No,80.59474576271187,4.765254237288133,3,Loyal,High,1,0,0,0
Female,0,No,No,34,Yes,Yes,Fiber optic,Yes,No,No,Yes,Yes,Yes,One year,No,Mailed check,105.54,3655.47,No,107.51382352941175,-1.9738235294117459,6,Established,Very High,1,0,1,1
Female,1,Yes,No,47,Yes,Yes,DSL,No,Yes,Yes,Yes,Yes,No,Month-to-month,Yes,Bank transfer,77.54,3525.63,Yes,75.01340425531914,2.5265957446808613,6,Established,High,2,0,1,0
Male,1,Yes,Yes,13,No,No phone service,DSL,Yes,Yes,No,No,No,No,Two year,No,Credit card,43.57,624.11,No,48.00846153846154,-4.438461538461539,2,Developing,Medium,0,0,0,1
Female,1,No,No,68,Yes,Yes,DSL,No,No,Yes,No,Yes,No,Month-to-month,No,Bank transfer,59.22,3975.65,No,58.46544117647059,0.7545588235294076,4,Loyal,Medium,2,0,0,0
Female,0,Yes,Yes,57,Yes,No,Fiber optic,No,Yes,Yes,Yes,Yes,Yes,One year,Yes,Credit card,92.91,5274.21,No,92.53,0.37999999999999545,6,Loyal,High,1,0,1,0
Female,0,Yes,No,4,Yes,No,DSL,No,No,Yes,No,No,No,Two year,Yes,Credit card,49.21,326.97,No,81.7425,-32.532500000000006,2,New,Medium,0,0,0,0
Female,0,Yes,No,51,Yes,Yes,Fiber optic,Yes,Yes,No,No,No,No,Two year,Yes,Electronic check,81.27,4119.75,No,80.77941176470588,0.490588235294112,4,Loyal,High,0,1,0,1
Female,0,Yes,No,10,Yes,Yes,No,No internet service,No internet service,No internet service,No internet service,No internet service,No internet service,Month-to-month,No,Mailed check,34.94,271.6,No,27.160000000000004,7.779999999999994,2,New,Low,2,0,0,0
Female,0,No,Yes,41,Yes,No,Fiber optic,No,No,No,Yes,No,No,Month-to-month,No,Bank transfer,71.53,2892.66,No,70.55268292682926,0.9773170731707381,2,Established,High,2,0,1,0
Male,0,No,Yes,52,Yes,No,No,No internet service,No internet service,No internet service,No internet service,No internet service,No internet service,One year,No,Electronic check,25.81,1242.58,No,23.89576923076923,1.9142307692307696,1,Loyal,Low,1,1,0,0
Male,0,Yes,No,67,Yes,Yes,No,No internet service,No internet service,No internet service,No internet service,No internet service,No internet service,Month-to-month,No,Credit card,35.04,2415.66,No,36.054626865671636,-1.0146268656716373,2,Loyal,Low,2,0,0,0
Female,0,No,Yes,6,Yes,No,Fiber optic,No,Yes,No,No,Yes,No,One year,No,Electronic check,83.63,545.82,No,90.97000000000001,-7.340000000000018,3,New,High,1,1,0,0
Male,0,No,No,21,Yes,No,Fiber optic,Yes,No,Yes,No,No,Yes,Month-to-month,No,Bank transfer,83.86,1737.02,No,82.71523809523809,1.144761904761907,4,Developing,High,2,0,0,1
Male,0,No,No,50,Yes,Yes,No,No internet service,No internet service,No internet service,No internet service,No internet service,No internet service,Month-to-month,Yes,Mailed check,33.34,1728.43,No,34.5686,-1.2286000000000001,2,Loyal,Low,2,0,0,0
Female,0,Yes,No,19,Yes,No,Fiber optic,No,No,Yes,Yes,No,No,Month-to-month,Yes,Credit card,81.46,1595.57,No,83.97736842105263,-2.5173684210526375,3,Developing,High,2,0,1,0
Female,1,Yes,No,52,Yes,No,Fiber optic,No,Yes,No,No,Yes,Yes,One year,No,Mailed check,88.55,4582.5,No,88.125,0.42499999999999716,4,Loyal,High,1,0,0,0
Female,0,Yes,Yes,14,Yes,No,DSL,Yes,No,No,Yes,No,No,One year,No,Bank transfer,55.43,795.51,No,56.82214285714286,-1.3921428571428578,3,Developing,Medium,1,0,1,1
Male,0,Yes,Yes,12,Yes,No,Fiber optic,No,No,Yes,No,No,Yes,Month-to-month,Yes,Electronic check,84.76,998.06,Yes,83.17166666666667,1.5883333333333383,3,New,High,2,1,0,0
Female,0,No,No,40,No,No phone service,No,No internet service,No internet service,No internet service,No internet service,No internet service,No internet service,Month-to-month,Yes,Credit card,18.0,667.17,No,16.67925,1.3207500000000003,0,Established,Low,2,0,0,0
Male,0,Yes,No,50,Yes,No,Fiber optic,No,No,Yes,No,No,No,Month-to-month,No,Mailed check,78.35,3713.16,No,74.2632,4.086799999999997,2,Loyal,High,2,0,0,0
Female,0,No,No,15,Yes,Yes,Fiber optic,No,Yes,No,No,No,No,One year,Yes,Bank transfer,91.16,1344.31,No,89.62066666666666,1.5393333333333317,3,Developing,High,1,0,0,0
Male,0,No,No,63,Yes,No,Fiber optic,No,Yes,No,No,No,No,One year,No,Credit card,76.15,4796.16,No,76.1295238095238,0.020476190476202305,2,Loyal,High,1,0,0,0
Male,0,Yes,No,63,Yes,Yes,No,No internet service,No internet service,No internet service,No internet service,No internet service,No internet service,Two year,Yes,Mailed check,33.23,1981.16,No,31.446984126984127,1.78301587301587,2,Loyal,Low,0,0,0,0
Female,0,Yes,No,6,Yes,No,Fiber optic,Yes,Yes,Yes,No,No,Yes,Two year,Yes,Electronic check,86.23,583.78,No,97.29666666666667,-11.066666666666663,5,New,High,0,1,0,1
Female,0,No,No,22,Yes,No,Fiber optic,Yes,Yes,No,No,Yes,Yes,Month-to-month,Yes,Electronic check,92.03,2005.62,Yes,91.16454545454545,0.8654545454545541,5,Developing,High,2,1,0,1
Male,1,No,No,41,Yes,No,Fiber optic,Yes,No,No,No,No,Yes,Two year,Yes,Mailed check,83.47,3454.73,No,84.26170731707317,-0.7917073170731754,3,Established,High,0,0,0,1
Female,0,Yes,No,36,Yes,No,Fiber optic,Yes,No,No,No,No,No,Month-to-month,Yes,Electronic check,74.54,2704.09,No,75.11361111111111,-0.5736111111111057,2,Established,High,2,1,0,1
Female,0,No,No,19,Yes,No,No,No internet service,No internet service,No internet service,No internet service,No internet service,No internet service,Month-to-month,No,Electronic check,27.79,517.82,No,27.25368421052632,0.5363157894736794,1,Developing,Low,2,1,0,0
Male,0,No,No,39,Yes,No,DSL,Yes,No,Yes,Yes,Yes,No,Month-to-month,Yes,Electronic check,67.57,2587.77,No,66.35307692307693,1.2169230769230666,5,Established,Medium,2,1,1,1
Female,0,No,No,70,Yes,Yes,No,No internet service,No internet service,No internet service,No internet service,No internet service,No internet service,One year,No,Mailed check,33.02,2252.72,No,32.181714285714285,0.8382857142857176,2,Loyal,Low,1,0,0,0
Female,0,Yes,Yes,23,Yes,Yes,DSL,No,Yes,Yes,No,No,Yes,One year,Yes,Mailed check,69.77,1467.27,No,63.794347826086955,5.975652173913041,5,Developing,Medium,1,0,0,0
Female,0,No,No,16,Yes,Yes,No,No internet service,No internet service,No internet service,No internet service,No internet service,No internet service,Month-to-month,Yes,Mailed check,31.77,623.6,No,38.975,-7.205000000000002,2,Developing,Low,2,0,0,0
Female,0,No,No,54,Yes,Yes,Fiber optic,No,No,No,Yes,No,No,Two year,No,Bank transfer,82.4,4473.82,No,82.84851851851852,-0.44851851851851166,3,Loyal,High,0,0,1,0
Male,0,Yes,No,42,No,No phone service,Fiber optic,No,No,No,Yes,No,No,Two year,No,Bank transfer,67.63,2760.92,No,65.73619047619047,1.893809523809523,1,Established,Medium,0,0,1,0
Male,0,No,Yes,50,Yes,No,Fiber optic,Yes,No,Yes,No,No,Yes,Two year,No,Mailed check,92.59,4672.73,No,93.45459999999999,-0.8645999999999816,4,Loyal,High,0,0,0,1
Female,0,No,No,47,Yes,No,Fiber optic,No,No,Yes,No,No,No,Month-to-month,Yes,Credit card,71.93,3285.92,No,69.91319148936171,2.016808510638299,2,Established,High,2,0,0,0
Female,1,Yes,No,55,Yes,Yes,Fiber optic,No,Yes,Yes,No,No,No,Two year,No,Mailed check,89.94,4992.84,No,90.7789090909091,-0.8389090909090982,4,Loyal,High,0,0,0,0
Male,0,No,No,53,Yes,Yes,DSL,Yes,Yes,No,No,No,No,One year,No,Credit card,66.39,3551.19,No,67.00358490566038,-0.6135849056603746,4,Loyal,Medium,1,0,0,1
Female,1,No,No,44,Yes,Yes,DSL,Yes,Yes,No,No,No,Yes,One year,No,Mailed check,69.0,2981.99,No,67.7725,1.2275000000000063,5,Established,Medium,1,0,0,1
Female,0,No,No,33,No,No phone service,DSL,Yes,No,No,No,No,Yes,Month-to-month,Yes,Mailed check,47.33,1433.14,No,43.42848484848485,3.9015151515151487,2,Established,Medium,2,0,0,1
Female,0,No,No,34,Yes,No,Fiber optic,Yes,No,No,No,No,No,Two year,No,Bank transfer,80.35,2689.76,No,79.11058823529413,1.2394117647058636,2,Established,High,0,0,0,1
Female,0,Yes,No,20,Yes,No,Fiber optic,Yes,No,No,No,No,No,One year,Yes,Electronic check,69.8,1401.98,No,70.099,-0.2990000000000066,2,Developing,Medium,1,1,0,1
Male,1,Yes,No,33,Yes,Yes,DSL,Yes,No,Yes,No,Yes,No,One year,No,Credit card,66.75,2075.21,No,62.88515151515151,3.864848484848487,5,Established,Medium,1,0,0,1
Female,0,Yes,No,44,Yes,No,Fiber optic,No,No,No,No,Yes,Yes,Two year,Yes,Bank transfer,79.71,3449.42,No,78.39590909090909,1.3140909090909076,3,Established,High,0,0,0,0
Female,0,No,No,52,Yes,No,DSL,Yes,Yes,Yes,No,Yes,No,Month-to-month,Yes,Electronic check,65.3,3497.76,No,67.26461538461538,-1.964615384615385,5,Loyal,Medium,2,1,0,1
Male,0,Yes,Yes,56,Yes,Yes,Fiber optic,No,Yes,Yes,No,Yes,Yes,One year,Yes,Mailed check,100.06,5595.31,No,99.91625,0.14374999999999716,6,Loyal,Very High,1,0,0,0
Female,0,No,No,28,Yes,No,Fiber optic,Yes,No,Yes,No,Yes,No,Month-to-month,Yes,Bank transfer,92.93,2811.37,No,100.40607142857142,-7.476071428571416,4,Established,High,2,0,0,1
Male,0,Yes,No,53,Yes,No,Fiber optic,No,No,No,Yes,No,Yes,Month-to-month,Yes,Electronic check,80.32,4289.69,Yes,80.93754716981131,-0.6175471698113171,3,Loyal,High,2,1,1,0
Female,0,Yes,No,32,Yes,Yes,DSL,No,No,Yes,No,Yes,No,Month-to-month,Yes,Electronic check,73.41,2331.5,No,72.859375,0.5506249999999966,4,Established,High,2,1,0,0
Female,0,No,No,26,Yes,Yes,No,No internet service,No internet service,No internet service,No internet service,No internet service,No internet service,Month-to-month,Yes,Credit card,38.6,929.45,Yes,35.74807692307692,2.851923076923079,2,Established,Low,2,0,0,0
Female,1,No,No,12,Yes,No,Fiber optic,Yes,No,No,No,No,No,Month-to-month,No,Mailed check,72.98,782.02,Yes,65.16833333333334,7.811666666666667,2,New,High,2,0,0,1
Male,0,Yes,No,20,Yes,No,Fiber optic,Yes,Yes,No,No,No,No,Month-to-month,Yes,Electronic check,78.03,1570.51,No,78.5255,-0.4954999999999927,3,Developing,High,2,1,0,1
Male,0,Yes,No,49,Yes,No,DSL,No,No,Yes,No,No,Yes,Month-to-month,Yes,Electronic check,58.78,2839.53,No,57.9495918367347,0.8304081632653038,3,Loyal,Medium,2,1,0,0
Female,0,Yes,No,16,Yes,Yes,Fiber optic,Yes,Yes,No,No,Yes,No,One year,Yes,Bank transfer,94.31,1481.08,No,92.5675,1.7425000000000068,5,Developing,High,1,0,0,1
Female,0,Yes,No,6,Yes,No,No,No internet service,No internet service,No internet service,No internet service,No internet service,No internet service,Month-to-month,Yes,Mailed check,23.34,152.87,No,25.478333333333335,-2.1383333333333354,1,New,Low,2,0,0,0
Female,0,Yes,No,20,No,No phone service,Fiber optic,No,No,No,No,No,No,Month-to-month,Yes,Bank transfer,59.08,1124.95,Yes,56.2475,2.832499999999996,0,Developing,Medium,2,0,0,0
Male,1,No,No,72,Yes,No,DSL,No,No,Yes,No,No,No,Month-to-month,Yes,Credit card,44.81,3293.24,No,45.739444444444445,-0.9294444444444423,2,Loyal,Medium,2,0,0,0
Female,0,Yes,No,11,Yes,Yes,Fiber optic,No,Yes,No,Yes,Yes,No,Month-to-month,No,Electronic check,101.03,1131.62,Yes,102.87454545454544,-1.8445454545454396,5,New,Very High,2,1,1,0
Male,0,Yes,Yes,11,Yes,No,Fiber optic,No,Yes,No,No,No,Yes,Month-to-month,Yes,Electronic check,82.56,859.09,No,78.09909090909092,4.460909090909084,3,New,High,2,1,0,0
Male,0,Yes,No,30,Yes,No,DSL,Yes,Yes,No,No,Yes,No,Two year,Yes,Electronic check,61.75,1869.34,No,62.31133333333333,-0.5613333333333301,4,Established,Medium,0,1,0,1
Male,0,Yes,No,28,Yes,No,Fiber optic,No,No,Yes,No,No,Yes,One year,Yes,Mailed check,79.32,2036.21,No,72.72178571428572,6.598214285714278,3,Established,High,1,0,0,0
Female,0,No,No,67,Yes,Yes,Fiber optic,Yes,No,No,Yes,No,No,Month-to-month,No,Electronic check,84.77,5709.16,No,85.21134328358208,-0.44134328358208563,4,Loyal,High,2,1,1,1
Female,0,Yes,Yes,18,Yes,Yes,No,No internet service,No internet service,No internet service,No internet service,No internet service,No internet service,Month-to-month,Yes,Mailed check,29.14,552.75,Yes,30.708333333333332,-1.5683333333333316,2,Developing,Low,2,0,0,0
Female,1,Yes,No,31,Yes,Yes,Fiber optic,No,Yes,Yes,No,Yes,Yes,Month-to-month,No,Credit card,101.65,2985.39,Yes,96.30290322580645,5.3470967741935596,6,Established,Very High,2,0,0,0
Male,0,No,No,21,No,No phone service,Fiber optic,No,No,Yes,No,No,Yes,One year,Yes,Electronic check,77.1,1469.41,No,69.97190476190477,7.128095238095227,2,Developing,High,1,1,0,0
Male,0,No,No,18,Yes,No,No,No internet service,No internet service,No internet service,No internet service,No internet service,No internet service,Two year,No,Credit card,34.27,590.82,No,32.82333333333334,1.4466666666666654,1,Developing,Low,0,0,0,0
Male,0,No,No,24,Yes,No,Fiber optic,No,Yes,No,No,No,No,Month-to-month,Yes,Credit card,78.17,1824.27,No,76.01125,2.1587499999999977,2,Developing,High,2,0,0,0
Female,0,No,No,19,Yes,No,DSL,Yes,No,Yes,Yes,No,No,Month-to-month,Yes,Mailed check,63.99,1210.41,Yes,63.70578947368421,0.284210526315789,4,Developing,Medium,2,0,1,1
Female,1,No,Yes,52,Yes,No,Fiber optic,No,Yes,No,No,No,No,One year,No,Credit card,79.66,4145.82,No,79.72730769230769,-0.0673076923076934,2,Loyal,High,1,0,0,0
Male,0,No,No,57,Yes,No,Fiber optic,No,Yes,No,Yes,Yes,No,Month-to-month,No,Bank transfer,86.38,5045.35,No,88.51491228070176,-2.1349122807017693,4,Loyal,High,2,0,1,0
Male,1,No,No,13,Yes,Yes,Fiber optic,No,No,Yes,Yes,No,No,Month-to-month,Yes,Mailed check,81.64,1031.85,Yes,79.37307692307692,2.266923076923078,4,Developing,High,2,0,1,0
Male,0,Yes,Yes,36,Yes,Yes,No,No internet service,No internet service,No internet service,No internet service,No internet service,No internet service,One year,Yes,Mailed check,38.11,1419.85,No,39.44027777777777,-1.3302777777777735,2,Established,Low,1,0,0,0
Male,0,No,Yes,19,Yes,No,Fiber optic,No,No,Yes,No,Yes,No,One year,Yes,Electronic check,79.14,1465.22,Yes,77.11684210526316,2.0231578947368405,3,Developing,High,1,1,0,0
Female,1,No,Yes,63,Yes,No,No,No internet service,No internet service,No internet service,No internet service,No internet service,No internet service,Month-to-month,Yes,Mailed check,27.64,1771.66,No,28.121587301587304,-0.4815873015873038,1,Loyal,Low,2,0,0,0
Female,0,No,Yes,8,Yes,Yes,DSL,No,No,No,No,Yes,No,Two year,Yes,Credit card,55.95,413.65,No,51.70625,4.243750000000006,3,New,Medium,0,0,0,0
Female,0,Yes,No,30,Yes,No,DSL,Yes,No,Yes,No,No,Yes,Month-to-month,No,Bank transfer,67.61,1922.16,No,64.072,3.5379999999999967,4,Established,Medium,2,0,0,1
Male,0,No,No,24,Yes,Yes,DSL,No,No,No,Yes,No,Yes,Month-to-month,Yes,Mailed check,68.4,1591.65,No,66.31875000000001,2.081249999999997,4,Developing,Medium,2,0,1,0
Male,0,Yes,No,27,Yes,No,Fiber optic,Yes,Yes,No,Yes,No,No,One year,Yes,Bank transfer,79.39,2173.11,No,80.48555555555556,-1.0955555555555634,4,Established,High,1,0,1,1
Female,0,No,No,68,Yes,No,DSL,No,No,Yes,No,No,No,One year,Yes,Credit card,51.41,3402.3,No,50.03382352941177,1.3761764705882271,2,Loyal,Medium,1,0,0,0
Male,0,Yes,No,39,Yes,Yes,DSL,No,Yes,Yes,Yes,No,No,One year,No,Electronic check,72.16,2819.71,No,72.30025641025641,-0.14025641025641278,5,Established,High,1,1,1,0
Male,0,No,No,28,Yes,Yes,No,No internet service,No internet service,No internet service,No internet service,No internet service,No internet service,One year,Yes,Electronic check,34.49,990.54,No,35.37642857142857,-0.8864285714285671,2,Established,Low,1,1,0,0
Male,1,No,No,59,Yes,No,DSL,No,No,No,Yes,No,Yes,One year,Yes,Electronic check,57.94,3444.57,No,58.38254237288136,-0.44254237288136267,3,Loyal,Medium,1,1,1,0
Male,0,Yes,No,56,Yes,No,DSL,No,No,Yes,No,No,No,Two year,Yes,Credit card,54.87,3131.09,No,55.91232142857143,-1.0423214285714337,2,Loyal,Medium,0,0,0,0
Female,0,Yes,No,11,Yes,Yes,Fiber optic,No,Yes,No,Yes,Yes,No,One year,No,Mailed check,92.94,1184.15,No,107.65,-14.710000000000008,5,New,High,1,0,1,0
Female,0,Yes,No,34,Yes,No,DSL,Yes,No,No,Yes,Yes,No,Month-to-month,No,Electronic check,62.66,2027.65,No,59.63676470588236,3.02323529411764,4,Established,Medium,2,1,1,1
Male,0,No,No,30,Yes,No,DSL,No,Yes,Yes,No,Yes,Yes,One year,Yes,Bank transfer,73.14,2162.89,No,72.09633333333333,1.0436666666666667,5,Established,High,1,0,0,0
Male,0,No,No,33,Yes,No,DSL,No,Yes,Yes,No,No,Yes,Month-to-month,Yes,Mailed check,58.97,1940.52,No,58.803636363636365,0.16636363636363427,4,Established,Medium,2,0,0,0
Female,0,No,No,26,Yes,No,DSL,No,No,Yes,No,No,No,One year,Yes,Electronic check,48.27,1213.79,No,46.684230769230766,1.5857692307692375,2,Established,Medium,1,1,0,0
Female,0,Yes,No,60,Yes,Yes,No,No internet service,No internet service,No internet service,No internet service,No internet service,No internet service,Month-to-month,Yes,Credit card,28.16,1782.25,No,29.704166666666666,-1.5441666666666656,2,Loyal,Low,2,0,0,0
Male,0,No,Yes,72,Yes,Yes,Fiber optic,Yes,No,No,No,Yes,No,Month-to-month,Yes,Bank transfer,97.03,7084.85,No,98.40069444444445,-1.370694444444453,4,Loyal,High,2,0,0,1
Male,0,No,No,2,Yes,Yes,Fiber optic,Yes,Yes,No,Yes,Yes,Yes,One year,No,Electronic check,106.47,391.16,No,195.58,-89.11000000000001,7,New,Very High,1,1,1,1
Female,0,Yes,No,62,Yes,Yes,Fiber optic,No,No,No,No,Yes,No,One year,Yes,Credit card,88.2,5456.26,No,88.00419354838711,0.19580645161289567,3,Loyal,High,1,0,0,0
Male,0,Yes,No,63,Yes,Yes,Fiber optic,Yes,Yes,No,Yes,No,No,Month-to-month,Yes,Electronic check,87.23,5402.73,No,85.75761904761904,1.4723809523809592,5,Loyal,High,2,1,1,1
Female,0,Yes,No,27,Yes,No,No,No internet service,No internet service,No internet service,No internet service,No internet service,No internet service,Month-to-month,Yes,Electronic check,32.96,870.77,No,32.25074074074074,0.7092592592592624,1,Established,Low,2,1,0,0
Female,0,Yes,Yes,35,Yes,No,Fiber optic,No,No,No,No,Yes,No,Two year,Yes,Mailed check,75.82,2575.59,No,73.58828571428572,2.2317142857142755,2,Established,High,0,0,0,0
Male,0,Yes,No,8,Yes,Yes,DSL,No,Yes,Yes,No,No,No,Two year,No,Electronic check,68.51,613.77,No,76.72125,-8.211249999999993,4,New,Medium,0,1,0,0
Female,0,Yes,No,26,Yes,No,DSL,No,Yes,Yes,No,Yes,No,Month-to-month,No,Bank transfer,62.19,1676.58,No,64.48384615384614,-2.2938461538461468,4,Established,Medium,2,0,0,0
Male,0,Yes,No,18,Yes,No,DSL,Yes,Yes,No,Yes,Yes,No,Month-to-month,Yes,Electronic check,63.66,1206.91,Yes,67.05055555555556,-3.390555555555565,5,Developing,Medium,2,1,1,1
Female,1,Yes,No,66,Yes,No,No,No internet service,No internet service,No internet service,No internet service,No internet service,No internet service,Month-to-month,No,Electronic check,32.35,2301.65,No,34.87348484848485,-2.5234848484848484,1,Loyal,Low,2,1,0,0
Male,0,Yes,Yes,8,Yes,No,Fiber optic,Yes,No,No,Yes,Yes,Yes,Month-to-month,No,Credit card,94.24,754.57,No,94.32125,-0.08125000000001137,5,New,High,2,0,1,1
Female,0,No,Yes,25,Yes,Yes,DSL,Yes,No,No,Yes,No,No,Month-to-month,No,Electronic check,58.31,1405.82,No,56.2328,2.077200000000005,4,Established,Medium,2,1,1,1
Male,0,No,No,35,Yes,No,DSL,Yes,Yes,No,No,No,No,Two year,Yes,Mailed check,49.42,1725.64,No,49.304,0.11599999999999966,3,Established,Medium,0,0,0,1
Female,0,Yes,Yes,71,Yes,Yes,No,No internet service,No internet service,No internet service,No internet service,No internet service,No internet service,Month-to-month,Yes,Electronic check,36.66,2524.72,No,35.559436619718305,1.1005633802816916,2,Loyal,Low,2,1,0,0
Male,0,No,No,59,Yes,No,Fiber optic,No,Yes,No,No,Yes,No,Month-to-month,No,Credit card,81.89,4775.85,Yes,80.94661016949154,0.9433898305084654,3,Loyal,High,2,0,0,0
Female,0,No,No,68,Yes,Yes,DSL,Yes,No,No,Yes,No,No,Month-to-month,Yes,Electronic check,63.82,4340.38,No,63.82911764705882,-0.009117647058822342,4,Loyal,Medium,2,1,1,1
Female,0,Yes,No,23,Yes,No,No,No internet service,No internet service,No internet service,No internet service,No internet service,No internet service,Month-to-month,Yes,Electronic check,28.94,704.69,No,30.638695652173915,-1.6986956521739138,1,Developing,Low,2,1,0,0
Female,0,Yes,No,20,Yes,Yes,Fiber optic,Yes,Yes,No,No,Yes,Yes,Month-to-month,Yes,Credit card,100.43,1941.49,No,97.0745,3.3555000000000064,6,Developing,Very High,2,0,0,1
Male,0,Yes,Yes,42,Yes,Yes,Fiber optic,No,No,Yes,Yes,No,No,Month-to-month,No,Electronic check,88.52,3612.36,No,86.00857142857143,2.511428571428567,4,Established,High,2,1,1,0
Female,0,No,No,25,Yes,Yes,Fiber optic,Yes,No,No,No,Yes,Yes,Month-to-month,No,Credit card,98.88,2528.63,No,101.1452,-2.265200000000007,5,Established,High,2,0,0,1
Male,0,Yes,No,2,Yes,No,Fiber optic,Yes,No,No,Yes,Yes,No,One year,No,Bank transfer,86.41,102.28,No,51.14,35.269999999999996,4,New,High,1,0,1,1
Male,0,Yes,Yes,59,No,No phone service,DSL,No,No,No,Yes,No,No,Month-to-month,Yes,Credit card,45.08,2671.23,No,45.27508474576271,-0.1950847457627134,1,Loyal,Medium,2,0,1,0
Male,0,No,No,7,Yes,Yes,No,No internet service,No internet service,No internet service,No internet service,No internet service,No internet service,One year,No,Electronic check,37.29,352.1,No,50.300000000000004,-13.010000000000005,2,New,Low,1,1,0,0
Male,1,No,No,15,No,No phone service,Fiber optic,Yes,Yes,No,Yes,No,No,Two year,No,Credit card,81.28,1283.59,No,85.57266666666666,-4.292666666666662,3,Developing,High,0,0,1,1
Female,0,Yes,Yes,68,Yes,Yes,Fiber optic,No,No,No,Yes,No,No,Month-to-month,No,Electronic check,73.07,5015.77,No,73.76132352941177,-0.6913235294117754,3,Loyal,High,2,1,1,0
Male,0,No,Yes,53,Yes,Yes,Fiber optic,No,No,Yes,No,No,No,Month-to-month,No,Electronic check,80.28,4341.52,No,81.91547169811322,-1.6354716981132214,3,Loyal,High,2,1,0,0
Male,0,Yes,No,47,Yes,No,No,No internet service,No internet service,No internet service,No internet service,No internet service,No internet service,Two year,Yes,Bank transfer,30.2,1438.07,No,30.59723404255319,-0.3972340425531904,1,Established,Low,0,0,0,0
Female,0,No,No,10,Yes,Yes,DSL,No,Yes,No,No,Yes,No,Month-to-month,No,Electronic check,73.38,644.88,No,64.488,8.891999999999996,4,New,High,2,1,0,0
Female,1,No,No,19,Yes,No,DSL,Yes,Yes,Yes,No,No,No,Month-to-month,Yes,Mailed check,65.72,1445.14,Yes,76.06,-10.340000000000003,4,Developing,Medium,2,0,0,1
Male,0,No,No,15,Yes,No,Fiber optic,No,No,No,No,No,Yes,One year,Yes,Bank transfer,81.81,1262.27,No,84.15133333333333,-2.341333333333324,2,Developing,High,1,0,0,0
Female,0,Yes,No,47,Yes,Yes,DSL,No,Yes,No,No,No,Yes,One year,Yes,Electronic check,75.63,3592.29,No,76.43170212765958,-0.8017021276595813,4,Established,High,1,1,0,0
Male,0,Yes,Yes,37,Yes,No,Fiber optic,No,No,No,Yes,No,No,Two year,No,Electronic check,74.66,2776.11,No,75.03,-0.37000000000000455,2,Established,High,0,1,1,0
Female,1,No,No,26,No,No phone service,Fiber optic,No,No,No,Yes,No,No,Month-to-month,Yes,Mailed check,75.28,1820.79,No,70.03038461538462,5.249615384615382,1,Established,High,2,0,1,0
Female,0,Yes,No,54,No,No phone service,DSL,No,No,No,No,Yes,No,Month-to-month,Yes,Mailed check,47.73,2507.33,No,46.432037037037034,1.2979629629629628,1,Loyal,Medium,2,0,0,0
Male,0,No,No,57,Yes,Yes,DSL,No,No,Yes,Yes,No,Yes,Month-to-month,No,Mailed check,66.08,3897.39,No,68.37526315789474,-2.2952631578947376,5,Loyal,Medium,2,0,1,0
Female,0,Yes,No,54,Yes,Yes,Fiber optic,No,Yes,No,No,Yes,No,Month-to-month,Yes,Bank transfer,82.16,4282.29,No,79.30166666666666,2.8583333333333343,4,Loyal,High,2,0,0,0
Male,0,Yes,No,8,Yes,No,DSL,No,Yes,Yes,Yes,Yes,Yes,Month-to-month,Yes,Mailed check,74.09,583.01,No,72.87625,1.2137500000000045,6,New,High,2,0,1,0
Male,0,Yes,Yes,44,Yes,No,DSL,No,No,No,No,No,Yes,Month-to-month,No,Mailed check,55.65,2469.89,No,56.133863636363635,-0.48386363636363683,2,Established,Medium,2,0,0,0
Female,0,Yes,No,16,No,No phone service,Fiber optic,No,No,No,No,Yes,No,Month-to-month,No,Electronic check,67.94,1058.71,No,66.169375,1.7706249999999955,1,Developing,Medium,2,1,0,0
Female,0,No,Yes,20,Yes,No,DSL,No,No,No,No,No,No,Month-to-month,Yes,Electronic check,46.47,1090.98,Yes,54.549,-8.079,1,Developing,Medium,2,1,0,0
Male,0,Yes,No,71,Yes,No,Fiber optic,No,No,Yes,No,No,Yes,Month-to-month,Yes,Electronic check,89.67,6243.28,No,87.93352112676055,1.7364788732394487,3,Loyal,High,2,1,0,0
Male,1,No,Yes,30,Yes,Yes,No,No internet service,No internet service,No internet service,No internet service,No internet service,No internet service,Month-to-month,No,Bank transfer,35.18,996.97,No,33.23233333333334,1.947666666666663,2,Established,Low,2,0,0,0
Female,0,No,No,57,Yes,Yes,Fiber optic,No,Yes,Yes,No,No,No,One year,Yes,Electronic check,94.86,5432.55,No,95.30789473684212,-0.447894736842116,4,Loyal,High,1,1,0,0
Male,0,No,Yes,18,No,No phone service,Fiber optic,Yes,No,Yes,No,Yes,Yes,Month-to-month,No,Bank transfer,89.09,1635.14,Yes,90.84111111111112,-1.7511111111111148,4,Developing,High,2,0,0,1
Female,1,No,No,71,No,No phone service,Fiber optic,No,No,Yes,No,Yes,No,One year,No,Electronic check,78.26,5564.28,No,78.37014084507042,-0.11014084507041844,2,Loyal,High,1,1,0,0
Female,0,No,Yes,20,Yes,No,No,No internet service,No internet service,No internet service,No internet service,No internet service,No internet service,Month-to-month,Yes,Electronic check,27.1,563.43,No,28.171499999999998,-1.0714999999999968,1,Developing,Low,2,1,0,0
Male,1,No,No,14,Yes,Yes,No,No internet service,No internet service,No internet service,No internet service,No internet service,No internet service,Month-to-month,Yes,Electronic check,34.71,434.68,No,31.048571428571428,3.661428571428573,2,Developing,Low,2,1,0,0
Female,0,Yes,No,24,No,No phone service,No,No internet service,No internet service,No internet service,No internet service,No internet service,No internet service,Two year,Yes,Mailed check,20.07,454.28,No,18.92833333333333,1.1416666666666693,0,Developing,Low,0,0,0,0
Male,1,No,No,13,Yes,Yes,DSL,No,No,Yes,No,Yes,Yes,Two year,Yes,Bank transfer,71.65,847.25,No,65.17307692307692,6.476923076923086,5,Developing,High,0,0,0,0
Male,0,No,No,44,Yes,Yes,DSL,Yes,Yes,No,Yes,No,No,Month-to-month,No,Bank transfer,70.6,3138.09,No,71.32022727272728,-0.7202272727272856,5,Established,High,2,0,1,1
Male,0,Yes,No,11,Yes,No,DSL,No,No,Yes,No,No,No,Month-to-month,No,Credit card,56.16,481.34,Yes,43.75818181818182,12.401818181818179,2,New,Medium,2,0,0,0
Male,0,No,No,15,Yes,No,DSL,Yes,No,Yes,Yes,No,Yes,Two year,No,Mailed check,77.85,1058.26,No,70.55066666666667,7.299333333333323,5,Developing,High,0,0,1,1
Female,0,Yes,No,51,Yes,No,DSL,No,No,No,No,No,No,Month-to-month,No,Electronic check,43.2,2273.22,No,44.572941176470586,-1.372941176470583,1,Loyal,Medium,2,1,0,0
Female,1,No,Yes,4,No,No phone service,No,No internet service,No internet service,No internet service,No internet service,No internet service,No internet service,Month-to-month,Yes,Credit card,19.99,32.48,No,8.12,11.87,0,New,Low,2,0,0,0
Male,0,Yes,No,32,No,No phone service,DSL,No,Yes,No,No,Yes,No,Month-to-month,No,Bank transfer,53.98,1920.12,No,60.00375,-6.02375,2,Established,Medium,2,0,0,0
Male,0,No,No,50,Yes,Yes,DSL,Yes,No,No,No,No,Yes,Month-to-month,Yes,Electronic check,65.25,3225.2,No,64.50399999999999,0.7460000000000093,4,Loyal,Medium,2,1,0,1
Female,0,Yes,No,33,No,No phone service,No,No internet service,No internet service,No internet service,No internet service,No internet service,No internet service,One year,Yes,Electronic check,18.0,557.15,No,16.883333333333333,1.1166666666666671,0,Established,Low,1,1,0,0
Male,0,No,No,2,Yes,Yes,No,No internet service,No internet service,No internet service,No internet service,No internet service,No internet service,One year,Yes,Mailed check,38.18,181.6,Yes,90.8,-52.62,2,New,Low,1,0,0,0
Female,0,Yes,No,12,Yes,Yes,DSL,Yes,Yes,Yes,Yes,No,No,Month-to-month,Yes,Mailed check,69.79,915.67,No,76.30583333333333,-6.515833333333319,6,New,Medium,2,0,1,1
Male,0,No,No,70,Yes,No,DSL,No,Yes,No,No,No,No,Month-to-month,No,Bank transfer,51.78,3608.86,No,51.55514285714286,0.22485714285713954,2,Loyal,Medium,2,0,0,0
Female,0,Yes,No,56,Yes,Yes,No,No internet service,No internet service,No internet service,No internet service,No internet service,No internet service,Month-to-month,No,Electronic check,41.88,2337.83,No,41.746964285714284,0.13303571428571814,2,Loyal,Medium,2,1,0,0
Male,1,No,No,26,No,No phone service,No,No internet service,No internet service,No internet service,No internet service,No internet service,No internet service,One year,No,Credit card,22.82,673.65,No,25.909615384615385,-3.089615384615385,0,Established,Low,1,0,0,0
Female,0,Yes,Yes,63,Yes,No,Fiber optic,No,No,Yes,No,No,Yes,Two year,Yes,Mailed check,84.52,5340.85,No,84.77539682539683,-0.2553968253968293,3,Loyal,High,0,0,0,0
Female,0,Yes,No,1,No,No phone service,Fiber optic,No,Yes,Yes,No,No,Yes,Month-to-month,Yes,Bank transfer,84.97,58.18,Yes,58.18,26.79,3,New,High,2,0,0,0
Male,0,Yes,No,4,Yes,No,Fiber optic,No,No,No,Yes,Yes,No,One year,Yes,Electronic check,81.5,311.22,No,77.805,3.694999999999993,3,New,High,1,1,1,0
Female,0,No,Yes,64,Yes,Yes,Fiber optic,No,No,No,No,Yes,No,Month-to-month,No,Bank transfer,85.37,5621.44,No,87.835,-2.464999999999989,3,Loyal,High,2,0,0,0
Female,0,Yes,No,49,Yes,Yes,DSL,Yes,Yes,No,No,Yes,Yes,One year,Yes,Credit card,76.29,3713.22,No,75.78,0.5100000000000051,6,Loyal,High,1,0,0,1
Male,0,No,No,44,Yes,Yes,Fiber optic,No,No,No,Yes,No,Yes,Month-to-month,No,Electronic check,92.14,4028.93,No,91.5665909090909,0.5734090909090952,4,Established,High,2,1,1,0
Female,0,Yes,No,25,Yes,No,No,No internet service,No internet service,No internet service,No internet service,No internet service,No internet service,Month-to-month,Yes,Mailed check,22.67,563.46,No,22.538400000000003,0.13159999999999883,1,Established,Low,2,0,0,0
Female,0,No,No,59,Yes,No,Fiber optic,No,Yes,No,No,Yes,No,Month-to-month,Yes,Electronic check,78.45,4633.37,No,78.53169491525423,-0.08169491525423211,3,Loyal,High,2,1,0,0
Female,0,Yes,No,44,Yes,Yes,DSL,No,No,No,No,No,Yes,Two year,Yes,Mailed check,60.13,2586.42,No,58.782272727272726,1.3477272727272762,3,Established,Medium,0,0,0,0
Male,0,Yes,No,32,Yes,No,Fiber optic,No,No,Yes,Yes,Yes,No,Month-to-month,No,Credit card,89.41,2988.86,No,93.401875,-3.9918750000000074,4,Established,High,2,0,1,0
Male,0,Yes,No,28,Yes,Yes,Fiber optic,Yes,No,Yes,No,No,No,Month-to-month,No,Bank transfer,94.62,2620.12,Yes,93.57571428571428,1.0442857142857207,4,Established,High,2,0,0,1
Male,0,Yes,No,26,Yes,No,DSL,Yes,No,No,No,No,No,Two year,Yes,Bank transfer,47.43,1273.43,No,48.97807692307693,-1.548076923076927,2,Established,Medium,0,0,0,1
Female,0,Yes,Yes,42,Yes,Yes,Fiber optic,No,No,Yes,No,No,No,One year,Yes,Electronic check,81.74,3564.73,No,84.87452380952381,-3.134523809523813,3,Established,High,1,1,0,0
Female,0,Yes,No,48,No,No phone service,DSL,Yes,Yes,Yes,Yes,No,Yes,Month-to-month,No,Credit card,66.02,3142.62,No,65.47125,0.5487499999999983,5,Established,Medium,2,0,1,1
Female,0,No,No,58,Yes,No,No,No internet service,No internet service,No internet service,No internet service,No internet service,No internet service,Month-to-month,No,Bank transfer,23.4,1389.76,No,23.961379310344828,-0.5613793103448295,1,Loyal,Low,2,0,0,0
Male,0,No,Yes,30,Yes,Yes,DSL,No,Yes,Yes,No,No,No,Two year,Yes,Electronic check,60.0,1702.51,No,56.75033333333333,3.24966666666667,4,Established,Medium,0,1,0,0
Female,0,Yes,No,19,Yes,No,No,No internet service,No internet service,No internet service,No internet service,No internet service,No internet service,Month-to-month,No,Credit card,20.82,334.28,No,17.593684210526316,3.2263157894736842,1,Developing,Low,2,0,0,0
Female,0,No,No,41,Yes,No,Fiber optic,Yes,No,No,No,Yes,No,Month-to-month,Yes,Electronic check,84.22,3465.24,No,84.5180487804878,-0.2980487804878038,3,Established,High,2,1,0,1
Male,1,Yes,No,43,Yes,No,No,No internet service,No internet service,No internet service,No internet service,No internet service,No internet service,Month-to-month,Yes,Electronic check,24.78,1034.78,No,24.064651162790696,0.7153488372093051,1,Established,Low,2,1,0,0
Male,0,Yes,No,21,Yes,Yes,No,No internet service,No internet service,No internet service,No internet service,No internet service,No internet service,Month-to-month,No,Credit card,39.91,899.7,No,42.84285714285714,-2.932857142857145,2,Developing,Low,2,0,0,0
Male,0,Yes,No,6,Yes,Yes,No,No internet service,No internet service,No internet service,No internet service,No internet service,No internet service,One year,No,Electronic check,36.67,180.28,No,30.046666666666667,6.623333333333335,2,New,Low,1,1,0,0
Female,0,Yes,No,24,Yes,Yes,No,No internet service,No internet service,No internet service,No internet service,No internet service,No internet service,Two year,Yes,Electronic check,34.23,802.11,No,33.42125,0.8087499999999963,2,Developing,Low,0,1,0,0
Male,0,Yes,No,6,Yes,No,Fiber optic,No,No,No,No,Yes,Yes,Month-to-month,No,Electronic check,81.0,437.59,Yes,72.93166666666666,8.068333333333342,3,New,High,2,1,0,0
Male,0,No,No,6,Yes,Yes,DSL,No,Yes,Yes,Yes,Yes,Yes,Two year,Yes,Credit card,83.54,591.66,No,98.61,-15.069999999999993,7,New,High,0,0,1,0
Female,1,No,No,70,Yes,No,DSL,Yes,No,Yes,Yes,Yes,Yes,One year,Yes,Electronic check,73.98,5164.36,No,73.77657142857143,0.2034285714285744,6,Loyal,High,1,1,1,1
Male,0,No,No,57,Yes,No,Fiber optic,Yes,No,No,No,Yes,No,One year,No,Mailed check,84.16,4746.97,No,83.2801754385965,0.8798245614034954,3,Loyal,High,1,0,0,1
Male,0,Yes,Yes,3,Yes,No,Fiber optic,No,Yes,No,No,Yes,No,Month-to-month,No,Electronic check,86.62,191.75,Yes,63.916666666666664,22.70333333333334,3,New,High,2,1,0,0
Female,0,Yes,No,26,Yes,No,Fiber optic,Yes,Yes,No,No,No,No,Month-to-month,Yes,Mailed check,76.96,1915.36,No,73.6676923076923,3.2923076923076877,3,Established,High,2,0,0,1
Male,0,No,No,19,Yes,No,DSL,Yes,No,No,No,Yes,Yes,One year,No,Electronic check,63.27,1258.67,Yes,66.24578947368421,-2.975789473684209,4,Developing,Medium,1,1,0,1
Male,0,Yes,No,71,Yes,Yes,Fiber optic,No,Yes,No,No,No,Yes,One year,Yes,Credit card,94.12,6677.37,No,94.0474647887324,0.07253521126760631,4,Loyal,High,1,0,0,0
Male,0,Yes,No,32,Yes,No,DSL,No,No,No,Yes,No,Yes,Month-to-month,Yes,Bank transfer,63.56,2270.56,No,70.955,-7.394999999999996,3,Established,Medium,2,0,1,0
Male,0,Yes,No,19,Yes,No,DSL,No,No,No,No,No,No,Month-to-month,No,Credit card,42.14,758.26,No,39.90842105263158,2.231578947368419,1,Developing,Medium,2,0,0,0
Male,1,Yes,No,46,Yes,No,Fiber optic,No,Yes,Yes,Yes,Yes,Yes,Month-to-month,Yes,Bank transfer,95.64,4276.5,No,92.96739130434783,2.6726086956521726,6,Established,High,2,0,1,0
Male,0,No,Yes,35,Yes,Yes,Fiber optic,No,Yes,No,No,Yes,No,Month-to-month,Yes,Electronic check,85.6,2980.1,No,85.14571428571428,0.4542857142857173,4,Established,High,2,1,0,0
Female,1,Yes,No,14,Yes,No,No,No internet service,No internet service,No internet service,No internet service,No internet service,No internet service,Month-to-month,No,Electronic check,28.95,587.4,No,41.957142857142856,-13.007142857142856,1,Developing,Low,2,1,0,0
Male,0,Yes,No,22,Yes,No,Fiber optic,No,Yes,Yes,No,No,Yes,Month-to-month,Yes,Mailed check,81.43,1820.57,No,82.75318181818182,-1.3231818181818085,4,Developing,High,2,0,0,0
Male,0,No,Yes,10,Yes,No,Fiber optic,No,No,No,No,No,Yes,Month-to-month,Yes,Mailed check,77.13,765.76,No,76.576,0.554000000000002,2,New,High,2,0,0,0
Male,0,No,No,50,Yes,Yes,DSL,No,No,Yes,No,Yes,Yes,Two year,Yes,Bank transfer,71.84,3550.36,No,71.0072,0.832800000000006,5,Loyal,High,0,0,0,0
Female,0,Yes,No,70,Yes,No,DSL,No,No,Yes,No,No,Yes,One year,Yes,Electronic check,55.54,3862.58,No,55.17971428571428,0.3602857142857161,3,Loyal,Medium,1,1,0,0
Female,1,Yes,No,59,Yes,No,Fiber optic,No,No,No,No,No,No,Month-to-month,No,Bank transfer,70.36,4247.72,No,71.99525423728814,-1.6352542372881373,1,Loyal,High,2,0,0,0
Male,0,No,No,28,Yes,No,DSL,No,No,No,No,Yes,No,Month-to-month,Yes,Electronic check,53.35,1427.37,Yes,50.9775,2.3725000000000023,2,Established,Medium,2,1,0,0
Male,1,Yes,Yes,36,Yes,Yes,No,No internet service,No internet service,No internet service,No internet service,No internet service,No internet service,Month-to-month,Yes,Mailed check,33.57,1211.3,No,33.64722222222222,-0.0772222222222183,2,Established,Low,2,0,0,0
Male,0,Yes,No,5,Yes,No,No,No internet service,No internet service,No internet service,No internet service,No internet service,No internet service,Month-to-month,No,Credit card,34.72,185.69,Yes,37.138,-2.4179999999999993,1,New,Low,2,0,0,0
Female,0,Yes,No,27,Yes,No,DSL,No,Yes,Yes,Yes,No,Yes,Two year,Yes,Electronic check,66.37,1793.11,No,66.41148148148147,-0.04148148148146902,5,Established,Medium,0,1,1,0
Female,0,Yes,No,3,Yes,No,Fiber optic,Yes,Yes,No,No,Yes,No,Month-to-month,Yes,Electronic check,87.17,237.06,Yes,79.02,8.150000000000006,4,New,High,2,1,0,1
Male,0,No,No,54,Yes,Yes,Fiber optic,Yes,No,No,No,Yes,No,Two year,No,Electronic check,86.59,4560.07,No,84.44574074074073,2.1442592592592717,4,Loyal,High,0,1,0,1
Female,1,No,No,66,No,No phone service,DSL,Yes,Yes,No,No,Yes,No,Month-to-month,No,Mailed check,58.88,3903.61,No,59.14560606060606,-0.2656060606060606,3,Loyal,Medium,2,0,0,1
Male,0,No,Yes,14,No,No phone service,Fiber optic,Yes,No,Yes,No,No,Yes,Two year,No,Mailed check,74.46,1020.72,No,72.90857142857143,1.5514285714285592,3,Developing,High,0,0,0,1
Female,0,No,No,49,Yes,Yes,Fiber optic,No,No,No,No,No,Yes,One year,No,Credit card,84.59,4243.68,No,86.60571428571428,-2.0157142857142816,3,Loyal,High,1,0,0,0
Female,0,No,No,44,Yes,Yes,No,No internet service,No internet service,No internet service,No internet service,No internet service,No internet service,One year,Yes,Credit card,31.37,1366.83,No,31.06431818181818,0.30568181818182083,2,Established,Low,1,0,0,0
Male,0,No,No,31,No,No phone service,DSL,No,Yes,No,Yes,No,Yes,Two year,No,Bank transfer,48.14,1488.3,No,48.00967741935484,0.13032258064516355,3,Established,Medium,0,0,1,0
Female,0,No,No,53,Yes,Yes,Fiber optic,No,No,No,No,No,No,Month-to-month,Yes,Bank transfer,74.32,3951.67,No,74.55981132075472,-0.23981132075472544,2,Loyal,High,2,0,0,0
Male,0,Yes,Yes,49,Yes,No,DSL,No,No,No,No,Yes,Yes,Month-to-month,No,Electronic check,57.46,2853.59,No,58.2365306122449,-0.7765306122448976,3,Loyal,Medium,2,1,0,0
Male,0,Yes,No,20,No,No phone service,DSL,No,No,No,No,Yes,Yes,Month-to-month,No,Credit card,54.15,939.14,No,46.957,7.192999999999998,2,Developing,Medium,2,0,0,0
Male,0,No,No,58,Yes,Yes,Fiber optic,No,Yes,Yes,No,Yes,No,Two year,No,Mailed check,90.62,5281.01,No,91.05189655172414,-0.43189655172413666,5,Loyal,High,0,0,0,0
Female,0,Yes,No,48,No,No phone service,Fiber optic,No,Yes,No,No,No,No,Two year,Yes,Electronic check,58.7,2681.99,No,55.87479166666666,2.825208333333343,1,Established,Medium,0,1,0,0
Female,0,Yes,No,23,Yes,No,Fiber optic,No,No,Yes,No,No,No,Month-to-month,No,Credit card,67.05,1512.67,No,65.76826086956522,1.2817391304347723,2,Developing,Medium,2,0,0,0
Male,0,Yes,No,53,Yes,No,No,No internet service,No internet service,No internet service,No internet service,No internet service,No internet service,One year,Yes,Mailed check,28.65,1569.79,No,29.61867924528302,-0.9686792452830204,1,Loyal,Low,1,0,0,0
Female,0,No,Yes,47,Yes,No,DSL,No,No,No,No,No,Yes,Month-to-month,Yes,Electronic check,54.87,2744.45,No,58.392553191489355,-3.522553191489358,2,Established,Medium,2,1,0,0
Female,1,Yes,No,9,Yes,No,Fiber optic,No,Yes,Yes,Yes,Yes,No,Month-to-month,No,Bank transfer,92.7,754.89,No,83.87666666666667,8.823333333333338,5,New,High,2,0,1,0
Female,0,Yes,No,12,No,No phone service,DSL,Yes,Yes,No,Yes,No,Yes,One year,No,Electronic check,58.3,633.15,No,52.762499999999996,5.537500000000001,4,New,Medium,1,1,1,1
Male,0,Yes,No,24,Yes,No,No,No internet service,No internet service,No internet service,No internet service,No internet service,No internet service,Month-to-month,Yes,Electronic check,29.27,567.77,No,23.657083333333333,5.612916666666667,1,Developing,Low,2,1,0,0
Female,0,Yes,No,4,No,No phone service,DSL,No,No,No,No,No,Yes,Month-to-month,Yes,Electronic check,37.61,92.56,Yes,23.14,14.469999999999999,1,New,Low,2,1,0,0
Female,0,No,No,30,Yes,No,DSL,No,No,No,No,No,No,One year,No,Bank transfer,37.95,1321.82,No,44.06066666666666,-6.11066666666666,1,Established,Low,1,0,0,0
Male,0,Yes,No,34,No,No phone service,Fiber optic,No,No,Yes,Yes,Yes,Yes,Month-to-month,No,Electronic check,80.17,2598.68,No,76.43176470588234,3.7382352941176578,4,Established,High,2,1,1,0
Female,0,Yes,No,56,Yes,Yes,Fiber optic,No,Yes,No,Yes,No,Yes,Month-to-month,Yes,Electronic check,93.28,4974.89,Yes,88.83732142857143,4.442678571428573,5,Loyal,High,2,1,1,0
Male,0,Yes,No,13,Yes,Yes,Fiber optic,Yes,Yes,Yes,No,Yes,Yes,Month-to-month,No,Mailed check,109.13,1489.25,Yes,114.5576923076923,-5.427692307692311,7,Developing,Very High,2,0,0,1
Male,0,No,Yes,41,Yes,No,No,No internet service,No internet service,No internet service,No internet service,No internet service,No internet service,Month-to-month,Yes,Electronic check,23.97,1051.49,No,25.64609756097561,-1.6760975609756095,1,Established,Low,2,1,0,0
Male,0,No,No,48,Yes,Yes,Fiber optic,No,Yes,No,No,No,Yes,One year,Yes,Mailed check,85.42,4104.08,No,85.50166666666667,-0.08166666666666345,4,Established,High,1,0,0,0
Male,0,Yes,No,33,Yes,No,Fiber optic,No,No,No,Yes,No,No,Two year,Yes,Mailed check,77.53,2568.79,No,77.84212121212121,-0.31212121212121247,2,Established,High,0,0,1,0
Female,0,Yes,Yes,66,No,No phone service,No,No internet service,No internet service,No internet service,No internet service,No internet service,No internet service,Month-to-month,Yes,Electronic check,18.33,1272.7,No,19.283333333333335,-0.9533333333333367,0,Loyal,Low,2,1,0,0
Female,0,No,Yes,23,No,No phone service,Fiber optic,Yes,Yes,No,Yes,Yes,Yes,Two year,No,Electronic check,91.72,2174.12,No,94.52695652173912,-2.8069565217391244,5,Developing,High,0,1,1,1
Female,0,No,No,30,Yes,Yes,DSL,No,No,No,No,Yes,No,One year,Yes,Electronic check,60.4,1730.27,Yes,57.675666666666665,2.724333333333334,3,Established,Medium,1,1,0,0
Female,0,Yes,No,1,Yes,No,No,No internet service,No internet service,No internet service,No internet service,No internet service,No internet service,Two year,Yes,Mailed check,23.02,18.0,No,18.0,5.02,1,New,Low,0,0,0,0
Male,0,Yes,Yes,30,Yes,No,Fiber optic,Yes,No,No,No,Yes,No,One year,No,Credit card,89.18,2594.98,No,86.49933333333334,2.680666666666667,3,Established,High,1,0,0,1
Male,0,Yes,Yes,2,Yes,No,Fiber optic,Yes,Yes,No,Yes,No,No,Month-to-month,No,Electronic check,81.47,101.29,Yes,50.645,30.824999999999996,4,New,High,2,1,1,1
Male,0,Yes,No,71,Yes,Yes,Fiber optic,No,No,No,Yes,No,No,One year,Yes,Electronic check,89.59,6418.86,No,90.40647887323944,-0.8164788732394328,3,Loyal,High,1,1,1,0
Male,0,No,No,18,Yes,No,DSL,No,Yes,No,Yes,Yes,No,Month-to-month,No,Electronic check,65.19,1257.83,No,69.87944444444445,-4.689444444444447,4,Developing,Medium,2,1,1,0
Male,0,No,No,59,Yes,Yes,No,No internet service,No internet service,No internet service,No internet service,No internet service,No internet service,Month-to-month,No,Bank transfer,36.09,2101.9,No,35.62542372881356,0.46457627118644496,2,Loyal,Low,2,0,0,0
Female,0,No,No,9,No,No phone service,DSL,No,No,No,Yes,No,No,Month-to-month,No,Electronic check,37.04,355.96,No,39.55111111111111,-2.511111111111113,1,New,Low,2,1,1,0
Female,1,No,No,20,Yes,Yes,No,No internet service,No internet service,No internet service,No internet service,No internet service,No internet service,Month-to-month,Yes,Bank transfer,36.37,719.97,No,35.9985,0.3714999999999975,2,Developing,Low,2,0,0,0
Male,0,Yes,Yes,9,Yes,No,No,No internet service,No internet service,No internet service,No internet service,No internet service,No internet service,Month-to-month,No,Bank transfer,27.68,182.32,No,20.257777777777775,7.422222222222224,1,New,Low,2,0,0,0
Female,0,No,No,27,Yes,No,No,No internet service,No internet service,No internet service,No internet service,No internet service,No internet service,Two year,No,Electronic check,27.09,661.01,No,24.48185185185185,2.6081481481481497,1,Established,Low,0,1,0,0
Male,0,Yes,No,44,No,No phone service,DSL,Yes,No,Yes,Yes,No,Yes,Month-to-month,Yes,Mailed check,54.79,2416.01,Yes,54.909318181818186,-0.11931818181818699,4,Established,Medium,2,0,1,1
Male,0,Yes,No,31,Yes,Yes,Fiber optic,Yes,No,No,Yes,No,Yes,Month-to-month,No,Credit card,97.5,3083.04,No,99.45290322580645,-1.9529032258064518,5,Established,High,2,0,1,1
Male,0,No,No,44,Yes,No,DSL,No,Yes,Yes,Yes,No,No,Two year,Yes,Electronic check,64.68,2878.63,No,65.42340909090909,-0.7434090909090827,4,Established,Medium,0,1,1,0
Male,0,Yes,No,59,Yes,Yes,Fiber optic,Yes,No,Yes,Yes,No,No,Month-to-month,No,Mailed check,85.15,5007.78,No,84.87762711864406,0.27237288135594895,5,Loyal,High,2,0,1,1
Male,1,No,No,4,Yes,Yes,Fiber optic,Yes,Yes,No,Yes,No,Yes,Month-to-month,Yes,Mailed check,96.6,497.9,Yes,124.475,-27.875,6,New,High,2,0,1,1
Male,0,No,Yes,31,Yes,No,Fiber optic,Yes,Yes,Yes,No,No,Yes,Two year,Yes,Electronic check,90.85,2941.38,No,94.88322580645162,-4.033225806451625,5,Established,High,0,1,0,1
Male,0,No,No,43,Yes,No,Fiber optic,Yes,Yes,No,No,Yes,Yes,Two year,No,Bank transfer,95.36,3979.69,No,92.55093023255814,2.809069767441855,5,Established,High,0,0,0,1
Female,0,No,No,38,Yes,No,No,No internet service,No internet service,No internet service,No internet service,No internet service,No internet service,One year,Yes,Electronic check,28.57,990.74,No,26.072105263157894,2.497894736842106,1,Established,Low,1,1,0,0
Female,0,Yes,No,11,Yes,Yes,DSL,No,No,No,Yes,No,Yes,Month-to-month,No,Electronic check,64.71,595.83,No,54.16636363636364,10.543636363636352,4,New,Medium,2,1,1,0
Male,1,Yes,No,15,Yes,Yes,Fiber optic,Yes,Yes,No,Yes,Yes,No,Month-to-month,Yes,Bank transfer,100.94,1586.24,No,105.74933333333334,-4.809333333333342,6,Developing,Very High,2,0,1,1
Male,0,No,Yes,28,Yes,No,Fiber optic,Yes,Yes,No,Yes,Yes,Yes,Two year,Yes,Credit card,106.47,2958.67,No,105.66678571428572,0.8032142857142759,6,Established,Very High,0,0,1,1
Male,0,No,No,47,Yes,No,DSL,No,No,Yes,No,No,No,Two year,Yes,Electronic check,49.82,2346.22,No,49.9195744680851,-0.09957446808510184,2,Established,Medium,0,1,0,0
Male,0,No,Yes,72,Yes,No,Fiber optic,No,No,No,No,Yes,No,Month-to-month,Yes,Bank transfer,81.13,5889.61,No,81.80013888888888,-0.6701388888888857,2,Loyal,High,2,0,0,0
Male,0,Yes,Yes,27,Yes,Yes,Fiber optic,No,No,No,No,No,Yes,Two year,Yes,Electronic check,91.01,2456.35,No,90.97592592592592,0.03407407407408414,3,Established,High,0,1,0,0
Male,0,Yes,No,38,Yes,Yes,Fiber optic,No,No,Yes,Yes,No,No,One year,No,Bank transfer,93.11,3486.72,No,91.7557894736842,1.3542105263157964,4,Established,High,1,0,1,0
Male,0,Yes,No,23,Yes,No,Fiber optic,Yes,No,No,Yes,No,Yes,Month-to-month,Yes,Mailed check,89.63,1973.66,No,85.8113043478261,3.8186956521739006,4,Developing,High,2,0,1,1
Female,1,No,No,3,Yes,No,No,No internet service,No internet service,No internet service,No internet service,No internet service,No internet service,Month-to-month,Yes,Mailed check,30.62,72.99,No,24.33,6.290000000000003,1,New,Low,2,0,0,0
Female,0,No,No,29,Yes,No,No,No internet service,No internet service,No internet service,No internet service,No internet service,No internet service,Month-to-month,No,Credit card,29.72,925.93,No,31.92862068965517,-2.20862068965517,1,Established,Low,2,0,0,0
Female,0,No,Yes,26,No,No phone service,DSL,Yes,No,Yes,No,No,No,Two year,No,Bank transfer,54.77,1288.81,No,49.56961538461538,5.200384615384621,2,Established,Medium,0,0,0,1
Female,0,Yes,Yes,11,Yes,No,Fiber optic,No,Yes,No,Yes,Yes,No,Month-to-month,Yes,Electronic check,85.45,900.91,No,81.90090909090908,3.5490909090909213,4,New,High,2,1,1,0
Male,0,Yes,Yes,49,Yes,No,No,No internet service,No internet service,No internet service,No internet service,No internet service,No internet service,One year,No,Credit card,26.5,1143.79,No,23.34265306122449,3.157346938775511,1,Loyal,Low,1,0,0,0
Female,0,Yes,No,19,Yes,Yes,DSL,No,No,No,No,Yes,Yes,Month-to-month,Yes,Electronic check,64.36,1296.56,Yes,68.24,-3.8799999999999955,4,Developing,Medium,2,1,0,0
Female,0,Yes,Yes,17,Yes,No,Fiber optic,Yes,Yes,No,No,No,Yes,One year,Yes,Bank transfer,96.76,1511.7,No,88.9235294117647,7.836470588235301,4,Developing,High,1,0,0,1
Female,0,Yes,No,29,Yes,No,Fiber optic,No,No,Yes,Yes,Yes,Yes,Month-to-month,Yes,Bank transfer,100.14,2775.49,No,95.70655172413792,4.433448275862077,5,Established,Very High,2,0,1,0
Male,0,No,No,70,Yes,No,DSL,No,Yes,Yes,No,No,Yes,Two year,Yes,Credit card,60.59,4308.02,No,61.54314285714286,-0.9531428571428577,4,Loyal,Medium,0,0,0,0
Male,1,Yes,No,46,Yes,Yes,Fiber optic,Yes,No,No,No,Yes,No,Month-to-month,No,Mailed check,84.18,3820.66,No,83.05782608695652,1.1221739130434827,4,Established,High,2,0,0,1
Female,0,Yes,No,31,Yes,Yes,Fiber optic,Yes,Yes,Yes,No,Yes,No,One year,No,Bank transfer,98.21,2899.13,No,93.52032258064517,4.6896774193548225,6,Established,High,1,0,0,1
Male,0,No,Yes,60,Yes,No,DSL,No,No,No,No,No,No,One year,Yes,Bank transfer,46.28,2819.11,No,46.98516666666667,-0.7051666666666705,1,Loyal,Medium,1,0,0,0
Male,0,No,No,2,Yes,No,DSL,Yes,No,Yes,No,No,No,Month-to-month,Yes,Mailed check,57.02,123.03,No,61.515,-4.494999999999997,3,New,Medium,2,0,0,1
Male,0,Yes,No,25,Yes,No,No,No internet service,No internet service,No internet service,No internet service,No internet service,No internet service,Two year,Yes,Credit card,21.84,701.13,No,28.0452,-6.205200000000001,1,Established,Low,0,0,0,0
Male,0,Yes,Yes,39,Yes,Yes,No,No internet service,No internet service,No internet service,No internet service,No internet service,No internet service,Month-to-month,No,Electronic check,32.04,1151.52,No,29.526153846153846,2.5138461538461527,2,Established,Low,2,1,0,0
Male,0,No,No,36,Yes,No,Fiber optic,Yes,No,No,No,Yes,No,Two year,No,Electronic check,86.86,3047.61,No,84.65583333333333,2.2041666666666657,3,Established,High,0,1,0,1
Female,0,No,Yes,49,Yes,No,Fiber optic,Yes,No,Yes,Yes,Yes,No,Month-to-month,Yes,Bank transfer,94.45,4568.43,No,93.23326530612246,1.216734693877541,5,Loyal,High,2,0,1,1
Male,1,No,No,51,Yes,No,DSL,No,Yes,Yes,No,No,Yes,One year,Yes,Electronic check,60.21,3149.06,No,61.74627450980392,-1.536274509803917,4,Loyal,Medium,1,1,0,0
Female,0,Yes,No,33,Yes,No,No,No internet service,No internet service,No internet service,No internet service,No internet service,No internet service,Two year,No,Credit card,31.87,893.2,No,27.066666666666666,4.803333333333335,1,Established,Low,0,0,0,0
Female,0,No,Yes,67,Yes,No,DSL,Yes,Yes,Yes,Yes,No,No,Two year,No,Electronic check,69.91,4654.4,No,69.46865671641791,0.44134328358208563,5,Loyal,Medium,0,1,1,1
Male,0,No,No,67,Yes,No,No,No internet service,No internet service,No internet service,No internet service,No internet service,No internet service,Month-to-month,Yes,Mailed check,36.89,2490.66,No,37.174029850746265,-0.28402985074626486,1,Loyal,Low,2,0,0,0
Male,1,Yes,No,35,Yes,No,Fiber optic,Yes,No,No,No,Yes,No,Month-to-month,Yes,Bank transfer,81.14,2932.92,No,83.79771428571429,-2.6577142857142917,3,Established,High,2,0,0,1
Male,0,Yes,No,65,Yes,No,DSL,Yes,Yes,No,Yes,No,Yes,Two year,No,Credit card,65.3,4173.18,No,64.20276923076923,1.0972307692307623,5,Loyal,Medium,0,0,1,1
Female,1,No,No,47,Yes,Yes,Fiber optic,No,Yes,Yes,No,No,Yes,Month-to-month,No,Bank transfer,93.4,4410.32,No,93.83659574468085,-0.4365957446808437,5,Established,High,2,0,0,0
Female,1,Yes,No,11,Yes,Yes,No,No internet service,No internet service,No internet service,No internet service,No internet service,No internet service,Two year,Yes,Electronic check,38.7,372.62,No,33.874545454545455,4.825454545454548,2,New,Low,0,1,0,0
Female,0,No,Yes,9,Yes,No,No,No internet service,No internet service,No internet service,No internet service,No internet service,No internet service,Month-to-month,Yes,Electronic check,22.98,105.43,Yes,11.714444444444446,11.265555555555554,1,New,Low,2,1,0,0
Male,0,No,Yes,6,Yes,Yes,Fiber optic,No,Yes,No,No,No,No,Month-to-month,Yes,Bank transfer,82.02,480.24,No,80.04,1.9799999999999898,3,New,High,2,0,0,0
Male,0,Yes,No,16,Yes,No,DSL,No,No,Yes,No,No,No,One year,Yes,Credit card,51.16,793.17,No,49.573125,1.5868749999999991,2,Developing,Medium,1,0,0,0
Male,0,No,No,23,Yes,Yes,Fiber optic,No,Yes,Yes,No,No,Yes,Month-to-month,Yes,Bank transfer,99.31,2321.5,No,100.93478260869566,-1.6247826086956536,5,Developing,High,2,0,0,0
Male,0,Yes,No,5,Yes,No,Fiber optic,No,No,No,No,No,Yes,Month-to-month,Yes,Bank transfer,74.85,529.01,Yes,105.80199999999999,-30.951999999999998,2,New,High,2,0,0,0
Female,0,No,No,44,Yes,Yes,Fiber optic,No,No,No,No,No,No,Month-to-month,Yes,Mailed check,76.41,3394.13,No,77.13931818181818,-0.7293181818181864,2,Established,High,2,0,0,0
Female,0,No,No,30,Yes,No,DSL,No,Yes,No,No,No,Yes,Two year,No,Mailed check,60.09,1799.37,No,59.979,0.1110000000000042,3,Established,Medium,0,0,0,0
Female,0,No,No,44,Yes,Yes,No,No internet service,No internet service,No internet service,No internet service,No internet service,No internet service,One year,Yes,Mailed check,32.54,1472.54,No,33.466818181818184,-0.9268181818181844,2,Established,Low,1,0,0,0
Female,1,Yes,No,37,Yes,No,Fiber optic,No,No,No,No,Yes,No,Two year,Yes,Electronic check,73.81,2668.47,No,72.12081081081081,1.689189189189193,2,Established,High,0,1,0,0
Female,0,No,No,20,Yes,Yes,DSL,No,Yes,No,No,No,No,Month-to-month,Yes,Electronic check,65.49,1369.56,No,68.478,-2.9879999999999995,3,Developing,Medium,2,1,0,0
Female,0,No,No,45,Yes,Yes,DSL,No,No,No,No,No,No,Month-to-month,Yes,Bank transfer,55.23,2429.1,No,53.98,1.25,2,Established,Medium,2,0,0,0
Female,1,No,No,69,Yes,No,DSL,No,No,No,Yes,Yes,Yes,Month-to-month,Yes,Mailed check,69.86,4842.69,No,70.18391304347826,-0.32391304347825667,4,Loyal,Medium,2,0,1,0
Male,0,No,No,23,Yes,No,Fiber optic,No,No,Yes,No,No,Yes,Month-to-month,Yes,Electronic check,84.91,1931.38,Yes,83.97304347826088,0.9369565217391198,3,Developing,High,2,1,0,0
Female,0,Yes,No,23,Yes,No,DSL,No,No,No,No,No,No,Month-to-month,Yes,Credit card,45.53,1022.0,No,44.43478260869565,1.0952173913043524,1,Developing,Medium,2,0,0,0
Female,0,No,No,38,No,No phone service,Fiber optic,No,Yes,Yes,No,No,Yes,Month-to-month,Yes,Electronic check,76.58,3033.61,No,79.83184210526316,-3.251842105263165,3,Established,High,2,1,0,0
Female,1,Yes,Yes,58,No,No phone service,DSL,No,Yes,Yes,Yes,No,No,Month-to-month,Yes,Bank transfer,50.74,2867.47,No,49.43913793103448,1.3008620689655217,3,Loyal,Medium,2,0,1,0
Female,0,Yes,No,39,Yes,Yes,DSL,No,No,No,No,No,No,One year,No,Bank transfer,50.06,1987.03,No,50.94948717948718,-0.8894871794871761,2,Established,Medium,1,0,0,0
Male,0,No,No,60,Yes,Yes,DSL,Yes,Yes,No,No,No,No,Month-to-month,Yes,Credit card,60.08,3566.41,No,59.44016666666666,0.6398333333333355,4,Loyal,Medium,2,0,0,1
Female,0,No,No,6,Yes,Yes,Fiber optic,Yes,No,Yes,No,Yes,No,Month-to-month,No,Credit card,90.88,613.24,No,102.20666666666666,-11.326666666666668,5,New,High,2,0,0,1
Female,0,No,Yes,8,Yes,Yes,Fiber optic,Yes,No,No,No,No,Yes,Month-to-month,Yes,Credit card,92.12,627.46,No,78.4325,13.6875,4,New,High,2,0,0,1
Female,0,Yes,No,30,Yes,No,Fiber optic,Yes,No,No,Yes,Yes,Yes,Month-to-month,Yes,Mailed check,90.16,2674.03,No,89.13433333333334,1.0256666666666518,5,Established,High,2,0,1,1
Male,0,Yes,No,17,Yes,No,Fiber optic,No,No,No,No,Yes,No,One year,Yes,Bank transfer,82.57,1326.03,No,78.00176470588235,4.568235294117642,2,Developing,High,1,0,0,0
Male,1,Yes,No,2,Yes,No,Fiber optic,No,No,No,No,No,Yes,One year,Yes,Credit card,80.02,282.0,Yes,141.0,-60.980000000000004,2,New,High,1,0,0,0
Female,0,Yes,Yes,16,Yes,Yes,Fiber optic,Yes,No,No,No,Yes,No,Two year,No,Mailed check,91.69,1566.29,No,97.893125,-6.203125,4,Developing,High,0,0,0,1
Female,1,No,No,20,Yes,No,DSL,No,No,No,No,No,Yes,Month-to-month,No,Bank transfer,53.95,1018.44,Yes,50.922000000000004,3.0279999999999987,2,Developing,Medium,2,0,0,0
Female,0,No,Yes,67,Yes,No,Fiber optic,Yes,Yes,No,Yes,No,No,Month-to-month,Yes,Electronic check,86.67,5710.93,No,85.23776119402986,1.4322388059701439,4,Loyal,High,2,1,1,1
Female,1,Yes,No,57,Yes,Yes,DSL,No,No,Yes,No,Yes,Yes,Two year,No,Mailed check,70.31,3968.17,No,69.61701754385965,0.6929824561403564,5,Loyal,High,0,0,0,0
Male,0,Yes,No,26,Yes,Yes,Fiber optic,No,Yes,Yes,Yes,Yes,No,Two year,No,Electronic check,95.63,2547.16,No,97.9676923076923,-2.3376923076923077,6,Established,High,0,1,1,0
Male,0,Yes,No,69,Yes,No,Fiber optic,No,No,No,No,No,Yes,Month-to-month,Yes,Bank transfer,75.22,5209.89,No,75.50565217391305,-0.28565217391305,2,Loyal,High,2,0,0,0
Male,0,No,No,61,Yes,No,Fiber optic,No,No,Yes,No,No,Yes,Month-to-month,Yes,Mailed check,76.75,4647.76,No,76.19278688524591,0.5572131147540915,3,Loyal,High,2,0,0,0
Female,0,No,No,19,Yes,No,Fiber optic,No,No,No,No,No,No,One year,No,Electronic check,71.83,1452.96,No,76.47157894736843,-4.64157894736843,1,Developing,High,1,1,0,0
Female,0,Yes,No,35,Yes,No,Fiber optic,No,No,Yes,Yes,No,No,Two year,No,Mailed check,76.01,2685.84,No,76.73828571428572,-0.7282857142857182,3,Established,High,0,0,1,0
Female,0,Yes,No,67,Yes,No,DSL,No,No,Yes,Yes,No,No,Month-to-month,Yes,Bank transfer,58.61,3856.52,No,57.56,1.0499999999999972,3,Loyal,Medium,2,0,1,0
Female,0,Yes,No,33,No,No phone service,No,No internet service,No internet service,No internet service,No internet service,No internet service,No internet service,Month-to-month,No,Credit card,22.72,581.83,No,17.631212121212123,5.088787878787876,0,Established,Low,2,0,0,0
Male,0,Yes,Yes,27,Yes,No,DSL,No,No,No,Yes,Yes,Yes,Two year,No,Electronic check,66.04,1946.24,No,72.08296296296297,-6.04296296296296,4,Established,Medium,0,1,1,0
Female,0,No,No,66,No,No phone service,DSL,No,No,No,No,No,Yes,One year,No,Electronic check,42.97,2811.61,No,42.600151515151516,0.36984848484848243,1,Loyal,Medium,1,1,0,0
Female,0,No,Yes,48,Yes,Yes,DSL,No,No,No,No,No,No,Month-to-month,No,Bank transfer,49.62,2190.22,No,45.62958333333333,3.9904166666666683,2,Established,Medium,2,0,0,0
Male,0,Yes,No,32,No,No phone service,No,No internet service,No internet service,No internet service,No internet service,No internet service,No internet service,Month-to-month,Yes,Mailed check,18.0,599.09,No,18.7215625,-0.721562500000001,0,Established,Low,2,0,0,0
Female,0,No,No,63,No,No phone service,No,No internet service,No internet service,No internet service,No internet service,No internet service,No internet service,Month-to-month,Yes,Electronic check,18.0,999.19,No,15.860158730158732,2.139841269841268,0,Loyal,Low,2,1,0,0
Female,0,Yes,No,54,Yes,No,DSL,No,Yes,No,No,No,No,One year,No,Bank transfer,50.95,2852.96,No,52.83259259259259,-1.8825925925925873,2,Loyal,Medium,1,0,0,0
Female,1,Yes,No,26,Yes,Yes,DSL,Yes,No,No,Yes,Yes,Yes,One year,Yes,Credit card,76.56,2087.38,No,80.28384615384616,-3.7238461538461536,6,Established,High,1,0,1,1
Female,0,No,Yes,31,Yes,Yes,Fiber optic,No,No,No,No,No,No,Month-to-month,No,Electronic check,84.63,2604.27,No,84.00870967741936,0.6212903225806343,2,Established,High,2,1,0,0
Female,0,Yes,No,4,Yes,No,DSL,No,No,No,No,Yes,No,Month-to-month,Yes,Mailed check,60.43,152.51,No,38.1275,22.302500000000002,2,New,Medium,2,0,0,0
Female,0,Yes,No,8,Yes,No,DSL,No,No,No,No,No,Yes,One year,Yes,Electronic check,59.11,511.27,No,63.90875,-4.798749999999998,2,New,Medium,1,1,0,0
Female,0,No,Yes,69,Yes,Yes,Fiber optic,No,No,Yes,No,No,No,Month-to-month,No,Credit card,81.2,5699.31,No,82.59869565217392,-1.3986956521739131,3,Loyal,High,2,0,0,0
Female,0,No,No,4,Yes,No,Fiber optic,No,Yes,No,Yes,Yes,Yes,Month-to-month,No,Credit card,88.34,344.82,No,86.205,2.135000000000005,5,New,High,2,0,1,0
Female,1,Yes,No,61,Yes,No,Fiber optic,No,No,No,No,Yes,Yes,Month-to-month,Yes,Mailed check,84.74,5138.6,No,84.23934426229509,0.5006557377049035,3,Loyal,High,2,0,0,0
Male,0,No,No,15,No,No phone service,Fiber optic,No,Yes,No,No,Yes,No,Month-to-month,No,Credit card,73.01,1034.97,No,68.998,4.0120000000000005,2,Developing,High,2,0,0,0
Female,0,Yes,Yes,39,Yes,Yes,Fiber optic,No,No,Yes,No,Yes,Yes,One year,Yes,Electronic check,96.15,3721.77,No,95.42999999999999,0.7200000000000131,5,Established,High,1,1,0,0
Male,0,No,Yes,53,Yes,No,Fiber optic,No,No,No,No,Yes,Yes,Month-to-month,Yes,Bank transfer,85.73,4530.85,No,85.4877358490566,0.2422641509433987,3,Loyal,High,2,0,0,0
Male,0,Yes,No,72,Yes,Yes,DSL,Yes,No,No,No,No,No,One year,No,Bank transfer,60.81,4338.5,No,60.25694444444444,0.5530555555555594,3,Loyal,Medium,1,0,0,1
Female,0,No,No,27,Yes,Yes,DSL,No,No,Yes,Yes,No,No,One year,No,Credit card,55.89,1431.24,No,53.00888888888889,2.8811111111111103,4,Established,Medium,1,0,1,0
Male,0,Yes,No,67,Yes,Yes,No,No internet service,No internet service,No internet service,No internet service,No internet service,No internet service,Month-to-month,No,Bank transfer,40.18,2824.1,No,42.15074626865672,-1.9707462686567183,2,Loyal,Medium,2,0,0,0
Female,0,No,Yes,33,Yes,No,DSL,No,No,No,No,Yes,No,Two year,Yes,Electronic check,56.83,1855.84,No,56.237575757575755,0.5924242424242436,2,Established,Medium,0,1,0,0
Female,1,No,No,63,No,No phone service,Fiber optic,No,Yes,No,No,No,Yes,Month-to-month,No,Electronic check,71.71,4475.15,No,71.03412698412698,0.6758730158730089,2,Loyal,High,2,1,0,0
Female,0,Yes,No,8,Yes,Yes,DSL,Yes,No,Yes,Yes,No,Yes,One year,Yes,Electronic check,78.56,644.02,No,80.5025,-1.9424999999999955,6,New,High,1,1,1,1
Female,1,No,No,20,Yes,No,DSL,No,No,Yes,No,No,Yes,Month-to-month,Yes,Credit card,56.99,1158.86,No,57.943,-0.9529999999999959,3,Developing,Medium,2,0,0,0
Female,0,Yes,No,45,Yes,No,Fiber optic,Yes,No,No,No,No,No,Two year,No,Mailed check,75.14,3376.15,No,75.02555555555556,0.11444444444444457,2,Established,High,0,0,0,1
Female,0,No,No,51,Yes,Yes,DSL,Yes,No,No,No,No,Yes,Month-to-month,Yes,Mailed check,64.41,3193.71,No,62.621764705882356,1.7882352941176407,4,Loyal,Medium,2,0,0,1
Male,0,Yes,No,58,Yes,Yes,Fiber optic,Yes,Yes,Yes,Yes,No,No,Month-to-month,Yes,Electronic check,94.1,5457.03,No,94.08672413793103,0.013275862068965694,6,Loyal,High,2,1,1,1
Female,0,Yes,No,26,Yes,Yes,Fiber optic,Yes,Yes,No,No,No,Yes,Month-to-month,Yes,Mailed check,88.98,2325.06,No,89.42538461538462,-0.4453846153846115,5,Established,High,2,0,0,1
Male,0,No,No,45,Yes,No,Fiber optic,No,Yes,No,No,Yes,No,Month-to-month,Yes,Mailed check,92.93,4207.54,No,93.5008888888889,-0.5708888888888879,3,Established,High,2,0,0,0
Male,0,Yes,No,45,Yes,No,Fiber optic,No,No,No,Yes,Yes,No,Month-to-month,No,Mailed check,84.51,3824.09,No,84.97977777777778,-0.46977777777777874,3,Established,High,2,0,1,0
Male,0,No,No,71,No,No phone service,DSL,No,No,No,No,No,Yes,Month-to-month,No,Mailed check,45.55,3248.9,No,45.75915492957746,-0.2091549295774655,1,Loyal,Medium,2,0,0,0
Female,0,No,No,9,Yes,No,No,No internet service,No internet service,No internet service,No internet service,No internet service,No internet service,Month-to-month,Yes,Electronic check,35.25,231.41,No,25.712222222222223,9.537777777777777,1,New,Low,2,1,0,0
Male,0,Yes,Yes,2,Yes,Yes,No,No internet service,No internet service,No internet service,No internet service,No internet service,No internet service,Month-to-month,No,Electronic check,28.27,259.8,No,129.9,-101.63000000000001,2,New,Low,2,1,0,0
Male,1,Yes,No,42,No,No phone service,DSL,No,Yes,Yes,No,No,No,One year,Yes,Credit card,47.02,2011.12,No,47.88380952380952,-0.8638095238095147,2,Established,Medium,1,0,0,0
Male,1,No,Yes,2,Yes,No,Fiber optic,No,No,Yes,No,No,No,Month-to-month,Yes,Bank transfer,72.53,205.77,No,102.885,-30.355000000000004,2,New,High,2,0,0,0
Female,0,No,Yes,15,Yes,Yes,Fiber optic,Yes,No,Yes,No,Yes,No,Month-to-month,No,Bank transfer,92.03,1429.31,Yes,95.28733333333334,-3.257333333333335,5,Developing,High,2,0,0,1
Male,1,Yes,No,37,Yes,Yes,Fiber optic,No,No,Yes,Yes,No,No,Two year,No,Credit card,87.12,3213.83,No,86.86027027027026,0.2597297297297416,4,Established,High,0,0,1,0
Male,0,Yes,Yes,20,No,No phone service,DSL,No,No,Yes,Yes,No,No,One year,Yes,Mailed check,46.25,844.96,No,42.248000000000005,4.001999999999995,2,Developing,Medium,1,0,1,0
Female,0,No,Yes,20,Yes,No,DSL,No,No,No,No,Yes,No,Month-to-month,Yes,Bank transfer,45.88,900.02,No,45.001,0.8790000000000049,2,Developing,Medium,2,0,0,0
Female,1,No,Yes,25,No,No phone service,DSL,No,Yes,No,Yes,No,Yes,Month-to-month,No,Mailed check,50.94,1196.83,No,47.8732,3.0668000000000006,3,Established,Medium,2,0,1,0
Female,0,No,Yes,50,Yes,No,DSL,No,No,Yes,No,No,Yes,Month-to-month,No,Electronic check,54.32,2594.22,No,51.8844,2.435600000000001,3,Loyal,Medium,2,1,0,0
Male,0,Yes,No,27,Yes,No,Fiber optic,No,No,Yes,No,No,Yes,One year,Yes,Electronic check,80.22,2332.85,No,86.40185185185184,-6.181851851851846,3,Established,High,1,1,0,0
Female,0,No,No,58,Yes,No,No,No internet service,No internet service,No internet service,No internet service,No internet service,No internet service,Two year,Yes,Credit card,24.19,1467.99,No,25.310172413793104,-1.120172413793103,1,Loyal,Low,0,0,0,0
Female,0,No,No,12,Yes,Yes,Fiber optic,No,Yes,No,No,No,No,One year,No,Mailed check,81.29,983.41,No,81.95083333333334,-0.6608333333333292,3,New,High,1,0,0,0
Male,0,Yes,No,8,Yes,Yes,Fiber optic,No,No,No,No,No,No,Two year,No,Electronic check,76.41,616.5,No,77.0625,-0.6525000000000034,2,New,High,0,1,0,0
Female,0,Yes,No,12,Yes,No,DSL,No,No,No,No,No,No,One year,Yes,Credit card,37.38,497.16,No,41.43,-4.049999999999997,1,New,Low,1,0,0,0
Female,0,Yes,No,67,Yes,No,Fiber optic,No,No,No,Yes,No,Yes,Two year,No,Electronic check,77.71,5196.18,No,77.55492537313434,0.15507462686565532,3,Loyal,High,0,1,1,0
Male,0,No,No,20,Yes,No,Fiber optic,Yes,No,No,Yes,No,No,Month-to-month,Yes,Bank transfer,80.87,1567.53,No,78.3765,2.4935000000000116,3,Developing,High,2,0,1,1
Male,0,Yes,No,3,Yes,No,No,No internet service,No internet service,No internet service,No internet service,No internet service,No internet service,One year,Yes,Bank transfer,27.56,190.92,No,63.63999999999999,-36.08,1,New,Low,1,0,0,0
Male,0,No,No,23,Yes,Yes,Fiber optic,No,Yes,No,No,Yes,Yes,One year,Yes,Electronic check,88.97,1972.16,No,85.74608695652174,3.2239130434782624,5,Developing,High,1,1,0,0
Male,1,No,No,50,Yes,No,Fiber optic,No,No,No,No,No,No,One year,No,Electronic check,73.22,3754.88,No,75.0976,-1.877600000000001,1,Loyal,High,1,1,0,0
Female,0,Yes,Yes,27,Yes,No,DSL,No,Yes,No,No,No,Yes,Month-to-month,Yes,Mailed check,60.43,1632.65,No,60.46851851851852,-0.03851851851852217,3,Established,Medium,2,0,0,0
Male,1,No,No,28,Yes,No,No,No internet service,No internet service,No internet service,No internet service,No internet service,No internet service,Month-to-month,Yes,Bank transfer,37.32,1064.15,No,38.00535714285714,-0.6853571428571428,1,Established,Low,2,0,0,0
Male,0,No,No,7,No,No phone service,DSL,No,No,Yes,Yes,No,No,Month-to-month,No,Credit card,55.05,356.06,No,50.86571428571428,4.184285714285714,2,New,Medium,2,0,1,0
Female,0,Yes,No,49,Yes,No,Fiber optic,Yes,No,No,No,No,Yes,Month-to-month,Yes,Credit card,78.59,3757.68,No,76.6873469387755,1.9026530612244983,3,Loyal,High,2,0,0,1
Female,0,No,Yes,16,Yes,Yes,Fiber optic,Yes,No,Yes,Yes,Yes,No,Two year,No,Electronic check,98.49,1515.56,No,94.7225,3.7674999999999983,6,Developing,High,0,1,1,1
Female,0,Yes,No,8,Yes,Yes,DSL,No,No,No,Yes,No,No,One year,Yes,Electronic check,58.13,487.8,No,60.975,-2.844999999999999,3,New,Medium,1,1,1,0
Female,0,Yes,No,52,Yes,Yes,DSL,No,Yes,No,No,Yes,No,Month-to-month,Yes,Bank transfer,70.1,3574.13,No,68.73326923076924,1.366730769230756,4,Loyal,High,2,0,0,0
Female,0,No,Yes,68,Yes,No,No,No internet service,No internet service,No internet service,No internet service,No internet service,No internet service,Month-to-month,Yes,Bank transfer,26.86,1756.45,No,25.83014705882353,1.0298529411764683,1,Loyal,Low,2,0,0,0
Female,1,No,No,44,Yes,No,DSL,No,Yes,Yes,Yes,Yes,Yes,Month-to-month,No,Electronic check,80.38,3592.86,Yes,81.65590909090909,-1.2759090909090958,6,Established,High,2,1,1,0
Male,0,Yes,No,68,Yes,No,DSL,Yes,Yes,No,No,No,Yes,Two year,Yes,Electronic check,64.13,4391.78,No,64.585,-0.4549999999999983,4,Loyal,Medium,0,1,0,1
Female,1,No,Yes,29,Yes,Yes,DSL,Yes,No,Yes,No,No,Yes,Two year,Yes,Electronic check,66.81,1831.86,No,63.16758620689655,3.642413793103451,5,Established,Medium,0,1,0,1
Male,0,No,No,38,Yes,No,DSL,No,No,Yes,No,No,Yes,Month-to-month,No,Mailed check,53.28,2117.53,No,55.72447368421053,-2.4444736842105286,3,Established,Medium,2,0,0,0
Male,0,No,Yes,26,Yes,No,No,No internet service,No internet service,No internet service,No internet service,No internet service,No internet service,Month-to-month,No,Bank transfer,32.07,933.77,No,35.91423076923077,-3.8442307692307693,1,Established,Low,2,0,0,0
Male,0,Yes,No,37,Yes,No,Fiber optic,Yes,No,Yes,No,Yes,No,Two year,Yes,Credit card,90.87,3339.99,No,90.27,0.6000000000000085,4,Established,High,0,0,0,1
Male,0,Yes,Yes,65,Yes,No,No,No internet service,No internet service,No internet service,No internet service,No internet service,No internet service,One year,Yes,Electronic check,32.38,1966.26,No,30.250153846153847,2.129846153846156,1,Loyal,Low,1,1,0,0
Female,0,Yes,Yes,46,Yes,Yes,No,No internet service,No internet service,No internet service,No internet service,No internet service,No internet service,Two year,Yes,Mailed check,24.67,1021.02,No,22.19608695652174,2.4739130434782624,2,Established,Low,0,0,0,0
Male,0,No,No,2,Yes,No,Fiber optic,No,No,No,No,No,No,Month-to-month,Yes,Mailed check,69.48,92.33,Yes,46.165,23.315000000000005,1,New,Medium,2,0,0,0
Female,1,Yes,No,42,Yes,Yes,Fiber optic,No,No,No,No,No,Yes,Month-to-month,Yes,Mailed check,89.01,3832.38,No,91.24714285714286,-2.2371428571428567,3,Established,High,2,0,0,0
Male,0,No,Yes,28,No,No phone service,Fiber optic,No,Yes,Yes,No,No,Yes,One year,Yes,Electronic check,73.28,2062.64,No,73.66571428571429,-0.3857142857142861,3,Established,High,1,1,0,0
Female,0,Yes,No,40,Yes,Yes,Fiber optic,No,No,No,No,Yes,Yes,Month-to-month,No,Electronic check,93.27,3631.87,No,90.79675,2.473249999999993,4,Established,High,2,1,0,0
Female,0,No,No,41,Yes,No,Fiber optic,No,No,No,Yes,Yes,No,Two year,Yes,Electronic check,79.79,3387.21,No,82.61487804878048,-2.8248780487804765,3,Established,High,0,1,1,0
Male,0,No,No,43,Yes,Yes,Fiber optic,Yes,No,Yes,Yes,No,Yes,One year,No,Bank transfer,95.23,4090.05,No,95.11744186046512,0.11255813953488314,6,Established,High,1,0,1,1
Female,0,No,No,63,Yes,Yes,Fiber optic,No,No,No,No,No,Yes,Month-to-month,No,Bank transfer,81.09,5172.12,No,82.09714285714286,-1.0071428571428527,3,Loyal,High,2,0,0,0
Male,0,No,No,62,Yes,No,Fiber optic,No,No,No,Yes,Yes,No,Month-to-month,Yes,Bank transfer,88.32,5449.56,No,87.89612903225807,0.42387096774191946,3,Loyal,High,2,0,1,0
Female,0,No,No,70,Yes,Yes,DSL,No,No,No,No,No,No,One year,Yes,Mailed check,56.58,3806.0,No,54.371428571428574,2.2085714285714246,2,Loyal,Medium,1,0,0,0
Female,0,Yes,No,44,Yes,No,Fiber optic,No,No,No,No,No,Yes,Two year,Yes,Mailed check,76.53,3225.58,No,73.30863636363637,3.221363636363634,2,Established,High,0,0,0,0
Male,0,No,No,21,Yes,No,Fiber optic,No,No,No,No,No,No,Month-to-month,Yes,Electronic check,78.8,1586.89,Yes,75.56619047619049,3.233809523809512,1,Developing,High,2,1,0,0
Male,0,No,Yes,15,Yes,No,Fiber optic,Yes,No,No,No,No,Yes,One year,No,Electronic check,74.83,1146.12,No,76.40799999999999,-1.5779999999999887,3,Developing,High,1,1,0,1
Female,0,No,Yes,62,Yes,Yes,Fiber optic,No,No,No,No,Yes,No,Month-to-month,No,Electronic check,81.44,5083.01,No,81.98403225806452,-0.5440322580645187,3,Loyal,High,2,1,0,0
Female,0,Yes,No,66,Yes,Yes,Fiber optic,No,Yes,No,No,No,No,Two year,No,Electronic check,88.4,5982.65,No,90.64621212121212,-2.2462121212121104,3,Loyal,High,0,1,0,0
Female,0,No,Yes,3,Yes,Yes,Fiber optic,Yes,No,No,No,No,Yes,One year,Yes,Credit card,88.28,262.57,No,87.52333333333333,0.7566666666666748,4,New,High,1,0,0,1
Male,0,Yes,No,16,Yes,No,DSL,No,No,Yes,Yes,No,No,Month-to-month,No,Credit card,55.17,874.37,Yes,54.648125,0.5218750000000014,3,Developing,Medium,2,0,1,0
Male,1,Yes,No,49,Yes,Yes,Fiber optic,No,Yes,No,No,Yes,No,One year,Yes,Bank transfer,88.52,4259.18,No,86.92204081632654,1.5979591836734528,4,Loyal,High,1,0,0,0
Female,0,Yes,No,12,Yes,No,DSL,No,No,No,Yes,Yes,Yes,One year,No,Bank transfer,63.17,830.79,No,69.2325,-6.0625,4,New,Medium,1,0,1,0
Female,0,Yes,No,4,Yes,No,DSL,No,Yes,No,No,No,No,One year,No,Bank transfer,54.71,334.41,No,83.6025,-28.892500000000005,2,New,Medium,1,0,0,0
Female,0,Yes,No,72,No,No phone service,DSL,No,No,Yes,No,Yes,Yes,Month-to-month,Yes,Bank transfer,53.7,3815.74,No,52.99638888888889,0.7036111111111154,3,Loyal,Medium,2,0,0,0
Female,0,Yes,No,7,Yes,Yes,Fiber optic,No,Yes,No,No,No,Yes,One year,No,Bank transfer,99.76,688.31,No,98.33,1.4300000000000068,4,New,High,1,0,0,0
Male,0,No,Yes,16,Yes,No,Fiber optic,Yes,No,Yes,Yes,No,No,Two year,Yes,Electronic check,79.34,1296.98,No,81.06125,-1.7212499999999977,4,Developing,High,0,1,1,1
Male,1,Yes,Yes,72,Yes,Yes,DSL,No,No,No,No,Yes,Yes,Month-to-month,No,Credit card,73.77,5246.41,No,72.86680555555556,0.9031944444444377,4,Loyal,High,2,0,0,0
Female,1,Yes,No,8,No,No phone service,No,No internet service,No internet service,No internet service,No internet service,No internet service,No internet service,Month-to-month,No,Bank transfer,23.3,43.86,No,5.4825,17.817500000000003,0,New,Low,2,0,0,0
Male,0,No,No,58,Yes,Yes,Fiber optic,No,Yes,Yes,Yes,No,No,Two year,Yes,Electronic check,89.27,5188.62,No,89.45896551724138,-0.18896551724138533,5,Loyal,High,0,1,1,0
Female,0,No,No,41,Yes,No,Fiber optic,Yes,No,Yes,No,No,No,One year,Yes,Mailed check,81.03,3367.78,No,82.1409756097561,-1.110975609756096,3,Established,High,1,0,0,1
Female,0,Yes,No,39,Yes,Yes,Fiber optic,Yes,No,Yes,No,No,No,Month-to-month,Yes,Bank transfer,90.38,3449.82,No,88.45692307692308,1.9230769230769198,4,Established,High,2,0,0,1
Female,0,Yes,Yes,60,Yes,No,Fiber optic,No,No,Yes,No,No,No,Two year,No,Credit card,77.5,4648.32,No,77.472,0.028000000000005798,2,Loyal,High,0,0,0,0
Female,0,No,No,2,Yes,Yes,Fiber optic,No,No,Yes,No,No,Yes,Month-to-month,Yes,Mailed check,81.39,327.51,No,163.755,-82.365,4,New,High,2,0,0,0
Female,0,No,No,5,Yes,Yes,DSL,Yes,No,No,Yes,Yes,Yes,Two year,No,Mailed check,78.55,480.67,No,96.134,-17.584000000000003,6,New,High,0,0,1,1
Male,0,No,No,15,Yes,No,DSL,No,Yes,Yes,Yes,Yes,No,Month-to-month,Yes,Electronic check,62.45,976.73,Yes,65.11533333333334,-2.6653333333333364,5,Developing,Medium,2,1,1,0
Male,0,Yes,No,36,Yes,Yes,Fiber optic,No,Yes,No,No,No,Yes,Month-to-month,Yes,Mailed check,93.19,3311.55,Yes,91.98750000000001,1.2024999999999864,4,Established,High,2,0,0,0
Female,0,No,No,70,Yes,Yes,No,No internet service,No internet service,No internet service,No internet service,No internet service,No internet service,Two year,No,Electronic check,39.28,2799.74,No,39.99628571428571,-0.7162857142857106,2,Loyal,Low,0,1,0,0
Male,0,No,Yes,5,Yes,No,Fiber optic,No,Yes,No,No,Yes,Yes,One year,No,Electronic check,83.52,286.2,No,57.239999999999995,26.28,4,New,High,1,1,0,0
Male,0,No,No,31,Yes,Yes,Fiber optic,No,No,No,Yes,Yes,No,Month-to-month,Yes,Mailed check,81.09,2505.39,No,80.81903225806451,0.2709677419354932,4,Established,High,2,0,1,0
Male,0,No,Yes,31,Yes,No,DSL,No,No,Yes,Yes,No,Yes,Two year,No,Mailed check,61.78,1872.93,No,60.41709677419355,1.3629032258064484,4,Established,Medium,0,0,1,0
Male,0,No,Yes,15,Yes,Yes,Fiber optic,No,No,No,No,No,No,Two year,No,Bank transfer,76.03,1200.12,No,80.008,-3.9779999999999944,2,Developing,High,0,0,0,0
Female,0,No,No,25,No,No phone service,No,No internet service,No internet service,No internet service,No internet service,No internet service,No internet service,One year,No,Mailed check,20.03,326.06,No,13.0424,6.9876000000000005,0,Established,Low,1,0,0,0
Male,0,No,Yes,15,Yes,No,Fiber optic,No,No,Yes,No,No,No,Month-to-month,Yes,Electronic check,76.68,1350.68,No,90.04533333333333,-13.365333333333325,2,Developing,High,2,1,0,0
Male,0,No,Yes,10,Yes,No,Fiber optic,No,No,Yes,Yes,Yes,Yes,Month-to-month,Yes,Mailed check,93.38,898.12,No,89.812,3.567999999999998,5,New,High,2,0,1,0
Male,0,No,No,38,Yes,No,DSL,Yes,Yes,No,Yes,No,Yes,One year,Yes,Credit card,68.42,2728.76,No,71.80947368421053,-3.389473684210529,5,Established,Medium,1,0,1,1
Female,0,Yes,No,68,Yes,No,DSL,No,Yes,Yes,No,Yes,Yes,Two year,Yes,Mailed check,66.67,4591.4,No,67.52058823529411,-0.8505882352941114,5,Loyal,Medium,0,0,0,0
Female,0,No,No,30,Yes,No,DSL,Yes,No,Yes,No,No,Yes,Month-to-month,Yes,Mailed check,58.89,1792.34,No,59.74466666666667,-0.8546666666666667,4,Established,Medium,2,0,0,1
Female,0,No,No,46,Yes,Yes,Fiber optic,Yes,Yes,Yes,No,No,Yes,Month-to-month,Yes,Electronic check,101.41,4683.67,No,101.81891304347826,-0.4089130434782646,6,Established,Very High,2,1,0,1
Female,1,Yes,No,49,Yes,No,Fiber optic,No,Yes,No,No,Yes,No,Month-to-month,Yes,Electronic check,84.08,4125.8,No,84.2,-0.12000000000000455,3,Loyal,High,2,1,0,0
Female,0,Yes,No,61,Yes,No,DSL,No,No,No,No,Yes,No,Month-to-month,No,Credit card,51.57,3106.85,No,50.93196721311475,0.6380327868852476,2,Loyal,Medium,2,0,0,0
Female,1,No,No,60,Yes,Yes,No,No internet service,No internet service,No internet service,No internet service,No internet service,No internet service,One year,Yes,Electronic check,30.79,1880.99,No,31.349833333333333,-0.5598333333333336,2,Loyal,Low,1,1,0,0
Male,0,No,No,66,Yes,Yes,No,No internet service,No internet service,No internet service,No internet service,No internet service,No internet service,Month-to-month,Yes,Mailed check,41.21,2703.56,No,40.9630303030303,0.24696969696969973,2,Loyal,Medium,2,0,0,0
Female,0,Yes,No,59,Yes,Yes,Fiber optic,No,No,Yes,Yes,No,No,One year,Yes,Electronic check,93.84,5580.22,No,94.58,-0.7399999999999949,4,Loyal,High,1,1,1,0
Male,0,Yes,Yes,67,Yes,Yes,No,No internet service,No internet service,No internet service,No internet service,No internet service,No internet service,One year,No,Mailed check,39.56,2683.31,No,40.04940298507463,-0.48940298507462643,2,Loyal,Low,1,0,0,0
Female,0,Yes,Yes,70,Yes,Yes,No,No internet service,No internet service,No internet service,No internet service,No internet service,No internet service,Month-to-month,No,Bank transfer,37.53,2594.96,No,37.07085714285714,0.45914285714285796,2,Loyal,Low,2,0,0,0
Male,0,No,No,54,Yes,No,DSL,Yes,No,No,No,Yes,Yes,Two year,Yes,Bank transfer,60.64,3234.16,No,59.89185185185185,0.7481481481481538,4,Loyal,Medium,0,0,0,1
Female,0,No,Yes,36,Yes,No,No,No internet service,No internet service,No internet service,No internet service,No internet service,No internet service,Month-to-month,No,Credit card,33.12,1213.62,No,33.711666666666666,-0.5916666666666686,1,Established,Low,2,0,0,0
Male,0,No,No,23,Yes,No,Fiber optic,No,No,No,No,No,Yes,Month-to-month,No,Electronic check,79.31,1857.76,Yes,80.77217391304347,-1.4621739130434719,2,Developing,High,2,1,0,0
Female,0,Yes,No,42,Yes,Yes,DSL,Yes,Yes,No,No,No,Yes,Month-to-month,No,Electronic check,65.9,2728.21,Yes,64.95738095238096,0.942619047619047,5,Established,Medium,2,1,0,1
Female,0,No,No,60,Yes,No,DSL,No,No,No,Yes,No,Yes,Month-to-month,Yes,Credit card,60.82,3568.5,No,59.475,1.3449999999999989,3,Loyal,Medium,2,0,1,0
Female,0,No,No,55,Yes,No,Fiber optic,No,No,Yes,No,Yes,No,Month-to-month,No,Mailed check,79.96,4418.08,No,80.32872727272728,-0.3687272727272841,3,Loyal,High,2,0,0,0
Male,0,No,Yes,38,Yes,No,No,No internet service,No internet service,No internet service,No internet service,No internet service,No internet service,Two year,No,Credit card,31.32,1218.44,No,32.06421052631579,-0.7442105263157899,1,Established,Low,0,0,0,0
Female,0,Yes,No,6,Yes,No,Fiber optic,No,No,Yes,Yes,No,No,Month-to-month,No,Bank transfer,84.58,516.75,Yes,86.125,-1.5450000000000017,3,New,High,2,0,1,0
Male,0,Yes,No,20,Yes,No,Fiber optic,Yes,Yes,No,No,Yes,No,Month-to-month,No,Electronic check,89.08,1774.03,Yes,88.7015,0.3785000000000025,4,Developing,High,2,1,0,1
Male,0,No,No,42,Yes,No,DSL,No,No,No,Yes,No,No,Two year,Yes,Credit card,47.66,2065.23,No,49.17214285714286,-1.5121428571428623,2,Established,Medium,0,0,1,0
Female,0,Yes,No,28,No,No phone service,No,No internet service,No internet service,No internet service,No internet service,No internet service,No internet service,Two year,Yes,Electronic check,22.47,551.33,No,19.690357142857145,2.7796428571428535,0,Established,Low,0,1,0,0
Female,0,No,Yes,33,Yes,No,DSL,No,No,No,No,No,No,Month-to-month,Yes,Bank transfer,48.25,1525.21,No,46.21848484848485,2.0315151515151513,1,Established,Medium,2,0,0,0
Female,0,No,No,22,Yes,No,Fiber optic,No,No,No,No,No,No,Month-to-month,Yes,Electronic check,67.19,1432.33,Yes,65.1059090909091,2.0840909090909037,1,Developing,Medium,2,1,0,0
Female,0,Yes,Yes,6,Yes,No,Fiber optic,No,No,No,No,No,No,Month-to-month,No,Bank transfer,68.64,402.51,No,67.085,1.5550000000000068,1,New,Medium,2,0,0,0
Female,0,Yes,Yes,34,Yes,No,DSL,No,No,No,No,No,Yes,Month-to-month,No,Mailed check,60.62,2010.27,No,59.12558823529412,1.4944117647058803,2,Established,Medium,2,0,0,0
Female,0,No,No,33,Yes,Yes,No,No internet service,No internet service,No internet service,No internet service,No internet service,No internet service,Month-to-month,Yes,Electronic check,41.63,1324.67,No,40.14151515151515,1.4884848484848519,2,Established,Medium,2,1,0,0
Male,0,No,No,57,Yes,Yes,No,No internet service,No internet service,No internet service,No internet service,No internet service,No internet service,One year,Yes,Credit card,32.81,1942.69,No,34.082280701754385,-1.272280701754383,2,Loyal,Low,1,0,0,0
Female,0,Yes,No,9,Yes,No,Fiber optic,No,Yes,Yes,Yes,Yes,No,Month-to-month,Yes,Electronic check,83.91,748.59,Yes,83.17666666666668,0.7333333333333201,5,New,High,2,1,1,0
Female,1,Yes,No,35,Yes,Yes,Fiber optic,No,No,No,Yes,No,No,Month-to-month,Yes,Mailed check,87.93,3141.72,No,89.76342857142856,-1.8334285714285556,3,Established,High,2,0,1,0
Male,0,No,No,62,Yes,Yes,No,No internet service,No internet service,No internet service,No internet service,No internet service,No internet service,One year,No,Electronic check,43.48,2696.14,No,43.48612903225806,-0.006129032258066047,2,Loyal,Medium,1,1,0,0
Male,0,Yes,No,20,Yes,No,DSL,No,Yes,No,Yes,Yes,No,Month-to-month,No,Bank transfer,69.29,1328.82,Yes,66.441,2.8490000000000038,4,Developing,Medium,2,0,1,0
Female,0,No,Yes,23,No,No phone service,DSL,No,No,No,No,Yes,No,Month-to-month,Yes,Mailed check,43.58,1090.92,No,47.43130434782609,-3.851304347826094,1,Developing,Medium,2,0,0,0
Female,0,No,No,7,Yes,No,Fiber optic,No,No,No,No,No,No,One year,No,Mailed check,72.68,476.45,No,68.06428571428572,4.61571428571429,1,New,High,1,0,0,0
Female,0,Yes,Yes,42,Yes,No,Fiber optic,No,Yes,No,No,Yes,Yes,Month-to-month,Yes,Bank transfer,85.3,3609.69,Yes,85.94500000000001,-0.6450000000000102,4,Established,High,2,0,0,0
Male,0,No,No,62,No,No phone service,Fiber optic,Yes,No,Yes,Yes,Yes,Yes,Month-to-month,No,Bank transfer,95.32,5968.63,No,96.26822580645161,-0.9482258064516174,5,Loyal,High,2,0,1,1
Male,0,Yes,No,35,Yes,No,Fiber optic,Yes,No,No,No,Yes,No,Month-to-month,Yes,Credit card,79.67,2773.31,Yes,79.23742857142857,0.4325714285714355,3,Established,High,2,0,0,1
Female,0,Yes,No,31,Yes,Yes,Fiber optic,Yes,No,No,Yes,No,Yes,Month-to-month,Yes,Credit card,91.46,2815.01,No,90.80677419354839,0.6532258064516014,5,Established,High,2,0,1,1
Female,0,No,Yes,54,Yes,No,DSL,No,Yes,No,No,Yes,No,One year,Yes,Electronic check,57.66,3050.94,No,56.49888888888889,1.1611111111111043,3,Loyal,Medium,1,1,0,0
Female,0,No,No,32,Yes,No,DSL,No,Yes,No,No,Yes,No,Month-to-month,Yes,Bank transfer,55.76,1792.64,No,56.02,-0.2600000000000051,3,Established,Medium,2,0,0,0
Male,1,No,Yes,29,Yes,No,DSL,Yes,Yes,Yes,No,Yes,No,Month-to-month,Yes,Electronic check,70.94,1995.89,No,68.82379310344828,2.1162068965517165,5,Established,High,2,1,0,1
Female,1,Yes,Yes,55,Yes,No,Fiber optic,Yes,Yes,No,Yes,No,Yes,Month-to-month,Yes,Electronic check,88.58,4849.65,No,88.17545454545454,0.4045454545454561,5,Loyal,High,2,1,1,1
Female,0,No,No,21,Yes,Yes,Fiber optic,Yes,No,Yes,No,No,No,Month-to-month,Yes,Mailed check,97.35,2015.49,Yes,95.97571428571429,1.3742857142857048,4,Developing,High,2,0,0,1
Female,0,Yes,No,62,Yes,No,No,No internet service,No internet service,No internet service,No internet service,No internet service,No internet service,Two year,Yes,Mailed check,30.2,1826.74,No,29.463548387096775,0.7364516129032239,1,Loyal,Low,0,0,0,0
Female,0,No,No,20,Yes,Yes,Fiber optic,No,No,No,No,No,Yes,Two year,Yes,Mailed check,82.6,1672.9,No,83.64500000000001,-1.045000000000016,3,Developing,High,0,0,0,0
Male,0,No,No,37,Yes,No,Fiber optic,No,No,No,Yes,No,No,Month-to-month,Yes,Mailed check,71.09,2721.34,No,73.54972972972973,-2.4597297297297303,2,Established,High,2,0,1,0
Female,0,Yes,No,19,Yes,Yes,DSL,Yes,Yes,No,No,Yes,No,Month-to-month,Yes,Bank transfer,68.76,1368.38,No,72.02000000000001,-3.260000000000005,5,Developing,Medium,2,0,0,1
Female,0,Yes,No,46,Yes,Yes,Fiber optic,No,No,No,No,No,Yes,One year,Yes,Credit card,83.17,3670.05,No,79.78369565217392,3.3863043478260835,3,Established,High,1,0,0,0
Male,1,No,No,32,Yes,No,No,No internet service,No internet service,No internet service,No internet service,No internet service,No internet service,Month-to-month,Yes,Electronic check,26.91,864.03,Yes,27.0009375,-0.090937499999999,1,Established,Low,2,1,0,0
Male,1,Yes,No,18,Yes,No,DSL,No,Yes,No,No,No,No,Month-to-month,No,Mailed check,49.02,1059.5,No,58.861111111111114,-9.841111111111111,2,Developing,Medium,2,0,0,0
Female,0,No,Yes,54,Yes,No,Fiber optic,No,No,No,No,Yes,No,Two year,Yes,Electronic check,73.71,3987.37,No,73.84018518518518,-0.13018518518518363,2,Loyal,High,0,1,0,0
Female,0,No,No,68,Yes,No,DSL,No,No,No,Yes,No,No,Month-to-month,Yes,Electronic check,54.63,3688.06,No,54.236176470588234,0.3938235294117689,2,Loyal,Medium,2,1,1,0
Male,0,No,No,3,Yes,No,Fiber optic,No,No,Yes,Yes,No,Yes,Month-to-month,Yes,Credit card,92.65,379.92,Yes,126.64,-33.989999999999995,4,New,High,2,0,1,0
Female,0,Yes,Yes,41,Yes,No,Fiber optic,Yes,No,No,No,Yes,No,Month-to-month,Yes,Electronic check,78.55,3218.21,No,78.4929268292683,0.05707317073169804,3,Established,High,2,1,0,1
Male,0,Yes,Yes,52,Yes,Yes,Fiber optic,No,No,No,No,No,Yes,One year,Yes,Electronic check,83.8,4450.96,No,85.59538461538462,-1.79538461538462,3,Loyal,High,1,1,0,0
Male,0,Yes,Yes,52,Yes,Yes,Fiber optic,Yes,Yes,No,No,No,Yes,One year,No,Mailed check,86.8,4499.91,No,86.53673076923077,0.26326923076922526,5,Loyal,High,1,0,0,1
Male,0,No,No,16,Yes,No,No,No internet service,No internet service,No internet service,No internet service,No internet service,No internet service,Month-to-month,Yes,Electronic check,25.82,446.11,No,27.881875,-2.0618750000000006,1,Developing,Low,2,1,0,0
Female,0,No,No,9,Yes,Yes,No,No internet service,No internet service,No internet service,No internet service,No internet service,No internet service,One year,No,Mailed check,42.88,334.79,No,37.19888888888889,5.6811111111111146,2,New,Medium,1,0,0,0
Male,0,No,No,37,Yes,No,Fiber optic,No,No,No,Yes,No,No,Month-to-month,Yes,Credit card,79.8,3032.13,No,81.94945945945946,-2.1494594594594645,2,Established,High,2,0,1,0
Male,0,Yes,No,46,Yes,No,Fiber optic,No,Yes,Yes,Yes,Yes,No,Two year,Yes,Bank transfer,94.48,4341.85,No,94.38804347826088,0.09195652173912094,5,Established,High,0,0,1,0
Female,0,Yes,No,21,Yes,No,Fiber optic,No,Yes,No,No,No,No,Month-to-month,Yes,Mailed check,70.37,1487.93,No,70.85380952380953,-0.48380952380952635,2,Developing,High,2,0,0,0
Male,1,Yes,Yes,27,Yes,Yes,Fiber optic,No,No,Yes,Yes,Yes,Yes,Month-to-month,Yes,Bank transfer,98.21,2726.22,No,100.9711111111111,-2.7611111111111057,6,Established,High,2,0,1,0
Male,0,No,No,39,Yes,No,Fiber optic,No,No,No,No,Yes,No,One year,Yes,Credit card,74.94,2959.27,No,75.87871794871795,-0.9387179487179509,2,Established,High,1,0,0,0
Male,0,Yes,No,33,Yes,No,Fiber optic,No,No,No,No,Yes,No,Month-to-month,Yes,Electronic check,81.09,2662.14,No,80.67090909090909,0.4190909090909116,2,Established,High,2,1,0,0
Female,0,Yes,Yes,35,Yes,No,Fiber optic,No,No,No,Yes,No,No,One year,Yes,Bank transfer,80.2,2695.71,No,77.02028571428572,3.179714285714283,2,Established,High,1,0,1,0
Female,0,No,Yes,50,Yes,No,DSL,Yes,Yes,No,No,No,No,Month-to-month,Yes,Bank transfer,56.03,2792.5,No,55.85,0.17999999999999972,3,Loyal,Medium,2,0,0,1
Male,1,No,No,71,Yes,No,DSL,No,No,No,No,Yes,No,Month-to-month,Yes,Bank transfer,56.64,3992.68,No,56.23492957746479,0.40507042253521064,2,Loyal,Medium,2,0,0,0
Female,0,Yes,No,58,Yes,Yes,Fiber optic,No,No,No,No,Yes,No,Month-to-month,Yes,Electronic check,81.09,4704.42,No,81.11068965517242,-0.020689655172418497,3,Loyal,High,2,1,0,0
Male,1,No,No,1,Yes,Yes,No,No internet service,No internet service,No internet service,No internet service,No internet service,No internet service,Month-to-month,Yes,Bank transfer,36.32,19.36,No,19.36,16.96,2,New,Low,2,0,0,0
Male,0,Yes,Yes,26,Yes,No,Fiber optic,No,No,No,No,Yes,No,Month-to-month,No,Bank transfer,81.24,2212.34,No,85.09,-3.8500000000000085,2,Established,High,2,0,0,0
Male,0,Yes,Yes,1,Yes,Yes,No,No internet service,No internet service,No internet service,No internet service,No internet service,No internet service,Month-to-month,No,Bank transfer,41.42,84.12,Yes,84.12,-42.7,2,New,Medium,2,0,0,0
Female,0,Yes,Yes,63,Yes,Yes,Fiber optic,No,No,No,No,Yes,No,Month-to-month,Yes,Electronic check,79.41,4974.86,No,78.96603174603175,0.4439682539682508,3,Loyal,High,2,1,0,0
Male,0,Yes,No,47,Yes,Yes,DSL,No,No,No,No,Yes,No,Two year,Yes,Electronic check,65.85,3150.34,No,67.02851063829787,-1.1785106382978796,3,Established,Medium,0,1,0,0
Female,0,No,No,16,Yes,No,Fiber optic,Yes,No,No,Yes,No,Yes,One year,Yes,Bank transfer,96.7,1662.22,No,103.88875,-7.188749999999999,4,Developing,High,1,0,1,1
Male,0,No,No,61,Yes,No,No,No internet service,No internet service,No internet service,No internet service,No internet service,No internet service,Month-to-month,No,Bank transfer,22.38,1314.16,No,21.54360655737705,0.8363934426229491,1,Loyal,Low,2,0,0,0
Female,0,No,No,41,Yes,No,Fiber optic,No,No,Yes,No,Yes,No,Month-to-month,Yes,Credit card,75.73,3086.56,No,75.2819512195122,0.4480487804878095,3,Established,High,2,0,0,0
Female,0,Yes,Yes,4,Yes,Yes,Fiber optic,Yes,Yes,Yes,No,No,No,Month-to-month,Yes,Mailed check,98.59,340.07,Yes,85.0175,13.572500000000005,5,New,High,2,0,0,1
Male,1,No,No,11,Yes,Yes,Fiber optic,No,No,Yes,Yes,No,No,Month-to-month,Yes,Electronic check,85.59,970.73,No,88.24818181818182,-2.6581818181818164,4,New,High,2,1,1,0
Male,0,No,No,59,Yes,Yes,DSL,No,No,Yes,Yes,Yes,No,Month-to-month,Yes,Bank transfer,69.39,4260.72,No,72.21559322033899,-2.8255932203389875,5,Loyal,Medium,2,0,1,0
Male,0,Yes,No,21,Yes,No,DSL,Yes,No,No,No,Yes,Yes,Month-to-month,No,Bank transfer,70.03,1565.22,Yes,74.53428571428572,-4.5042857142857144,4,Developing,High,2,0,0,1
Female,0,No,No,38,Yes,No,DSL,No,No,No,No,Yes,No,Two year,Yes,Mailed check,49.75,1865.04,No,49.08,0.6700000000000017,2,Established,Medium,0,0,0,0
Male,0,No,Yes,65,Yes,Yes,Fiber optic,Yes,No,Yes,No,Yes,Yes,One year,Yes,Bank transfer,102.38,6705.9,No,103.1676923076923,-0.7876923076923106,6,Loyal,Very High,1,0,0,1
Male,1,No,No,21,Yes,Yes,No,No internet service,No internet service,No internet service,No internet service,No internet service,No internet service,Month-to-month,No,Electronic check,29.86,725.69,No,34.55666666666667,-4.6966666666666725,2,Developing,Low,2,1,0,0
Male,0,Yes,No,1,Yes,Yes,DSL,No,No,Yes,Yes,No,No,Month-to-month,Yes,Electronic check,66.81,18.0,No,18.0,48.81,4,New,Medium,2,1,1,0
Male,0,No,Yes,7,Yes,No,DSL,Yes,No,No,No,Yes,Yes,Month-to-month,No,Electronic check,68.79,401.68,No,57.38285714285714,11.407142857142865,4,New,Medium,2,1,0,1
Female,0,Yes,No,66,No,No phone service,Fiber optic,No,No,No,Yes,No,Yes,Month-to-month,Yes,Electronic check,75.04,5027.16,No,76.16909090909091,-1.1290909090909054,2,Loyal,High,2,1,1,0
Female,0,No,No,44,Yes,No,No,No internet service,No internet service,No internet service,No internet service,No internet service,No internet service,Month-to-month,No,Bank transfer,28.41,1132.2,No,25.731818181818184,2.678181818181816,1,Established,Low,2,0,0,0
Male,0,No,Yes,24,Yes,No,Fiber optic,No,No,Yes,No,No,No,Month-to-month,Yes,Electronic check,75.3,1812.94,Yes,75.53916666666667,-0.23916666666667652,2,Developing,High,2,1,0,0
Male,0,Yes,No,6,Yes,Yes,Fiber optic,Yes,No,No,No,No,No,Month-to-month,Yes,Credit card,81.68,548.14,Yes,91.35666666666667,-9.676666666666662,3,New,High,2,0,0,1
Female,1,No,No,51,Yes,No,Fiber optic,No,No,No,No,No,No,Month-to-month,No,Electronic check,70.07,3599.3,No,70.57450980392157,-0.5045098039215787,1,Loyal,High,2,1,0,0
Female,1,No,No,3,Yes,No,Fiber optic,No,No,No,No,No,No,One year,Yes,Bank transfer,73.85,214.02,No,71.34,2.509999999999991,1,New,High,1,0,0,0
Male,0,No,No,7,Yes,Yes,No,No internet service,No internet service,No internet service,No internet service,No internet service,No internet service,Month-to-month,Yes,Mailed check,28.22,307.58,No,43.94,-15.719999999999999,2,New,Low,2,0,0,0
Male,0,Yes,Yes,43,Yes,No,DSL,Yes,No,No,No,Yes,Yes,Two year,No,Electronic check,72.7,3192.88,No,74.25302325581396,-1.5530232558139545,4,Established,High,0,1,0,1
Female,0,Yes,No,47,Yes,No,No,No internet service,No internet service,No internet service,No internet service,No internet service,No internet service,Month-to-month,No,Mailed check,29.11,1544.63,No,32.86446808510639,-3.7544680851063887,1,Established,Low,2,0,0,0
Male,0,Yes,No,42,No,No phone service,Fiber optic,No,No,No,No,Yes,Yes,Month-to-month,Yes,Credit card,85.37,3495.96,No,83.23714285714286,2.132857142857148,2,Established,High,2,0,0,0
Male,0,Yes,Yes,66,Yes,No,Fiber optic,No,Yes,No,Yes,Yes,No,Month-to-month,Yes,Credit card,88.37,5790.29,No,87.73166666666667,0.6383333333333354,4,Loyal,High,2,0,1,0
Female,1,No,No,20,Yes,No,DSL,No,No,No,No,No,Yes,Month-to-month,Yes,Electronic check,53.4,1062.75,No,53.1375,0.26249999999999574,2,Developing,Medium,2,1,0,0
Female,0,Yes,No,40,Yes,Yes,No,No internet service,No internet service,No internet service,No internet service,No internet service,No internet service,Month-to-month,Yes,Mailed check,37.87,1618.92,No,40.473,-2.6030000000000015,2,Established,Low,2,0,0,0
Male,0,No,Yes,23,Yes,Yes,Fiber optic,Yes,Yes,No,No,No,No,Month-to-month,Yes,Electronic check,82.36,1953.68,Yes,84.94260869565218,-2.5826086956521834,4,Developing,High,2,1,0,1
Female,0,No,No,27,Yes,No,Fiber optic,No,No,No,No,No,Yes,Month-to-month,Yes,Mailed check,73.09,1940.99,No,71.88851851851852,1.2014814814814798,2,Established,High,2,0,0,0
Female,0,No,No,11,Yes,Yes,Fiber optic,Yes,Yes,Yes,No,Yes,No,Month-to-month,Yes,Electronic check,98.56,1005.88,No,91.44363636363636,7.116363636363644,6,New,High,2,1,0,1
Female,0,Yes,No,58,Yes,No,DSL,No,Yes,Yes,Yes,No,Yes,Month-to-month,Yes,Credit card,68.66,3895.18,No,67.15827586206896,1.5017241379310349,5,Loyal,Medium,2,0,1,0
Male,0,No,No,51,Yes,No,DSL,No,No,Yes,Yes,No,Yes,One year,No,Bank transfer,67.48,3580.97,No,70.21509803921568,-2.7350980392156714,4,Loyal,Medium,1,0,1,0
Female,0,No,No,52,Yes,Yes,DSL,Yes,No,Yes,Yes,Yes,Yes,One year,Yes,Electronic check,82.67,4296.94,No,82.63346153846153,0.036538461538469846,7,Loyal,High,1,1,1,1
Female,0,No,No,11,Yes,No,DSL,Yes,No,No,Yes,No,No,One year,No,Credit card,62.17,699.81,No,63.61909090909091,-1.4490909090909057,3,New,Medium,1,0,1,1
Female,0,Yes,Yes,9,Yes,No,Fiber optic,No,No,Yes,Yes,No,Yes,Two year,No,Bank transfer,76.65,610.31,No,67.81222222222222,8.837777777777788,4,New,High,0,0,1,0
Male,0,No,No,57,Yes,Yes,Fiber optic,No,No,Yes,No,Yes,No,Month-to-month,No,Electronic check,96.59,5508.12,No,96.63368421052631,-0.04368421052630822,4,Loyal,High,2,1,0,0
Male,0,Yes,No,48,Yes,No,Fiber optic,No,Yes,Yes,No,No,Yes,Two year,Yes,Credit card,85.71,4045.56,No,84.2825,1.4274999999999949,4,Established,High,0,0,0,0
Female,0,No,No,3,Yes,Yes,Fiber optic,No,No,Yes,No,Yes,Yes,Month-to-month,No,Mailed check,99.09,307.81,Yes,102.60333333333334,-3.5133333333333354,5,New,High,2,0,0,0
Female,0,Yes,No,48,Yes,No,DSL,Yes,No,No,No,No,No,Month-to-month,No,Mailed check,56.15,2668.59,No,55.595625000000005,0.5543749999999932,2,Established,Medium,2,0,0,1
Female,1,Yes,No,71,Yes,No,Fiber optic,No,No,No,No,Yes,Yes,One year,Yes,Electronic check,79.09,5558.24,No,78.28507042253521,0.8049295774647902,3,Loyal,High,1,1,0,0
Male,0,No,No,55,Yes,No,Fiber optic,Yes,No,Yes,No,No,Yes,Month-to-month,No,Electronic check,93.14,5218.52,No,94.88218181818182,-1.7421818181818196,4,Loyal,High,2,1,0,1
Male,0,Yes,No,20,Yes,No,Fiber optic,No,No,No,No,Yes,No,Month-to-month,No,Electronic check,80.37,1709.76,No,85.488,-5.117999999999995,2,Developing,High,2,1,0,0
Female,0,No,No,23,No,No phone service,DSL,No,No,Yes,No,Yes,Yes,Month-to-month,No,Credit card,64.45,1522.03,No,66.17521739130434,-1.7252173913043407,3,Developing,Medium,2,0,0,0
Female,0,No,No,55,Yes,No,No,No internet service,No internet service,No internet service,No internet service,No internet service,No internet service,Month-to-month,Yes,Electronic check,28.66,1432.69,No,26.048909090909092,2.6110909090909082,1,Loyal,Low,2,1,0,0
Male,0,Yes,Yes,29,No,No phone service,Fiber optic,No,Yes,Yes,No,Yes,Yes,Month-to-month,Yes,Mailed check,86.34,2419.33,No,83.4251724137931,2.914827586206897,4,Established,High,2,0,0,0
Male,0,Yes,Yes,54,Yes,Yes,No,No internet service,No internet service,No internet service,No internet service,No internet service,No internet service,One year,Yes,Credit card,32.39,1667.9,No,30.88703703703704,1.502962962962961,2,Loyal,Low,1,0,0,0
Female,0,Yes,No,70,Yes,No,Fiber optic,No,No,No,No,Yes,No,Month-to-month,No,Credit card,74.54,5368.24,No,76.68914285714285,-2.1491428571428486,2,Loyal,High,2,0,0,0
Female,0,No,No,30,Yes,No,Fiber optic,No,No,No,No,No,No,Month-to-month,No,Credit card,70.1,2187.78,No,72.926,-2.8260000000000076,1,Established,High,2,0,0,0
Male,0,No,No,42,Yes,Yes,No,No internet service,No internet service,No internet service,No internet service,No internet service,No internet service,Month-to-month,Yes,Credit card,37.69,1691.7,No,40.27857142857143,-2.5885714285714343,2,Established,Low,2,0,0,0
Male,0,Yes,Yes,36,Yes,No,No,No internet service,No internet service,No internet service,No internet service,No internet service,No internet service,Two year,No,Credit card,31.36,1069.08,No,29.696666666666665,1.663333333333334,1,Established,Low,0,0,0,0
Male,1,Yes,No,37,Yes,No,No,No internet service,No internet service,No internet service,No internet service,No internet service,No internet service,Two year,No,Credit card,24.31,776.76,No,20.993513513513513,3.316486486486486,1,Established,Low,0,0,0,0
Female,0,Yes,No,6,Yes,Yes,No,No internet service,No internet service,No internet service,No internet service,No internet service,No internet service,One year,Yes,Mailed check,34.95,291.03,Yes,48.504999999999995,-13.554999999999993,2,New,Low,1,0,0,0
Female,0,No,No,72,Yes,No,No,No internet service,No internet service,No internet service,No internet service,No internet service,No internet service,Month-to-month,No,Electronic check,29.25,1924.61,No,26.730694444444442,2.519305555555558,1,Loyal,Low,2,1,0,0
Male,0,Yes,No,39,Yes,Yes,Fiber optic,Yes,No,Yes,No,Yes,Yes,Month-to-month,Yes,Electronic check,92.73,3622.94,No,92.89589743589744,-0.16589743589743478,6,Established,High,2,1,0,1
Male,0,Yes,No,17,Yes,Yes,DSL,No,No,No,No,No,No,Month-to-month,Yes,Mailed check,56.79,1013.75,Yes,59.63235294117647,-2.842352941176472,2,Developing,Medium,2,0,0,0
Male,0,No,Yes,42,Yes,Yes,Fiber optic,Yes,Yes,No,Yes,Yes,Yes,One year,Yes,Electronic check,105.3,4332.99,No,103.16642857142857,2.133571428571429,7,Established,Very High,1,1,1,1
Female,0,Yes,Yes,29,No,No phone service,Fiber optic,Yes,No,No,No,No,Yes,Month-to-month,Yes,Electronic check,74.39,2278.09,Yes,78.5548275862069,-4.164827586206897,2,Established,High,2,1,0,1
Male,0,No,Yes,60,Yes,Yes,Fiber optic,Yes,No,Yes,No,Yes,Yes,One year,Yes,Electronic check,107.16,6406.81,No,106.78016666666667,0.37983333333332325,6,Loyal,Very High,1,1,0,1
Female,0,No,Yes,55,No,No phone service,Fiber optic,Yes,Yes,Yes,No,Yes,Yes,Month-to-month,Yes,Mailed check,87.35,4830.37,No,87.82490909090909,-0.47490909090909383,5,Loyal,High,2,0,0,1
Female,0,No,No,28,Yes,No,Fiber optic,No,No,No,No,No,No,Two year,No,Mailed check,66.85,1914.43,No,68.3725,-1.522500000000008,1,Established,Medium,0,0,0,0
Male,0,Yes,Yes,52,Yes,Yes,No,No internet service,No internet service,No internet service,No internet service,No internet service,No internet service,Month-to-month,No,Electronic check,26.17,1376.02,No,26.461923076923078,-0.2919230769230765,2,Loyal,Low,2,1,0,0
Male,0,No,No,3,Yes,No,Fiber optic,Yes,No,No,No,Yes,Yes,Month-to-month,No,Bank transfer,89.01,222.05,No,74.01666666666667,14.99333333333334,4,New,High,2,0,0,1
Male,0,Yes,No,70,Yes,No,DSL,No,No,No,No,No,No,Month-to-month,Yes,Electronic check,50.67,3481.99,No,49.742714285714285,0.9272857142857163,1,Loyal,Medium,2,1,0,0
Male,0,No,No,37,Yes,No,Fiber optic,No,No,Yes,No,No,No,One year,No,Mailed check,66.85,2503.93,No,67.67378378378378,-0.8237837837837816,2,Established,Medium,1,0,0,0
Female,1,Yes,No,48,Yes,No,Fiber optic,No,Yes,Yes,No,No,Yes,Two year,No,Electronic check,83.14,4040.92,No,84.18583333333333,-1.0458333333333343,4,Established,High,0,1,0,0
Male,0,No,No,47,Yes,Yes,DSL,No,Yes,No,No,No,No,Month-to-month,Yes,Bank transfer,58.93,2847.95,No,60.59468085106383,-1.664680851063828,3,Established,Medium,2,0,0,0
Female,0,Yes,No,23,Yes,No,Fiber optic,Yes,Yes,No,Yes,Yes,No,Two year,Yes,Credit card,90.42,2067.8,No,89.90434782608696,0.5156521739130397,5,Developing,High,0,0,1,1
Female,0,No,No,50,Yes,No,No,No internet service,No internet service,No internet service,No internet service,No internet service,No internet service,Month-to-month,Yes,Electronic check,26.46,1329.37,No,26.5874,-0.12739999999999796,1,Loyal,Low,2,1,0,0
Male,0,No,No,29,Yes,Yes,DSL,No,Yes,No,No,Yes,No,Month-to-month,Yes,Credit card,65.88,1839.91,No,63.44517241379311,2.434827586206886,4,Established,Medium,2,0,0,0
Male,1,Yes,No,50,Yes,No,Fiber optic,No,No,No,No,No,No,Month-to-month,No,Credit card,77.61,3962.3,No,79.24600000000001,-1.63600000000001,1,Loyal,High,2,0,0,0
Male,0,No,No,7,Yes,No,Fiber optic,No,No,No,No,Yes,Yes,Month-to-month,No,Credit card,84.43,523.28,No,74.75428571428571,9.675714285714292,3,New,High,2,0,0,0
Female,0,No,Yes,11,Yes,No,Fiber optic,No,Yes,No,No,No,Yes,Two year,Yes,Credit card,83.23,962.7,No,87.51818181818182,-4.288181818181812,3,New,High,0,0,0,0
Male,0,Yes,No,67,Yes,No,Fiber optic,Yes,Yes,No,No,Yes,No,Month-to-month,Yes,Mailed check,89.2,6057.51,No,90.41059701492537,-1.2105970149253693,4,Loyal,High,2,0,0,1
Female,1,No,No,53,Yes,Yes,Fiber optic,No,No,Yes,No,No,Yes,Month-to-month,No,Electronic check,81.48,4398.2,No,82.98490566037735,-1.5049056603773465,4,Loyal,High,2,1,0,0
Male,0,No,Yes,10,Yes,No,Fiber optic,No,No,Yes,No,No,Yes,Month-to-month,No,Electronic check,83.57,726.76,Yes,72.676,10.893999999999991,3,New,High,2,1,0,0
Male,0,No,Yes,16,Yes,No,No,No internet service,No internet service,No internet service,No internet service,No internet service,No internet service,One year,Yes,Electronic check,22.1,230.07,No,14.379375,7.720625000000002,1,Developing,Low,1,1,0,0
Male,0,Yes,Yes,40,Yes,No,DSL,No,No,Yes,No,Yes,Yes,Two year,Yes,Mailed check,65.38,2541.68,No,63.541999999999994,1.838000000000001,4,Established,Medium,0,0,0,0
Female,0,No,Yes,1,Yes,No,Fiber optic,Yes,Yes,No,No,Yes,Yes,Two year,Yes,Credit card,98.65,18.0,Yes,18.0,80.65,5,New,High,0,0,0,1
Female,0,Yes,Yes,29,Yes,No,Fiber optic,Yes,No,Yes,No,No,No,Month-to-month,No,Electronic check,78.6,2448.34,No,84.42551724137931,-5.825517241379316,3,Established,High,2,1,0,1
Female,0,No,No,24,Yes,No,DSL,No,Yes,Yes,No,Yes,No,Month-to-month,Yes,Mailed check,67.56,1651.05,No,68.79375,-1.2337500000000006,4,Developing,Medium,2,0,0,0
Male,0,Yes,No,10,Yes,No,No,No internet service,No internet service,No internet service,No internet service,No internet service,No internet service,Month-to-month,Yes,Credit card,21.36,112.36,No,11.236,10.123999999999999,1,New,Low,2,0,0,0
Male,0,Yes,No,22,Yes,No,Fiber optic,Yes,Yes,No,No,Yes,No,Two year,Yes,Electronic check,88.37,1864.51,No,84.75045454545455,3.6195454545454595,4,Developing,High,0,1,0,1
Female,0,Yes,No,22,Yes,Yes,DSL,No,No,No,No,No,Yes,Month-to-month,Yes,Electronic check,61.44,1476.89,Yes,67.13136363636364,-5.691363636363647,3,Developing,Medium,2,1,0,0
Male,0,Yes,Yes,5,Yes,No,DSL,No,Yes,No,No,No,Yes,Two year,Yes,Electronic check,47.48,340.97,No,68.194,-20.714000000000006,3,New,Medium,0,1,0,0
Male,0,No,No,46,No,No phone service,DSL,Yes,Yes,No,No,No,No,Two year,Yes,Electronic check,50.32,2208.78,No,48.01695652173913,2.303043478260868,2,Established,Medium,0,1,0,1
Female,0,No,Yes,20,Yes,Yes,Fiber optic,Yes,No,No,No,Yes,No,One year,No,Mailed check,77.32,1608.4,No,80.42,-3.1000000000000085,4,Developing,High,1,0,0,1
Female,0,No,No,3,Yes,Yes,Fiber optic,No,No,Yes,No,Yes,Yes,One year,Yes,Mailed check,96.94,265.63,No,88.54333333333334,8.396666666666661,5,New,High,1,0,0,0
Male,1,No,No,2,Yes,No,Fiber optic,No,No,No,No,No,Yes,Month-to-month,No,Bank transfer,79.04,141.78,No,70.89,8.150000000000006,2,New,High,2,0,0,0
Male,0,Yes,No,70,No,No phone service,Fiber optic,No,No,No,Yes,Yes,Yes,Month-to-month,No,Electronic check,79.54,5459.41,No,77.99157142857143,1.5484285714285733,3,Loyal,High,2,1,1,0
Female,0,Yes,No,9,Yes,No,Fiber optic,No,No,No,Yes,Yes,No,Month-to-month,Yes,Bank transfer,82.92,714.76,No,79.41777777777777,3.5022222222222297,3,New,High,2,0,1,0
Male,0,No,No,66,Yes,No,No,No internet service,No internet service,No internet service,No internet service,No internet service,No internet service,Month-to-month,Yes,Electronic check,37.31,2379.61,No,36.05469696969697,1.2553030303030326,1,Loyal,Low,2,1,0,0
Male,0,No,No,12,Yes,Yes,No,No internet service,No internet service,No internet service,No internet service,No internet service,No internet service,One year,Yes,Mailed check,33.05,497.83,No,41.48583333333333,-8.435833333333335,2,New,Low,1,0,0,0
Male,0,No,No,7,No,No phone service,Fiber optic,Yes,Yes,No,No,Yes,No,Month-to-month,Yes,Electronic check,74.56,444.43,No,63.49,11.07,3,New,High,2,1,0,1
Male,0,Yes,No,40,Yes,No,Fiber optic,Yes,Yes,No,Yes,No,Yes,Two year,No,Credit card,100.41,4109.11,No,102.72774999999999,-2.3177499999999895,5,Established,Very High,0,0,1,1
Male,0,No,Yes,63,Yes,Yes,No,No internet service,No internet service,No internet service,No internet service,No internet service,No internet service,Two year,No,Bank transfer,36.01,2237.61,No,35.51761904761905,0.49238095238094814,2,Loyal,Low,0,0,0,0
Female,0,Yes,Yes,6,No,No phone service,Fiber optic,Yes,No,Yes,No,No,Yes,Month-to-month,Yes,Electronic check,83.86,349.42,Yes,58.23666666666667,25.623333333333328,3,New,High,2,1,0,1
Female,0,No,No,24,Yes,No,DSL,No,Yes,No,No,No,No,Month-to-month,No,Bank transfer,44.65,1018.7,No,42.44583333333333,2.2041666666666657,2,Developing,Medium,2,0,0,0
Female,0,Yes,No,55,Yes,Yes,DSL,Yes,No,No,No,No,No,Month-to-month,No,Mailed check,48.3,2554.71,No,46.44927272727273,1.8507272727272692,3,Loyal,Medium,2,0,0,1
Male,1,No,No,5,Yes,Yes,No,No internet service,No internet service,No internet service,No internet service,No internet service,No internet service,Month-to-month,Yes,Credit card,31.67,192.96,Yes,38.592,-6.921999999999997,2,New,Low,2,0,0,0
Female,0,Yes,Yes,13,Yes,No,Fiber optic,No,No,Yes,No,No,Yes,One year,Yes,Credit card,81.42,960.38,No,73.87538461538462,7.544615384615383,3,Developing,High,1,0,0,0
Female,0,No,Yes,23,Yes,Yes,Fiber optic,No,No,No,No,Yes,Yes,One year,No,Electronic check,89.03,2006.87,No,87.25521739130434,1.7747826086956593,4,Developing,High,1,1,0,0
Male,1,Yes,No,59,Yes,No,No,No internet service,No internet service,No internet service,No internet service,No internet service,No internet service,One year,Yes,Mailed check,26.03,1556.44,No,26.380338983050848,-0.35033898305084676,1,Loyal,Low,1,0,0,0
Female,0,No,Yes,59,No,No phone service,DSL,Yes,Yes,No,Yes,No,Yes,Month-to-month,No,Electronic check,52.63,3003.69,No,50.910000000000004,1.7199999999999989,4,Loyal,Medium,2,1,1,1
Female,0,Yes,No,52,No,No phone service,No,No internet service,No internet service,No internet service,No internet service,No internet service,No internet service,Two year,Yes,Bank transfer,21.0,1197.61,No,23.030961538461536,-2.0309615384615363,0,Loyal,Low,0,0,0,0
Female,0,No,Yes,48,Yes,Yes,Fiber optic,No,No,Yes,Yes,No,No,One year,Yes,Electronic check,86.06,4141.47,No,86.280625,-0.2206249999999983,4,Established,High,1,1,1,0
Female,0,Yes,Yes,2,Yes,Yes,Fiber optic,Yes,No,No,Yes,No,Yes,Two year,Yes,Mailed check,85.3,171.86,No,85.93,-0.6300000000000097,5,New,High,0,0,1,1
Female,0,Yes,Yes,18,Yes,No,DSL,No,No,No,No,Yes,Yes,Two year,Yes,Credit card,58.86,933.16,No,51.84222222222222,7.017777777777781,3,Developing,Medium,0,0,0,0
Male,0,No,No,67,Yes,No,DSL,No,No,Yes,No,No,Yes,One year,Yes,Mailed check,57.57,3809.75,No,56.86194029850746,0.7080597014925374,3,Loyal,Medium,1,0,0,0
Female,0,Yes,No,52,No,No phone service,Fiber optic,Yes,No,Yes,No,No,No,Month-to-month,Yes,Credit card,76.34,3941.63,Yes,75.80057692307693,0.5394230769230717,2,Loyal,High,2,0,0,1
Female,1,Yes,No,18,No,No phone service,Fiber optic,Yes,No,Yes,No,No,No,Two year,No,Electronic check,69.95,1154.62,Yes,64.14555555555555,5.8044444444444565,2,Developing,Medium,0,1,0,1
Male,1,No,No,51,Yes,Yes,DSL,Yes,Yes,No,No,Yes,No,Month-to-month,Yes,Credit card,73.98,3835.68,Yes,75.20941176470588,-1.2294117647058727,5,Loyal,High,2,0,0,1
Female,0,No,No,53,Yes,No,DSL,No,No,Yes,No,No,Yes,Month-to-month,Yes,Credit card,61.53,3257.08,No,61.454339622641506,0.07566037735849562,3,Loyal,Medium,2,0,0,0
Male,0,No,No,54,Yes,No,Fiber optic,Yes,No,No,No,No,Yes,Month-to-month,No,Mailed check,78.8,4179.12,No,77.39111111111112,1.4088888888888818,3,Loyal,High,2,0,0,1
Male,0,Yes,No,71,Yes,No,No,No internet service,No internet service,No internet service,No internet service,No internet service,No internet service,Month-to-month,No,Electronic check,30.78,2150.79,No,30.29281690140845,0.48718309859155084,1,Loyal,Low,2,1,0,0
Male,1,No,Yes,39,Yes,No,DSL,No,No,Yes,No,Yes,Yes,Month-to-month,No,Mailed check,69.66,2712.42,Yes,69.54923076923077,0.11076923076922185,4,Established,Medium,2,0,0,0
Female,0,No,No,5,Yes,No,DSL,No,No,No,No,Yes,No,Month-to-month,Yes,Bank transfer,57.46,439.33,No,87.866,-30.406,2,New,Medium,2,0,0,0
Female,1,Yes,No,59,Yes,No,Fiber optic,No,Yes,Yes,No,No,Yes,One year,Yes,Electronic check,88.48,5244.74,No,88.89389830508475,-0.4138983050847429,4,Loyal,High,1,1,0,0
Male,0,No,No,2,Yes,Yes,Fiber optic,No,No,No,No,No,Yes,One year,Yes,Credit card,83.64,94.85,No,47.425,36.215,3,New,High,1,0,0,0
Female,0,Yes,No,47,Yes,Yes,Fiber optic,No,No,No,No,Yes,Yes,Two year,Yes,Bank transfer,85.59,3961.77,No,84.29297872340426,1.2970212765957427,4,Established,High,0,0,0,0
Male,0,No,No,58,Yes,Yes,No,No internet service,No internet service,No internet service,No internet service,No internet service,No internet service,Two year,Yes,Credit card,39.8,2268.12,No,39.10551724137931,0.694482758620687,2,Loyal,Low,0,0,0,0
Female,0,No,No,10,Yes,No,DSL,No,Yes,Yes,No,Yes,Yes,Month-to-month,No,Electronic check,64.2,680.22,Yes,68.022,-3.8220000000000027,5,New,Medium,2,1,0,0
Female,0,Yes,Yes,58,Yes,Yes,Fiber optic,No,No,No,Yes,Yes,No,One year,No,Mailed check,88.38,5149.59,No,88.78603448275862,-0.40603448275862775,4,Loyal,High,1,0,1,0
Male,1,Yes,No,59,Yes,Yes,No,No internet service,No internet service,No internet service,No internet service,No internet service,No internet service,One year,No,Electronic check,39.38,2353.23,No,39.88525423728814,-0.5052542372881348,2,Loyal,Low,1,1,0,0
Male,0,Yes,Yes,48,Yes,No,Fiber optic,No,No,No,No,No,No,Month-to-month,Yes,Electronic check,66.04,3153.92,No,65.70666666666666,0.3333333333333428,1,Established,Medium,2,1,0,0
Male,0,Yes,Yes,24,Yes,No,Fiber optic,No,Yes,No,No,Yes,Yes,Two year,No,Electronic check,89.0,2003.28,No,83.47,5.530000000000001,4,Developing,High,0,1,0,0
Male,0,No,No,15,Yes,Yes,No,No internet service,No internet service,No internet service,No internet service,No internet service,No internet service,Two year,No,Electronic check,28.72,465.85,No,31.05666666666667,-2.3366666666666696,2,Developing,Low,0,1,0,0
Female,0,No,No,51,Yes,Yes,DSL,No,No,No,No,No,Yes,Month-to-month,Yes,Bank transfer,58.57,2916.77,No,57.19156862745098,1.3784313725490236,3,Loyal,Medium,2,0,0,0
Male,0,No,No,12,Yes,No,DSL,Yes,No,No,Yes,No,No,Two year,Yes,Electronic check,52.03,659.18,No,54.931666666666665,-2.9016666666666637,3,New,Medium,0,1,1,1
Male,1,Yes,No,49,Yes,No,DSL,No,No,No,No,No,Yes,Month-to-month,No,Electronic check,49.87,2336.61,No,47.68591836734694,2.1840816326530543,2,Loyal,Medium,2,1,0,0
Female,1,No,No,13,Yes,No,No,No internet service,No internet service,No internet service,No internet service,No internet service,No internet service,Two year,Yes,Mailed check,30.31,384.56,No,29.58153846153846,0.7284615384615378,1,Developing,Low,0,0,0,0
Female,0,Yes,No,25,Yes,Yes,No,No internet service,No internet service,No internet service,No internet service,No internet service,No internet service,One year,Yes,Bank transfer,37.66,992.31,No,39.6924,-2.0324000000000026,2,Established,Low,1,0,0,0
Male,0,Yes,No,37,Yes,No,DSL,No,Yes,No,No,Yes,No,Month-to-month,No,Bank transfer,55.73,2212.72,No,59.80324324324324,-4.07324324324324,3,Established,Medium,2,0,0,0
Female,0,No,No,12,Yes,Yes,Fiber optic,No,Yes,Yes,Yes,No,No,Two year,Yes,Bank transfer,93.12,1066.52,No,88.87666666666667,4.243333333333339,5,New,High,0,0,1,0
Male,1,Yes,Yes,58,Yes,No,Fiber optic,Yes,No,No,No,Yes,Yes,Month-to-month,Yes,Electronic check,87.19,5165.44,No,89.05931034482758,-1.869310344827582,4,Loyal,High,2,1,0,1
Female,0,No,No,51,Yes,No,DSL,Yes,Yes,Yes,No,No,No,Month-to-month,Yes,Bank transfer,59.61,3115.09,No,61.08019607843138,-1.4701960784313783,4,Loyal,Medium,2,0,0,1
Female,0,No,No,2,Yes,No,No,No internet service,No internet service,No internet service,No internet service,No internet service,No internet service,One year,No,Bank transfer,23.41,18.0,No,9.0,14.41,1,New,Low,1,0,0,0
Female,1,Yes,No,62,Yes,Yes,Fiber optic,No,No,No,No,No,Yes,One year,No,Electronic check,81.94,5073.94,No,81.83774193548386,0.1022580645161355,3,Loyal,High,1,1,0,0
Female,1,No,Yes,52,No,No phone service,No,No internet service,No internet service,No internet service,No internet service,No internet service,No internet service,Month-to-month,No,Electronic check,18.0,885.21,No,17.02326923076923,0.9767307692307696,0,Loyal,Low,2,1,0,0
Male,0,No,No,61,Yes,No,Fiber optic,Yes,Yes,Yes,No,Yes,No,One year,No,Credit card,100.45,6062.25,No,99.3811475409836,1.068852459016398,5,Loyal,Very High,1,0,0,1
Male,0,No,No,44,Yes,No,DSL,No,No,No,Yes,Yes,Yes,Month-to-month,No,Electronic check,69.84,2949.81,No,67.04113636363637,2.7988636363636346,4,Established,Medium,2,1,1,0
Male,0,Yes,Yes,46,Yes,Yes,Fiber optic,No,Yes,Yes,No,Yes,No,Month-to-month,Yes,Electronic check,103.83,4690.15,No,101.95978260869565,1.870217391304351,5,Established,Very High,2,1,0,0
Male,0,Yes,No,28,Yes,No,Fiber optic,No,Yes,Yes,No,No,No,One year,Yes,Electronic check,84.56,2158.11,Yes,77.07535714285714,7.484642857142859,3,Established,High,1,1,0,0
Female,0,Yes,Yes,17,Yes,Yes,DSL,No,Yes,No,No,Yes,No,Month-to-month,No,Credit card,66.27,1131.16,Yes,66.53882352941177,-0.268823529411776,4,Developing,Medium,2,0,0,0
Male,0,Yes,No,17,Yes,No,DSL,Yes,No,No,No,No,No,Month-to-month,Yes,Mailed check,42.29,834.0,Yes,49.05882352941177,-6.768823529411769,2,Developing,Medium,2,0,0,1
Male,0,Yes,No,23,Yes,No,No,No internet service,No internet service,No internet service,No internet service,No internet service,No internet service,Two year,No,Credit card,32.2,754.86,No,32.82,-0.6199999999999974,1,Developing,Low,0,0,0,0
Male,0,No,No,21,Yes,Yes,Fiber optic,No,No,No,No,Yes,Yes,Two year,Yes,Credit card,96.44,2024.15,No,96.38809523809525,0.05190476190475124,4,Developing,High,0,0,0,0
Male,0,No,Yes,55,Yes,No,Fiber optic,No,Yes,Yes,No,No,Yes,Month-to-month,Yes,Bank transfer,82.5,4483.87,No,81.52490909090909,0.975090909090909,4,Loyal,High,2,0,0,0
Male,0,Yes,No,38,Yes,Yes,DSL,No,Yes,Yes,Yes,Yes,Yes,One year,Yes,Electronic check,84.29,3350.62,Yes,88.17421052631579,-3.8842105263157833,7,Established,High,1,1,1,0
Male,1,No,No,30,Yes,No,Fiber optic,Yes,Yes,No,Yes,Yes,No,Two year,No,Mailed check,92.67,2859.0,No,95.3,-2.6299999999999955,5,Established,High,0,0,1,1
Male,0,No,No,53,Yes,No,Fiber optic,No,No,No,No,No,No,Two year,No,Credit card,69.77,3592.0,No,67.77358490566037,1.9964150943396248,1,Loyal,Medium,0,0,0,0
Male,1,No,No,53,Yes,No,DSL,Yes,No,Yes,No,No,Yes,Month-to-month,Yes,Credit card,65.26,3622.07,No,68.34094339622642,-3.0809433962264166,4,Loyal,Medium,2,0,0,1
Male,0,No,No,68,Yes,Yes,DSL,No,Yes,No,No,No,No,Month-to-month,Yes,Credit card,59.92,4193.27,No,61.66573529411765,-1.745735294117651,3,Loyal,Medium,2,0,0,0
Female,0,No,Yes,23,No,No phone service,Fiber optic,No,No,No,No,No,Yes,Month-to-month,No,Credit card,65.08,1409.38,No,61.27739130434783,3.802608695652168,1,Developing,Medium,2,0,0,0
Female,1,Yes,No,18,Yes,No,Fiber optic,Yes,Yes,No,No,Yes,Yes,Month-to-month,Yes,Bank transfer,97.93,1822.26,Yes,101.23666666666666,-3.3066666666666578,5,Developing,High,2,0,0,1
Male,0,Yes,No,1,No,No phone service,DSL,Yes,Yes,Yes,No,No,No,Month-to-month,Yes,Mailed check,47.22,29.28,No,29.28,17.939999999999998,3,New,Medium,2,0,0,1
Female,0,No,No,12,Yes,Yes,No,No internet service,No internet service,No internet service,No internet service,No internet service,No internet service,One year,Yes,Mailed check,37.0,283.45,No,23.620833333333334,13.379166666666666,2,New,Low,1,0,0,0
Female,0,No,No,44,Yes,No,DSL,No,Yes,No,Yes,Yes,No,One year,Yes,Mailed check,64.23,2750.06,No,62.501363636363635,1.7286363636363689,4,Established,Medium,1,0,1,0
Male,0,No,Yes,59,Yes,Yes,No,No internet service,No internet service,No internet service,No internet service,No internet service,No internet service,Two year,Yes,Electronic check,32.05,1948.93,No,33.03271186440678,-0.9827118644067809,2,Loyal,Low,0,1,0,0
Male,0,No,Yes,44,Yes,No,DSL,No,No,No,Yes,No,Yes,Month-to-month,Yes,Electronic check,63.04,2821.66,No,64.12863636363636,-1.0886363636363612,3,Established,Medium,2,1,1,0
Male,0,Yes,No,72,Yes,No,Fiber optic,No,No,No,Yes,No,Yes,Month-to-month,Yes,Electronic check,74.48,5580.51,No,77.50708333333334,-3.027083333333337,3,Loyal,High,2,1,1,0
Female,0,Yes,No,46,Yes,Yes,Fiber optic,No,No,Yes,No,No,No,Month-to-month,Yes,Electronic check,83.13,3835.66,Yes,83.38391304347826,-0.2539130434782635,3,Established,High,2,1,0,0
Female,0,No,Yes,64,Yes,No,Fiber optic,No,No,Yes,No,No,Yes,Month-to-month,Yes,Electronic check,82.83,5153.46,No,80.5228125,2.3071874999999977,3,Loyal,High,2,1,0,0
Male,0,Yes,No,20,Yes,Yes,No,No internet service,No internet service,No internet service,No internet service,No internet service,No internet service,Month-to-month,Yes,Bank transfer,41.37,745.87,No,37.2935,4.076499999999996,2,Developing,Medium,2,0,0,0
Male,0,No,No,24,Yes,Yes,DSL,No,Yes,Yes,No,No,Yes,Two year,Yes,Bank transfer,72.68,1705.32,No,71.05499999999999,1.6250000000000142,5,Developing,High,0,0,0,0
Female,0,No,No,59,No,No phone service,DSL,Yes,Yes,No,No,No,No,Month-to-month,No,Mailed check,39.15,2282.66,No,38.68915254237288,0.46084745762711776,2,Loyal,Low,2,0,0,1
Male,0,No,No,48,Yes,No,DSL,No,Yes,No,No,No,Yes,One year,No,Bank transfer,56.18,2666.51,No,55.55229166666667,0.6277083333333309,3,Established,Medium,1,0,0,0
Female,0,Yes,No,36,Yes,Yes,Fiber optic,Yes,Yes,Yes,Yes,No,Yes,Month-to-month,No,Mailed check,110.5,3999.75,No,111.10416666666667,-0.6041666666666714,7,Established,Very High,2,0,1,1
Male,0,No,No,69,Yes,No,No,No internet service,No internet service,No internet service,No internet service,No internet service,No internet service,Month-to-month,Yes,Mailed check,27.39,2005.45,No,29.06449275362319,-1.6744927536231877,1,Loyal,Low,2,0,0,0
Male,0,Yes,No,55,Yes,No,DSL,No,No,Yes,Yes,Yes,No,Two year,Yes,Mailed check,58.56,3248.1,No,59.056363636363635,-0.49636363636363257,4,Loyal,Medium,0,0,1,0
Male,0,No,No,22,No,No phone service,Fiber optic,No,No,No,Yes,Yes,Yes,Two year,No,Electronic check,80.8,1618.98,No,73.59,7.209999999999994,3,Developing,High,0,1,1,0
Male,0,Yes,No,44,Yes,No,Fiber optic,No,No,Yes,No,Yes,No,Month-to-month,Yes,Bank transfer,88.71,3927.94,No,89.27136363636363,-0.5613636363636374,3,Established,High,2,0,0,0
Female,0,No,Yes,29,Yes,No,No,No internet service,No internet service,No internet service,No internet service,No internet service,No internet service,Two year,Yes,Bank transfer,24.61,564.68,No,19.471724137931034,5.138275862068966,1,Established,Low,0,0,0,0
Female,1,Yes,No,30,Yes,No,Fiber optic,No,Yes,No,Yes,Yes,No,Month-to-month,Yes,Electronic check,82.81,2426.79,No,80.893,1.9170000000000016,4,Established,High,2,1,1,0
Female,1,Yes,Yes,58,No,No phone service,No,No internet service,No internet service,No internet service,No internet service,No internet service,No internet service,One year,No,Credit card,19.09,1241.65,No,21.407758620689656,-2.3177586206896557,0,Loyal,Low,1,0,0,0
Male,0,Yes,No,49,Yes,Yes,Fiber optic,Yes,No,Yes,Yes,No,Yes,Month-to-month,Yes,Electronic check,96.4,4555.24,Yes,92.96408163265306,3.435918367346943,6,Loyal,High,2,1,1,1
Male,0,Yes,No,1,No,No phone service,No,No internet service,No internet service,No internet service,No internet service,No internet service,No internet service,Month-to-month,Yes,Mailed check,22.95,173.92,No,173.92,-150.97,0,New,Low,2,0,0,0
Male,0,Yes,No,42,Yes,Yes,Fiber optic,No,No,No,Yes,No,Yes,One year,Yes,Credit card,87.59,3714.86,No,88.44904761904762,-0.8590476190476153,4,Established,High,1,0,1,0
Female,1,No,No,47,No,No phone service,Fiber optic,Yes,No,No,Yes,Yes,No,Two year,Yes,Bank transfer,80.41,3799.48,No,80.84,-0.4300000000000068,3,Established,High,0,0,1,1
Female,0,No,Yes,37,Yes,Yes,No,No internet service,No internet service,No internet service,No internet service,No internet service,No internet service,Two year,No,Bank transfer,41.52,1421.72,No,38.424864864864865,3.0951351351351377,2,Established,Medium,0,0,0,0
Male,0,Yes,No,22,Yes,No,Fiber optic,No,No,No,No,No,No,Month-to-month,Yes,Bank transfer,66.21,1456.47,No,66.20318181818182,0.006818181818175617,1,Developing,Medium,2,0,0,0
Male,0,No,No,47,Yes,Yes,DSL,No,No,No,No,No,No,Two year,No,Electronic check,57.15,2639.37,No,56.15680851063829,0.9931914893617062,2,Established,Medium,0,1,0,0
Male,0,No,Yes,69,Yes,Yes,Fiber optic,Yes,No,No,Yes,No,No,Month-to-month,No,Bank transfer,90.62,6176.39,No,89.51289855072464,1.107101449275362,4,Loyal,High,2,0,1,1
Female,1,No,Yes,7,Yes,No,No,No internet service,No internet service,No internet service,No internet service,No internet service,No internet service,Month-to-month,Yes,Bank transfer,23.03,143.96,No,20.565714285714286,2.4642857142857153,1,New,Low,2,0,0,0
Female,1,Yes,No,44,Yes,Yes,Fiber optic,No,No,No,No,Yes,No,Month-to-month,Yes,Electronic check,89.51,4119.79,No,93.6315909090909,-4.121590909090898,3,Established,High,2,1,0,0
Male,0,Yes,No,66,Yes,No,DSL,No,No,Yes,No,No,No,Month-to-month,Yes,Electronic check,46.08,3097.14,No,46.92636363636363,-0.846363636363634,2,Loyal,Medium,2,1,0,0
Male,0,No,No,29,Yes,No,No,No internet service,No internet service,No internet service,No internet service,No internet service,No internet service,Month-to-month,No,Credit card,22.18,618.5,Yes,21.32758620689655,0.8524137931034481,1,Established,Low,2,0,0,0
Female,0,Yes,Yes,25,No,No phone service,Fiber optic,Yes,No,No,No,Yes,No,One year,Yes,Electronic check,70.64,1788.77,No,71.5508,-0.9107999999999947,2,Established,High,1,1,0,1
Male,0,Yes,No,18,Yes,Yes,DSL,Yes,No,No,Yes,No,No,Month-to-month,Yes,Credit card,59.78,1034.59,No,57.47722222222222,2.3027777777777843,4,Developing,Medium,2,0,1,1
Female,1,No,No,17,Yes,No,DSL,No,No,Yes,No,No,No,One year,Yes,Electronic check,49.62,892.96,No,52.527058823529416,-2.907058823529418,2,Developing,Medium,1,1,0,0
Female,0,Yes,No,29,Yes,Yes,DSL,Yes,No,Yes,No,Yes,No,Month-to-month,Yes,Mailed check,65.57,1796.14,No,61.93586206896552,3.6341379310344735,5,Established,Medium,2,0,0,1
Male,0,No,No,56,Yes,Yes,Fiber optic,Yes,No,Yes,Yes,No,No,One year,Yes,Mailed check,94.28,5341.15,No,95.37767857142856,-1.0976785714285597,5,Loyal,High,1,0,1,1
Male,0,Yes,Yes,14,Yes,Yes,DSL,No,Yes,Yes,Yes,No,No,Month-to-month,Yes,Bank transfer,67.48,815.41,No,58.24357142857143,9.236428571428576,5,Developing,Medium,2,0,1,0
Male,0,No,No,17,Yes,No,DSL,No,No,No,Yes,Yes,No,Month-to-month,Yes,Mailed check,58.74,968.66,No,56.98,1.7600000000000051,3,Developing,Medium,2,0,1,0
Female,0,No,Yes,72,Yes,Yes,Fiber optic,Yes,Yes,No,No,No,No,One year,No,Mailed check,89.71,6540.87,No,90.84541666666667,-1.1354166666666714,4,Loyal,High,1,0,0,1
Male,0,No,No,72,Yes,Yes,No,No internet service,No internet service,No internet service,No internet service,No internet service,No internet service,Two year,Yes,Mailed check,41.09,3096.86,No,43.011944444444445,-1.921944444444442,2,Loyal,Medium,0,0,0,0
Male,1,No,Yes,17,Yes,Yes,Fiber optic,No,Yes,Yes,No,No,No,Two year,No,Bank transfer,85.26,1262.56,No,74.26823529411764,10.99176470588236,4,Developing,High,0,0,0,0
Male,0,No,Yes,31,Yes,Yes,Fiber optic,Yes,No,No,No,Yes,No,Month-to-month,Yes,Mailed check,86.54,2580.98,No,83.25741935483872,3.282580645161289,4,Established,High,2,0,0,1
Female,0,Yes,No,30,Yes,No,Fiber optic,No,No,No,No,Yes,Yes,Two year,Yes,Mailed check,87.2,2610.64,No,87.02133333333333,0.17866666666667186,3,Established,High,0,0,0,0
Male,0,No,Yes,22,Yes,No,DSL,Yes,Yes,No,No,No,No,One year,Yes,Mailed check,61.02,1393.91,No,63.35954545454546,-2.3395454545454584,3,Developing,Medium,1,0,0,1
Male,0,No,No,12,Yes,No,No,No internet service,No internet service,No internet service,No internet service,No internet service,No internet service,Two year,Yes,Electronic check,28.32,284.89,No,23.74083333333333,4.579166666666669,1,New,Low,0,1,0,0
Male,0,No,No,5,Yes,Yes,DSL,No,Yes,No,Yes,Yes,Yes,Month-to-month,Yes,Electronic check,77.28,378.27,No,75.654,1.6260000000000048,6,New,High,2,1,1,0
Female,0,Yes,No,45,Yes,No,DSL,No,No,Yes,No,No,No,Month-to-month,No,Electronic check,50.16,2254.17,No,50.092666666666666,0.06733333333333036,2,Established,Medium,2,1,0,0
Male,0,Yes,Yes,4,Yes,Yes,Fiber optic,No,No,No,Yes,No,No,Month-to-month,Yes,Bank transfer,79.53,306.91,Yes,76.7275,2.802499999999995,3,New,High,2,0,1,0
Female,0,No,No,45,Yes,Yes,DSL,No,No,No,No,No,No,One year,No,Credit card,51.42,2306.98,No,51.266222222222225,0.15377777777777624,2,Established,Medium,1,0,0,0
Female,0,No,No,7,Yes,Yes,DSL,Yes,Yes,No,No,No,No,Month-to-month,Yes,Electronic check,62.68,437.34,No,62.47714285714285,0.20285714285714818,4,New,Medium,2,1,0,1
Male,0,Yes,Yes,12,Yes,No,Fiber optic,No,No,No,Yes,Yes,No,Month-to-month,No,Electronic check,84.65,1144.09,No,95.34083333333332,-10.690833333333316,3,New,High,2,1,1,0
Female,1,Yes,No,1,Yes,No,Fiber optic,No,Yes,No,Yes,No,No,One year,Yes,Credit card,83.35,64.89,Yes,64.89,18.459999999999994,3,New,High,1,0,1,0
Male,1,No,No,29,Yes,Yes,DSL,No,No,No,Yes,No,No,Two year,No,Mailed check,54.34,1675.56,No,57.777931034482755,-3.4379310344827516,3,Established,Medium,0,0,1,0
Female,0,Yes,No,24,Yes,Yes,Fiber optic,No,No,No,No,No,No,One year,No,Mailed check,77.25,1848.85,No,77.03541666666666,0.21458333333333712,2,Developing,High,1,0,0,0
Male,0,No,No,24,Yes,No,Fiber optic,No,Yes,No,No,Yes,No,One year,No,Bank transfer,79.13,1841.48,No,76.72833333333334,2.4016666666666566,3,Developing,High,1,0,0,0
Male,0,Yes,No,23,Yes,Yes,No,No internet service,No internet service,No internet service,No internet service,No internet service,No internet service,Month-to-month,No,Mailed check,33.97,758.82,No,32.99217391304348,0.9778260869565187,2,Developing,Low,2,0,0,0
Male,1,Yes,No,68,Yes,No,DSL,No,No,No,No,Yes,No,Two year,Yes,Mailed check,53.52,3500.53,No,51.47838235294118,2.041617647058821,2,Loyal,Medium,0,0,0,0
Female,0,Yes,No,31,Yes,Yes,No,No internet service,No internet service,No internet service,No internet service,No internet service,No internet service,Month-to-month,Yes,Credit card,38.84,1115.82,No,35.994193548387095,2.8458064516129085,2,Established,Low,2,0,0,0
Female,0,No,Yes,59,Yes,Yes,Fiber optic,No,No,No,No,No,No,Month-to-month,Yes,Mailed check,76.44,4450.4,No,75.43050847457627,1.0094915254237264,2,Loyal,High,2,0,0,0
Female,0,No,No,17,Yes,No,Fiber optic,No,Yes,Yes,Yes,No,Yes,Month-to-month,No,Bank transfer,93.78,1604.07,Yes,94.35705882352941,-0.5770588235294127,5,Developing,High,2,0,1,0
Female,1,Yes,No,35,Yes,No,DSL,No,No,No,No,Yes,No,Month-to-month,Yes,Electronic check,48.73,1836.34,No,52.466857142857144,-3.736857142857147,2,Established,Medium,2,1,0,0
Male,0,Yes,No,5,Yes,Yes,Fiber optic,Yes,Yes,No,No,Yes,No,One year,Yes,Electronic check,89.46,418.17,No,83.634,5.825999999999993,5,New,High,1,1,0,1
Female,0,Yes,No,19,No,No phone service,DSL,No,No,Yes,Yes,No,Yes,One year,Yes,Credit card,53.96,941.47,No,49.55105263157895,4.408947368421053,3,Developing,Medium,1,0,1,0
Female,0,Yes,Yes,6,No,No phone service,Fiber optic,No,No,No,No,Yes,Yes,Month-to-month,Yes,Credit card,89.35,603.15,Yes,100.52499999999999,-11.174999999999997,2,New,High,2,0,0,0
Female,0,No,No,2,Yes,No,Fiber optic,No,Yes,Yes,Yes,No,No,Month-to-month,Yes,Credit card,81.85,178.36,No,89.18,-7.3300000000000125,4,New,High,2,0,1,0
Female,1,Yes,Yes,14,Yes,No,DSL,No,Yes,No,No,Yes,No,Month-to-month,No,Electronic check,58.61,913.3,Yes,65.23571428571428,-6.625714285714281,3,Developing,Medium,2,1,0,0
Male,0,No,No,12,Yes,No,DSL,Yes,Yes,No,No,No,No,Month-to-month,Yes,Credit card,57.63,769.3,No,64.10833333333333,-6.478333333333332,3,New,Medium,2,0,0,1
Male,0,Yes,No,23,Yes,Yes,No,No internet service,No internet service,No internet service,No internet service,No internet service,No internet service,Two year,Yes,Electronic check,35.13,853.04,No,37.08869565217391,-1.9586956521739083,2,Developing,Low,0,1,0,0
Female,0,Yes,Yes,54,Yes,Yes,Fiber optic,Yes,No,No,No,No,Yes,One year,No,Bank transfer,86.61,4705.36,Yes,87.1362962962963,-0.5262962962962945,4,Loyal,High,1,0,0,1
Male,0,Yes,No,11,No,No phone service,Fiber optic,No,No,No,Yes,No,Yes,Month-to-month,Yes,Bank transfer,76.22,916.35,Yes,83.30454545454546,-7.084545454545463,2,New,High,2,0,1,0
Male,0,Yes,No,44,Yes,Yes,No,No internet service,No internet service,No internet service,No internet service,No internet service,No internet service,Month-to-month,No,Mailed check,31.36,1452.03,No,33.00068181818182,-1.6406818181818181,2,Established,Low,2,0,0,0
Female,0,Yes,No,27,Yes,No,DSL,Yes,Yes,Yes,No,No,Yes,Two year,Yes,Mailed check,69.52,1952.78,No,72.32518518518519,-2.805185185185195,5,Established,Medium,0,0,0,1
Female,1,Yes,No,29,Yes,Yes,Fiber optic,No,No,No,Yes,No,No,Two year,Yes,Bank transfer,79.67,2384.51,No,82.2244827586207,-2.5544827586206935,3,Established,High,0,0,1,0
Female,0,Yes,No,67,Yes,No,Fiber optic,No,No,No,Yes,No,Yes,Two year,No,Credit card,85.98,5755.1,No,85.89701492537314,0.08298507462686189,3,Loyal,High,0,0,1,0
Female,0,No,No,34,Yes,Yes,DSL,No,No,No,Yes,No,No,Month-to-month,Yes,Electronic check,50.85,1664.12,No,48.944705882352935,1.9052941176470668,3,Established,Medium,2,1,1,0
Female,0,Yes,Yes,19,Yes,No,DSL,No,No,No,No,Yes,No,Month-to-month,No,Electronic check,52.56,1000.84,No,52.67578947368421,-0.11578947368420955,2,Developing,Medium,2,1,0,0
Female,0,Yes,Yes,18,Yes,No,No,No internet service,No internet service,No internet service,No internet service,No internet service,No internet service,Month-to-month,Yes,Bank transfer,23.53,391.25,No,21.73611111111111,1.7938888888888904,1,Developing,Low,2,0,0,0
Male,0,Yes,Yes,13,Yes,No,DSL,Yes,No,No,No,No,No,One year,No,Electronic check,54.31,631.93,No,48.61,5.700000000000003,2,Developing,Medium,1,1,0,1
Female,0,No,No,58,Yes,Yes,DSL,Yes,Yes,No,No,No,Yes,Month-to-month,Yes,Electronic check,73.36,4382.69,No,75.56362068965517,-2.2036206896551676,5,Loyal,High,2,1,0,1
Male,0,No,No,48,Yes,No,Fiber optic,Yes,No,No,No,No,No,One year,Yes,Electronic check,64.49,3094.61,No,64.47104166666666,0.0189583333333303,2,Established,Medium,1,1,0,1
Female,0,No,No,20,Yes,No,Fiber optic,Yes,No,No,No,Yes,No,Month-to-month,Yes,Electronic check,77.03,1456.55,Yes,72.8275,4.202500000000001,3,Developing,High,2,1,0,1
Female,0,No,No,36,Yes,No,Fiber optic,No,No,No,No,Yes,No,One year,No,Mailed check,80.73,3013.39,No,83.70527777777778,-2.9752777777777766,2,Established,High,1,0,0,0
Male,0,No,Yes,37,No,No phone service,DSL,Yes,No,No,No,Yes,No,Month-to-month,Yes,Credit card,49.46,1839.19,No,49.707837837837836,-0.2478378378378352,2,Established,Medium,2,0,0,1
Male,0,Yes,No,4,No,No phone service,Fiber optic,No,No,No,No,No,Yes,Two year,No,Credit card,71.44,365.35,Yes,91.3375,-19.897500000000008,1,New,High,0,0,0,0
Male,0,No,No,66,Yes,No,Fiber optic,No,Yes,No,No,No,No,Month-to-month,No,Mailed check,74.93,4915.87,No,74.48287878787879,0.4471212121212176,2,Loyal,High,2,0,0,0
Female,1,No,Yes,57,Yes,No,Fiber optic,No,No,No,No,No,Yes,One year,No,Electronic check,77.64,4473.06,No,78.47473684210527,-0.8347368421052721,2,Loyal,High,1,1,0,0
Female,0,Yes,No,39,Yes,Yes,No,No internet service,No internet service,No internet service,No internet service,No internet service,No internet service,Month-to-month,No,Bank transfer,38.96,1570.58,No,40.27128205128205,-1.311282051282049,2,Established,Low,2,0,0,0
Female,0,Yes,Yes,52,Yes,Yes,DSL,No,No,Yes,Yes,No,No,One year,Yes,Mailed check,58.23,3036.32,No,58.39076923076924,-0.16076923076924032,4,Loyal,Medium,1,0,1,0
Female,0,Yes,No,8,Yes,Yes,Fiber optic,Yes,No,No,Yes,Yes,No,One year,Yes,Bank transfer,92.23,687.6,No,85.95,6.280000000000001,5,New,High,1,0,1,1
Male,0,Yes,No,71,No,No phone service,Fiber optic,No,No,No,No,No,No,Month-to-month,Yes,Mailed check,57.86,4140.1,No,58.31126760563381,-0.4512676056338094,0,Loyal,Medium,2,0,0,0
Female,0,No,Yes,47,Yes,No,Fiber optic,Yes,No,Yes,No,No,No,Month-to-month,No,Bank transfer,81.09,3859.22,No,82.11106382978723,-1.0210638297872237,3,Established,High,2,0,0,1
Female,0,Yes,No,68,Yes,No,Fiber optic,No,Yes,No,No,No,No,Month-to-month,Yes,Electronic check,69.77,4648.22,No,68.35617647058824,1.4138235294117578,2,Loyal,Medium,2,1,0,0
Male,0,No,No,63,Yes,No,DSL,No,Yes,No,Yes,No,Yes,Month-to-month,No,Credit card,66.69,4395.18,No,69.76476190476191,-3.074761904761914,4,Loyal,Medium,2,0,1,0
Female,0,No,Yes,43,Yes,Yes,Fiber optic,No,Yes,No,No,No,No,One year,Yes,Bank transfer,79.86,3564.31,No,82.89093023255813,-3.030930232558134,3,Established,High,1,0,0,0
Female,0,Yes,No,21,Yes,No,Fiber optic,Yes,No,Yes,No,No,No,Month-to-month,Yes,Mailed check,82.05,1734.76,No,82.60761904761905,-0.5576190476190561,3,Developing,High,2,0,0,1
Female,0,Yes,No,50,Yes,Yes,Fiber optic,Yes,No,No,No,Yes,No,Month-to-month,No,Credit card,86.04,4370.25,No,87.405,-1.3649999999999949,4,Loyal,High,2,0,0,1
Female,0,No,Yes,37,Yes,No,DSL,Yes,Yes,Yes,No,No,No,Month-to-month,Yes,Electronic check,64.23,2375.11,No,64.19216216216216,0.03783783783784145,4,Established,Medium,2,1,0,1
Male,0,No,No,30,Yes,No,DSL,No,No,No,No,No,No,Month-to-month,Yes,Electronic check,50.75,1471.93,No,49.06433333333334,1.6856666666666626,1,Established,Medium,2,1,0,0
Male,0,Yes,No,52,Yes,No,DSL,No,Yes,No,No,No,No,Month-to-month,Yes,Bank transfer,54.05,2886.64,No,55.51230769230769,-1.4623076923076894,2,Loyal,Medium,2,0,0,0
Male,0,Yes,Yes,64,Yes,Yes,DSL,No,No,Yes,No,Yes,Yes,One year,Yes,Bank transfer,68.47,4316.81,No,67.45015625,1.0198437499999926,5,Loyal,Medium,1,0,0,0
Female,0,No,No,13,Yes,No,DSL,No,No,Yes,No,Yes,No,Month-to-month,Yes,Electronic check,63.84,859.6,Yes,66.12307692307692,-2.2830769230769192,3,Developing,Medium,2,1,0,0
Male,0,No,No,40,Yes,No,DSL,Yes,Yes,Yes,No,Yes,No,Two year,Yes,Electronic check,70.77,2778.07,No,69.45175,1.318249999999992,5,Established,High,0,1,0,1
Male,0,Yes,No,57,Yes,Yes,DSL,No,Yes,Yes,No,Yes,No,One year,No,Electronic check,67.46,3778.17,No,66.28368421052632,1.1763157894736764,5,Loyal,Medium,1,1,0,0
Female,1,Yes,Yes,24,Yes,No,DSL,Yes,No,Yes,No,Yes,No,Month-to-month,Yes,Electronic check,64.12,1550.61,No,64.60875,-0.488749999999996,4,Developing,Medium,2,1,0,1
Male,0,No,Yes,25,Yes,No,No,No internet service,No internet service,No internet service,No internet service,No internet service,No internet service,Two year,Yes,Mailed check,34.15,937.17,No,37.486799999999995,-3.3367999999999967,1,Established,Low,0,0,0,0
Female,0,Yes,No,1,Yes,No,Fiber optic,No,No,Yes,No,Yes,No,One year,No,Electronic check,78.42,99.35,No,99.35,-20.929999999999993,3,New,High,1,1,0,0
Male,1,Yes,No,24,No,No phone service,Fiber optic,Yes,Yes,No,Yes,Yes,Yes,One year,No,Mailed check,87.3,2100.31,No,87.51291666666667,-0.21291666666667197,5,Developing,High,1,0,1,1
Male,0,No,Yes,43,Yes,Yes,Fiber optic,Yes,No,No,No,No,No,Month-to-month,Yes,Bank transfer,81.48,3360.03,Yes,78.14023255813954,3.3397674418604595,3,Established,High,2,0,0,1
Female,0,Yes,No,70,Yes,No,Fiber optic,Yes,No,Yes,No,No,No,One year,No,Bank transfer,74.4,5191.98,No,74.17114285714285,0.22885714285715153,3,Loyal,High,1,0,0,1
Female,0,Yes,No,38,Yes,No,DSL,Yes,No,Yes,Yes,Yes,No,Month-to-month,Yes,Credit card,68.44,2487.88,No,65.47052631578947,2.969473684210527,5,Established,Medium,2,0,1,1
Female,0,No,No,21,Yes,No,Fiber optic,No,No,Yes,No,No,No,Month-to-month,Yes,Electronic check,77.92,1640.94,No,78.14,-0.21999999999999886,2,Developing,High,2,1,0,0
Male,0,No,No,59,Yes,Yes,DSL,Yes,No,Yes,No,No,No,Month-to-month,Yes,Electronic check,63.68,3756.7,No,63.6728813559322,0.007118644067801938,4,Loyal,Medium,2,1,0,1
Female,0,Yes,No,14,Yes,No,Fiber optic,No,No,Yes,Yes,Yes,Yes,Month-to-month,Yes,Electronic check,91.1,1270.75,Yes,90.76785714285714,0.3321428571428555,5,Developing,High,2,1,1,0
Male,0,Yes,No,14,Yes,No,DSL,No,No,No,No,Yes,Yes,One year,No,Electronic check,63.63,888.34,No,63.45285714285715,0.17714285714285438,3,Developing,Medium,1,1,0,0
Female,0,No,No,38,Yes,No,Fiber optic,No,No,No,Yes,No,No,Month-to-month,No,Mailed check,74.32,2864.35,Yes,75.37763157894737,-1.0576315789473796,2,Established,High,2,0,1,0
Female,0,No,No,59,Yes,Yes,DSL,Yes,No,No,No,No,Yes,Month-to-month,No,Electronic check,61.84,3693.88,No,62.60813559322034,-0.768135593220336,4,Loyal,Medium,2,1,0,1
Male,0,No,No,16,Yes,Yes,DSL,No,Yes,Yes,No,Yes,Yes,Two year,No,Bank transfer,78.03,1275.52,No,79.72,-1.6899999999999977,6,Developing,High,0,0,0,0
Male,0,No,No,2,Yes,No,Fiber optic,No,No,No,Yes,No,Yes,Month-to-month,Yes,Credit card,86.82,251.18,Yes,125.59,-38.77000000000001,3,New,High,2,0,1,0
Male,0,No,No,53,Yes,Yes,DSL,No,No,Yes,No,Yes,Yes,Month-to-month,Yes,Electronic check,69.68,3499.82,No,66.03433962264151,3.645660377358496,5,Loyal,Medium,2,1,0,0
Female,0,No,No,43,Yes,Yes,Fiber optic,No,Yes,Yes,No,No,No,Month-to-month,Yes,Electronic check,93.4,3936.0,No,91.53488372093024,1.8651162790697668,4,Established,High,2,1,0,0
Female,1,No,No,50,Yes,No,DSL,No,No,Yes,No,No,Yes,Two year,Yes,Bank transfer,58.31,2950.74,No,59.014799999999994,-0.7047999999999917,3,Loyal,Medium,0,0,0,0
Female,0,Yes,No,29,Yes,No,Fiber optic,No,No,No,Yes,No,No,One year,Yes,Bank transfer,75.51,2190.25,No,75.52586206896552,-0.015862068965518006,2,Established,High,1,0,1,0
Male,0,No,Yes,9,Yes,Yes,Fiber optic,No,No,No,Yes,No,Yes,One year,Yes,Electronic check,89.46,736.21,No,81.80111111111111,7.658888888888882,4,New,High,1,1,1,0
Male,0,No,Yes,24,Yes,No,No,No internet service,No internet service,No internet service,No internet service,No internet service,No internet service,Two year,No,Bank transfer,25.79,653.83,No,27.24291666666667,-1.4529166666666704,1,Developing,Low,0,0,0,0
Female,0,Yes,No,34,Yes,No,Fiber optic,No,No,Yes,No,No,No,One year,Yes,Electronic check,69.93,2436.42,No,71.65941176470588,-1.7294117647058727,2,Established,Medium,1,1,0,0
Male,0,Yes,No,32,Yes,No,No,No internet service,No internet service,No internet service,No internet service,No internet service,No internet service,Two year,No,Bank transfer,35.82,1085.67,No,33.9271875,1.892812499999998,1,Established,Low,0,0,0,0
Female,1,No,No,65,Yes,Yes,DSL,Yes,Yes,No,No,No,No,One year,Yes,Bank transfer,58.28,3736.61,No,57.4863076923077,0.7936923076923037,4,Loyal,Medium,1,0,0,1
Male,0,Yes,No,17,Yes,No,Fiber optic,No,No,Yes,Yes,Yes,No,Two year,No,Electronic check,91.97,1432.6,No,84.27058823529411,7.699411764705886,4,Developing,High,0,1,1,0
Male,0,No,Yes,23,Yes,No,Fiber optic,Yes,No,Yes,No,No,Yes,One year,Yes,Electronic check,93.92,2152.2,No,93.57391304347826,0.34608695652174504,4,Developing,High,1,1,0,1
Male,1,No,No,14,Yes,Yes,Fiber optic,No,No,Yes,No,No,Yes,Month-to-month,No,Bank transfer,86.15,1202.45,Yes,85.88928571428572,0.2607142857142861,4,Developing,High,2,0,0,0
Female,0,Yes,Yes,42,Yes,Yes,Fiber optic,No,No,Yes,No,Yes,Yes,Month-to-month,Yes,Bank transfer,98.47,4050.97,No,96.45166666666667,2.018333333333331,5,Established,High,2,0,0,0
Male,1,Yes,No,58,Yes,No,No,No internet service,No internet service,No internet service,No internet service,No internet service,No internet service,Month-to-month,Yes,Credit card,30.76,1742.36,No,30.04068965517241,0.7193103448275906,1,Loyal,Low,2,0,0,0
Female,0,No,No,64,Yes,Yes,Fiber optic,Yes,Yes,No,No,No,No,Month-to-month,No,Mailed check,89.77,5741.18,No,89.7059375,0.06406249999999147,4,Loyal,High,2,0,0,1
Male,0,Yes,No,17,Yes,Yes,DSL,No,Yes,Yes,No,Yes,No,Two year,Yes,Credit card,67.48,1220.7,No,71.80588235294118,-4.3258823529411785,5,Developing,Medium,0,0,0,0
Female,1,No,No,31,Yes,No,Fiber optic,No,No,No,Yes,No,Yes,One year,Yes,Bank transfer,80.45,2463.23,No,79.45903225806451,0.9909677419354921,3,Established,High,1,0,1,0
Male,0,Yes,Yes,54,Yes,No,DSL,No,No,No,Yes,No,Yes,One year,Yes,Bank transfer,61.22,3233.58,No,59.88111111111111,1.3388888888888886,3,Loyal,Medium,1,0,1,0
Female,0,Yes,Yes,4,Yes,Yes,Fiber optic,Yes,No,No,No,No,No,One year,Yes,Electronic check,75.44,420.26,No,105.065,-29.625,3,New,High,1,1,0,1
Female,0,No,No,52,Yes,No,Fiber optic,No,Yes,No,No,Yes,No,Two year,Yes,Electronic check,74.0,3903.46,No,75.06653846153846,-1.0665384615384568,3,Loyal,High,0,1,0,0
Male,0,Yes,Yes,10,Yes,No,DSL,Yes,No,Yes,No,No,Yes,One year,Yes,Mailed check,63.42,530.25,No,53.025,10.395000000000003,4,New,Medium,1,0,0,1
Male,0,No,No,3,Yes,No,DSL,No,No,Yes,Yes,No,No,Month-to-month,Yes,Electronic check,55.48,223.5,No,74.5,-19.020000000000003,3,New,Medium,2,1,1,0
Female,0,No,Yes,9,Yes,No,No,No internet service,No internet service,No internet service,No internet service,No internet service,No internet service,Month-to-month,Yes,Electronic check,28.63,215.67,No,23.96333333333333,4.666666666666668,1,New,Low,2,1,0,0
Male,0,Yes,No,64,Yes,Yes,DSL,No,Yes,No,Yes,No,No,Month-to-month,Yes,Electronic check,60.11,3929.05,No,61.39140625,-1.2814062500000034,4,Loyal,Medium,2,1,1,0
Female,0,Yes,Yes,50,Yes,No,DSL,Yes,Yes,No,No,Yes,No,Month-to-month,No,Credit card,66.14,3273.74,No,65.4748,0.6651999999999987,4,Loyal,Medium,2,0,0,1
Female,0,No,No,57,Yes,No,DSL,No,No,No,Yes,Yes,No,Month-to-month,No,Bank transfer,61.39,3355.55,No,58.86929824561404,2.5207017543859607,3,Loyal,Medium,2,0,1,0
Female,0,No,No,50,Yes,No,Fiber optic,No,No,Yes,No,No,No,Month-to-month,Yes,Credit card,75.65,3736.87,No,74.7374,0.9126000000000118,2,Loyal,High,2,0,0,0
Female,0,No,Yes,58,Yes,Yes,DSL,No,No,No,No,Yes,No,Month-to-month,No,Credit card,54.71,3102.85,No,53.49741379310345,1.2125862068965532,3,Loyal,Medium,2,0,0,0
Female,0,No,No,36,Yes,No,Fiber optic,Yes,No,No,No,No,No,Month-to-month,No,Bank transfer,79.17,2796.88,No,77.69111111111111,1.4788888888888891,2,Established,High,2,0,0,1
Female,0,Yes,Yes,59,Yes,Yes,DSL,No,No,Yes,Yes,No,No,Two year,No,Mailed check,55.97,3118.59,No,52.85745762711865,3.11254237288135,4,Loyal,Medium,0,0,1,0
Female,0,Yes,No,5,Yes,No,DSL,Yes,Yes,No,No,No,No,Month-to-month,No,Mailed check,50.95,245.23,Yes,49.046,1.9040000000000035,3,New,Medium,2,0,0,1
Female,0,No,Yes,42,Yes,Yes,DSL,No,Yes,No,Yes,Yes,No,Two year,Yes,Bank transfer,73.04,2904.81,No,69.16214285714285,3.8778571428571524,5,Established,High,0,0,1,0
Female,0,No,No,55,Yes,No,DSL,Yes,No,No,No,No,No,Month-to-month,No,Credit card,46.5,2547.35,No,46.31545454545454,0.18454545454545723,2,Loyal,Medium,2,0,0,1
Male,0,No,Yes,72,Yes,Yes,Fiber optic,No,No,Yes,No,No,Yes,Two year,Yes,Credit card,86.05,6002.56,No,83.36888888888889,2.6811111111111074,4,Loyal,High,0,0,0,0
Male,0,Yes,No,26,Yes,No,DSL,No,No,No,No,Yes,No,One year,Yes,Mailed check,53.53,1304.05,No,50.15576923076923,3.3742307692307705,2,Established,Medium,1,0,0,0
Female,1,Yes,No,13,No,No phone service,Fiber optic,Yes,No,No,No,No,Yes,Two year,Yes,Bank transfer,77.68,1053.7,No,81.05384615384615,-3.373846153846145,2,Developing,High,0,0,0,1
Female,1,No,No,52,Yes,Yes,Fiber optic,No,Yes,No,Yes,Yes,No,Month-to-month,Yes,Mailed check,96.32,5064.52,No,97.39461538461539,-1.0746153846153987,5,Loyal,High,2,0,1,0
Male,0,Yes,No,6,No,No phone service,DSL,No,No,No,No,No,Yes,One year,No,Mailed check,50.29,238.11,No,39.685,10.604999999999997,1,New,Medium,1,0,0,0
Male,1,Yes,Yes,56,Yes,No,DSL,No,No,No,Yes,No,Yes,Month-to-month,No,Electronic check,56.2,3190.85,No,56.979464285714286,-0.7794642857142833,3,Loyal,Medium,2,1,1,0
Male,1,No,No,51,Yes,No,Fiber optic,No,No,No,No,No,Yes,Month-to-month,No,Electronic check,73.53,3603.9,No,70.66470588235295,2.8652941176470534,2,Loyal,High,2,1,0,0
Male,0,Yes,No,50,Yes,No,Fiber optic,Yes,Yes,Yes,Yes,No,No,One year,No,Electronic check,84.87,4321.56,No,86.4312,-1.5611999999999995,5,Loyal,High,1,1,1,1
Male,0,Yes,No,22,No,No phone service,Fiber optic,No,Yes,No,No,No,No,Month-to-month,Yes,Bank transfer,67.45,1578.1,No,71.73181818181818,-4.281818181818181,1,Developing,Medium,2,0,0,0
Male,0,Yes,No,9,Yes,No,No,No internet service,No internet service,No internet service,No internet service,No internet service,No internet service,Month-to-month,No,Electronic check,29.1,244.98,Yes,27.22,1.8800000000000026,1,New,Low,2,1,0,0
Female,0,No,No,44,Yes,Yes,DSL,Yes,No,No,No,No,No,Two year,Yes,Credit card,67.79,2947.46,No,66.98772727272727,0.8022727272727366,3,Established,Medium,0,0,0,1
Female,0,Yes,No,27,No,No phone service,Fiber optic,No,Yes,Yes,No,No,No,Month-to-month,Yes,Electronic check,74.45,1822.31,Yes,67.49296296296296,6.95703703703704,2,Established,High,2,1,0,0
Female,0,Yes,No,29,Yes,Yes,Fiber optic,No,No,No,No,No,No,One year,Yes,Electronic check,70.15,2029.47,No,69.98172413793104,0.16827586206896683,2,Established,High,1,1,0,0
Female,0,Yes,No,14,Yes,No,DSL,Yes,No,No,No,No,Yes,Month-to-month,No,Mailed check,62.6,929.12,No,66.36571428571429,-3.7657142857142887,3,Developing,Medium,2,0,0,1
Male,1,Yes,No,25,Yes,No,Fiber optic,No,No,No,No,Yes,Yes,Month-to-month,Yes,Electronic check,80.62,2044.47,No,81.7788,-1.1587999999999994,3,Established,High,2,1,0,0
Male,0,Yes,No,60,Yes,Yes,Fiber optic,No,Yes,No,No,No,No,Month-to-month,No,Electronic check,76.75,4616.97,No,76.9495,-0.19950000000000045,3,Loyal,High,2,1,0,0
Male,0,No,No,65,Yes,No,Fiber optic,No,No,Yes,No,No,Yes,Month-to-month,Yes,Electronic check,86.14,5484.44,Yes,84.37599999999999,1.76400000000001,3,Loyal,High,2,1,0,0
Female,0,Yes,No,26,Yes,Yes,Fiber optic,No,Yes,No,Yes,No,No,Two year,Yes,Mailed check,90.36,2359.73,No,90.75884615384615,-0.39884615384615074,4,Established,High,0,0,1,0
Female,0,Yes,Yes,11,Yes,No,DSL,No,Yes,No,No,Yes,No,Two year,No,Electronic check,62.36,616.94,No,56.08545454545455,6.274545454545446,3,New,Medium,0,1,0,0
Female,1,Yes,No,3,Yes,No,Fiber optic,No,Yes,No,No,No,No,Month-to-month,No,Mailed check,72.5,331.07,No,110.35666666666667,-37.85666666666667,2,New,High,2,0,0,0
Male,0,Yes,No,14,Yes,No,Fiber optic,Yes,Yes,Yes,No,No,No,Month-to-month,No,Electronic check,93.89,1362.61,Yes,97.3292857142857,-3.4392857142857025,4,Developing,High,2,1,0,1
Female,0,Yes,Yes,1,Yes,Yes,Fiber optic,No,No,No,Yes,No,Yes,Two year,Yes,Electronic check,92.66,113.95,No,113.95,-21.290000000000006,4,New,High,0,1,1,0
Female,0,No,No,49,Yes,No,Fiber optic,No,Yes,No,Yes,Yes,Yes,Month-to-month,Yes,Electronic check,90.2,4423.0,No,90.26530612244898,-0.06530612244897327,5,Loyal,High,2,1,1,0
Male,0,No,Yes,47,Yes,No,Fiber optic,No,Yes,Yes,Yes,No,Yes,Month-to-month,Yes,Electronic check,100.87,4664.93,No,99.25382978723405,1.616170212765951,5,Established,Very High,2,1,1,0
Male,0,No,Yes,57,Yes,No,Fiber optic,Yes,Yes,No,No,Yes,Yes,Month-to-month,Yes,Credit card,96.31,5424.31,No,95.16333333333334,1.1466666666666612,5,Loyal,High,2,0,0,1
Male,0,Yes,No,24,Yes,Yes,DSL,No,Yes,No,No,No,No,One year,Yes,Mailed check,57.93,1543.34,No,64.30583333333333,-6.3758333333333255,3,Developing,Medium,1,0,0,0
Female,0,No,No,60,Yes,No,Fiber optic,Yes,No,Yes,Yes,No,No,Month-to-month,Yes,Bank transfer,82.77,4894.58,No,81.57633333333334,1.1936666666666582,4,Loyal,High,2,0,1,1
Female,0,No,No,13,Yes,Yes,Fiber optic,No,Yes,Yes,No,No,No,Month-to-month,Yes,Credit card,74.14,965.13,Yes,74.24076923076923,-0.10076923076923094,4,Developing,High,2,0,0,0
Female,0,Yes,Yes,17,Yes,No,DSL,No,Yes,Yes,No,No,No,Two year,No,Electronic check,59.06,1011.98,No,59.52823529411765,-0.4682352941176475,3,Developing,Medium,0,1,0,0
Female,0,Yes,No,66,Yes,Yes,DSL,Yes,No,No,No,No,Yes,Two year,Yes,Credit card,62.52,4126.43,No,62.52166666666667,-0.0016666666666651508,4,Loyal,Medium,0,0,0,1
Male,0,No,Yes,64,Yes,Yes,DSL,No,No,No,Yes,No,Yes,One year,Yes,Bank transfer,64.06,4114.08,No,64.2825,-0.2224999999999966,4,Loyal,Medium,1,0,1,0
Female,0,Yes,No,44,Yes,Yes,Fiber optic,No,Yes,No,No,Yes,Yes,One year,Yes,Bank transfer,95.61,4356.34,No,99.00772727272728,-3.3977272727272805,5,Established,High,1,0,0,0
Female,0,Yes,Yes,44,Yes,Yes,DSL,Yes,No,No,No,Yes,No,Two year,Yes,Credit card,61.55,2719.62,No,61.80954545454545,-0.25954545454545297,4,Established,Medium,0,0,0,1
Male,0,No,No,51,Yes,No,No,No internet service,No internet service,No internet service,No internet service,No internet service,No internet service,One year,Yes,Electronic check,30.07,1573.25,No,30.848039215686274,-0.7780392156862739,1,Loyal,Low,1,1,0,0
Female,1,Yes,Yes,60,Yes,No,No,No internet service,No internet service,No internet service,No internet service,No internet service,No internet service,One year,No,Mailed check,24.63,1453.4,No,24.223333333333336,0.40666666666666273,1,Loyal,Low,1,0,0,0
Female,0,No,Yes,17,Yes,No,No,No internet service,No internet service,No internet service,No internet service,No internet service,No internet service,Month-to-month,Yes,Mailed check,21.59,351.41,Yes,20.671176470588236,0.9188235294117639,1,Developing,Low,2,0,0,0
Female,0,Yes,No,5,Yes,Yes,DSL,Yes,Yes,No,No,Yes,Yes,Month-to-month,No,Bank transfer,77.26,423.69,No,84.738,-7.477999999999994,6,New,High,2,0,0,1
Female,0,Yes,No,14,Yes,Yes,Fiber optic,Yes,Yes,Yes,No,No,Yes,Two year,Yes,Electronic check,96.68,1465.82,No,104.70142857142856,-8.021428571428558,6,Developing,High,0,1,0,1
Female,0,Yes,No,26,Yes,Yes,No,No internet service,No internet service,No internet service,No internet service,No internet service,No internet service,One year,No,Electronic check,27.16,809.24,No,31.124615384615385,-3.964615384615385,2,Established,Low,1,1,0,0
Male,0,Yes,No,17,Yes,No,Fiber optic,No,No,No,No,Yes,Yes,Month-to-month,Yes,Credit card,79.09,1091.66,Yes,64.21529411764706,14.874705882352941,3,Developing,High,2,0,0,0
Male,0,No,No,38,No,No phone service,DSL,No,Yes,Yes,Yes,No,No,One year,Yes,Mailed check,53.67,1905.2,No,50.136842105263156,3.5331578947368456,3,Established,Medium,1,0,1,0
Female,0,No,Yes,10,Yes,Yes,No,No internet service,No internet service,No internet service,No internet service,No internet service,No internet service,Two year,Yes,Electronic check,35.56,521.67,No,52.166999999999994,-16.606999999999992,2,New,Low,0,1,0,0
Female,0,No,No,42,Yes,Yes,Fiber optic,Yes,No,Yes,Yes,Yes,No,Month-to-month,Yes,Electronic check,104.57,4349.31,No,103.555,1.0149999999999864,6,Established,Very High,2,1,1,1
Female,0,No,No,52,Yes,No,Fiber optic,No,No,No,No,No,Yes,One year,Yes,Bank transfer,81.7,4217.67,No,81.10903846153846,0.5909615384615421,2,Loyal,High,1,0,0,0
Male,0,Yes,No,8,Yes,No,No,No internet service,No internet service,No internet service,No internet service,No internet service,No internet service,Month-to-month,Yes,Electronic check,29.76,191.54,No,23.9425,5.817500000000003,1,New,Low,2,1,0,0
Male,0,Yes,No,21,Yes,Yes,No,No internet service,No internet service,No internet service,No internet service,No internet service,No internet service,One year,Yes,Electronic check,32.18,571.32,No,27.205714285714286,4.974285714285713,2,Developing,Low,1,1,0,0
Male,0,Yes,No,39,Yes,Yes,Fiber optic,No,No,Yes,No,No,No,Two year,Yes,Credit card,79.82,3051.11,No,78.23358974358975,1.5864102564102467,3,Established,High,0,0,0,0
Female,0,No,No,5,Yes,Yes,DSL,No,No,Yes,No,No,Yes,Two year,Yes,Electronic check,66.75,290.31,No,58.062,8.688000000000002,4,New,Medium,0,1,0,0
Female,0,Yes,Yes,48,Yes,Yes,Fiber optic,No,Yes,No,Yes,No,No,Two year,No,Electronic check,90.97,4326.43,No,90.13395833333334,0.8360416666666595,4,Established,High,0,1,1,0
Female,0,Yes,No,55,Yes,No,Fiber optic,No,No,No,No,Yes,Yes,One year,No,Bank transfer,86.18,4661.56,No,84.75563636363637,1.424363636363637,3,Loyal,High,1,0,0,0
Female,1,Yes,No,27,Yes,No,Fiber optic,Yes,No,No,Yes,Yes,No,Month-to-month,No,Electronic check,85.12,2371.59,Yes,87.83666666666667,-2.7166666666666686,4,Established,High,2,1,1,1
Female,0,No,No,1,No,No phone service,Fiber optic,No,Yes,Yes,No,No,Yes,One year,No,Electronic check,79.83,72.45,Yes,72.45,7.3799999999999955,3,New,High,1,1,0,0
Male,0,Yes,No,37,Yes,No,Fiber optic,No,Yes,Yes,No,No,No,Month-to-month,Yes,Mailed check,78.97,2933.71,No,79.28945945945947,-0.3194594594594662,3,Established,High,2,0,0,0
Female,0,No,No,63,Yes,Yes,Fiber optic,Yes,Yes,No,No,No,No,Month-to-month,Yes,Bank transfer,78.55,4955.88,No,78.6647619047619,-0.11476190476190595,4,Loyal,High,2,0,0,1
Male,0,No,Yes,22,Yes,Yes,No,No internet service,No internet service,No internet service,No internet service,No internet service,No internet service,Month-to-month,Yes,Mailed check,34.15,709.44,No,32.24727272727273,1.9027272727272688,2,Developing,Low,2,0,0,0
Male,0,No,No,62,Yes,Yes,No,No internet service,No internet service,No internet service,No internet service,No internet service,No internet service,Month-to-month,No,Bank transfer,33.36,2011.77,No,32.44790322580645,0.9120967741935502,2,Loyal,Low,2,0,0,0
Male,0,Yes,No,63,Yes,Yes,Fiber optic,No,No,Yes,No,No,No,Month-to-month,No,Credit card,85.18,5247.78,No,83.29809523809523,1.881904761904778,3,Loyal,High,2,0,0,0
Female,0,Yes,No,21,Yes,No,Fiber optic,No,Yes,No,No,Yes,No,Month-to-month,No,Bank transfer,77.58,1687.04,No,80.3352380952381,-2.7552380952380986,3,Developing,High,2,0,0,0
Male,0,Yes,No,44,Yes,Yes,Fiber optic,No,No,No,No,Yes,No,Month-to-month,Yes,Bank transfer,80.05,3510.37,Yes,79.78113636363636,0.2688636363636334,3,Established,High,2,0,0,0
Female,0,No,No,4,Yes,Yes,Fiber optic,No,No,Yes,No,Yes,No,Month-to-month,Yes,Credit card,93.23,471.01,Yes,117.7525,-24.522499999999994,4,New,High,2,0,0,0
Female,0,No,Yes,40,Yes,No,DSL,Yes,No,Yes,Yes,No,No,Month-to-month,Yes,Electronic check,57.32,2322.96,No,58.074,-0.7539999999999978,4,Established,Medium,2,1,1,1
Female,1,No,Yes,64,Yes,Yes,Fiber optic,Yes,No,Yes,No,Yes,No,Month-to-month,Yes,Mailed check,91.24,5965.78,No,93.2153125,-1.9753125000000011,5,Loyal,High,2,0,0,1
Female,0,Yes,No,68,No,No phone service,Fiber optic,No,No,No,Yes,No,Yes,Two year,Yes,Electronic check,75.99,5136.7,No,75.53970588235293,0.4502941176470614,2,Loyal,High,0,1,1,0
Male,0,Yes,No,15,No,No phone service,Fiber optic,No,No,No,No,Yes,Yes,Month-to-month,No,Electronic check,78.85,1104.94,No,73.66266666666667,5.187333333333328,2,Developing,High,2,1,0,0
Male,0,No,No,48,Yes,Yes,No,No internet service,No internet service,No internet service,No internet service,No internet service,No internet service,Two year,No,Credit card,40.59,2097.14,No,43.690416666666664,-3.1004166666666606,2,Established,Medium,0,0,0,0
Male,0,Yes,Yes,5,Yes,Yes,No,No internet service,No internet service,No internet service,No internet service,No internet service,No internet service,Month-to-month,Yes,Electronic check,33.58,260.17,No,52.034000000000006,-18.454000000000008,2,New,Low,2,1,0,0
Female,0,No,Yes,21,Yes,No,No,No internet service,No internet service,No internet service,No internet service,No internet service,No internet service,Two year,No,Electronic check,26.81,414.09,No,19.718571428571426,7.0914285714285725,1,Developing,Low,0,1,0,0
Female,0,No,Yes,61,Yes,No,No,No internet service,No internet service,No internet service,No internet service,No internet service,No internet service,One year,Yes,Electronic check,27.35,1705.02,No,27.951147540983605,-0.6011475409836038,1,Loyal,Low,1,1,0,0
Male,0,Yes,No,47,Yes,Yes,Fiber optic,No,No,No,No,No,No,Two year,Yes,Bank transfer,74.59,3562.25,No,75.79255319148936,-1.2025531914893577,2,Established,High,0,0,0,0
Female,0,Yes,Yes,29,Yes,No,No,No internet service,No internet service,No internet service,No internet service,No internet service,No internet service,Two year,No,Credit card,29.74,844.58,No,29.12344827586207,0.6165517241379277,1,Established,Low,0,0,0,0
Male,0,Yes,Yes,70,Yes,Yes,No,No internet service,No internet service,No internet service,No internet service,No internet service,No internet service,One year,No,Mailed check,33.68,2254.79,No,32.211285714285715,1.4687142857142845,2,Loyal,Low,1,0,0,0
Male,0,Yes,No,55,Yes,No,Fiber optic,Yes,No,No,No,No,Yes,Month-to-month,No,Credit card,77.11,4226.19,No,76.83981818181817,0.2701818181818254,3,Loyal,High,2,0,0,1
Male,0,No,No,2,Yes,Yes,DSL,Yes,Yes,No,No,No,Yes,Month-to-month,Yes,Mailed check,62.93,141.33,No,70.665,-7.7350000000000065,5,New,Medium,2,0,0,1
Male,0,Yes,No,6,Yes,Yes,DSL,No,No,No,No,No,No,Month-to-month,Yes,Credit card,52.5,258.8,No,43.13333333333333,9.366666666666667,2,New,Medium,2,0,0,0
Female,0,Yes,Yes,46,Yes,No,Fiber optic,No,No,No,No,Yes,Yes,Two year,No,Credit card,86.48,4035.71,No,87.73282608695652,-1.2528260869565173,3,Established,High,0,0,0,0
Female,0,Yes,No,64,Yes,Yes,Fiber optic,Yes,Yes,Yes,Yes,Yes,No,Two year,Yes,Electronic check,101.25,6351.43,No,99.24109375,2.0089062499999955,7,Loyal,Very High,0,1,1,1
Female,1,Yes,No,12,Yes,Yes,Fiber optic,No,No,No,No,No,Yes,Month-to-month,No,Credit card,78.78,959.47,Yes,79.95583333333333,-1.1758333333333297,3,New,High,2,0,0,0
Female,0,No,No,39,Yes,No,Fiber optic,Yes,No,No,No,No,Yes,One year,Yes,Electronic check,88.14,3592.68,No,92.11999999999999,-3.9799999999999898,3,Established,High,1,1,0,1
Female,0,No,Yes,59,Yes,No,Fiber optic,No,No,Yes,No,No,Yes,Month-to-month,Yes,Mailed check,80.58,4802.07,No,81.39101694915254,-0.8110169491525454,3,Loyal,High,2,0,0,0
Male,0,Yes,Yes,63,Yes,No,DSL,No,No,Yes,Yes,Yes,Yes,One year,No,Electronic check,73.6,4752.47,No,75.43603174603174,-1.8360317460317503,5,Loyal,High,1,1,1,0
Female,0,Yes,No,47,Yes,Yes,DSL,No,Yes,Yes,No,Yes,No,One year,Yes,Mailed check,74.21,3476.99,No,73.97851063829786,0.2314893617021312,5,Established,High,1,0,0,0
Male,0,Yes,Yes,72,Yes,Yes,Fiber optic,Yes,No,No,No,No,No,Month-to-month,No,Credit card,88.04,6355.52,No,88.27111111111111,-0.2311111111111046,3,Loyal,High,2,0,0,1
Male,1,Yes,No,68,No,No phone service,DSL,Yes,No,No,Yes,No,No,Two year,Yes,Bank transfer,47.77,3213.74,No,47.260882352941174,0.5091176470588294,2,Loyal,Medium,0,0,1,1
Male,0,Yes,No,61,Yes,Yes,No,No internet service,No internet service,No internet service,No internet service,No internet service,No internet service,Month-to-month,No,Mailed check,29.28,1754.15,No,28.75655737704918,0.5234426229508209,2,Loyal,Low,2,0,0,0
Female,0,No,Yes,49,Yes,Yes,No,No internet service,No internet service,No internet service,No internet service,No internet service,No internet service,One year,No,Credit card,27.35,1380.76,No,28.17877551020408,-0.8287755102040784,2,Loyal,Low,1,0,0,0
Male,0,Yes,Yes,71,Yes,No,Fiber optic,No,No,No,No,No,No,One year,No,Mailed check,68.94,4819.72,No,67.88338028169015,1.0566197183098467,1,Loyal,Medium,1,0,0,0
Female,0,Yes,Yes,2,Yes,No,Fiber optic,No,Yes,No,No,No,No,Month-to-month,Yes,Electronic check,81.79,230.24,Yes,115.12,-33.33,2,New,High,2,1,0,0
Female,0,Yes,No,7,Yes,No,No,No internet service,No internet service,No internet service,No internet service,No internet service,No internet service,Month-to-month,Yes,Credit card,28.3,237.13,No,33.87571428571429,-5.575714285714287,1,New,Low,2,0,0,0
Female,0,No,Yes,37,Yes,Yes,No,No internet service,No internet service,No internet service,No internet service,No internet service,No internet service,Month-to-month,No,Electronic check,40.43,1398.7,No,37.8027027027027,2.6272972972972966,2,Established,Medium,2,1,0,0
Female,0,Yes,No,49,Yes,No,Fiber optic,No,Yes,Yes,Yes,Yes,No,One year,No,Credit card,88.11,4394.94,No,89.69265306122448,-1.5826530612244767,5,Loyal,High,1,0,1,0
Female,0,No,Yes,66,Yes,Yes,No,No internet service,No internet service,No internet service,No internet service,No internet service,No internet service,Two year,No,Electronic check,40.81,2862.01,No,43.36378787878788,-2.5537878787878796,2,Loyal,Medium,0,1,0,0
Female,0,Yes,No,49,Yes,No,Fiber optic,No,No,No,No,No,No,Month-to-month,Yes,Electronic check,72.7,3633.4,No,74.15102040816326,-1.4510204081632594,1,Loyal,High,2,1,0,0
Male,0,No,No,17,Yes,No,DSL,No,Yes,Yes,Yes,Yes,Yes,Month-to-month,No,Mailed check,75.52,1128.75,No,66.3970588235294,9.12294117647059,6,Developing,High,2,0,1,0
Female,0,No,No,66,Yes,No,Fiber optic,No,No,Yes,Yes,Yes,No,Month-to-month,Yes,Electronic check,90.76,6180.21,No,93.63954545454546,-2.8795454545454504,4,Loyal,High,2,1,1,0
Female,0,Yes,No,6,Yes,Yes,Fiber optic,Yes,Yes,Yes,No,No,No,Month-to-month,Yes,Electronic check,89.72,361.15,Yes,60.19166666666666,29.528333333333336,5,New,High,2,1,0,1
Male,0,Yes,No,7,No,No phone service,No,No internet service,No internet service,No internet service,No internet service,No internet service,No internet service,Month-to-month,No,Electronic check,21.85,18.0,No,2.5714285714285716,19.27857142857143,0,New,Low,2,1,0,0
Male,0,Yes,No,52,Yes,No,DSL,Yes,Yes,No,Yes,No,Yes,One year,No,Electronic check,64.62,3219.71,No,61.917500000000004,2.7025000000000006,5,Loyal,Medium,1,1,1,1
Male,0,No,No,70,Yes,No,Fiber optic,No,Yes,No,No,No,Yes,Month-to-month,Yes,Bank transfer,79.56,5547.08,Yes,79.244,0.3160000000000025,3,Loyal,High,2,0,0,0
Female,0,No,No,37,Yes,No,Fiber optic,Yes,No,No,No,Yes,Yes,Two year,Yes,Mailed check,85.33,3001.64,No,81.1254054054054,4.204594594594596,4,Established,High,0,0,0,1
Male,0,Yes,Yes,10,Yes,Yes,No,No internet service,No internet service,No internet service,No internet service,No internet service,No internet service,Month-to-month,Yes,Electronic check,31.43,134.48,Yes,13.447999999999999,17.982,2,New,Low,2,1,0,0
Male,0,Yes,No,4,Yes,No,Fiber optic,No,Yes,No,No,Yes,No,One year,No,Electronic check,75.05,244.3,No,61.075,13.974999999999994,3,New,High,1,1,0,0
Female,0,Yes,Yes,71,Yes,Yes,DSL,No,Yes,No,No,Yes,No,Month-to-month,Yes,Electronic check,74.1,5202.34,No,73.27239436619719,0.8276056338028042,4,Loyal,High,2,1,0,0
Female,0,Yes,No,21,Yes,Yes,No,No internet service,No internet service,No internet service,No internet service,No internet service,No internet service,Month-to-month,Yes,Mailed check,30.19,609.12,No,29.005714285714287,1.1842857142857142,2,Developing,Low,2,0,0,0
Male,0,No,Yes,47,Yes,No,Fiber optic,No,No,No,No,No,No,Month-to-month,Yes,Mailed check,74.13,3521.18,No,74.91872340425532,-0.7887234042553217,1,Established,High,2,0,0,0
Female,0,Yes,Yes,24,Yes,Yes,No,No internet service,No internet service,No internet service,No internet service,No internet service,No internet service,One year,No,Electronic check,28.25,794.39,No,33.099583333333335,-4.849583333333335,2,Developing,Low,1,1,0,0
Female,1,Yes,No,16,Yes,Yes,No,No internet service,No internet service,No internet service,No internet service,No internet service,No internet service,Two year,Yes,Credit card,32.69,519.42,No,32.46375,0.22625000000000028,2,Developing,Low,0,0,0,0
Male,1,No,No,49,Yes,Yes,DSL,Yes,No,Yes,Yes,No,No,Month-to-month,Yes,Electronic check,66.57,3296.49,No,67.27530612244898,-0.705306122448988,5,Loyal,Medium,2,1,1,1
Male,0,No,No,54,Yes,No,No,No internet service,No internet service,No internet service,No internet service,No internet service,No internet service,Month-to-month,Yes,Mailed check,33.69,1794.56,No,33.23259259259259,0.45740740740740904,1,Loyal,Low,2,0,0,0
Male,0,No,No,34,Yes,No,Fiber optic,No,No,No,Yes,No,No,One year,No,Bank transfer,76.32,2686.75,No,79.0220588235294,-2.7020588235294127,2,Established,High,1,0,1,0
Male,0,Yes,No,37,Yes,No,No,No internet service,No internet service,No internet service,No internet service,No internet service,No internet service,Month-to-month,Yes,Electronic check,23.71,997.5,No,26.95945945945946,-3.249459459459459,1,Established,Low,2,1,0,0
Male,1,No,No,36,Yes,No,DSL,Yes,Yes,No,No,Yes,No,Two year,Yes,Electronic check,62.02,2184.18,No,60.67166666666666,1.3483333333333434,4,Established,Medium,0,1,0,1
Female,0,No,No,43,Yes,No,Fiber optic,Yes,No,Yes,No,Yes,No,Month-to-month,No,Mailed check,91.75,3836.46,No,89.22,2.530000000000001,4,Established,High,2,0,0,1
Female,0,Yes,No,59,Yes,Yes,DSL,No,Yes,Yes,No,Yes,No,Two year,Yes,Mailed check,74.2,4329.4,No,73.37966101694914,0.8203389830508598,5,Loyal,High,0,0,0,0
Male,0,Yes,Yes,52,Yes,Yes,DSL,Yes,No,Yes,No,Yes,No,Month-to-month,Yes,Credit card,67.33,3462.44,No,66.58538461538461,0.7446153846153862,5,Loyal,Medium,2,0,0,1
Female,0,No,No,21,Yes,Yes,No,No internet service,No internet service,No internet service,No internet service,No internet service,No internet service,Month-to-month,No,Mailed check,29.12,592.5,No,28.214285714285715,0.9057142857142857,2,Developing,Low,2,0,0,0
Female,0,No,No,18,Yes,No,DSL,No,Yes,Yes,No,No,No,One year,Yes,Credit card,53.43,960.89,No,53.382777777777775,0.047222222222224275,3,Developing,Medium,1,0,0,0
Male,0,No,No,49,Yes,Yes,DSL,No,No,No,Yes,Yes,No,Month-to-month,Yes,Mailed check,67.72,3299.46,Yes,67.33591836734693,0.3840816326530643,4,Loyal,Medium,2,0,1,0
Male,0,No,Yes,47,Yes,Yes,No,No internet service,No internet service,No internet service,No internet service,No internet service,No internet service,One year,Yes,Bank transfer,27.98,1212.52,No,25.798297872340424,2.1817021276595767,2,Established,Low,1,0,0,0
Female,0,No,Yes,27,Yes,No,Fiber optic,No,No,Yes,No,Yes,Yes,One year,Yes,Electronic check,88.31,2363.09,No,87.52185185185186,0.7881481481481387,4,Established,High,1,1,0,0
Female,1,No,Yes,61,Yes,No,Fiber optic,Yes,No,No,No,No,Yes,One year,Yes,Credit card,77.12,4725.46,No,77.46655737704918,-0.3465573770491801,3,Loyal,High,1,0,0,1
Male,0,No,No,31,Yes,No,No,No internet service,No internet service,No internet service,No internet service,No internet service,No internet service,Month-to-month,No,Electronic check,26.06,927.47,No,29.918387096774193,-3.8583870967741944,1,Established,Low,2,1,0,0
Female,0,Yes,No,25,Yes,Yes,Fiber optic,No,No,No,No,Yes,No,Month-to-month,Yes,Electronic check,86.05,2103.76,Yes,84.1504,1.8995999999999924,3,Established,High,2,1,0,0
Male,0,Yes,No,41,Yes,No,DSL,No,Yes,No,Yes,Yes,No,Month-to-month,No,Mailed check,62.74,2568.77,No,62.652926829268296,0.08707317073170628,4,Established,Medium,2,0,1,0
Male,0,No,Yes,14,Yes,Yes,Fiber optic,No,No,No,No,No,Yes,One year,Yes,Credit card,86.78,1202.89,No,85.9207142857143,0.8592857142857042,3,Developing,High,1,0,0,0
Male,1,Yes,No,51,Yes,Yes,Fiber optic,No,No,No,No,No,No,One year,Yes,Mailed check,81.9,4133.51,No,81.04921568627451,0.850784313725498,2,Loyal,High,1,0,0,0
Female,0,No,No,65,Yes,No,DSL,No,No,No,Yes,Yes,Yes,Month-to-month,Yes,Electronic check,79.92,5153.53,No,79.28507692307691,0.6349230769230871,4,Loyal,High,2,1,1,0
Male,0,No,No,69,Yes,No,Fiber optic,Yes,No,No,Yes,Yes,No,One year,No,Credit card,90.63,6102.45,No,88.44130434782609,2.188695652173905,4,Loyal,High,1,0,1,1
Female,1,No,No,33,Yes,No,Fiber optic,No,Yes,No,Yes,Yes,Yes,One year,Yes,Credit card,96.41,3215.25,No,97.43181818181819,-1.0218181818181904,5,Established,High,1,0,1,0
Male,0,No,Yes,20,Yes,No,DSL,Yes,No,Yes,Yes,No,Yes,One year,Yes,Bank transfer,65.38,1359.0,No,67.95,-2.5700000000000074,5,Developing,Medium,1,0,1,1
Female,0,Yes,No,35,Yes,No,DSL,No,No,Yes,Yes,Yes,Yes,Month-to-month,Yes,Mailed check,73.58,2540.06,No,72.57314285714286,1.0068571428571431,5,Established,High,2,0,1,0
Female,0,No,No,8,Yes,Yes,No,No internet service,No internet service,No internet service,No internet service,No internet service,No internet service,Month-to-month,Yes,Mailed check,41.26,367.88,No,45.985,-4.725000000000001,2,New,Medium,2,0,0,0
Male,0,Yes,Yes,49,Yes,No,DSL,Yes,No,No,Yes,Yes,Yes,Month-to-month,No,Credit card,67.3,3156.37,No,64.41571428571429,2.88428571428571,5,Loyal,Medium,2,0,1,1
Female,0,No,No,31,Yes,No,DSL,No,No,Yes,No,No,No,Two year,Yes,Electronic check,48.76,1627.58,No,52.50258064516129,-3.74258064516129,2,Established,Medium,0,1,0,0
Male,0,No,No,9,Yes,Yes,No,No internet service,No internet service,No internet service,No internet service,No internet service,No internet service,One year,Yes,Bank transfer,32.41,227.86,No,25.317777777777778,7.092222222222219,2,New,Low,1,0,0,0
Male,1,Yes,No,40,Yes,Yes,Fiber optic,No,Yes,No,No,No,Yes,Two year,No,Bank transfer,83.71,3325.12,No,83.128,0.5819999999999936,4,Established,High,0,0,0,0
Female,0,Yes,Yes,52,No,No phone service,No,No internet service,No internet service,No internet service,No internet service,No internet service,No internet service,Month-to-month,Yes,Credit card,19.94,1108.65,No,21.32019230769231,-1.3801923076923082,0,Loyal,Low,2,0,0,0
Female,0,Yes,Yes,17,Yes,No,No,No internet service,No internet service,No internet service,No internet service,No internet service,No internet service,One year,Yes,Mailed check,22.61,266.2,No,15.658823529411764,6.951176470588235,1,Developing,Low,1,0,0,0
Male,0,No,No,30,Yes,No,Fiber optic,No,No,Yes,Yes,No,No,Two year,Yes,Electronic check,79.6,2347.42,Yes,78.24733333333333,1.3526666666666642,3,Established,High,0,1,1,0
Female,0,Yes,Yes,65,Yes,No,Fiber optic,No,No,No,No,No,No,Month-to-month,No,Bank transfer,71.28,4573.01,No,70.354,0.9260000000000019,1,Loyal,High,2,0,0,0
Female,1,Yes,No,52,Yes,No,DSL,No,Yes,Yes,No,No,Yes,Month-to-month,Yes,Credit card,64.13,3376.19,No,64.92673076923077,-0.796730769230777,4,Loyal,Medium,2,0,0,0
Female,0,No,No,58,Yes,Yes,DSL,No,No,No,No,Yes,No,Month-to-month,No,Credit card,58.02,3287.61,No,56.68293103448276,1.3370689655172399,3,Loyal,Medium,2,0,0,0
Female,0,Yes,No,33,Yes,No,DSL,No,Yes,Yes,No,No,No,One year,Yes,Electronic check,49.8,1701.93,No,51.57363636363637,-1.7736363636363706,3,Established,Medium,1,1,0,0
Male,0,No,No,36,Yes,No,Fiber optic,No,Yes,No,No,No,Yes,Month-to-month,Yes,Mailed check,86.87,3145.66,No,87.37944444444445,-0.5094444444444406,3,Established,High,2,0,0,0
Female,0,No,No,36,Yes,Yes,Fiber optic,No,Yes,Yes,No,Yes,Yes,Month-to-month,No,Bank transfer,93.93,3254.67,Yes,90.4075,3.522500000000008,6,Established,High,2,0,0,0
Male,1,Yes,Yes,33,No,No phone service,No,No internet service,No internet service,No internet service,No internet service,No internet service,No internet service,Month-to-month,No,Bank transfer,20.47,740.91,Yes,22.45181818181818,-1.9818181818181806,0,Established,Low,2,0,0,0
Female,0,Yes,Yes,11,Yes,No,DSL,No,No,Yes,Yes,No,Yes,One year,Yes,Electronic check,68.94,905.73,No,82.33909090909091,-13.399090909090916,4,New,Medium,1,1,1,0
Male,0,No,No,3,Yes,Yes,Fiber optic,No,Yes,No,No,Yes,No,Two year,No,Electronic check,89.37,193.54,No,64.51333333333334,24.85666666666667,4,New,High,0,1,0,0
Female,0,No,No,60,Yes,Yes,DSL,No,No,No,No,No,No,One year,No,Electronic check,58.11,3443.65,No,57.39416666666667,0.7158333333333289,2,Loyal,Medium,1,1,0,0
Female,0,Yes,No,39,No,No phone service,DSL,Yes,No,No,No,No,Yes,Two year,Yes,Electronic check,52.04,1923.92,No,49.33128205128205,2.708717948717947,2,Established,Medium,0,1,0,1
Male,0,No,No,39,Yes,Yes,Fiber optic,Yes,Yes,No,No,Yes,Yes,One year,Yes,Electronic check,95.43,3715.35,No,95.26538461538462,0.16461538461538794,6,Established,High,1,1,0,1
Female,0,Yes,No,43,Yes,No,Fiber optic,No,No,No,Yes,No,No,Two year,Yes,Credit card,80.25,3536.28,No,82.23906976744186,-1.9890697674418618,2,Established,High,0,0,1,0
Female,0,Yes,Yes,30,No,No phone service,Fiber optic,No,No,No,No,No,No,Month-to-month,Yes,Bank transfer,59.64,1733.08,No,57.76933333333333,1.870666666666672,0,Established,Medium,2,0,0,0
Male,0,No,Yes,65,Yes,No,Fiber optic,Yes,No,No,Yes,No,No,Two year,Yes,Electronic check,78.29,5013.3,No,77.12769230769231,1.1623076923076923,3,Loyal,High,0,1,1,1
Female,0,Yes,No,34,Yes,No,Fiber optic,Yes,No,No,Yes,Yes,Yes,Two year,No,Bank transfer,96.74,3389.22,No,99.68294117647058,-2.9429411764705833,5,Established,High,0,0,1,1
Female,0,Yes,Yes,37,Yes,No,No,No internet service,No internet service,No internet service,No internet service,No internet service,No internet service,One year,Yes,Mailed check,24.21,833.02,No,22.514054054054053,1.6959459459459474,1,Established,Low,1,0,0,0
Female,0,No,No,39,Yes,No,Fiber optic,No,No,No,No,Yes,No,Month-to-month,No,Bank transfer,80.76,3090.96,No,79.25538461538461,1.5046153846153913,2,Established,High,2,0,0,0
Male,0,Yes,Yes,12,Yes,Yes,Fiber optic,No,Yes,Yes,No,No,Yes,Month-to-month,No,Credit card,95.69,1127.65,Yes,93.97083333333335,1.719166666666652,5,New,High,2,0,0,0
Male,0,Yes,No,13,Yes,No,DSL,Yes,No,Yes,Yes,No,Yes,Month-to-month,Yes,Electronic check,74.62,829.31,No,63.79307692307692,10.826923076923087,5,Developing,High,2,1,1,1
Male,0,Yes,Yes,13,Yes,No,Fiber optic,Yes,No,No,No,No,Yes,Month-to-month,No,Credit card,86.59,1056.58,No,81.27538461538461,5.314615384615394,3,Developing,High,2,0,0,1
Male,0,No,No,19,Yes,No,Fiber optic,Yes,Yes,No,No,No,Yes,Month-to-month,Yes,Electronic check,86.18,1784.97,Yes,93.94578947368421,-7.765789473684208,4,Developing,High,2,1,0,1
Female,0,No,Yes,12,Yes,No,DSL,Yes,No,Yes,No,Yes,No,Month-to-month,Yes,Bank transfer,61.33,791.79,Yes,65.9825,-4.652500000000003,4,New,Medium,2,0,0,1
Female,1,No,No,17,Yes,No,Fiber optic,No,Yes,Yes,Yes,Yes,Yes,Month-to-month,Yes,Credit card,96.07,1680.77,Yes,98.86882352941177,-2.798823529411777,6,Developing,High,2,0,1,0
Female,0,Yes,No,68,Yes,Yes,Fiber optic,Yes,Yes,Yes,No,Yes,No,Two year,Yes,Bank transfer,98.0,6712.72,No,98.7164705882353,-0.7164705882352962,6,Loyal,High,0,0,0,1
Female,0,No,No,26,Yes,No,DSL,No,No,Yes,No,No,No,One year,No,Electronic check,47.39,1281.08,No,49.27230769230769,-1.8823076923076911,2,Established,Medium,1,1,0,0
Female,1,No,Yes,58,Yes,No,No,No internet service,No internet service,No internet service,No internet service,No internet service,No internet service,Two year,Yes,Electronic check,26.76,1518.2,No,26.175862068965518,0.5841379310344834,1,Loyal,Low,0,1,0,0
Male,0,Yes,No,29,Yes,No,DSL,No,No,Yes,No,No,No,Month-to-month,Yes,Electronic check,45.94,1325.59,Yes,45.709999999999994,0.23000000000000398,2,Established,Medium,2,1,0,0
Male,0,Yes,No,60,Yes,No,No,No internet service,No internet service,No internet service,No internet service,No internet service,No internet service,Month-to-month,Yes,Electronic check,24.1,1474.29,No,24.5715,-0.4714999999999989,1,Loyal,Low,2,1,0,0
Male,0,No,Yes,55,Yes,Yes,Fiber optic,Yes,No,Yes,Yes,Yes,No,Month-to-month,Yes,Electronic check,104.47,5707.04,No,103.76436363636364,0.7056363636363585,6,Loyal,Very High,2,1,1,1
Male,0,Yes,No,61,Yes,No,DSL,No,No,No,Yes,No,No,Two year,Yes,Electronic check,45.64,2888.82,No,47.35770491803279,-1.717704918032787,2,Loyal,Medium,0,1,1,0
Male,0,No,No,21,No,No phone service,DSL,No,No,Yes,No,No,Yes,Month-to-month,No,Mailed check,44.29,794.24,No,37.820952380952384,6.469047619047615,2,Developing,Medium,2,0,0,0
Female,0,No,No,7,Yes,Yes,Fiber optic,No,No,No,No,No,Yes,One year,No,Electronic check,81.1,542.08,No,77.44000000000001,3.6599999999999824,3,New,High,1,1,0,0
Male,0,Yes,No,23,Yes,No,Fiber optic,No,No,No,No,No,No,Month-to-month,Yes,Mailed check,75.46,1824.05,Yes,79.30652173913043,-3.846521739130438,1,Developing,High,2,0,0,0
Male,0,No,No,51,Yes,Yes,Fiber optic,No,Yes,Yes,No,No,Yes,Month-to-month,No,Bank transfer,90.24,4681.78,No,91.79960784313725,-1.5596078431372575,5,Loyal,High,2,0,0,0
Female,0,No,No,48,Yes,Yes,Fiber optic,No,No,No,No,No,Yes,Month-to-month,Yes,Electronic check,82.77,3932.78,No,81.93291666666667,0.8370833333333252,3,Established,High,2,1,0,0
Female,1,Yes,No,51,Yes,Yes,DSL,No,No,No,No,No,No,Month-to-month,No,Bank transfer,54.12,2785.05,No,54.608823529411765,-0.48882352941176777,2,Loyal,Medium,2,0,0,0
Male,0,No,No,72,Yes,Yes,Fiber optic,No,No,Yes,No,No,No,Month-to-month,Yes,Bank transfer,84.1,6079.4,No,84.4361111111111,-0.3361111111111086,3,Loyal,High,2,0,0,0
Female,0,Yes,No,17,Yes,Yes,No,No internet service,No internet service,No internet service,No internet service,No internet service,No internet service,Two year,Yes,Mailed check,34.56,761.44,No,44.79058823529412,-10.230588235294121,2,Developing,Low,0,0,0,0
Male,1,No,Yes,32,Yes,No,Fiber optic,Yes,No,No,No,No,Yes,Month-to-month,No,Mailed check,83.55,2609.63,No,81.5509375,1.9990624999999937,3,Established,High,2,0,0,1
Male,0,Yes,No,36,Yes,Yes,No,No internet service,No internet service,No internet service,No internet service,No internet service,No internet service,Month-to-month,No,Bank transfer,38.85,1415.26,No,39.312777777777775,-0.46277777777777374,2,Established,Low,2,0,0,0
Female,0,Yes,No,11,Yes,No,Fiber optic,Yes,No,Yes,No,Yes,No,Month-to-month,Yes,Mailed check,81.84,866.97,No,78.81545454545454,3.0245454545454606,4,New,High,2,0,0,1
Female,0,Yes,Yes,48,Yes,No,Fiber optic,No,No,No,No,Yes,No,Two year,Yes,Mailed check,74.27,3686.9,No,76.81041666666667,-2.5404166666666725,2,Established,High,0,0,0,0
Female,0,Yes,Yes,4,Yes,Yes,Fiber optic,No,Yes,No,Yes,No,No,One year,Yes,Credit card,83.63,323.41,No,80.8525,2.777499999999989,4,New,High,1,0,1,0
Female,0,Yes,Yes,65,Yes,No,DSL,Yes,No,No,No,No,No,One year,No,Credit card,49.52,3169.1,No,48.755384615384614,0.7646153846153894,2,Loyal,Medium,1,0,0,1
Female,0,Yes,Yes,7,Yes,Yes,DSL,Yes,No,Yes,No,No,No,Month-to-month,Yes,Mailed check,67.96,534.75,No,76.39285714285714,-8.432857142857145,4,New,Medium,2,0,0,1
Male,0,No,No,8,Yes,No,Fiber optic,No,No,Yes,No,No,No,Two year,Yes,Mailed check,78.89,567.29,No,70.91125,7.978750000000005,2,New,High,0,0,0,0
Female,0,Yes,No,13,Yes,No,No,No internet service,No internet service,No internet service,No internet service,No internet service,No internet service,Month-to-month,Yes,Credit card,27.65,374.42,No,28.801538461538463,-1.1515384615384647,1,Developing,Low,2,0,0,0
Female,0,Yes,No,65,Yes,No,Fiber optic,No,No,No,No,No,Yes,One year,No,Mailed check,80.22,5267.94,No,81.04523076923077,-0.825230769230771,2,Loyal,High,1,0,0,0
Female,0,Yes,No,63,Yes,No,DSL,No,No,Yes,No,Yes,Yes,One year,Yes,Bank transfer,73.46,4489.37,No,71.25984126984127,2.2001587301587193,4,Loyal,High,1,0,0,0
Male,0,No,No,67,Yes,No,DSL,No,Yes,No,Yes,Yes,No,Month-to-month,Yes,Electronic check,58.01,3821.54,No,57.03791044776119,0.9720895522388062,4,Loyal,Medium,2,1,1,0
Female,0,Yes,No,60,Yes,Yes,Fiber optic,Yes,Yes,No,No,Yes,No,Month-to-month,Yes,Electronic check,91.34,5633.34,No,93.889,-2.5489999999999924,5,Loyal,High,2,1,0,1
Female,0,No,No,67,Yes,No,Fiber optic,No,No,No,No,No,Yes,Month-to-month,No,Mailed check,75.91,5103.61,No,76.17328358208955,-0.2632835820895565,2,Loyal,High,2,0,0,0
Male,0,No,No,34,Yes,Yes,DSL,No,No,Yes,Yes,Yes,No,Month-to-month,Yes,Credit card,71.5,2339.91,Yes,68.82088235294117,2.679117647058831,5,Established,High,2,0,1,0
Female,0,Yes,No,1,Yes,No,DSL,No,No,No,No,No,No,Month-to-month,Yes,Electronic check,48.06,59.54,No,59.54,-11.479999999999997,1,New,Medium,2,1,0,0
Female,0,No,No,32,Yes,No,Fiber optic,No,No,No,No,Yes,No,Month-to-month,No,Credit card,72.75,2178.15,No,68.0671875,4.682812499999997,2,Established,High,2,0,0,0
Female,1,Yes,No,16,Yes,No,DSL,No,Yes,Yes,No,No,No,Month-to-month,Yes,Bank transfer,56.72,920.77,No,57.548125,-0.828125,3,Developing,Medium,2,0,0,0
Female,0,No,Yes,18,Yes,No,Fiber optic,Yes,No,Yes,No,Yes,Yes,One year,No,Bank transfer,97.38,1784.36,No,99.13111111111111,-1.7511111111111148,5,Developing,High,1,0,0,1
Female,0,Yes,No,50,Yes,Yes,Fiber optic,No,Yes,No,Yes,Yes,Yes,Month-to-month,No,Credit card,96.12,4798.96,No,95.9792,0.1407999999999987,6,Loyal,High,2,0,1,0
Male,0,No,No,13,No,No phone service,DSL,Yes,No,No,Yes,Yes,Yes,One year,No,Electronic check,62.6,754.14,No,58.01076923076923,4.589230769230774,4,Developing,Medium,1,1,1,1
Female,0,No,No,24,Yes,No,Fiber optic,Yes,No,No,No,No,No,Month-to-month,Yes,Electronic check,72.54,1883.94,Yes,78.4975,-5.957499999999996,2,Developing,High,2,1,0,1
Female,0,Yes,No,29,Yes,No,DSL,No,No,No,Yes,Yes,No,Month-to-month,Yes,Electronic check,52.23,1488.13,No,51.3148275862069,0.9151724137930941,3,Established,Medium,2,1,1,0
Female,1,Yes,No,5,Yes,Yes,Fiber optic,Yes,No,No,No,Yes,No,Month-to-month,Yes,Mailed check,92.93,313.23,No,62.646,30.284000000000006,4,New,High,2,0,0,1
Male,1,Yes,Yes,51,Yes,No,No,No internet service,No internet service,No internet service,No internet service,No internet service,No internet service,Two year,Yes,Electronic check,29.86,1509.74,No,29.602745098039215,0.2572549019607848,1,Loyal,Low,0,1,0,0
Male,0,Yes,No,55,Yes,No,Fiber optic,No,No,No,No,No,No,Month-to-month,Yes,Bank transfer,66.41,3746.19,No,68.11254545454545,-1.702545454545458,1,Loyal,Medium,2,0,0,0
Female,0,No,No,41,Yes,Yes,DSL,No,Yes,Yes,No,No,Yes,One year,No,Credit card,73.67,3149.96,No,76.82829268292683,-3.1582926829268274,5,Established,High,1,0,0,0
Female,0,No,No,3,Yes,Yes,DSL,Yes,Yes,Yes,No,No,No,Two year,No,Electronic check,76.48,18.0,No,6.0,70.48,5,New,High,0,1,0,1
Female,0,No,No,57,Yes,No,DSL,No,Yes,No,No,Yes,No,One year,No,Mailed check,58.42,3263.11,No,57.24754385964913,1.1724561403508744,3,Loyal,Medium,1,0,0,0
Female,0,No,No,33,Yes,Yes,No,No internet service,No internet service,No internet service,No internet service,No internet service,No internet service,Month-to-month,Yes,Bank transfer,29.47,942.54,No,28.561818181818182,0.9081818181818164,2,Established,Low,2,0,0,0
Female,0,No,No,20,Yes,No,Fiber optic,No,Yes,No,No,No,Yes,Month-to-month,Yes,Bank transfer,80.8,1629.26,No,81.463,-0.6629999999999967,3,Developing,High,2,0,0,0
Female,0,No,No,69,Yes,Yes,Fiber optic,Yes,No,No,No,No,Yes,One year,No,Credit card,81.24,5496.55,No,79.66014492753624,1.579855072463758,4,Loyal,High,1,0,0,1
Male,1,Yes,No,62,Yes,No,DSL,No,Yes,No,No,Yes,Yes,One year,Yes,Electronic check,64.52,4044.65,No,65.23629032258064,-0.7162903225806474,4,Loyal,Medium,1,1,0,0
Female,0,Yes,No,32,Yes,Yes,No,No internet service,No internet service,No internet service,No internet service,No internet service,No internet service,One year,No,Electronic check,33.46,1144.96,No,35.78,-2.3200000000000003,2,Established,Low,1,1,0,0
Female,0,Yes,No,32,Yes,No,No,No internet service,No internet service,No internet service,No internet service,No internet service,No internet service,One year,Yes,Credit card,31.13,925.43,No,28.9196875,2.2103125000000006,1,Established,Low,1,0,0,0
Female,1,Yes,Yes,66,Yes,Yes,DSL,No,No,Yes,No,No,No,Month-to-month,Yes,Electronic check,55.61,3666.47,No,55.55257575757575,0.05742424242424704,3,Loyal,Medium,2,1,0,0
Male,0,Yes,Yes,14,Yes,Yes,Fiber optic,No,Yes,Yes,No,No,Yes,One year,Yes,Bank transfer,97.58,1431.28,No,102.23428571428572,-4.65428571428572,5,Developing,High,1,0,0,0
Male,0,Yes,No,30,Yes,No,Fiber optic,No,Yes,No,Yes,No,Yes,One year,No,Electronic check,83.8,2655.49,No,88.51633333333332,-4.716333333333324,4,Established,High,1,1,1,0
Female,0,Yes,No,42,Yes,No,Fiber optic,No,Yes,Yes,No,Yes,No,Two year,Yes,Mailed check,86.52,3718.27,No,88.53023809523809,-2.010238095238094,4,Established,High,0,0,0,0
Female,0,Yes,No,25,Yes,No,Fiber optic,Yes,No,No,No,No,No,One year,Yes,Bank transfer,69.37,1692.54,No,67.7016,1.6684000000000054,2,Established,Medium,1,0,0,1
Male,0,Yes,No,23,Yes,Yes,DSL,No,No,Yes,No,No,Yes,Month-to-month,No,Bank transfer,60.73,1433.06,No,62.30695652173913,-1.5769565217391346,4,Developing,Medium,2,0,0,0
Male,0,Yes,Yes,8,Yes,Yes,Fiber optic,No,No,No,No,No,No,One year,Yes,Electronic check,80.13,622.25,No,77.78125,2.3487499999999955,2,New,High,1,1,0,0
Female,0,Yes,No,20,Yes,Yes,Fiber optic,Yes,Yes,No,No,Yes,Yes,One year,Yes,Credit card,105.28,2045.64,No,102.28200000000001,2.9979999999999905,6,Developing,Very High,1,0,0,1
Male,0,Yes,No,26,Yes,Yes,Fiber optic,No,Yes,No,No,Yes,No,Month-to-month,No,Credit card,86.38,2285.54,Yes,87.90538461538462,-1.525384615384624,4,Established,High,2,0,0,0
Male,0,No,No,61,Yes,Yes,Fiber optic,Yes,No,No,No,Yes,No,Month-to-month,Yes,Credit card,91.08,5594.72,No,91.71672131147541,-0.6367213114754122,4,Loyal,High,2,0,0,1
Female,0,No,Yes,25,Yes,Yes,DSL,No,No,No,No,No,No,Month-to-month,Yes,Credit card,56.12,1402.39,No,56.095600000000005,0.024399999999992872,2,Established,Medium,2,0,0,0
Male,0,Yes,No,12,Yes,No,Fiber optic,Yes,No,Yes,Yes,No,No,Month-to-month,Yes,Credit card,80.73,1048.94,No,87.41166666666668,-6.681666666666672,4,New,High,2,0,1,1
Female,0,Yes,No,61,Yes,Yes,No,No internet service,No internet service,No internet service,No internet service,No internet service,No internet service,One year,No,Bank transfer,36.81,2222.74,No,36.438360655737704,0.3716393442622987,2,Loyal,Low,1,0,0,0
Female,0,Yes,No,26,Yes,Yes,Fiber optic,No,No,Yes,No,No,No,Month-to-month,No,Bank transfer,82.05,2125.96,Yes,81.76769230769231,0.2823076923076826,3,Established,High,2,0,0,0
Female,0,Yes,Yes,67,No,No phone service,No,No internet service,No internet service,No internet service,No internet service,No internet service,No internet service,One year,No,Credit card,21.4,1449.58,No,21.6355223880597,-0.23552238805970305,0,Loyal,Low,1,0,0,0
Female,0,Yes,No,8,Yes,No,Fiber optic,Yes,No,No,No,Yes,Yes,Month-to-month,No,Credit card,88.52,733.9,No,91.7375,-3.217500000000001,4,New,High,2,0,0,1
Male,0,No,No,2,Yes,No,Fiber optic,No,No,No,No,No,Yes,One year,No,Bank transfer,68.48,63.04,No,31.52,36.96000000000001,2,New,Medium,1,0,0,0
Female,0,Yes,No,67,Yes,Yes,Fiber optic,Yes,No,Yes,Yes,Yes,No,One year,Yes,Electronic check,99.67,6828.87,No,101.92343283582089,-2.253432835820888,6,Loyal,High,1,1,1,1
Female,0,Yes,No,8,Yes,No,DSL,Yes,No,Yes,Yes,No,Yes,One year,Yes,Electronic check,67.34,592.51,No,74.06375,-6.7237499999999955,5,New,Medium,1,1,1,1
Female,0,No,Yes,1,Yes,Yes,No,No internet service,No internet service,No internet service,No internet service,No internet service,No internet service,Month-to-month,Yes,Credit card,33.67,33.81,No,33.81,-0.14000000000000057,2,New,Low,2,0,0,0
Male,0,Yes,No,47,Yes,No,Fiber optic,No,Yes,No,Yes,Yes,Yes,Two year,Yes,Credit card,87.43,4111.06,No,87.46936170212767,-0.03936170212766399,5,Established,High,0,0,1,0
Male,0,Yes,No,23,No,No phone service,No,No internet service,No internet service,No internet service,No internet service,No internet service,No internet service,Month-to-month,No,Electronic check,24.0,545.93,Yes,23.73608695652174,0.2639130434782615,0,Developing,Low,2,1,0,0
Male,0,Yes,No,35,Yes,No,Fiber optic,No,No,Yes,Yes,No,No,One year,Yes,Credit card,80.16,2922.55,No,83.50142857142858,-3.3414285714285796,3,Established,High,1,0,1,0
Female,0,No,No,30,Yes,No,Fiber optic,Yes,No,No,Yes,No,No,Month-to-month,Yes,Electronic check,71.91,2233.96,Yes,74.46533333333333,-2.555333333333337,3,Established,High,2,1,1,1
Male,0,Yes,No,22,Yes,Yes,DSL,No,No,No,Yes,No,Yes,Month-to-month,Yes,Mailed check,70.44,1600.47,No,72.74863636363636,-2.308636363636367,4,Developing,High,2,0,1,0
Male,0,No,No,35,No,No phone service,Fiber optic,No,No,No,Yes,Yes,Yes,One year,Yes,Credit card,82.71,3093.1,No,88.3742857142857,-5.664285714285711,3,Established,High,1,0,1,0
Male,0,No,No,19,Yes,Yes,Fiber optic,Yes,No,No,Yes,No,No,Month-to-month,No,Credit card,90.69,1770.47,No,93.18263157894737,-2.4926315789473676,4,Developing,High,2,0,1,1
Female,0,Yes,Yes,17,Yes,Yes,No,No internet service,No internet service,No internet service,No internet service,No internet service,No internet service,Month-to-month,Yes,Mailed check,33.81,502.78,No,29.575294117647058,4.234705882352944,2,Developing,Low,2,0,0,0
Male,0,No,No,17,Yes,Yes,No,No internet service,No internet service,No internet service,No internet service,No internet service,No internet service,Month-to-month,No,Credit card,34.95,653.37,No,38.43352941176471,-3.4835294117647067,2,Developing,Low,2,0,0,0
Female,1,Yes,No,9,Yes,No,Fiber optic,Yes,No,No,Yes,No,Yes,Month-to-month,Yes,Credit card,91.26,863.99,Yes,95.99888888888889,-4.73888888888888,4,New,High,2,0,1,1
Female,0,Yes,No,38,Yes,No,Fiber optic,No,No,Yes,No,No,No,Two year,Yes,Credit card,76.74,3027.11,No,79.66078947368422,-2.9207894736842235,2,Established,High,0,0,0,0
Female,1,Yes,No,40,Yes,No,DSL,No,No,Yes,No,No,Yes,One year,Yes,Credit card,57.45,2357.64,No,58.940999999999995,-1.4909999999999926,3,Established,Medium,1,0,0,0
Female,0,No,No,2,Yes,No,Fiber optic,No,Yes,No,Yes,No,Yes,Month-to-month,Yes,Mailed check,84.45,179.94,Yes,89.97,-5.519999999999996,4,New,High,2,0,1,0
Female,0,Yes,No,34,Yes,No,No,No internet service,No internet service,No internet service,No internet service,No internet service,No internet service,One year,No,Electronic check,18.0,689.11,No,20.26794117647059,-2.2679411764705897,1,Established,Low,1,1,0,0
Female,0,Yes,No,54,Yes,No,Fiber optic,No,No,Yes,No,No,Yes,One year,No,Electronic check,85.66,4491.22,No,83.17074074074074,2.4892592592592564,3,Loyal,High,1,1,0,0
Female,0,No,Yes,1,Yes,Yes,Fiber optic,No,No,No,Yes,No,No,One year,Yes,Electronic check,85.78,124.1,Yes,124.1,-38.31999999999999,3,New,High,1,1,1,0
Male,0,Yes,No,22,Yes,No,No,No internet service,No internet service,No internet service,No internet service,No internet service,No internet service,One year,Yes,Electronic check,30.99,727.45,No,33.065909090909095,-2.0759090909090965,1,Developing,Low,1,1,0,0
Female,0,No,No,70,Yes,No,DSL,No,Yes,No,No,No,Yes,Month-to-month,No,Electronic check,62.57,4273.22,No,61.04600000000001,1.5239999999999938,3,Loyal,Medium,2,1,0,0
Male,0,No,No,31,No,No phone service,No,No internet service,No internet service,No internet service,No internet service,No internet service,No internet service,Month-to-month,No,Electronic check,18.0,567.91,No,18.31967741935484,-0.3196774193548393,0,Established,Low,2,1,0,0
Male,0,No,No,2,Yes,No,Fiber optic,No,Yes,Yes,No,Yes,No,One year,Yes,Bank transfer,85.62,118.22,No,59.11,26.510000000000005,4,New,High,1,0,0,0
Male,1,No,No,38,Yes,No,DSL,Yes,Yes,Yes,No,No,No,One year,Yes,Electronic check,59.1,2210.81,No,58.179210526315785,0.9207894736842164,4,Established,Medium,1,1,0,1
Male,0,No,Yes,30,Yes,No,Fiber optic,Yes,No,Yes,No,Yes,Yes,One year,Yes,Electronic check,86.17,2659.02,No,88.634,-2.4639999999999986,5,Established,High,1,1,0,1
Female,0,Yes,Yes,16,Yes,Yes,DSL,No,Yes,Yes,Yes,No,No,Month-to-month,Yes,Electronic check,65.61,967.14,No,60.44625,5.16375,5,Developing,Medium,2,1,1,0
Male,0,No,No,6,Yes,Yes,Fiber optic,No,No,Yes,No,Yes,Yes,One year,Yes,Electronic check,96.68,561.93,No,93.65499999999999,3.02500000000002,5,New,High,1,1,0,0
Male,0,No,Yes,64,No,No phone service,DSL,No,No,No,No,No,No,Month-to-month,No,Bank transfer,42.19,2626.04,No,41.031875,1.1581249999999983,0,Loyal,Medium,2,0,0,0
Female,1,No,No,59,Yes,No,DSL,No,No,No,No,No,No,One year,No,Credit card,48.08,2854.76,No,48.38576271186441,-0.3057627118644106,1,Loyal,Medium,1,0,0,0
Female,0,No,Yes,50,Yes,Yes,Fiber optic,No,No,Yes,No,No,No,Month-to-month,No,Bank transfer,79.48,4000.75,No,80.015,-0.5349999999999966,3,Loyal,High,2,0,0,0
Male,1,No,No,2,Yes,No,Fiber optic,No,No,No,Yes,Yes,Yes,One year,No,Bank transfer,92.83,82.59,No,41.295,51.535,4,New,High,1,0,1,0
Female,0,No,No,63,Yes,Yes,DSL,Yes,No,No,No,No,No,Two year,Yes,Credit card,59.23,3704.19,No,58.79666666666667,0.43333333333333,3,Loyal,Medium,0,0,0,1
Female,0,Yes,No,35,Yes,No,No,No internet service,No internet service,No internet service,No internet service,No internet service,No internet service,Month-to-month,No,Bank transfer,21.47,736.38,No,21.039428571428573,0.43057142857142594,1,Established,Low,2,0,0,0
Male,0,Yes,No,35,No,No phone service,DSL,No,No,No,No,Yes,Yes,One year,No,Electronic check,52.84,1858.73,No,53.10657142857143,-0.26657142857142446,2,Established,Medium,1,1,0,0
Male,0,No,Yes,64,Yes,No,Fiber optic,No,Yes,Yes,No,Yes,No,One year,No,Electronic check,90.26,5852.49,No,91.44515625,-1.1851562499999915,4,Loyal,High,1,1,0,0
Female,0,No,No,32,Yes,Yes,Fiber optic,No,No,No,No,Yes,No,Month-to-month,Yes,Bank transfer,86.26,2683.74,No,83.866875,2.393125000000012,3,Established,High,2,0,0,0
Male,0,Yes,No,18,Yes,No,DSL,Yes,Yes,Yes,Yes,Yes,No,Month-to-month,No,Bank transfer,68.43,1199.11,No,66.61722222222221,1.8127777777777965,6,Developing,Medium,2,0,1,1
Female,1,Yes,No,18,Yes,Yes,No,No internet service,No internet service,No internet service,No internet service,No internet service,No internet service,One year,Yes,Credit card,31.36,669.32,No,37.184444444444445,-5.824444444444445,2,Developing,Low,1,0,0,0
Male,0,No,Yes,67,Yes,No,Fiber optic,Yes,Yes,No,No,No,No,Month-to-month,Yes,Electronic check,88.41,5986.06,No,89.34417910447762,-0.9341791044776215,3,Loyal,High,2,1,0,1
Male,0,Yes,No,40,Yes,No,DSL,No,Yes,No,No,Yes,No,Month-to-month,Yes,Credit card,54.52,2103.83,No,52.595749999999995,1.9242500000000078,3,Established,Medium,2,0,0,0
Female,0,No,No,42,Yes,No,Fiber optic,Yes,No,No,Yes,No,No,Two year,Yes,Mailed check,80.37,3366.4,No,80.15238095238095,0.2176190476190527,3,Established,High,0,0,1,1
Female,1,No,No,43,Yes,No,Fiber optic,Yes,Yes,Yes,No,No,No,One year,Yes,Credit card,75.05,3260.39,No,75.82302325581395,-0.7730232558139534,4,Established,High,1,0,0,1
Male,0,Yes,No,16,Yes,No,DSL,No,Yes,No,Yes,No,Yes,One year,No,Mailed check,68.39,1165.21,No,72.825625,-4.435625000000002,4,Developing,Medium,1,0,1,0
Female,0,Yes,No,31,Yes,No,DSL,Yes,No,Yes,No,No,Yes,One year,Yes,Electronic check,66.31,2081.16,No,67.13419354838709,-0.8241935483870861,4,Established,Medium,1,1,0,1
Female,0,No,No,69,Yes,No,Fiber optic,No,Yes,No,No,No,Yes,Month-to-month,Yes,Mailed check,89.06,6177.88,No,89.53449275362318,-0.47449275362318133,3,Loyal,High,2,0,0,0
Female,0,Yes,No,11,No,No phone service,Fiber optic,No,No,Yes,No,Yes,No,One year,No,Electronic check,69.94,803.99,No,73.09,-3.1500000000000057,2,New,Medium,1,1,0,0
Male,0,No,No,69,Yes,No,DSL,No,No,No,No,Yes,Yes,Month-to-month,No,Electronic check,65.03,4490.64,No,65.08173913043478,-0.05173913043478251,3,Loyal,Medium,2,1,0,0
Female,0,Yes,No,20,Yes,No,Fiber optic,Yes,Yes,No,Yes,No,Yes,Month-to-month,No,Credit card,87.99,1633.16,No,81.658,6.331999999999994,5,Developing,High,2,0,1,1
Male,0,Yes,No,22,Yes,Yes,DSL,No,Yes,Yes,Yes,No,Yes,One year,Yes,Mailed check,81.35,1749.45,No,79.52045454545454,1.8295454545454533,6,Developing,High,1,0,1,0
Male,0,Yes,No,2,Yes,Yes,DSL,Yes,No,No,Yes,No,No,Two year,Yes,Electronic check,53.51,205.98,No,102.99,-49.48,4,New,Medium,0,1,1,1
Female,0,No,No,48,Yes,No,Fiber optic,No,No,Yes,No,No,No,Month-to-month,Yes,Mailed check,79.32,3876.31,No,80.75645833333333,-1.4364583333333343,2,Established,High,2,0,0,0
Male,0,No,Yes,23,Yes,No,DSL,No,No,No,Yes,No,Yes,Two year,No,Bank transfer,58.3,1339.69,No,58.24739130434783,0.05260869565216808,3,Developing,Medium,0,0,1,0
Male,0,No,Yes,34,Yes,No,DSL,No,Yes,No,No,No,No,One year,Yes,Electronic check,53.88,1812.45,No,53.307352941176475,0.5726470588235273,2,Established,Medium,1,1,0,0
Female,0,Yes,No,42,Yes,Yes,DSL,No,Yes,No,No,Yes,No,Month-to-month,Yes,Electronic check,67.41,2771.88,No,65.99714285714286,1.4128571428571348,4,Established,Medium,2,1,0,0
Male,0,No,No,46,Yes,No,Fiber optic,No,No,No,No,No,Yes,Month-to-month,Yes,Credit card,78.98,3563.93,Yes,77.47673913043478,1.5032608695652243,2,Established,High,2,0,0,0
Female,0,Yes,Yes,69,No,No phone service,Fiber optic,No,No,No,Yes,No,Yes,Month-to-month,Yes,Electronic check,83.88,5863.53,No,84.97869565217391,-1.098695652173916,2,Loyal,High,2,1,1,0
Female,1,No,No,41,Yes,No,Fiber optic,No,Yes,No,No,Yes,Yes,One year,Yes,Credit card,96.52,3932.0,No,95.90243902439025,0.6175609756097487,4,Established,High,1,0,0,0
Female,0,No,No,13,Yes,No,Fiber optic,No,No,No,No,No,Yes,Month-to-month,Yes,Electronic check,79.49,1057.0,Yes,81.3076923076923,-1.8176923076923117,2,Developing,High,2,1,0,0
Male,0,Yes,No,51,Yes,No,Fiber optic,No,No,Yes,No,Yes,Yes,Month-to-month,Yes,Bank transfer,90.03,4784.04,No,93.80470588235293,-3.774705882352933,4,Loyal,High,2,0,0,0
Male,0,No,No,4,Yes,No,DSL,No,No,Yes,No,Yes,Yes,Month-to-month,No,Bank transfer,71.13,292.64,No,73.16,-2.030000000000001,4,New,High,2,0,0,0
Female,0,Yes,Yes,61,Yes,Yes,DSL,No,No,No,Yes,Yes,No,Two year,Yes,Electronic check,71.42,4296.34,No,70.43180327868853,0.9881967213114677,4,Loyal,High,0,1,1,0
Male,0,Yes,No,22,Yes,No,DSL,Yes,No,No,Yes,Yes,No,Month-to-month,Yes,Bank transfer,63.67,1470.81,No,66.855,-3.1850000000000023,4,Developing,Medium,2,0,1,1
Male,0,No,Yes,53,Yes,Yes,No,No internet service,No internet service,No internet service,No internet service,No internet service,No internet service,Month-to-month,No,Mailed check,35.47,1966.02,No,37.09471698113207,-1.6247169811320745,2,Loyal,Low,2,0,0,0
Male,0,No,No,12,Yes,No,DSL,No,Yes,Yes,Yes,No,Yes,Month-to-month,No,Mailed check,64.39,617.25,No,51.4375,12.9525,5,New,Medium,2,0,1,0
Male,0,Yes,Yes,30,Yes,No,DSL,Yes,No,No,Yes,Yes,Yes,Month-to-month,Yes,Credit card,71.49,2244.5,No,74.81666666666666,-3.326666666666668,5,Established,High,2,0,1,1
Female,0,No,No,51,Yes,No,Fiber optic,No,No,No,No,No,Yes,Month-to-month,Yes,Credit card,78.12,3911.96,No,76.70509803921568,1.41490196078432,2,Loyal,High,2,0,0,0
Male,1,Yes,No,45,Yes,No,Fiber optic,No,No,No,No,No,Yes,One year,No,Electronic check,81.17,3781.72,No,84.03822222222222,-2.868222222222215,2,Established,High,1,1,0,0
Female,0,No,No,1,No,No phone service,No,No internet service,No internet service,No internet service,No internet service,No internet service,No internet service,One year,No,Bank transfer,27.48,129.51,Yes,129.51,-102.02999999999999,0,New,Low,1,0,0,0
Female,0,No,No,3,Yes,No,Fiber optic,No,No,No,Yes,No,No,Month-to-month,Yes,Electronic check,80.18,250.92,No,83.64,-3.4599999999999937,2,New,High,2,1,1,0
Female,0,Yes,No,71,Yes,No,DSL,No,No,No,No,Yes,No,Two year,Yes,Electronic check,57.46,4012.05,No,56.507746478873244,0.9522535211267567,2,Loyal,Medium,0,1,0,0
Male,0,No,No,39,Yes,No,Fiber optic,Yes,Yes,Yes,No,Yes,No,Month-to-month,Yes,Electronic check,91.33,3649.77,No,93.58384615384615,-2.2538461538461547,5,Established,High,2,1,0,1
Male,0,No,Yes,62,Yes,Yes,Fiber optic,Yes,No,No,No,No,Yes,Two year,No,Bank transfer,87.61,5465.37,No,88.15112903225807,-0.5411290322580697,4,Loyal,High,0,0,0,1
Female,0,Yes,No,6,Yes,Yes,No,No internet service,No internet service,No internet service,No internet service,No internet service,No internet service,Month-to-month,No,Bank transfer,38.23,167.47,No,27.911666666666665,10.318333333333332,2,New,Low,2,0,0,0
Female,0,Yes,No,36,Yes,No,Fiber optic,No,No,No,Yes,Yes,Yes,Two year,Yes,Mailed check,91.56,3338.08,No,92.72444444444444,-1.1644444444444417,4,Established,High,0,0,1,0
Female,0,Yes,No,42,No,No phone service,Fiber optic,No,Yes,No,No,No,Yes,Two year,No,Credit card,77.04,3145.37,No,74.8897619047619,2.150238095238109,2,Established,High,0,0,0,0
Male,0,No,No,67,Yes,Yes,DSL,No,No,No,Yes,Yes,Yes,Two year,Yes,Bank transfer,68.3,4597.56,No,68.62029850746269,-0.32029850746269517,5,Loyal,Medium,0,0,1,0
Female,1,No,No,52,Yes,No,No,No internet service,No internet service,No internet service,No internet service,No internet service,No internet service,Month-to-month,No,Electronic check,24.28,1285.56,No,24.72230769230769,-0.44230769230768985,1,Loyal,Low,2,1,0,0
Male,0,No,No,46,Yes,No,Fiber optic,No,No,No,No,Yes,No,Month-to-month,Yes,Electronic check,75.16,3495.59,No,75.99108695652174,-0.8310869565217445,2,Established,High,2,1,0,0
Female,0,No,Yes,22,Yes,Yes,DSL,Yes,Yes,Yes,No,Yes,No,Two year,Yes,Bank transfer,78.07,1814.39,No,82.47227272727274,-4.402272727272745,6,Developing,High,0,0,0,1
Female,0,No,No,72,No,No phone service,Fiber optic,Yes,No,No,No,No,No,Month-to-month,Yes,Electronic check,67.2,4798.8,No,66.65,0.5499999999999972,1,Loyal,Medium,2,1,0,1
Male,1,Yes,Yes,24,No,No phone service,Fiber optic,No,No,No,No,Yes,No,Month-to-month,No,Electronic check,75.32,1756.5,No,73.1875,2.132499999999993,1,Developing,High,2,1,0,0
Female,0,Yes,No,21,Yes,Yes,DSL,No,No,Yes,No,No,No,Month-to-month,Yes,Electronic check,54.11,1138.48,No,54.21333333333333,-0.10333333333333172,3,Developing,Medium,2,1,0,0
Female,0,No,No,53,Yes,Yes,Fiber optic,No,Yes,Yes,No,Yes,Yes,Month-to-month,Yes,Mailed check,97.17,5215.23,No,98.40056603773584,-1.2305660377358407,6,Loyal,High,2,0,0,0
Female,0,Yes,No,72,Yes,Yes,Fiber optic,No,No,Yes,No,No,Yes,Month-to-month,No,Mailed check,88.27,6338.67,No,88.03708333333333,0.232916666666668,4,Loyal,High,2,0,0,0
Male,0,Yes,Yes,62,Yes,Yes,DSL,No,Yes,No,No,No,No,Month-to-month,Yes,Bank transfer,55.93,3339.1,No,53.85645161290322,2.0735483870967784,3,Loyal,Medium,2,0,0,0
Female,0,No,No,13,Yes,Yes,No,No internet service,No internet service,No internet service,No internet service,No internet service,No internet service,One year,Yes,Bank transfer,31.85,392.97,No,30.22846153846154,1.62153846153846,2,Developing,Low,1,0,0,0
Female,1,No,No,59,Yes,No,No,No internet service,No internet service,No internet service,No internet service,No internet service,No internet service,Month-to-month,Yes,Credit card,28.4,1688.33,No,28.615762711864406,-0.2157627118644072,1,Loyal,Low,2,0,0,0
Female,0,No,No,26,No,No phone service,DSL,No,Yes,No,Yes,No,Yes,Month-to-month,Yes,Credit card,55.54,1381.82,No,53.14692307692307,2.3930769230769258,3,Established,Medium,2,0,1,0
Male,0,Yes,No,16,No,No phone service,Fiber optic,No,No,Yes,No,Yes,No,Month-to-month,Yes,Mailed check,69.02,916.25,Yes,57.265625,11.754374999999996,2,Developing,Medium,2,0,0,0
Male,0,No,No,68,Yes,Yes,No,No internet service,No internet service,No internet service,No internet service,No internet service,No internet service,Two year,No,Mailed check,32.68,2247.17,No,33.046617647058824,-0.36661764705882405,2,Loyal,Low,0,0,0,0
Male,0,Yes,No,69,Yes,No,Fiber optic,No,No,No,No,Yes,No,Month-to-month,Yes,Electronic check,79.92,5409.82,No,78.4031884057971,1.5168115942029061,2,Loyal,High,2,1,0,0
Female,1,Yes,Yes,27,Yes,Yes,No,No internet service,No internet service,No internet service,No internet service,No internet service,No internet service,One year,No,Credit card,33.96,994.35,No,36.827777777777776,-2.867777777777775,2,Established,Low,1,0,0,0
Male,0,No,No,2,Yes,No,DSL,No,No,Yes,No,Yes,No,One year,Yes,Mailed check,54.75,293.8,No,146.9,-92.15,3,New,Medium,1,0,0,0
Female,0,No,No,16,Yes,No,Fiber optic,No,Yes,No,No,Yes,No,One year,No,Electronic check,80.59,1217.92,Yes,76.12,4.469999999999999,3,Developing,High,1,1,0,0
Male,0,No,No,39,Yes,Yes,Fiber optic,No,No,No,No,No,No,Month-to-month,Yes,Bank transfer,72.13,2841.21,No,72.85153846153847,-0.7215384615384721,2,Established,High,2,0,0,0
Male,0,No,Yes,5,Yes,Yes,Fiber optic,No,No,No,Yes,No,No,One year,No,Mailed check,89.15,469.67,No,93.934,-4.783999999999992,3,New,High,1,0,1,0
Male,0,No,No,17,Yes,No,Fiber optic,No,No,Yes,Yes,Yes,No,Month-to-month,No,Credit card,90.56,1416.73,No,83.33705882352942,7.222941176470584,4,Developing,High,2,0,1,0
Male,0,Yes,No,11,Yes,No,DSL,No,Yes,No,No,Yes,Yes,One year,No,Electronic check,74.84,629.36,No,57.21454545454546,17.625454545454545,4,New,High,1,1,0,0
Male,0,Yes,No,69,Yes,No,DSL,No,Yes,Yes,Yes,Yes,Yes,Month-to-month,Yes,Electronic check,75.41,5094.83,No,73.83811594202898,1.571884057971019,6,Loyal,High,2,1,1,0
Female,0,No,Yes,26,Yes,Yes,DSL,Yes,Yes,Yes,No,No,No,Two year,Yes,Credit card,66.61,1707.58,No,65.67615384615384,0.9338461538461615,5,Established,Medium,0,0,0,1
Male,0,No,No,28,Yes,Yes,DSL,No,Yes,Yes,No,Yes,Yes,Month-to-month,Yes,Mailed check,73.56,2254.77,No,80.5275,-6.967500000000001,6,Established,High,2,0,0,0
Male,0,Yes,No,31,Yes,Yes,DSL,Yes,Yes,No,Yes,No,No,Month-to-month,Yes,Electronic check,69.83,2210.56,Yes,71.3083870967742,-1.478387096774199,5,Established,Medium,2,1,1,1
Male,0,Yes,Yes,1,Yes,Yes,Fiber optic,No,No,No,Yes,Yes,Yes,One year,Yes,Bank transfer,94.21,23.47,No,23.47,70.74,5,New,High,1,0,1,0
Male,0,Yes,No,40,Yes,No,DSL,No,Yes,No,No,No,Yes,Month-to-month,Yes,Bank transfer,54.16,2094.89,No,52.372249999999994,1.7877500000000026,3,Established,Medium,2,0,0,0
Female,0,Yes,No,66,Yes,Yes,DSL,Yes,Yes,No,No,Yes,Yes,Month-to-month,Yes,Electronic check,82.3,5377.02,No,81.47000000000001,0.8299999999999841,6,Loyal,High,2,1,0,1
Male,1,No,No,59,Yes,Yes,DSL,Yes,No,No,No,Yes,No,Two year,No,Electronic check,65.16,3694.12,No,62.612203389830505,2.5477966101694918,4,Loyal,Medium,0,1,0,1
Female,0,Yes,Yes,19,Yes,Yes,No,No internet service,No internet service,No internet service,No internet service,No internet service,No internet service,One year,Yes,Electronic check,36.05,614.15,No,32.32368421052632,3.7263157894736807,2,Developing,Low,1,1,0,0
Male,1,Yes,No,1,Yes,No,DSL,No,Yes,No,Yes,No,Yes,One year,No,Electronic check,63.88,100.76,No,100.76,-36.88,4,New,Medium,1,1,1,0
Male,0,No,Yes,56,Yes,No,Fiber optic,Yes,No,Yes,No,No,Yes,Month-to-month,Yes,Mailed check,88.65,4946.29,No,88.32660714285714,0.3233928571428635,4,Loyal,High,2,0,0,1
Female,0,No,No,61,Yes,Yes,DSL,No,Yes,Yes,No,Yes,Yes,Month-to-month,Yes,Electronic check,70.01,4237.97,No,69.47491803278689,0.5350819672131166,6,Loyal,High,2,1,0,0
Male,0,Yes,No,67,Yes,Yes,DSL,No,No,No,Yes,Yes,No,Month-to-month,Yes,Bank transfer,60.39,4112.84,No,61.38567164179105,-0.9956716417910485,4,Loyal,Medium,2,0,1,0
Male,0,Yes,No,42,Yes,Yes,Fiber optic,No,No,Yes,No,No,Yes,One year,Yes,Bank transfer,96.37,3957.4,No,94.22380952380952,2.1461904761904833,4,Established,High,1,0,0,0
Male,0,Yes,Yes,35,No,No phone service,Fiber optic,No,No,Yes,No,Yes,Yes,One year,Yes,Mailed check,80.81,2862.62,Yes,81.78914285714285,-0.9791428571428469,3,Established,High,1,0,0,0
Female,0,Yes,No,55,Yes,No,Fiber optic,No,Yes,No,Yes,No,Yes,Month-to-month,Yes,Electronic check,88.65,4784.51,No,86.99109090909091,1.6589090909090913,4,Loyal,High,2,1,1,0
Female,0,Yes,Yes,50,Yes,No,Fiber optic,No,No,Yes,No,Yes,Yes,Month-to-month,Yes,Mailed check,92.19,4675.96,No,93.5192,-1.3292000000000002,4,Loyal,High,2,0,0,0
Male,0,Yes,No,55,Yes,No,DSL,No,No,Yes,No,Yes,Yes,Month-to-month,Yes,Electronic check,63.5,3497.62,No,63.593090909090904,-0.093090909090904,4,Loyal,Medium,2,1,0,0
Male,0,Yes,No,21,Yes,No,DSL,No,No,No,No,No,No,Month-to-month,Yes,Credit card,41.72,889.22,No,42.343809523809526,-0.6238095238095269,1,Developing,Medium,2,0,0,0
Male,0,Yes,No,66,Yes,No,No,No internet service,No internet service,No internet service,No internet service,No internet service,No internet service,Month-to-month,Yes,Electronic check,22.53,1476.21,No,22.366818181818182,0.16318181818181898,1,Loyal,Low,2,1,0,0
Male,0,Yes,No,3,Yes,No,DSL,Yes,Yes,No,No,Yes,Yes,Month-to-month,No,Credit card,65.97,241.45,No,80.48333333333333,-14.513333333333335,5,New,Medium,2,0,0,1
Female,0,No,Yes,7,No,No phone service,Fiber optic,Yes,No,No,Yes,No,Yes,Month-to-month,No,Bank transfer,76.25,465.49,No,66.49857142857142,9.751428571428576,3,New,High,2,0,1,1
Male,1,Yes,Yes,48,No,No phone service,Fiber optic,No,Yes,No,No,No,No,Month-to-month,Yes,Credit card,63.95,3150.48,No,65.635,-1.6850000000000023,1,Established,Medium,2,0,0,0
Female,1,Yes,No,42,Yes,No,DSL,No,Yes,Yes,Yes,No,Yes,Month-to-month,Yes,Credit card,62.85,2619.19,No,62.361666666666665,0.48833333333333684,5,Established,Medium,2,0,1,0
Male,0,No,No,40,No,No phone service,DSL,No,Yes,Yes,Yes,Yes,Yes,Month-to-month,No,Credit card,70.68,2866.72,No,71.66799999999999,-0.9879999999999853,5,Established,High,2,0,1,0
Male,0,Yes,Yes,66,Yes,Yes,Fiber optic,No,No,No,No,No,Yes,Two year,No,Bank transfer,89.89,5985.51,No,90.68954545454545,-0.7995454545454521,3,Loyal,High,0,0,0,0
Male,0,Yes,No,63,Yes,No,Fiber optic,Yes,No,Yes,Yes,No,Yes,Month-to-month,Yes,Electronic check,88.26,5499.18,No,87.28857142857143,0.9714285714285751,5,Loyal,High,2,1,1,1
Male,0,No,No,52,No,No phone service,No,No internet service,No internet service,No internet service,No internet service,No internet service,No internet service,Month-to-month,Yes,Bank transfer,18.0,975.54,No,18.760384615384616,-0.7603846153846163,0,Loyal,Low,2,0,0,0
Female,1,No,No,12,Yes,Yes,DSL,No,Yes,Yes,No,No,No,Month-to-month,Yes,Electronic check,63.24,699.34,Yes,58.278333333333336,4.961666666666666,4,New,Medium,2,1,0,0
Female,0,Yes,No,7,Yes,Yes,No,No internet service,No internet service,No internet service,No internet service,No internet service,No internet service,Month-to-month,Yes,Mailed check,41.06,160.2,Yes,22.885714285714283,18.17428571428572,2,New,Medium,2,0,0,0
Female,0,No,Yes,11,Yes,No,DSL,No,No,No,Yes,No,No,Month-to-month,No,Credit card,45.68,517.94,No,47.08545454545455,-1.4054545454545533,2,New,Medium,2,0,1,0
Male,0,No,Yes,45,Yes,No,DSL,No,No,Yes,No,No,Yes,Month-to-month,Yes,Bank transfer,52.79,2548.67,No,56.63711111111111,-3.8471111111111114,3,Established,Medium,2,0,0,0
Female,0,Yes,No,52,Yes,No,Fiber optic,No,No,Yes,No,No,No,Month-to-month,No,Electronic check,65.53,3355.16,No,64.52230769230769,1.0076923076923094,2,Loyal,Medium,2,1,0,0
Male,1,Yes,No,58,Yes,No,No,No internet service,No internet service,No internet service,No internet service,No internet service,No internet service,Two year,No,Credit card,29.03,1724.67,No,29.735689655172415,-0.7056896551724137,1,Loyal,Low,0,0,0,0
Female,0,Yes,No,8,Yes,No,Fiber optic,Yes,Yes,Yes,No,Yes,Yes,Two year,Yes,Electronic check,95.0,825.51,No,103.18875,-8.188749999999999,6,New,High,0,1,0,1
Female,0,No,No,20,Yes,Yes,Fiber optic,Yes,No,Yes,No,Yes,No,Month-to-month,Yes,Credit card,97.52,1857.63,No,92.8815,4.638499999999993,5,Developing,High,2,0,0,1
Female,0,Yes,Yes,25,Yes,Yes,Fiber optic,No,No,No,No,No,Yes,Month-to-month,Yes,Bank transfer,86.9,2123.02,No,84.9208,1.9792000000000058,3,Established,High,2,0,0,0
Female,1,Yes,No,46,Yes,Yes,No,No internet service,No internet service,No internet service,No internet service,No internet service,No internet service,Two year,Yes,Electronic check,40.98,1985.05,No,43.153260869565216,-2.173260869565219,2,Established,Medium,0,1,0,0
Female,0,Yes,No,4,Yes,No,No,No internet service,No internet service,No internet service,No internet service,No internet service,No internet service,Month-to-month,Yes,Electronic check,32.39,181.97,No,45.4925,-13.1025,1,New,Low,2,1,0,0
Female,0,No,Yes,61,Yes,No,Fiber optic,No,No,No,No,Yes,Yes,Two year,Yes,Credit card,77.66,4742.89,No,77.75229508196722,-0.09229508196722236,3,Loyal,High,0,0,0,0
Male,1,Yes,No,6,Yes,No,Fiber optic,No,No,Yes,Yes,No,No,One year,No,Electronic check,78.88,347.13,No,57.855,21.025,3,New,High,1,1,1,0
Male,0,Yes,No,38,Yes,No,Fiber optic,Yes,No,Yes,Yes,No,No,Month-to-month,Yes,Credit card,89.56,3357.11,No,88.345,1.2150000000000034,4,Established,High,2,0,1,1
Male,1,Yes,No,68,Yes,No,No,No internet service,No internet service,No internet service,No internet service,No internet service,No internet service,Month-to-month,Yes,Mailed check,22.53,1573.69,No,23.142500000000002,-0.6125000000000007,1,Loyal,Low,2,0,0,0
Female,0,No,No,14,Yes,Yes,Fiber optic,Yes,Yes,No,No,No,Yes,Month-to-month,No,Mailed check,92.49,1043.38,No,74.52714285714286,17.962857142857132,5,Developing,High,2,0,0,1
Male,0,Yes,Yes,50,Yes,Yes,DSL,Yes,No,No,No,No,No,One year,No,Bank transfer,58.28,2978.97,No,59.57939999999999,-1.2993999999999915,3,Loyal,Medium,1,0,0,1
Male,0,No,No,40,Yes,No,No,No internet service,No internet service,No internet service,No internet service,No internet service,No internet service,Month-to-month,No,Mailed check,27.8,1202.55,No,30.06375,-2.263749999999998,1,Established,Low,2,0,0,0
Male,0,Yes,No,60,Yes,No,Fiber optic,No,No,Yes,No,Yes,No,One year,No,Mailed check,83.18,5134.83,No,85.5805,-2.400499999999994,3,Loyal,High,1,0,0,0
Female,0,Yes,Yes,43,Yes,No,Fiber optic,No,Yes,No,No,No,Yes,Month-to-month,Yes,Bank transfer,79.28,3510.95,No,81.64999999999999,-2.3699999999999903,3,Established,High,2,0,0,0
Male,0,Yes,No,62,Yes,Yes,Fiber optic,Yes,No,No,No,Yes,No,Two year,Yes,Mailed check,85.25,5317.59,No,85.76758064516129,-0.5175806451612885,4,Loyal,High,0,0,0,1
Male,0,Yes,No,30,Yes,No,Fiber optic,No,No,Yes,Yes,No,No,One year,No,Electronic check,81.8,2516.29,No,83.87633333333333,-2.076333333333338,3,Established,High,1,1,1,0
Female,0,Yes,No,12,Yes,No,Fiber optic,Yes,No,No,Yes,No,Yes,Month-to-month,No,Credit card,86.28,1006.87,No,83.90583333333333,2.3741666666666674,4,New,High,2,0,1,1
Female,0,No,No,49,Yes,Yes,DSL,No,No,No,Yes,No,Yes,Month-to-month,Yes,Mailed check,73.46,3555.35,Yes,72.55816326530612,0.9018367346938732,4,Loyal,High,2,0,1,0
Male,0,Yes,No,70,Yes,No,No,No internet service,No internet service,No internet service,No internet service,No internet service,No internet service,Month-to-month,No,Bank transfer,23.56,1684.21,No,24.060142857142857,-0.5001428571428583,1,Loyal,Low,2,0,0,0
Female,0,No,Yes,32,Yes,No,Fiber optic,No,No,No,Yes,Yes,Yes,One year,Yes,Bank transfer,88.77,2774.77,No,86.7115625,2.0584374999999966,4,Established,High,1,0,1,0
Female,1,Yes,Yes,60,Yes,No,No,No internet service,No internet service,No internet service,No internet service,No internet service,No internet service,One year,Yes,Bank transfer,22.7,1327.82,No,22.130333333333333,0.5696666666666665,1,Loyal,Low,1,0,0,0
Male,1,No,Yes,64,Yes,No,DSL,Yes,No,Yes,Yes,No,No,Month-to-month,No,Electronic check,62.46,4172.7,No,65.1984375,-2.7384374999999963,4,Loyal,Medium,2,1,1,1
Female,0,Yes,No,47,Yes,No,No,No internet service,No internet service,No internet service,No internet service,No internet service,No internet service,One year,Yes,Credit card,27.17,1217.8,No,25.91063829787234,1.2593617021276629,1,Established,Low,1,0,0,0
Female,0,No,No,57,Yes,No,Fiber optic,No,No,No,Yes,No,No,Month-to-month,Yes,Mailed check,77.1,4413.62,No,77.43192982456141,-0.3319298245614135,2,Loyal,High,2,0,1,0
Female,0,Yes,No,41,Yes,No,Fiber optic,No,No,No,No,Yes,No,Month-to-month,Yes,Credit card,74.14,2909.81,Yes,70.9709756097561,3.169024390243905,2,Established,High,2,0,0,0
Male,0,No,Yes,58,Yes,No,No,No internet service,No internet service,No internet service,No internet service,No internet service,No internet service,Two year,Yes,Credit card,20.64,1131.33,No,19.50568965517241,1.1343103448275897,1,Loyal,Low,0,0,0,0
Female,0,No,Yes,25,Yes,No,Fiber optic,Yes,No,No,No,Yes,No,Month-to-month,Yes,Bank transfer,87.11,2112.66,Yes,84.5064,2.6036,3,Established,High,2,0,0,1
Male,0,No,No,38,Yes,No,No,No internet service,No internet service,No internet service,No internet service,No internet service,No internet service,One year,Yes,Mailed check,31.6,1190.8,No,31.336842105263155,0.26315789473684603,1,Established,Low,1,0,0,0
Female,0,No,Yes,6,Yes,No,Fiber optic,No,No,Yes,No,Yes,Yes,Month-to-month,No,Electronic check,92.77,486.22,Yes,81.03666666666668,11.73333333333332,4,New,High,2,1,0,0
Male,0,Yes,No,15,Yes,No,DSL,No,Yes,Yes,Yes,Yes,Yes,One year,No,Electronic check,78.56,1155.44,No,77.02933333333334,1.5306666666666615,6,Developing,High,1,1,1,0
Male,0,Yes,No,42,Yes,No,Fiber optic,No,No,No,Yes,No,No,Month-to-month,No,Bank transfer,75.4,3125.91,No,74.42642857142857,0.9735714285714323,2,Established,High,2,0,1,0
Male,0,Yes,No,53,Yes,Yes,No,No internet service,No internet service,No internet service,No internet service,No internet service,No internet service,Month-to-month,No,Electronic check,37.45,1968.64,No,37.14415094339623,0.30584905660377615,2,Loyal,Low,2,1,0,0
Male,0,No,No,3,Yes,No,Fiber optic,Yes,Yes,No,No,No,Yes,Month-to-month,No,Electronic check,83.37,116.43,No,38.81,44.56,4,New,High,2,1,0,1
Female,0,Yes,No,5,Yes,Yes,Fiber optic,No,No,No,Yes,No,Yes,One year,No,Mailed check,87.33,311.17,No,62.234,25.095999999999997,4,New,High,1,0,1,0
Male,0,Yes,Yes,1,Yes,Yes,DSL,Yes,No,No,Yes,Yes,No,Month-to-month,Yes,Electronic check,74.54,136.17,Yes,136.17,-61.62999999999998,5,New,High,2,1,1,1
Male,0,No,No,38,Yes,Yes,Fiber optic,No,No,No,Yes,No,Yes,Month-to-month,Yes,Electronic check,97.12,3643.82,No,95.89,1.230000000000004,4,Established,High,2,1,1,0
Male,0,Yes,Yes,25,Yes,No,No,No internet service,No internet service,No internet service,No internet service,No internet service,No internet service,Month-to-month,No,Mailed check,29.31,747.76,No,29.9104,-0.6004000000000005,1,Established,Low,2,0,0,0
Male,0,No,Yes,4,Yes,Yes,No,No internet service,No internet service,No internet service,No internet service,No internet service,No internet service,Month-to-month,Yes,Electronic check,21.77,117.48,Yes,29.37,-7.600000000000001,2,New,Low,2,1,0,0
Male,0,Yes,No,58,Yes,Yes,DSL,No,Yes,No,No,Yes,Yes,One year,Yes,Electronic check,73.42,4263.41,No,73.50706896551723,-0.08706896551723275,5,Loyal,High,1,1,0,0
Female,0,No,Yes,39,Yes,No,DSL,No,No,No,Yes,No,No,One year,No,Electronic check,56.68,2101.97,No,53.89666666666666,2.7833333333333385,2,Established,Medium,1,1,1,0
Female,0,No,No,1,Yes,No,DSL,Yes,No,No,No,Yes,No,One year,Yes,Bank transfer,56.78,18.0,No,18.0,38.78,3,New,Medium,1,0,0,1
Female,0,No,No,50,Yes,Yes,DSL,No,No,No,No,No,Yes,Month-to-month,Yes,Credit card,55.98,2764.57,No,55.2914,0.6885999999999939,3,Loyal,Medium,2,0,0,0
Female,0,Yes,No,66,Yes,Yes,No,No internet service,No internet service,No internet service,No internet service,No internet service,No internet service,Month-to-month,No,Electronic check,38.84,2565.15,No,38.86590909090909,-0.02590909090908866,2,Loyal,Low,2,1,0,0
Male,0,Yes,No,31,Yes,No,Fiber optic,No,No,No,No,No,No,Month-to-month,No,Bank transfer,68.58,2236.6,No,72.14838709677419,-3.568387096774188,1,Established,Medium,2,0,0,0
Male,0,Yes,No,69,Yes,Yes,DSL,Yes,No,Yes,No,No,No,Month-to-month,No,Electronic check,61.55,4403.26,No,63.815362318840585,-2.2653623188405874,4,Loyal,Medium,2,1,0,1
Female,1,Yes,No,31,Yes,Yes,Fiber optic,No,No,No,No,Yes,Yes,Two year,No,Bank transfer,84.32,2640.53,No,85.1783870967742,-0.8583870967742087,4,Established,High,0,0,0,0
Female,0,No,Yes,6,Yes,No,Fiber optic,No,No,Yes,No,Yes,No,Month-to-month,No,Electronic check,75.4,444.24,No,74.04,1.3599999999999994,3,New,High,2,1,0,0
Male,0,Yes,No,9,Yes,No,Fiber optic,Yes,Yes,No,No,No,No,Two year,Yes,Credit card,83.34,741.98,No,82.44222222222223,0.897777777777776,3,New,High,0,0,0,1
Male,1,Yes,Yes,5,Yes,No,No,No internet service,No internet service,No internet service,No internet service,No internet service,No internet service,Month-to-month,No,Bank transfer,23.05,109.6,No,21.919999999999998,1.1300000000000026,1,New,Low,2,0,0,0
Male,0,Yes,Yes,22,No,No phone service,Fiber optic,Yes,No,No,Yes,No,No,One year,Yes,Bank transfer,79.08,1683.09,No,76.5040909090909,2.575909090909093,2,Developing,High,1,0,1,1
Male,0,No,Yes,28,Yes,No,DSL,No,No,No,Yes,Yes,No,One year,No,Electronic check,65.98,1954.08,No,69.78857142857143,-3.808571428571426,3,Established,Medium,1,1,1,0
Male,0,Yes,No,32,Yes,No,No,No internet service,No internet service,No internet service,No internet service,No internet service,No internet service,One year,Yes,Credit card,23.83,727.63,No,22.7384375,1.0915624999999984,1,Established,Low,1,0,0,0
Male,0,Yes,No,35,Yes,No,DSL,No,Yes,No,No,No,No,One year,Yes,Electronic check,48.24,1714.0,No,48.97142857142857,-0.731428571428566,2,Established,Medium,1,1,0,0
Female,0,Yes,No,63,Yes,No,No,No internet service,No internet service,No internet service,No internet service,No internet service,No internet service,Month-to-month,No,Mailed check,30.82,1966.05,No,31.207142857142856,-0.38714285714285523,1,Loyal,Low,2,0,0,0
Male,1,Yes,No,1,Yes,Yes,Fiber optic,No,No,Yes,No,Yes,Yes,One year,Yes,Bank transfer,102.11,18.0,No,18.0,84.11,5,New,Very High,1,0,0,0
Female,1,No,No,65,Yes,No,No,No internet service,No internet service,No internet service,No internet service,No internet service,No internet service,Month-to-month,No,Bank transfer,28.68,1780.25,No,27.388461538461538,1.2915384615384617,1,Loyal,Low,2,0,0,0
Female,0,Yes,No,18,Yes,Yes,DSL,Yes,Yes,Yes,No,Yes,No,Month-to-month,Yes,Credit card,72.4,1329.25,No,73.84722222222223,-1.4472222222222229,6,Developing,High,2,0,0,1
Female,0,No,Yes,69,No,No phone service,Fiber optic,No,Yes,Yes,Yes,Yes,No,Month-to-month,Yes,Bank transfer,82.45,5786.8,No,83.86666666666667,-1.4166666666666714,4,Loyal,High,2,0,1,0
Female,0,No,Yes,10,Yes,No,No,No internet service,No internet service,No internet service,No internet service,No internet service,No internet service,Month-to-month,Yes,Bank transfer,28.45,298.65,No,29.865,-1.4149999999999991,1,New,Low,2,0,0,0
Female,0,No,No,8,Yes,No,No,No internet service,No internet service,No internet service,No internet service,No internet service,No internet service,Two year,No,Electronic check,25.85,259.93,Yes,32.49125,-6.641249999999999,1,New,Low,0,1,0,0
Male,0,No,Yes,9,Yes,No,No,No internet service,No internet service,No internet service,No internet service,No internet service,No internet service,Month-to-month,Yes,Mailed check,32.88,206.96,No,22.995555555555555,9.884444444444448,1,New,Low,2,0,0,0
Male,0,No,No,22,Yes,No,DSL,Yes,No,Yes,Yes,No,No,Month-to-month,Yes,Mailed check,58.22,1283.0,No,58.31818181818182,-0.09818181818182126,4,Developing,Medium,2,0,1,1
Female,0,Yes,No,68,Yes,No,Fiber optic,No,No,No,No,Yes,No,Month-to-month,No,Bank transfer,78.84,5267.01,No,77.4560294117647,1.3839705882353002,2,Loyal,High,2,0,0,0
Male,0,Yes,No,34,Yes,Yes,Fiber optic,No,No,No,No,No,No,One year,Yes,Bank transfer,80.05,2783.68,No,81.87294117647059,-1.822941176470593,2,Established,High,1,0,0,0
Female,0,No,Yes,12,No,No phone service,DSL,No,Yes,No,No,Yes,No,One year,No,Mailed check,50.04,603.91,Yes,50.32583333333333,-0.28583333333332916,2,New,Medium,1,0,0,0
Female,0,No,No,47,Yes,Yes,Fiber optic,Yes,No,No,No,No,No,Two year,Yes,Bank transfer,81.1,3950.53,No,84.05382978723405,-2.9538297872340564,3,Established,High,0,0,0,1
Male,0,Yes,No,37,Yes,No,Fiber optic,No,No,No,No,Yes,No,One year,Yes,Electronic check,76.9,2843.56,No,76.85297297297298,0.04702702702702766,2,Established,High,1,1,0,0
Female,1,Yes,No,51,Yes,No,Fiber optic,No,Yes,No,No,No,Yes,Month-to-month,No,Mailed check,78.52,3878.2,No,76.04313725490196,2.476862745098032,3,Loyal,High,2,0,0,0
Male,0,Yes,No,54,Yes,No,DSL,Yes,Yes,No,No,No,No,Month-to-month,No,Credit card,59.1,3217.62,No,59.58555555555555,-0.48555555555554974,3,Loyal,Medium,2,0,0,1
Male,0,Yes,No,57,Yes,No,No,No internet service,No internet service,No internet service,No internet service,No internet service,No internet service,Month-to-month,No,Electronic check,27.48,1529.61,No,26.835263157894737,0.6447368421052637,1,Loyal,Low,2,1,0,0
Female,0,Yes,No,11,No,No phone service,No,No internet service,No internet service,No internet service,No internet service,No internet service,No internet service,One year,Yes,Electronic check,18.99,285.05,No,25.913636363636364,-6.923636363636366,0,New,Low,1,1,0,0
Female,0,Yes,Yes,36,Yes,No,Fiber optic,No,Yes,No,No,No,Yes,Two year,No,Bank transfer,77.62,2736.08,No,76.00222222222222,1.617777777777789,3,Established,High,0,0,0,0
Male,1,Yes,No,46,Yes,No,No,No internet service,No internet service,No internet service,No internet service,No internet service,No internet service,Month-to-month,Yes,Electronic check,35.79,1746.38,No,37.96478260869566,-2.174782608695658,1,Established,Low,2,1,0,0
Male,1,No,No,41,Yes,No,No,No internet service,No internet service,No internet service,No internet service,No internet service,No internet service,Month-to-month,Yes,Mailed check,31.43,1177.5,No,28.71951219512195,2.710487804878049,1,Established,Low,2,0,0,0
Male,0,No,Yes,71,Yes,No,DSL,No,Yes,Yes,Yes,No,No,One year,No,Bank transfer,55.16,4029.31,No,56.750845070422535,-1.5908450704225388,4,Loyal,Medium,1,0,1,0
Female,0,No,No,70,Yes,Yes,Fiber optic,No,Yes,Yes,Yes,No,No,One year,Yes,Mailed check,94.26,6488.4,No,92.69142857142856,1.5685714285714454,5,Loyal,High,1,0,1,0
Female,0,No,No,59,Yes,No,No,No internet service,No internet service,No internet service,No internet service,No internet service,No internet service,One year,No,Credit card,25.56,1445.02,No,24.491864406779662,1.0681355932203367,1,Loyal,Low,1,0,0,0
Male,0,Yes,No,18,Yes,Yes,Fiber optic,No,No,Yes,Yes,Yes,No,Month-to-month,No,Credit card,90.36,1680.81,Yes,93.37833333333333,-3.018333333333331,5,Developing,High,2,0,1,0
Male,0,Yes,Yes,39,Yes,No,DSL,No,No,Yes,No,No,No,Month-to-month,No,Mailed check,48.07,2046.04,No,52.4625641025641,-4.392564102564101,2,Established,Medium,2,0,0,0
Female,0,No,No,58,Yes,Yes,Fiber optic,No,No,No,No,No,Yes,Month-to-month,Yes,Credit card,86.08,4999.4,No,86.19655172413792,-0.11655172413792059,3,Loyal,High,2,0,0,0
Male,0,No,Yes,20,Yes,No,Fiber optic,Yes,Yes,Yes,No,Yes,Yes,Month-to-month,No,Electronic check,98.42,1856.09,No,92.80449999999999,5.6155000000000115,6,Developing,High,2,1,0,1
Male,0,No,No,52,Yes,Yes,Fiber optic,No,Yes,No,Yes,Yes,Yes,One year,No,Electronic check,100.8,5054.58,No,97.20346153846154,3.596538461538458,6,Loyal,Very High,1,1,1,0
Female,0,No,No,18,Yes,Yes,DSL,No,Yes,No,Yes,Yes,No,Month-to-month,Yes,Bank transfer,71.13,1356.52,No,75.36222222222221,-4.232222222222219,5,Developing,High,2,0,1,0
Female,0,No,No,11,Yes,No,DSL,No,No,No,No,No,No,Month-to-month,Yes,Bank transfer,49.76,679.18,No,61.74363636363636,-11.983636363636364,1,New,Medium,2,0,0,0
Male,0,No,No,18,Yes,No,No,No internet service,No internet service,No internet service,No internet service,No internet service,No internet service,Two year,No,Electronic check,37.25,757.93,No,42.10722222222222,-4.857222222222219,1,Developing,Low,0,1,0,0
Male,0,No,No,67,Yes,No,Fiber optic,No,No,No,No,Yes,No,Month-to-month,Yes,Mailed check,75.95,5102.12,No,76.1510447761194,-0.20104477611940297,2,Loyal,High,2,0,0,0
Female,0,No,No,72,Yes,No,No,No internet service,No internet service,No internet service,No internet service,No internet service,No internet service,Month-to-month,Yes,Electronic check,26.3,1832.47,No,25.450972222222223,0.8490277777777777,1,Loyal,Low,2,1,0,0
Female,0,Yes,No,62,Yes,Yes,Fiber optic,No,No,No,No,No,No,Two year,Yes,Electronic check,77.42,4841.02,No,78.0809677419355,-0.6609677419354938,2,Loyal,High,0,1,0,0
Male,0,Yes,Yes,20,Yes,Yes,No,No internet service,No internet service,No internet service,No internet service,No internet service,No internet service,Month-to-month,No,Mailed check,37.82,784.37,No,39.2185,-1.3984999999999985,2,Developing,Low,2,0,0,0
Female,0,Yes,No,57,Yes,No,DSL,No,Yes,Yes,No,No,No,One year,No,Credit card,60.39,3600.39,No,63.16473684210526,-2.7747368421052627,3,Loyal,Medium,1,0,0,0
Male,0,No,No,16,Yes,No,No,No internet service,No internet service,No internet service,No internet service,No internet service,No internet service,Month-to-month,No,Credit card,24.02,425.64,No,26.6025,-2.5824999999999996,1,Developing,Low,2,0,0,0
Male,1,No,No,10,Yes,Yes,No,No internet service,No internet service,No internet service,No internet service,No internet service,No internet service,Two year,No,Mailed check,44.7,517.8,No,51.779999999999994,-7.079999999999991,2,New,Medium,0,0,0,0
Male,0,Yes,Yes,19,Yes,Yes,Fiber optic,Yes,No,Yes,No,No,No,Month-to-month,Yes,Mailed check,82.29,1553.87,No,81.78263157894736,0.5073684210526466,4,Developing,High,2,0,0,1
Female,0,Yes,No,11,Yes,No,DSL,No,No,Yes,No,No,Yes,Month-to-month,No,Electronic check,61.56,598.1,No,54.372727272727275,7.1872727272727275,3,New,Medium,2,1,0,0
Female,0,No,Yes,47,Yes,No,No,No internet service,No internet service,No internet service,No internet service,No internet service,No internet service,Two year,No,Mailed check,31.01,1454.16,No,30.93957446808511,0.07042553191489276,1,Established,Low,0,0,0,0
Female,0,Yes,No,50,Yes,No,Fiber optic,No,No,No,No,Yes,No,One year,Yes,Bank transfer,71.39,3375.81,No,67.5162,3.873800000000003,2,Loyal,High,1,0,0,0
Male,0,No,No,3,No,No phone service,Fiber optic,No,Yes,No,No,No,Yes,Month-to-month,No,Bank transfer,75.08,223.54,Yes,74.51333333333334,0.5666666666666629,2,New,High,2,0,0,0
Female,0,Yes,No,8,Yes,Yes,Fiber optic,Yes,Yes,No,Yes,Yes,No,Month-to-month,No,Mailed check,92.02,761.0,No,95.125,-3.105000000000004,6,New,High,2,0,1,1
Female,0,Yes,No,35,Yes,No,No,No internet service,No internet service,No internet service,No internet service,No internet service,No internet service,Month-to-month,No,Credit card,24.68,818.85,No,23.395714285714288,1.284285714285712,1,Established,Low,2,0,0,0
Female,0,Yes,Yes,9,Yes,Yes,Fiber optic,No,Yes,No,No,Yes,No,Month-to-month,Yes,Credit card,88.73,826.82,Yes,91.86888888888889,-3.1388888888888857,4,New,High,2,0,0,0
Female,0,Yes,No,60,Yes,No,Fiber optic,Yes,Yes,Yes,No,Yes,Yes,Month-to-month,Yes,Electronic check,99.57,6060.02,No,101.00033333333334,-1.4303333333333512,6,Loyal,High,2,1,0,1
Female,0,Yes,No,29,Yes,Yes,Fiber optic,Yes,No,No,No,No,No,Month-to-month,Yes,Credit card,86.98,2532.54,No,87.32896551724137,-0.3489655172413677,3,Established,High,2,0,0,1
Male,0,Yes,Yes,30,Yes,No,DSL,No,Yes,No,No,No,No,Two year,Yes,Electronic check,48.23,1438.98,No,47.966,0.2639999999999958,2,Established,Medium,0,1,0,0
Male,0,Yes,No,1,Yes,No,No,No internet service,No internet service,No internet service,No internet service,No internet service,No internet service,One year,No,Credit card,29.46,18.0,No,18.0,11.46,1,New,Low,1,0,0,0
Female,0,Yes,No,51,Yes,No,No,No internet service,No internet service,No internet service,No internet service,No internet service,No internet service,Two year,Yes,Bank transfer,31.7,1595.96,No,31.293333333333333,0.4066666666666663,1,Loyal,Low,0,0,0,0
Female,0,No,No,52,Yes,Yes,Fiber optic,Yes,No,No,No,Yes,No,Month-to-month,Yes,Mailed check,88.77,4773.93,No,91.80634615384616,-3.036346153846168,4,Loyal,High,2,0,0,1
Female,0,Yes,No,55,No,No phone service,DSL,No,Yes,No,No,No,No,Month-to-month,No,Mailed check,42.98,2300.16,No,41.821090909090906,1.1589090909090913,1,Loyal,Medium,2,0,0,0
Male,0,Yes,Yes,39,Yes,No,DSL,Yes,No,No,No,Yes,Yes,One year,Yes,Mailed check,59.17,2256.71,No,57.86435897435898,1.3056410256410231,4,Established,Medium,1,0,0,1
Female,0,Yes,No,20,Yes,No,DSL,Yes,Yes,No,Yes,Yes,Yes,Month-to-month,No,Credit card,68.53,1446.14,Yes,72.307,-3.777000000000001,6,Developing,Medium,2,0,1,1
Male,0,No,Yes,6,Yes,No,No,No internet service,No internet service,No internet service,No internet service,No internet service,No internet service,Month-to-month,Yes,Credit card,24.64,86.02,No,14.336666666666666,10.303333333333335,1,New,Low,2,0,0,0
Female,0,No,No,23,Yes,No,Fiber optic,No,No,No,Yes,No,Yes,Two year,Yes,Mailed check,87.57,2084.36,No,90.62434782608696,-3.0543478260869676,3,Developing,High,0,0,1,0
Female,0,No,Yes,40,Yes,Yes,Fiber optic,No,No,Yes,No,No,No,One year,No,Credit card,87.58,3428.26,No,85.7065,1.8734999999999928,3,Established,High,1,0,0,0
Male,0,No,No,9,Yes,No,DSL,Yes,No,No,No,Yes,Yes,Month-to-month,No,Mailed check,69.99,629.03,No,69.89222222222222,0.09777777777777885,4,New,Medium,2,0,0,1
Male,0,Yes,Yes,4,Yes,No,DSL,No,No,Yes,Yes,No,No,Month-to-month,Yes,Mailed check,57.48,304.17,Yes,76.0425,-18.562500000000007,3,New,Medium,2,0,1,0
Male,0,No,Yes,16,Yes,No,Fiber optic,Yes,No,Yes,Yes,No,No,Month-to-month,Yes,Electronic check,87.09,1295.24,Yes,80.9525,6.137500000000003,4,Developing,High,2,1,1,1
Male,1,Yes,Yes,6,Yes,No,DSL,Yes,No,No,Yes,No,No,One year,No,Credit card,54.36,384.76,No,64.12666666666667,-9.766666666666666,3,New,Medium,1,0,1,1
Male,0,No,No,2,Yes,No,Fiber optic,No,No,No,No,No,Yes,Month-to-month,No,Bank transfer,75.51,223.07,Yes,111.535,-36.02499999999999,2,New,High,2,0,0,0
Male,0,Yes,Yes,35,Yes,Yes,No,No internet service,No internet service,No internet service,No internet service,No internet service,No internet service,Two year,No,Mailed check,26.87,919.2,No,26.262857142857143,0.6071428571428577,2,Established,Low,0,0,0,0
Female,0,Yes,Yes,54,Yes,No,Fiber optic,No,Yes,No,No,No,No,Month-to-month,Yes,Bank transfer,75.84,4197.84,No,77.73777777777778,-1.897777777777776,2,Loyal,High,2,0,0,0
Female,0,No,Yes,36,Yes,Yes,No,No internet service,No internet service,No internet service,No internet service,No internet service,No internet service,Month-to-month,No,Credit card,36.88,1313.83,No,36.49527777777777,0.38472222222222996,2,Established,Low,2,0,0,0
Female,0,No,No,7,Yes,No,DSL,Yes,No,Yes,No,Yes,No,One year,Yes,Electronic check,60.53,415.45,No,59.35,1.1799999999999997,4,New,Medium,1,1,0,1
Female,0,No,No,25,Yes,Yes,DSL,No,Yes,No,No,No,No,Two year,Yes,Mailed check,61.65,1598.48,No,63.9392,-2.289200000000001,3,Established,Medium,0,0,0,0
Female,0,Yes,No,3,Yes,Yes,No,No internet service,No internet service,No internet service,No internet service,No internet service,No internet service,Two year,No,Mailed check,39.91,218.45,No,72.81666666666666,-32.906666666666666,2,New,Low,0,0,0,0
Female,1,Yes,Yes,45,No,No phone service,No,No internet service,No internet service,No internet service,No internet service,No internet service,No internet service,Month-to-month,No,Electronic check,18.0,583.86,No,12.974666666666668,5.025333333333332,0,Established,Low,2,1,0,0
Female,0,Yes,Yes,17,Yes,No,Fiber optic,No,No,No,No,Yes,Yes,Month-to-month,Yes,Electronic check,93.24,1418.46,No,83.43882352941176,9.801176470588231,3,Developing,High,2,1,0,0
Male,0,Yes,Yes,28,Yes,No,Fiber optic,No,No,No,No,Yes,No,One year,Yes,Bank transfer,79.18,2114.01,No,75.50035714285715,3.679642857142852,2,Established,High,1,0,0,0
Female,0,Yes,No,65,Yes,No,DSL,Yes,No,Yes,No,Yes,Yes,Two year,No,Electronic check,76.2,5002.9,No,76.9676923076923,-0.7676923076923003,5,Loyal,High,0,1,0,1
Male,1,Yes,Yes,43,Yes,No,Fiber optic,Yes,No,No,No,Yes,Yes,Two year,Yes,Credit card,86.25,3726.36,No,86.65953488372094,-0.40953488372093716,4,Established,High,0,0,0,1
Female,1,No,Yes,56,Yes,No,DSL,No,No,Yes,Yes,No,Yes,Month-to-month,No,Credit card,68.8,3702.1,No,66.10892857142856,2.6910714285714334,4,Loyal,Medium,2,0,1,0
Male,0,Yes,Yes,26,Yes,No,DSL,No,No,Yes,Yes,Yes,Yes,One year,Yes,Electronic check,72.65,2044.07,No,78.61807692307693,-5.9680769230769215,5,Established,High,1,1,1,0
Male,1,No,No,68,No,No phone service,Fiber optic,No,No,No,No,No,Yes,Month-to-month,No,Mailed check,67.83,4657.97,No,68.49955882352941,-0.6695588235294139,1,Loyal,Medium,2,0,0,0
Female,1,No,No,52,Yes,Yes,DSL,Yes,Yes,Yes,Yes,No,Yes,Month-to-month,No,Electronic check,75.6,3910.5,No,75.20192307692308,0.3980769230769141,7,Loyal,High,2,1,1,1
Female,0,No,Yes,38,Yes,Yes,DSL,No,No,No,No,No,Yes,Month-to-month,Yes,Bank transfer,60.04,2321.76,No,61.09894736842106,-1.0589473684210589,3,Established,Medium,2,0,0,0
Male,1,Yes,No,42,Yes,No,DSL,Yes,No,No,No,No,Yes,Month-to-month,Yes,Mailed check,61.12,2542.12,No,60.526666666666664,0.5933333333333337,3,Established,Medium,2,0,0,1
Male,0,Yes,No,45,No,No phone service,Fiber optic,No,No,Yes,No,No,No,Month-to-month,No,Bank transfer,67.31,3116.31,No,69.25133333333333,-1.9413333333333327,1,Established,Medium,2,0,0,0
Female,0,Yes,No,12,Yes,Yes,No,No internet service,No internet service,No internet service,No internet service,No internet service,No internet service,Month-to-month,No,Bank transfer,35.35,532.13,Yes,44.344166666666666,-8.994166666666665,2,New,Low,2,0,0,0
Male,0,No,Yes,19,Yes,Yes,No,No internet service,No internet service,No internet service,No internet service,No internet service,No internet service,One year,No,Bank transfer,33.05,753.34,No,39.64947368421053,-6.59947368421053,2,Developing,Low,1,0,0,0
Male,0,Yes,No,50,Yes,Yes,DSL,No,Yes,No,No,No,No,One year,Yes,Mailed check,52.71,2674.45,No,53.489,-0.7789999999999964,3,Loyal,Medium,1,0,0,0
Female,0,Yes,No,32,No,No phone service,DSL,No,No,No,No,Yes,No,Month-to-month,Yes,Credit card,45.71,1471.63,No,45.9884375,-0.27843750000000256,1,Established,Medium,2,0,0,0
Female,0,No,No,57,Yes,Yes,No,No internet service,No internet service,No internet service,No internet service,No internet service,No internet service,One year,Yes,Credit card,31.28,1865.74,No,32.732280701754384,-1.4522807017543826,2,Loyal,Low,1,0,0,0
Female,1,No,No,38,Yes,No,DSL,No,No,Yes,Yes,Yes,Yes,Month-to-month,No,Bank transfer,73.8,2940.42,No,77.37947368421052,-3.5794736842105266,5,Established,High,2,0,1,0
Male,0,No,Yes,5,Yes,No,Fiber optic,No,No,No,Yes,No,Yes,Month-to-month,Yes,Electronic check,85.36,405.96,Yes,81.192,4.168000000000006,3,New,High,2,1,1,0
Male,1,Yes,No,48,Yes,No,DSL,No,Yes,Yes,No,Yes,Yes,Two year,Yes,Bank transfer,76.68,3797.21,No,79.10854166666667,-2.4285416666666606,5,Established,High,0,0,0,0
Male,0,No,No,44,Yes,Yes,Fiber optic,Yes,No,Yes,No,No,Yes,Month-to-month,Yes,Credit card,92.49,4025.66,No,91.49227272727272,0.9977272727272748,5,Established,High,2,0,0,1
Male,0,Yes,Yes,27,Yes,No,DSL,Yes,No,Yes,Yes,No,No,Month-to-month,Yes,Mailed check,60.83,1579.62,No,58.50444444444444,2.3255555555555603,4,Established,Medium,2,0,1,1
Female,0,Yes,Yes,57,Yes,No,Fiber optic,No,No,Yes,Yes,No,Yes,One year,Yes,Bank transfer,81.11,4653.1,No,81.63333333333334,-0.5233333333333405,4,Loyal,High,1,0,1,0
Female,0,No,No,26,Yes,Yes,Fiber optic,No,No,No,No,No,No,Month-to-month,No,Mailed check,74.78,1885.43,No,72.51653846153846,2.2634615384615415,2,Established,High,2,0,0,0
Female,0,No,Yes,9,Yes,Yes,DSL,No,No,No,No,No,No,Month-to-month,Yes,Mailed check,52.98,325.11,No,36.123333333333335,16.856666666666662,2,New,Medium,2,0,0,0
Female,0,Yes,No,9,Yes,Yes,Fiber optic,Yes,No,No,No,No,No,One year,Yes,Credit card,82.31,725.63,Yes,80.62555555555555,1.684444444444452,3,New,High,1,0,0,1
Male,0,Yes,No,65,Yes,No,Fiber optic,Yes,No,No,Yes,No,Yes,One year,No,Credit card,85.48,5749.88,No,88.45969230769231,-2.9796923076923036,4,Loyal,High,1,0,1,1
Male,0,Yes,No,28,Yes,Yes,No,No internet service,No internet service,No internet service,No internet service,No internet service,No internet service,Month-to-month,No,Electronic check,32.49,761.28,No,27.18857142857143,5.301428571428573,2,Established,Low,2,1,0,0
Female,0,No,Yes,30,Yes,No,Fiber optic,No,No,No,Yes,No,Yes,Two year,No,Electronic check,82.97,2558.69,No,85.28966666666666,-2.319666666666663,3,Established,High,0,1,1,0
Male,1,No,No,22,Yes,No,DSL,No,Yes,Yes,Yes,No,No,Month-to-month,No,Mailed check,59.8,1295.58,No,58.88999999999999,0.9100000000000037,4,Developing,Medium,2,0,1,0
Male,0,Yes,No,54,Yes,Yes,Fiber optic,Yes,Yes,Yes,No,Yes,Yes,Month-to-month,No,Mailed check,111.24,5950.98,No,110.20333333333332,1.036666666666676,7,Loyal,Very High,2,0,0,1
Female,0,Yes,No,44,Yes,Yes,DSL,No,Yes,Yes,Yes,No,No,Month-to-month,No,Bank transfer,69.01,2969.18,No,67.48136363636364,1.528636363636366,5,Established,Medium,2,0,1,0
Male,0,No,Yes,65,No,No phone service,No,No internet service,No internet service,No internet service,No internet service,No internet service,No internet service,Month-to-month,No,Electronic check,18.0,1178.03,Yes,18.123538461538462,-0.12353846153846249,0,Loyal,Low,2,1,0,0
Male,1,No,Yes,65,No,No phone service,No,No internet service,No internet service,No internet service,No internet service,No internet service,No internet service,Two year,Yes,Bank transfer,24.33,1559.16,No,23.987076923076923,0.3429230769230749,0,Loyal,Low,0,0,0,0
Male,0,Yes,Yes,72,Yes,Yes,DSL,Yes,No,No,Yes,No,Yes,One year,Yes,Mailed check,65.98,4799.18,No,66.65527777777778,-0.6752777777777794,5,Loyal,Medium,1,0,1,1
Male,0,No,Yes,24,Yes,No,Fiber optic,No,Yes,No,No,No,No,Month-to-month,No,Bank transfer,73.43,1939.39,No,80.80791666666667,-7.377916666666664,2,Developing,High,2,0,0,0
Female,0,No,No,43,Yes,Yes,Fiber optic,Yes,No,No,No,Yes,Yes,Month-to-month,No,Mailed check,91.81,3966.59,No,92.24627906976744,-0.436279069767437,5,Established,High,2,0,0,1
Male,0,Yes,Yes,25,No,No phone service,DSL,Yes,No,No,No,Yes,No,Month-to-month,No,Credit card,48.98,1175.92,No,47.0368,1.9431999999999974,2,Established,Medium,2,0,0,1
Female,0,No,Yes,51,Yes,No,Fiber optic,No,Yes,No,Yes,No,Yes,One year,No,Mailed check,92.49,4748.38,No,93.10549019607843,-0.61549019607844,4,Loyal,High,1,0,1,0
Male,0,No,No,54,Yes,No,Fiber optic,No,No,Yes,No,Yes,No,Month-to-month,Yes,Mailed check,82.75,4417.31,No,81.80203703703704,0.9479629629629613,3,Loyal,High,2,0,0,0
Female,0,No,Yes,19,Yes,Yes,Fiber optic,No,No,No,No,Yes,Yes,Two year,No,Bank transfer,84.09,1561.03,No,82.15947368421052,1.9305263157894785,4,Developing,High,0,0,0,0
Female,0,No,Yes,62,Yes,No,Fiber optic,No,No,No,No,Yes,No,Month-to-month,Yes,Mailed check,75.47,4624.71,No,74.59209677419355,0.877903225806449,2,Loyal,High,2,0,0,0
Male,0,No,No,21,Yes,No,Fiber optic,Yes,No,Yes,No,Yes,Yes,Month-to-month,Yes,Electronic check,95.07,2072.81,Yes,98.70523809523809,-3.635238095238094,5,Developing,High,2,1,0,1
Female,1,Yes,No,71,Yes,Yes,Fiber optic,No,No,No,No,Yes,No,Two year,Yes,Credit card,85.16,6116.37,No,86.14605633802817,-0.9860563380281775,3,Loyal,High,0,0,0,0
Female,0,Yes,No,62,Yes,No,Fiber optic,No,Yes,No,No,Yes,Yes,Two year,No,Bank transfer,88.3,5460.81,No,88.07758064516129,0.22241935483870634,4,Loyal,High,0,0,0,0
Male,0,No,No,2,Yes,No,Fiber optic,No,Yes,Yes,No,No,No,Month-to-month,No,Electronic check,83.08,49.45,Yes,24.725,58.355,3,New,High,2,1,0,0
Female,0,Yes,Yes,29,Yes,No,Fiber optic,No,Yes,Yes,No,Yes,Yes,Month-to-month,Yes,Bank transfer,96.34,2722.79,No,93.88931034482758,2.4506896551724253,5,Established,High,2,0,0,0
Male,0,Yes,No,28,Yes,Yes,Fiber optic,No,No,No,No,No,No,Two year,Yes,Electronic check,76.39,2135.56,No,76.27,0.12000000000000455,2,Established,High,0,1,0,0
Female,0,Yes,No,60,Yes,Yes,DSL,Yes,Yes,No,No,No,No,One year,Yes,Mailed check,63.95,3930.96,No,65.516,-1.5660000000000025,4,Loyal,Medium,1,0,0,1
Female,0,No,No,53,Yes,No,Fiber optic,No,No,No,No,Yes,No,One year,No,Electronic check,76.44,3809.36,No,71.87471698113208,4.565283018867916,2,Loyal,High,1,1,0,0
Male,0,No,No,4,Yes,No,Fiber optic,No,No,Yes,No,Yes,Yes,One year,No,Electronic check,89.22,376.62,Yes,94.155,-4.935000000000002,4,New,High,1,1,0,0
Female,0,No,No,61,No,No phone service,DSL,No,Yes,No,Yes,No,No,Two year,Yes,Mailed check,48.76,3028.6,No,49.64918032786885,-0.8891803278688499,2,Loyal,Medium,0,0,1,0
Female,0,No,No,16,Yes,No,DSL,No,No,No,Yes,Yes,Yes,Month-to-month,Yes,Mailed check,69.06,1161.15,Yes,72.571875,-3.5118750000000034,4,Developing,Medium,2,0,1,0
Male,0,Yes,No,27,Yes,No,Fiber optic,Yes,No,No,Yes,No,No,Month-to-month,Yes,Electronic check,81.89,2268.52,Yes,84.01925925925926,-2.129259259259257,3,Established,High,2,1,1,1
Male,1,Yes,Yes,13,Yes,Yes,DSL,Yes,No,Yes,Yes,Yes,No,Month-to-month,No,Electronic check,75.01,1060.14,No,81.54923076923077,-6.53923076923077,6,Developing,High,2,1,1,1
Female,0,No,No,12,Yes,No,Fiber optic,Yes,No,Yes,No,Yes,Yes,One year,No,Electronic check,92.38,1090.75,No,90.89583333333333,1.4841666666666669,5,New,High,1,1,0,1
Male,0,Yes,Yes,38,Yes,No,Fiber optic,No,No,No,No,No,No,Month-to-month,Yes,Electronic check,72.65,2820.96,Yes,74.2357894736842,-1.5857894736842013,1,Established,High,2,1,0,0
Male,0,No,No,7,No,No phone service,Fiber optic,Yes,Yes,Yes,No,No,No,Month-to-month,No,Bank transfer,78.27,400.18,No,57.16857142857143,21.101428571428563,3,New,High,2,0,0,1
Male,0,No,No,6,Yes,Yes,No,No internet service,No internet service,No internet service,No internet service,No internet service,No internet service,One year,Yes,Electronic check,34.62,172.19,No,28.698333333333334,5.921666666666663,2,New,Low,1,1,0,0
Female,1,Yes,No,57,Yes,Yes,No,No internet service,No internet service,No internet service,No internet service,No internet service,No internet service,Month-to-month,Yes,Mailed check,33.78,1953.23,Yes,34.26719298245614,-0.4871929824561363,2,Loyal,Low,2,0,0,0
Male,0,No,Yes,25,Yes,Yes,No,No internet service,No internet service,No internet service,No internet service,No internet service,No internet service,Two year,Yes,Mailed check,35.26,842.19,No,33.6876,1.5723999999999947,2,Established,Low,0,0,0,0
Male,0,Yes,No,47,Yes,Yes,No,No internet service,No internet service,No internet service,No internet service,No internet service,No internet service,Month-to-month,No,Electronic check,32.33,1438.52,No,30.6068085106383,1.7231914893616995,2,Established,Low,2,1,0,0
Male,0,Yes,No,72,Yes,Yes,DSL,Yes,No,Yes,Yes,Yes,No,One year,Yes,Bank transfer,69.23,4933.21,No,68.51680555555555,0.7131944444444542,6,Loyal,Medium,1,0,1,1
Female,0,Yes,Yes,4,Yes,No,DSL,No,No,Yes,Yes,Yes,Yes,Month-to-month,No,Bank transfer,76.29,358.34,No,89.585,-13.294999999999987,5,New,High,2,0,1,0
Male,1,Yes,Yes,58,Yes,No,DSL,No,No,No,No,No,Yes,Month-to-month,No,Bank transfer,59.41,3437.08,No,59.26,0.14999999999999858,2,Loyal,Medium,2,0,0,0
Male,0,Yes,No,8,Yes,Yes,DSL,No,Yes,Yes,No,Yes,Yes,Month-to-month,Yes,Mailed check,77.6,617.8,Yes,77.225,0.375,6,New,High,2,0,0,0
Female,0,No,Yes,55,Yes,No,No,No internet service,No internet service,No internet service,No internet service,No internet service,No internet service,Month-to-month,No,Electronic check,30.16,1689.89,No,30.725272727272728,-0.5652727272727276,1,Loyal,Low,2,1,0,0
Male,0,Yes,No,23,Yes,Yes,No,No internet service,No internet service,No internet service,No internet service,No internet service,No internet service,One year,Yes,Bank transfer,34.15,807.22,No,35.09652173913044,-0.9465217391304392,2,Developing,Low,1,0,0,0
Male,0,No,No,10,Yes,No,Fiber optic,Yes,No,Yes,Yes,Yes,No,One year,Yes,Credit card,94.09,1058.48,Yes,105.848,-11.757999999999996,5,New,High,1,0,1,1
Female,0,No,Yes,17,Yes,No,No,No internet service,No internet service,No internet service,No internet service,No internet service,No internet service,Month-to-month,Yes,Mailed check,28.5,578.99,No,34.05823529411765,-5.558235294117651,1,Developing,Low,2,0,0,0
Male,0,Yes,No,27,Yes,No,Fiber optic,No,Yes,Yes,No,No,No,Month-to-month,Yes,Bank transfer,80.84,2217.03,No,82.11222222222223,-1.2722222222222257,3,Established,High,2,0,0,0
Female,0,Yes,Yes,53,Yes,No,Fiber optic,No,No,No,Yes,No,Yes,Two year,No,Mailed check,78.14,4119.48,No,77.72603773584905,0.4139622641509533,3,Loyal,High,0,0,1,0
Male,0,No,Yes,50,Yes,No,DSL,Yes,No,No,No,Yes,No,Month-to-month,Yes,Credit card,65.21,3369.3,No,67.38600000000001,-2.176000000000016,3,Loyal,Medium,2,0,0,1
Male,0,No,No,53,Yes,Yes,No,No internet service,No internet service,No internet service,No internet service,No internet service,No internet service,Two year,Yes,Electronic check,30.65,1759.95,No,33.20660377358491,-2.5566037735849108,2,Loyal,Low,0,1,0,0
Male,0,No,Yes,2,Yes,No,Fiber optic,No,No,No,No,No,Yes,Month-to-month,No,Mailed check,80.45,38.78,No,19.39,61.06,2,New,High,2,0,0,0
Female,0,Yes,No,71,Yes,Yes,Fiber optic,Yes,No,No,No,No,No,Month-to-month,Yes,Mailed check,78.89,5595.71,No,78.81281690140845,0.07718309859154715,3,Loyal,High,2,0,0,1
Male,0,No,No,32,Yes,No,DSL,No,No,No,No,Yes,Yes,Month-to-month,No,Bank transfer,52.22,1657.27,No,51.7896875,0.43031249999999943,3,Established,Medium,2,0,0,0
Female,0,No,Yes,9,Yes,No,Fiber optic,Yes,No,No,Yes,Yes,Yes,Month-to-month,No,Bank transfer,97.87,805.13,No,89.4588888888889,8.411111111111111,5,New,High,2,0,1,1
Male,0,No,No,67,Yes,No,No,No internet service,No internet service,No internet service,No internet service,No internet service,No internet service,Two year,No,Bank transfer,28.77,1889.11,No,28.195671641791044,0.5743283582089553,1,Loyal,Low,0,0,0,0
Male,1,Yes,No,58,Yes,No,Fiber optic,No,Yes,No,No,No,Yes,One year,Yes,Bank transfer,76.66,4417.37,No,76.16155172413792,0.4984482758620743,3,Loyal,High,1,0,0,0
Female,0,No,Yes,6,Yes,No,No,No internet service,No internet service,No internet service,No internet service,No internet service,No internet service,One year,Yes,Mailed check,30.77,271.33,No,45.221666666666664,-14.451666666666664,1,New,Low,1,0,0,0
Female,0,Yes,No,32,Yes,No,Fiber optic,No,No,Yes,No,Yes,No,One year,No,Electronic check,80.68,2471.81,No,77.2440625,3.4359375000000085,3,Established,High,1,1,0,0
Female,0,No,No,66,Yes,No,No,No internet service,No internet service,No internet service,No internet service,No internet service,No internet service,One year,Yes,Credit card,35.41,2357.99,No,35.72712121212121,-0.317121212121215,1,Loyal,Low,1,0,0,0
Male,0,No,No,50,Yes,No,Fiber optic,No,No,Yes,No,No,Yes,One year,No,Electronic check,76.5,3764.35,No,75.28699999999999,1.213000000000008,3,Loyal,High,1,1,0,0
Female,0,No,No,15,Yes,No,Fiber optic,No,No,No,No,Yes,No,One year,Yes,Electronic check,74.61,1218.99,Yes,81.266,-6.656000000000006,2,Developing,High,1,1,0,0
Female,0,Yes,No,51,Yes,No,No,No internet service,No internet service,No internet service,No internet service,No internet service,No internet service,Two year,No,Electronic check,31.42,1612.11,No,31.61,-0.18999999999999773,1,Loyal,Low,0,1,0,0
Female,0,No,Yes,14,Yes,Yes,No,No internet service,No internet service,No internet service,No internet service,No internet service,No internet service,Month-to-month,Yes,Mailed check,33.43,544.52,Yes,38.894285714285715,-5.464285714285715,2,Developing,Low,2,0,0,0
Female,1,Yes,Yes,26,Yes,No,DSL,No,Yes,No,No,No,No,Month-to-month,Yes,Mailed check,47.87,1253.55,No,48.21346153846154,-0.3434615384615398,2,Established,Medium,2,0,0,0
Female,0,Yes,No,15,Yes,Yes,No,No internet service,No internet service,No internet service,No internet service,No internet service,No internet service,Month-to-month,No,Bank transfer,36.05,412.31,No,27.487333333333332,8.562666666666665,2,Developing,Low,2,0,0,0
Female,0,No,No,50,Yes,Yes,Fiber optic,Yes,Yes,Yes,No,Yes,No,Month-to-month,No,Bank transfer,103.53,5135.36,No,102.7072,0.8228000000000009,6,Loyal,Very High,2,0,0,1
Female,0,No,No,68,Yes,No,DSL,No,No,No,Yes,Yes,No,Month-to-month,Yes,Electronic check,57.93,4078.12,No,59.97235294117647,-2.0423529411764676,3,Loyal,Medium,2,1,1,0
Male,1,Yes,Yes,4,Yes,No,Fiber optic,Yes,Yes,Yes,No,No,No,Month-to-month,No,Electronic check,84.28,384.57,No,96.1425,-11.862499999999997,4,New,High,2,1,0,1
Female,1,No,No,44,No,No phone service,Fiber optic,No,Yes,No,No,No,No,Month-to-month,Yes,Credit card,64.1,2982.39,Yes,67.78159090909091,-3.6815909090909145,1,Established,Medium,2,0,0,0
Male,0,Yes,Yes,18,No,No phone service,Fiber optic,No,Yes,No,No,Yes,No,Month-to-month,No,Bank transfer,72.33,1426.16,No,79.23111111111112,-6.9011111111111205,2,Developing,High,2,0,0,0
Male,0,No,No,55,Yes,Yes,Fiber optic,Yes,No,No,No,Yes,No,Two year,No,Credit card,84.67,4608.85,No,83.79727272727273,0.8727272727272748,4,Loyal,High,0,0,0,1
Male,0,No,No,11,No,No phone service,DSL,Yes,No,No,No,Yes,No,One year,Yes,Electronic check,55.02,500.98,Yes,45.54363636363637,9.476363636363637,2,New,Medium,1,1,0,1
Female,0,No,Yes,27,Yes,Yes,DSL,Yes,No,No,No,Yes,No,Month-to-month,No,Credit card,67.96,1925.09,No,71.29962962962962,-3.339629629629627,4,Established,Medium,2,0,0,1
Female,0,No,No,15,Yes,Yes,Fiber optic,Yes,No,Yes,No,No,Yes,Two year,No,Credit card,88.98,1419.08,No,94.60533333333333,-5.62533333333333,5,Developing,High,0,0,0,1
Male,0,No,No,63,Yes,Yes,DSL,No,No,Yes,Yes,No,No,Two year,Yes,Mailed check,60.84,3836.49,No,60.89666666666666,-0.05666666666665776,4,Loyal,Medium,0,0,1,0
Male,0,Yes,No,6,Yes,Yes,Fiber optic,Yes,Yes,No,No,No,No,Two year,No,Bank transfer,90.12,424.97,No,70.82833333333333,19.29166666666667,4,New,High,0,0,0,1
Male,1,No,No,42,Yes,Yes,Fiber optic,No,No,No,No,No,Yes,Month-to-month,No,Electronic check,86.74,3600.66,No,85.72999999999999,1.0100000000000051,3,Established,High,2,1,0,0
Female,1,Yes,No,9,Yes,Yes,DSL,Yes,Yes,No,No,No,No,Month-to-month,No,Bank transfer,62.73,578.57,No,64.28555555555556,-1.5555555555555642,4,New,Medium,2,0,0,1
Female,1,Yes,No,44,Yes,No,DSL,No,Yes,No,No,No,No,Month-to-month,Yes,Credit card,50.12,2267.78,No,51.54045454545455,-1.4204545454545539,2,Established,Medium,2,0,0,0
Female,0,No,No,56,Yes,No,Fiber optic,No,No,Yes,No,Yes,No,One year,Yes,Mailed check,82.1,4518.44,No,80.68642857142856,1.41357142857143,3,Loyal,High,1,0,0,0
Female,0,Yes,No,55,Yes,No,No,No internet service,No internet service,No internet service,No internet service,No internet service,No internet service,One year,Yes,Electronic check,26.33,1531.11,No,27.838363636363635,-1.5083636363636366,1,Loyal,Low,1,1,0,0
Male,0,Yes,Yes,3,Yes,Yes,No,No internet service,No internet service,No internet service,No internet service,No internet service,No internet service,One year,No,Mailed check,39.42,182.59,No,60.86333333333334,-21.443333333333335,2,New,Low,1,0,0,0
Female,0,No,Yes,56,Yes,Yes,Fiber optic,Yes,No,No,No,No,No,One year,No,Bank transfer,84.92,4820.96,No,86.08857142857143,-1.1685714285714255,3,Loyal,High,1,0,0,1
Female,0,Yes,No,22,No,No phone service,DSL,No,No,No,Yes,No,No,Two year,Yes,Bank transfer,44.27,1017.04,No,46.22909090909091,-1.9590909090909037,1,Developing,Medium,0,0,1,0
Male,1,Yes,Yes,50,Yes,No,Fiber optic,No,Yes,No,No,No,No,Month-to-month,No,Mailed check,70.75,3364.26,No,67.2852,3.4647999999999968,2,Loyal,High,2,0,0,0
Male,0,Yes,No,70,Yes,No,Fiber optic,No,No,Yes,No,Yes,Yes,Two year,No,Credit card,86.66,6091.59,No,87.02271428571429,-0.36271428571429,4,Loyal,High,0,0,0,0
Female,0,Yes,No,9,Yes,No,Fiber optic,No,No,No,No,Yes,No,Two year,Yes,Electronic check,74.61,640.95,No,71.21666666666667,3.393333333333331,2,New,High,0,1,0,0
Female,0,No,No,27,No,No phone service,Fiber optic,Yes,No,Yes,No,Yes,No,Month-to-month,Yes,Electronic check,77.65,2143.2,No,79.37777777777777,-1.72777777777776,3,Established,High,2,1,0,1
Male,0,No,No,63,Yes,No,Fiber optic,Yes,Yes,No,No,Yes,No,Two year,No,Electronic check,87.82,5405.46,No,85.80095238095238,2.019047619047612,4,Loyal,High,0,1,0,1
Male,0,No,No,11,Yes,No,DSL,No,No,Yes,No,No,Yes,Month-to-month,Yes,Credit card,64.42,547.37,No,49.76090909090909,14.659090909090914,3,New,Medium,2,0,0,0
Male,0,Yes,Yes,19,Yes,Yes,No,No internet service,No internet service,No internet service,No internet service,No internet service,No internet service,Month-to-month,Yes,Bank transfer,35.81,728.06,No,38.31894736842105,-2.5089473684210475,2,Developing,Low,2,0,0,0
Male,0,No,No,40,Yes,Yes,Fiber optic,No,Yes,Yes,No,No,Yes,Two year,No,Bank transfer,88.6,3472.82,No,86.82050000000001,1.7794999999999845,5,Established,High,0,0,0,0
Male,0,Yes,No,72,Yes,No,Fiber optic,No,Yes,Yes,No,No,Yes,Month-to-month,No,Credit card,89.83,6297.54,No,87.46583333333334,2.3641666666666623,4,Loyal,High,2,0,0,0
Female,0,No,Yes,22,Yes,Yes,No,No internet service,No internet service,No internet service,No internet service,No internet service,No internet service,Month-to-month,No,Mailed check,29.71,569.04,No,25.865454545454543,3.8445454545454574,2,Developing,Low,2,0,0,0
Female,0,No,Yes,28,Yes,Yes,Fiber optic,Yes,No,No,No,Yes,Yes,Two year,Yes,Electronic check,97.92,2728.61,No,97.45035714285714,0.46964285714285836,5,Established,High,0,1,0,1
Male,0,Yes,No,58,Yes,No,DSL,Yes,No,No,No,Yes,No,Month-to-month,Yes,Bank transfer,56.36,3359.01,No,57.91396551724138,-1.5539655172413802,3,Loyal,Medium,2,0,0,1
Female,0,No,No,9,Yes,No,DSL,No,No,No,No,Yes,No,Month-to-month,Yes,Mailed check,55.39,501.6,No,55.733333333333334,-0.3433333333333337,2,New,Medium,2,0,0,0
Female,0,No,Yes,24,Yes,No,Fiber optic,No,Yes,No,Yes,Yes,No,Month-to-month,Yes,Mailed check,89.21,2094.88,Yes,87.28666666666668,1.9233333333333178,4,Developing,High,2,0,1,0
Female,0,Yes,No,23,Yes,Yes,Fiber optic,No,Yes,No,No,No,No,Month-to-month,Yes,Electronic check,82.78,1883.26,No,81.8808695652174,0.8991304347826059,3,Developing,High,2,1,0,0
Male,0,No,Yes,29,Yes,No,Fiber optic,No,No,No,No,No,No,Month-to-month,No,Mailed check,65.92,1972.17,No,68.00586206896551,-2.085862068965511,1,Established,Medium,2,0,0,0
Female,0,No,Yes,42,Yes,Yes,DSL,No,No,Yes,No,No,No,Month-to-month,Yes,Mailed check,55.6,2379.28,No,56.649523809523814,-1.0495238095238122,3,Established,Medium,2,0,0,0
Female,0,Yes,No,16,No,No phone service,DSL,Yes,No,No,Yes,Yes,Yes,Two year,Yes,Electronic check,64.14,1083.56,No,67.7225,-3.582499999999996,4,Developing,Medium,0,1,1,1
Female,1,Yes,Yes,29,Yes,Yes,Fiber optic,No,No,Yes,No,No,Yes,Month-to-month,No,Credit card,89.81,2744.18,No,94.62689655172413,-4.816896551724128,4,Established,High,2,0,0,0
Female,0,No,No,67,Yes,No,Fiber optic,No,No,No,No,No,No,One year,No,Electronic check,77.37,5187.61,No,77.42701492537313,-0.05701492537312447,1,Loyal,High,1,1,0,0
Male,0,No,Yes,60,Yes,No,Fiber optic,No,No,Yes,Yes,No,Yes,Month-to-month,No,Credit card,87.64,5314.96,No,88.58266666666667,-0.9426666666666677,4,Loyal,High,2,0,1,0
Female,1,No,No,69,Yes,Yes,Fiber optic,Yes,No,Yes,No,No,No,Month-to-month,Yes,Electronic check,90.19,6051.63,No,87.70478260869565,2.485217391304346,4,Loyal,High,2,1,0,1
Male,0,No,No,50,Yes,No,Fiber optic,No,No,Yes,No,Yes,Yes,One year,No,Credit card,87.48,4388.44,No,87.7688,-0.28879999999999484,4,Loyal,High,1,0,0,0
Female,0,No,Yes,42,Yes,No,Fiber optic,No,Yes,No,No,No,Yes,Month-to-month,No,Mailed check,78.66,3195.72,Yes,76.08857142857143,2.5714285714285694,3,Established,High,2,0,0,0
Male,0,Yes,No,16,Yes,Yes,Fiber optic,Yes,Yes,No,No,No,No,Month-to-month,Yes,Electronic check,91.66,1416.12,No,88.5075,3.1525000000000034,4,Developing,High,2,1,0,1
Male,0,Yes,No,12,No,No phone service,Fiber optic,Yes,No,No,No,Yes,No,Month-to-month,Yes,Electronic check,71.19,817.57,Yes,68.13083333333334,3.0591666666666555,2,New,High,2,1,0,1
Male,0,Yes,Yes,39,Yes,Yes,DSL,No,No,No,No,No,Yes,Month-to-month,Yes,Mailed check,54.35,2119.34,No,54.34205128205129,0.007948717948714545,3,Established,Medium,2,0,0,0
Male,0,No,No,30,Yes,No,Fiber optic,No,No,No,No,Yes,Yes,Month-to-month,No,Credit card,78.69,2314.08,No,77.136,1.554000000000002,3,Established,High,2,0,0,0
Female,0,No,Yes,57,Yes,Yes,DSL,Yes,No,No,Yes,No,No,Month-to-month,Yes,Electronic check,64.48,3644.76,No,63.94315789473685,0.5368421052631547,4,Loyal,Medium,2,1,1,1
Male,0,No,Yes,1,Yes,No,Fiber optic,Yes,No,No,No,No,No,Month-to-month,No,Electronic check,72.33,124.34,Yes,124.34,-52.010000000000005,2,New,High,2,1,0,1
Male,0,Yes,No,65,Yes,No,Fiber optic,No,No,No,No,Yes,Yes,Month-to-month,No,Bank transfer,77.96,5074.44,No,78.06830769230768,-0.10830769230769022,3,Loyal,High,2,0,0,0
Male,0,Yes,Yes,13,Yes,Yes,Fiber optic,No,Yes,No,Yes,Yes,No,Month-to-month,Yes,Bank transfer,101.7,1316.72,Yes,101.28615384615385,0.4138461538461513,5,Developing,Very High,2,0,1,0
Male,0,No,No,29,Yes,Yes,No,No internet service,No internet service,No internet service,No internet service,No internet service,No internet service,One year,No,Mailed check,26.27,761.46,No,26.257241379310347,0.012758620689652389,2,Established,Low,1,0,0,0
Male,0,Yes,No,26,Yes,No,Fiber optic,Yes,No,No,Yes,Yes,No,Month-to-month,Yes,Electronic check,85.36,2201.02,Yes,84.65461538461538,0.7053846153846166,4,Established,High,2,1,1,1
Male,0,Yes,No,67,Yes,Yes,DSL,No,No,No,No,Yes,Yes,Month-to-month,No,Mailed check,73.49,5003.08,No,74.67283582089551,-1.1828358208955194,4,Loyal,High,2,0,0,0
Male,0,No,Yes,52,Yes,No,No,No internet service,No internet service,No internet service,No internet service,No internet service,No internet service,One year,No,Electronic check,28.24,1461.16,No,28.099230769230772,0.14076923076922654,1,Loyal,Low,1,1,0,0
Male,0,No,Yes,3,Yes,No,Fiber optic,No,Yes,Yes,Yes,No,No,Month-to-month,Yes,Bank transfer,94.85,465.38,No,155.12666666666667,-60.27666666666667,4,New,High,2,0,1,0
Female,0,No,No,62,Yes,Yes,Fiber optic,No,No,No,No,No,Yes,Month-to-month,Yes,Electronic check,87.13,5438.48,No,87.7174193548387,-0.5874193548387012,3,Loyal,High,2,1,0,0
Female,0,Yes,Yes,49,Yes,No,DSL,No,No,No,Yes,Yes,No,Month-to-month,Yes,Credit card,53.28,2670.47,No,54.499387755102035,-1.2193877551020336,3,Loyal,Medium,2,0,1,0
Female,0,Yes,No,5,No,No phone service,Fiber optic,Yes,No,No,No,Yes,No,Month-to-month,No,Bank transfer,77.0,359.69,Yes,71.938,5.061999999999998,2,New,High,2,0,0,1
Female,0,Yes,No,57,Yes,No,Fiber optic,Yes,Yes,Yes,No,Yes,Yes,Month-to-month,Yes,Bank transfer,96.74,5558.49,No,97.51736842105262,-0.7773684210526284,6,Loyal,High,2,0,0,1
Female,0,Yes,No,3,Yes,Yes,No,No internet service,No internet service,No internet service,No internet service,No internet service,No internet service,Month-to-month,Yes,Credit card,33.98,183.47,Yes,61.156666666666666,-27.17666666666667,2,New,Low,2,0,0,0
Female,0,Yes,No,31,Yes,No,Fiber optic,No,No,Yes,No,Yes,No,Two year,Yes,Credit card,77.98,2434.23,No,78.52354838709678,-0.5435483870967772,3,Established,High,0,0,0,0
Female,0,Yes,Yes,12,Yes,Yes,Fiber optic,No,Yes,Yes,No,Yes,Yes,One year,Yes,Bank transfer,98.39,1149.7,No,95.80833333333334,2.5816666666666634,6,New,High,1,0,0,0
Female,0,No,Yes,1,Yes,No,Fiber optic,No,Yes,No,Yes,Yes,No,Month-to-month,Yes,Bank transfer,89.9,177.5,Yes,177.5,-87.6,4,New,High,2,0,1,0
Male,0,Yes,No,41,No,No phone service,No,No internet service,No internet service,No internet service,No internet service,No internet service,No internet service,Two year,Yes,Credit card,18.0,894.74,No,21.822926829268294,-3.822926829268294,0,Established,Low,0,0,0,0
Male,1,Yes,No,50,Yes,Yes,DSL,No,No,Yes,Yes,Yes,Yes,Month-to-month,Yes,Electronic check,69.26,3343.88,No,66.8776,2.382400000000004,6,Loyal,Medium,2,1,1,0
Male,0,Yes,No,35,No,No phone service,Fiber optic,No,No,No,No,No,No,Month-to-month,No,Bank transfer,63.64,2189.44,No,62.55542857142857,1.0845714285714294,0,Established,Medium,2,0,0,0
Female,0,No,Yes,25,Yes,Yes,DSL,No,Yes,No,Yes,No,Yes,Month-to-month,Yes,Bank transfer,69.02,1721.89,No,68.8756,0.14439999999999031,5,Established,Medium,2,0,1,0
Female,0,Yes,No,37,Yes,No,DSL,No,Yes,No,Yes,Yes,Yes,Two year,Yes,Mailed check,73.68,2697.34,No,72.90108108108109,0.7789189189189187,5,Established,High,0,0,1,0
Male,0,Yes,Yes,11,Yes,Yes,Fiber optic,No,No,Yes,Yes,Yes,Yes,Month-to-month,Yes,Credit card,97.93,1072.31,No,97.48272727272727,0.4472727272727326,6,New,High,2,0,1,0
Female,0,Yes,No,4,Yes,No,Fiber optic,Yes,No,Yes,No,No,Yes,One year,Yes,Bank transfer,91.09,284.11,No,71.0275,20.0625,4,New,High,1,0,0,1
Male,0,Yes,Yes,12,Yes,No,No,No internet service,No internet service,No internet service,No internet service,No internet service,No internet service,One year,Yes,Bank transfer,30.86,444.77,No,37.064166666666665,-6.204166666666666,1,New,Low,1,0,0,0
Female,1,No,No,4,Yes,No,Fiber optic,No,Yes,Yes,No,No,Yes,Month-to-month,No,Credit card,89.06,358.38,No,89.595,-0.5349999999999966,4,New,High,2,0,0,0
Female,0,Yes,No,56,Yes,Yes,DSL,No,No,No,Yes,No,Yes,Month-to-month,Yes,Bank transfer,59.6,3357.55,No,59.956250000000004,-0.35625000000000284,4,Loyal,Medium,2,0,1,0
Male,1,Yes,No,44,Yes,No,DSL,No,Yes,No,No,No,Yes,Month-to-month,Yes,Electronic check,57.76,2518.66,No,57.24227272727273,0.5177272727272708,3,Established,Medium,2,1,0,0
Female,0,No,No,14,Yes,No,DSL,No,Yes,Yes,Yes,No,No,One year,Yes,Electronic check,64.61,849.34,No,60.667142857142856,3.942857142857143,4,Developing,Medium,1,1,1,0
Female,1,Yes,Yes,42,Yes,Yes,Fiber optic,No,No,No,Yes,Yes,Yes,Month-to-month,No,Mailed check,93.79,3886.43,No,92.53404761904761,1.2559523809523938,5,Established,High,2,0,1,0
Male,0,No,No,35,No,No phone service,Fiber optic,No,Yes,No,No,No,No,Month-to-month,Yes,Electronic check,58.61,2180.13,No,62.28942857142857,-3.6794285714285735,1,Established,Medium,2,1,0,0
Female,0,Yes,No,9,Yes,Yes,Fiber optic,No,No,Yes,No,Yes,Yes,Month-to-month,No,Bank transfer,93.29,760.95,Yes,84.55000000000001,8.739999999999995,5,New,High,2,0,0,0
Male,0,No,No,70,No,No phone service,DSL,No,Yes,Yes,No,No,No,One year,Yes,Credit card,44.21,3063.03,No,43.75757142857143,0.4524285714285696,2,Loyal,Medium,1,0,0,0
Female,0,Yes,No,68,Yes,Yes,DSL,No,No,No,No,No,No,One year,No,Electronic check,50.57,3293.97,No,48.440735294117644,2.129264705882356,2,Loyal,Medium,1,1,0,0
Female,0,Yes,No,55,Yes,No,DSL,No,Yes,Yes,No,Yes,No,Month-to-month,Yes,Credit card,57.22,3185.75,No,57.92272727272727,-0.7027272727272731,4,Loyal,Medium,2,0,0,0
Male,0,Yes,Yes,59,Yes,Yes,Fiber optic,Yes,No,No,No,Yes,No,Month-to-month,Yes,Bank transfer,92.1,5504.58,No,93.29796610169491,-1.1979661016949166,4,Loyal,High,2,0,0,1
Female,0,No,No,40,Yes,No,DSL,No,Yes,No,No,No,Yes,Month-to-month,Yes,Credit card,60.43,2277.02,Yes,56.9255,3.5045,3,Established,Medium,2,0,0,0
Male,0,Yes,No,58,Yes,Yes,DSL,Yes,No,Yes,Yes,Yes,Yes,Month-to-month,Yes,Electronic check,78.37,4487.59,No,77.37224137931035,0.9977586206896518,7,Loyal,High,2,1,1,1
Male,0,No,No,39,Yes,Yes,Fiber optic,No,No,Yes,Yes,No,Yes,Month-to-month,No,Mailed check,92.27,3534.97,No,90.6402564102564,1.6297435897435975,5,Established,High,2,0,1,0
Male,1,No,No,12,Yes,Yes,DSL,No,No,No,No,No,No,One year,Yes,Bank transfer,49.51,565.61,No,47.134166666666665,2.3758333333333326,2,New,Medium,1,0,0,0
Female,0,Yes,No,13,Yes,Yes,Fiber optic,No,No,No,No,Yes,No,Month-to-month,No,Bank transfer,85.95,1161.52,Yes,89.34769230769231,-3.39769230769231,3,Developing,High,2,0,0,0
Male,0,Yes,No,62,Yes,Yes,No,No internet service,No internet service,No internet service,No internet service,No internet service,No internet service,Month-to-month,Yes,Credit card,30.99,1919.25,No,30.955645161290324,0.034354838709674596,2,Loyal,Low,2,0,0,0
Male,0,Yes,No,33,Yes,Yes,DSL,Yes,Yes,Yes,Yes,Yes,No,Month-to-month,Yes,Credit card,76.58,2527.1,No,76.57878787878788,0.0012121212121201097,7,Established,High,2,0,1,1
Male,0,No,No,53,Yes,Yes,DSL,Yes,Yes,No,Yes,Yes,No,Month-to-month,Yes,Electronic check,75.4,3882.17,No,73.24849056603773,2.151509433962275,6,Loyal,High,2,1,1,1
Female,0,No,Yes,11,Yes,No,DSL,No,No,No,No,Yes,No,One year,No,Mailed check,49.61,542.32,No,49.301818181818184,0.308181818181815,2,New,Medium,1,0,0,0
Male,1,No,No,33,No,No phone service,DSL,No,No,No,No,No,No,One year,No,Bank transfer,44.71,1551.7,No,47.02121212121212,-2.3112121212121224,0,Established,Medium,1,0,0,0
Female,0,Yes,No,7,Yes,Yes,No,No internet service,No internet service,No internet service,No internet service,No internet service,No internet service,Month-to-month,No,Electronic check,32.12,233.26,No,33.32285714285714,-1.202857142857141,2,New,Low,2,1,0,0
Male,0,No,No,16,Yes,No,Fiber optic,No,Yes,No,Yes,No,No,Month-to-month,No,Credit card,82.93,1166.42,No,72.90125,10.028750000000002,3,Developing,High,2,0,1,0
Female,0,Yes,No,8,Yes,No,Fiber optic,Yes,No,No,No,Yes,Yes,One year,Yes,Bank transfer,92.53,841.81,No,105.22625,-12.696249999999992,4,New,High,1,0,0,1
Male,0,Yes,No,15,Yes,Yes,Fiber optic,No,Yes,Yes,No,No,No,One year,Yes,Credit card,81.39,1328.91,Yes,88.59400000000001,-7.204000000000008,4,Developing,High,1,0,0,0
Male,0,Yes,Yes,44,No,No phone service,DSL,No,No,No,No,No,No,Two year,No,Credit card,36.95,1671.21,No,37.98204545454546,-1.0320454545454538,0,Established,Low,0,0,0,0
Female,0,Yes,No,1,Yes,No,Fiber optic,No,No,No,No,No,Yes,Two year,Yes,Electronic check,73.52,148.14,No,148.14,-74.61999999999999,2,New,High,0,1,0,0
Male,0,No,No,14,Yes,No,DSL,No,No,No,No,No,No,Two year,No,Mailed check,49.62,733.04,No,52.36,-2.740000000000002,1,Developing,Medium,0,0,0,0
Male,0,No,No,50,No,No phone service,No,No internet service,No internet service,No internet service,No internet service,No internet service,No internet service,Two year,No,Bank transfer,19.69,1037.21,No,20.7442,-1.054199999999998,0,Loyal,Low,0,0,0,0
Female,0,Yes,Yes,11,Yes,No,Fiber optic,No,No,No,No,No,No,Two year,Yes,Credit card,73.56,763.27,No,69.38818181818182,4.171818181818182,1,New,High,0,0,0,0
Female,1,Yes,Yes,41,Yes,Yes,DSL,No,Yes,Yes,No,Yes,No,Month-to-month,Yes,Bank transfer,76.53,3201.05,No,78.07439024390244,-1.5443902439024413,5,Established,High,2,0,0,0
Male,0,No,No,63,Yes,No,Fiber optic,No,Yes,Yes,No,Yes,Yes,One year,Yes,Electronic check,100.9,6177.65,Yes,98.0579365079365,2.8420634920635024,5,Loyal,Very High,1,1,0,0
Female,0,No,No,57,Yes,Yes,DSL,Yes,No,Yes,No,Yes,Yes,One year,Yes,Bank transfer,72.71,4131.72,No,72.4863157894737,0.22368421052630083,6,Loyal,High,1,0,0,1
Female,0,Yes,No,9,No,No phone service,DSL,No,No,No,Yes,No,Yes,Month-to-month,Yes,Electronic check,45.28,480.7,Yes,53.41111111111111,-8.13111111111111,2,New,Medium,2,1,1,0
Male,0,Yes,No,11,Yes,Yes,DSL,No,No,Yes,No,No,Yes,Month-to-month,Yes,Mailed check,60.28,780.27,No,70.93363636363637,-10.653636363636366,4,New,Medium,2,0,0,0
Female,0,No,No,51,Yes,No,DSL,No,Yes,No,No,No,No,Two year,No,Credit card,55.54,2865.89,No,56.193921568627445,-0.653921568627446,2,Loyal,Medium,0,0,0,0
Male,0,No,No,25,Yes,No,DSL,Yes,Yes,No,No,Yes,Yes,Month-to-month,Yes,Electronic check,73.01,1921.29,No,76.8516,-3.8415999999999997,5,Established,High,2,1,0,1
Female,0,No,No,31,Yes,No,No,No internet service,No internet service,No internet service,No internet service,No internet service,No internet service,Month-to-month,No,Electronic check,30.72,947.98,No,30.580000000000002,0.13999999999999702,1,Established,Low,2,1,0,0
Male,0,Yes,No,35,Yes,Yes,DSL,Yes,Yes,No,No,Yes,No,Month-to-month,No,Mailed check,72.2,2578.14,No,73.66114285714285,-1.4611428571428462,5,Established,High,2,0,0,1
Female,0,No,Yes,42,Yes,No,Fiber optic,No,Yes,No,No,Yes,No,Month-to-month,No,Credit card,80.36,3432.18,No,81.71857142857142,-1.3585714285714232,3,Established,High,2,0,0,0
Male,0,Yes,No,33,Yes,No,DSL,No,Yes,No,No,No,No,Month-to-month,Yes,Electronic check,51.36,1505.98,No,45.63575757575757,5.724242424242426,2,Established,Medium,2,1,0,0
Male,0,No,Yes,2,Yes,Yes,DSL,No,Yes,Yes,Yes,Yes,Yes,Month-to-month,Yes,Electronic check,83.34,229.17,Yes,114.585,-31.24499999999999,7,New,High,2,1,1,0
Female,0,Yes,No,7,No,No phone service,DSL,No,No,No,No,No,Yes,Month-to-month,Yes,Mailed check,45.45,327.62,No,46.80285714285714,-1.3528571428571396,1,New,Medium,2,0,0,0
Female,0,Yes,Yes,1,Yes,No,DSL,Yes,Yes,Yes,No,No,Yes,Month-to-month,No,Bank transfer,65.41,82.99,No,82.99,-17.58,5,New,Medium,2,0,0,1
Male,0,Yes,Yes,20,Yes,No,Fiber optic,No,Yes,Yes,No,Yes,No,Month-to-month,No,Electronic check,93.44,1940.46,No,97.023,-3.5829999999999984,4,Developing,High,2,1,0,0
Male,0,Yes,Yes,59,Yes,Yes,DSL,Yes,Yes,Yes,Yes,Yes,No,Month-to-month,Yes,Credit card,75.2,4394.07,No,74.4757627118644,0.7242372881355976,7,Loyal,High,2,0,1,1
Male,0,Yes,Yes,70,No,No phone service,DSL,No,No,Yes,No,Yes,Yes,Month-to-month,Yes,Credit card,55.33,3875.19,No,55.359857142857145,-0.029857142857146357,3,Loyal,Medium,2,0,0,0
Female,0,No,No,35,Yes,No,Fiber optic,Yes,Yes,No,No,No,Yes,Month-to-month,Yes,Mailed check,92.85,3255.36,No,93.01028571428571,-0.16028571428572036,4,Established,High,2,0,0,1
Male,1,No,No,2,Yes,No,No,No internet service,No internet service,No internet service,No internet service,No internet service,No internet service,One year,Yes,Electronic check,31.72,94.34,Yes,47.17,-15.450000000000003,1,New,Low,1,1,0,0
Male,0,No,No,6,Yes,Yes,DSL,Yes,Yes,No,No,Yes,Yes,Month-to-month,No,Mailed check,71.92,259.47,No,43.245000000000005,28.674999999999997,6,New,High,2,0,0,1
Female,0,Yes,No,59,Yes,No,Fiber optic,Yes,Yes,No,Yes,No,No,Two year,No,Electronic check,76.23,4551.2,No,77.13898305084746,-0.9089830508474535,4,Loyal,High,0,1,1,1
Female,0,Yes,No,25,No,No phone service,Fiber optic,No,No,No,No,Yes,No,One year,Yes,Mailed check,64.88,1678.84,No,67.1536,-2.273600000000002,1,Established,Medium,1,0,0,0
Female,0,Yes,No,64,Yes,Yes,Fiber optic,No,No,No,Yes,Yes,No,Month-to-month,Yes,Bank transfer,89.48,5622.34,No,87.8490625,1.6309375000000017,4,Loyal,High,2,0,1,0
Male,0,Yes,No,37,Yes,Yes,Fiber optic,No,No,No,No,Yes,No,Month-to-month,Yes,Electronic check,84.24,3057.66,No,82.63945945945946,1.6005405405405355,3,Established,High,2,1,0,0
Female,0,Yes,Yes,64,Yes,Yes,Fiber optic,Yes,No,No,No,Yes,No,Month-to-month,Yes,Electronic check,88.87,5778.43,No,90.28796875,-1.41796875,4,Loyal,High,2,1,0,1
Female,1,No,No,10,Yes,No,No,No internet service,No internet service,No internet service,No internet service,No internet service,No internet service,Month-to-month,No,Electronic check,30.3,224.65,No,22.465,7.835000000000001,1,New,Low,2,1,0,0
Male,0,No,Yes,62,Yes,No,DSL,No,No,Yes,Yes,No,Yes,Two year,No,Electronic check,63.11,4031.95,No,65.03145161290323,-1.9214516129032262,4,Loyal,Medium,0,1,1,0
Female,0,Yes,Yes,40,Yes,No,Fiber optic,No,No,Yes,No,No,No,One year,No,Electronic check,78.81,3077.9,No,76.9475,1.8624999999999972,2,Established,High,1,1,0,0
Male,0,No,No,32,Yes,No,Fiber optic,No,No,No,Yes,No,No,One year,No,Mailed check,78.03,2574.78,No,80.461875,-2.431875000000005,2,Established,High,1,0,1,0
Male,0,No,Yes,39,Yes,Yes,No,No internet service,No internet service,No internet service,No internet service,No internet service,No internet service,One year,No,Bank transfer,26.37,951.35,No,24.393589743589743,1.976410256410258,2,Established,Low,1,0,0,0
Male,1,Yes,Yes,24,Yes,No,Fiber optic,No,Yes,Yes,No,Yes,Yes,Two year,No,Electronic check,94.35,2330.68,No,97.11166666666666,-2.7616666666666703,5,Developing,High,0,1,0,0
Male,1,No,No,44,Yes,Yes,No,No internet service,No internet service,No internet service,No internet service,No internet service,No internet service,Two year,No,Mailed check,34.14,1520.4,No,34.554545454545455,-0.4145454545454541,2,Established,Low,0,0,0,0
Male,1,Yes,Yes,56,Yes,No,Fiber optic,No,No,Yes,No,Yes,No,Month-to-month,Yes,Credit card,83.1,4672.95,No,83.44553571428571,-0.3455357142857167,3,Loyal,High,2,0,0,0
Male,0,Yes,No,59,Yes,No,Fiber optic,No,Yes,Yes,Yes,No,Yes,Month-to-month,Yes,Bank transfer,91.04,5288.73,No,89.63949152542372,1.4005084745762844,5,Loyal,High,2,0,1,0
Male,0,No,No,71,Yes,No,No,No internet service,No internet service,No internet service,No internet service,No internet service,No internet service,Month-to-month,No,Credit card,21.55,1529.46,No,21.54169014084507,0.008309859154930876,1,Loyal,Low,2,0,0,0
Female,0,No,No,30,Yes,No,Fiber optic,Yes,Yes,No,No,Yes,No,Month-to-month,Yes,Mailed check,88.83,2602.32,No,86.744,2.0859999999999985,4,Established,High,2,0,0,1
Female,0,Yes,No,56,No,No phone service,Fiber optic,No,Yes,No,Yes,No,Yes,Month-to-month,Yes,Electronic check,81.78,4508.87,No,80.51553571428572,1.2644642857142827,3,Loyal,High,2,1,1,0
Male,0,Yes,Yes,64,Yes,No,Fiber optic,No,No,Yes,No,No,Yes,Month-to-month,Yes,Electronic check,74.62,4881.17,No,76.26828125,-1.6482812499999966,3,Loyal,High,2,1,0,0
Female,0,No,No,2,No,No phone service,DSL,Yes,No,Yes,Yes,Yes,No,One year,Yes,Bank transfer,66.91,362.83,No,181.415,-114.505,4,New,Medium,1,0,1,1
Male,0,Yes,No,35,Yes,No,No,No internet service,No internet service,No internet service,No internet service,No internet service,No internet service,Month-to-month,Yes,Credit card,31.76,1050.3,No,30.00857142857143,1.7514285714285727,1,Established,Low,2,0,0,0
Male,1,No,Yes,51,Yes,No,No,No internet service,No internet service,No internet service,No internet service,No internet service,No internet service,One year,No,Mailed check,24.4,1278.36,No,25.065882352941173,-0.6658823529411748,1,Loyal,Low,1,0,0,0
Male,0,No,No,33,Yes,No,Fiber optic,Yes,Yes,No,Yes,Yes,No,Month-to-month,Yes,Mailed check,87.61,2966.63,No,89.8978787878788,-2.287878787878796,5,Established,High,2,0,1,1
Female,1,Yes,No,8,Yes,No,DSL,No,No,No,No,Yes,No,Month-to-month,Yes,Mailed check,53.81,380.05,Yes,47.50625,6.303750000000001,2,New,Medium,2,0,0,0
Female,0,No,No,48,Yes,No,DSL,Yes,No,Yes,No,Yes,No,Two year,No,Electronic check,63.52,2978.2,No,62.04583333333333,1.474166666666676,4,Established,Medium,0,1,0,1
Female,0,No,No,30,Yes,No,DSL,No,Yes,Yes,No,No,Yes,Month-to-month,Yes,Electronic check,65.48,1964.42,No,65.48066666666666,-0.000666666666660376,4,Established,Medium,2,1,0,0
Male,0,No,Yes,45,No,No phone service,DSL,No,No,No,No,No,No,One year,Yes,Credit card,39.97,1800.02,No,40.00044444444445,-0.030444444444448493,0,Established,Low,1,0,0,0
Male,0,Yes,No,1,Yes,Yes,Fiber optic,No,Yes,No,No,Yes,No,Two year,Yes,Electronic check,91.35,18.0,No,18.0,73.35,4,New,High,0,1,0,0
Male,0,Yes,No,1,No,No phone service,No,No internet service,No internet service,No internet service,No internet service,No internet service,No internet service,Month-to-month,No,Mailed check,18.0,38.44,No,38.44,-20.439999999999998,0,New,Low,2,0,0,0
Male,0,Yes,No,44,Yes,No,Fiber optic,No,No,Yes,No,No,No,Month-to-month,Yes,Bank transfer,74.44,3339.76,Yes,75.90363636363637,-1.4636363636363683,2,Established,High,2,0,0,0
Male,0,No,No,71,No,No phone service,Fiber optic,No,No,Yes,No,No,No,Month-to-month,Yes,Mailed check,68.37,4893.63,No,68.9243661971831,-0.5543661971831,1,Loyal,Medium,2,0,0,0
Male,1,No,Yes,47,Yes,Yes,No,No internet service,No internet service,No internet service,No internet service,No internet service,No internet service,Month-to-month,Yes,Credit card,34.05,1579.5,No,33.6063829787234,0.4436170212765944,2,Established,Low,2,0,0,0
Female,0,No,No,68,Yes,Yes,No,No internet service,No internet service,No internet service,No internet service,No internet service,No internet service,Two year,Yes,Electronic check,37.59,2439.79,No,35.87926470588235,1.7107352941176543,2,Loyal,Low,0,1,0,0
Male,0,No,No,62,Yes,Yes,Fiber optic,Yes,No,Yes,No,No,No,One year,Yes,Credit card,91.31,5697.91,No,91.90177419354839,-0.5917741935483889,4,Loyal,High,1,0,0,1
Female,0,Yes,No,21,No,No phone service,Fiber optic,No,No,Yes,No,Yes,No,Month-to-month,Yes,Electronic check,70.68,1422.38,No,67.73238095238096,2.9476190476190425,2,Developing,High,2,1,0,0
Male,0,Yes,Yes,8,Yes,Yes,Fiber optic,No,Yes,No,No,No,Yes,One year,Yes,Electronic check,88.86,685.53,No,85.69125,3.168750000000003,4,New,High,1,1,0,0
Male,0,No,No,41,Yes,No,Fiber optic,Yes,No,Yes,No,Yes,No,Two year,No,Mailed check,84.88,3480.62,No,84.89317073170731,-0.013170731707319305,4,Established,High,0,0,0,1
Female,0,No,Yes,45,Yes,Yes,DSL,No,No,No,Yes,Yes,No,Month-to-month,Yes,Credit card,63.3,2912.79,Yes,64.72866666666667,-1.4286666666666719,4,Established,Medium,2,0,1,0
Male,0,No,No,56,Yes,No,Fiber optic,Yes,No,Yes,No,Yes,No,Month-to-month,No,Mailed check,80.43,4587.19,No,81.91410714285713,-1.4841071428571269,4,Loyal,High,2,0,0,1
Female,0,Yes,No,38,Yes,No,Fiber optic,No,No,Yes,No,Yes,No,Two year,No,Electronic check,83.65,3195.37,No,84.08868421052631,-0.43868421052630424,3,Established,High,0,1,0,0
Male,0,Yes,No,67,Yes,No,Fiber optic,Yes,No,No,No,No,No,One year,No,Mailed check,86.47,5796.05,Yes,86.50820895522388,-0.03820895522387957,2,Loyal,High,1,0,0,1
Female,0,No,Yes,61,Yes,No,No,No internet service,No internet service,No internet service,No internet service,No internet service,No internet service,Month-to-month,No,Electronic check,29.67,1871.21,No,30.675573770491805,-1.0055737704918037,1,Loyal,Low,2,1,0,0
Female,1,Yes,Yes,43,No,No phone service,No,No internet service,No internet service,No internet service,No internet service,No internet service,No internet service,Month-to-month,No,Credit card,29.16,1183.63,No,27.526279069767444,1.6337209302325562,0,Established,Low,2,0,0,0
Male,0,Yes,No,40,Yes,Yes,Fiber optic,No,Yes,No,Yes,No,Yes,Month-to-month,Yes,Credit card,99.16,3911.6,No,97.78999999999999,1.3700000000000045,5,Established,High,2,0,1,0
Female,0,No,No,2,Yes,No,DSL,Yes,No,Yes,No,No,No,One year,Yes,Bank transfer,52.99,222.75,No,111.375,-58.385,3,New,Medium,1,0,0,1
Male,0,No,Yes,57,Yes,No,DSL,No,Yes,No,No,No,No,One year,Yes,Mailed check,52.7,3121.18,No,54.75754385964912,-2.0575438596491153,2,Loyal,Medium,1,0,0,0
Male,0,No,No,50,Yes,Yes,Fiber optic,No,No,Yes,Yes,Yes,Yes,Month-to-month,No,Bank transfer,104.14,5065.8,No,101.316,2.823999999999998,6,Loyal,Very High,2,0,1,0
Female,0,No,Yes,65,Yes,Yes,No,No internet service,No internet service,No internet service,No internet service,No internet service,No internet service,One year,Yes,Mailed check,37.93,2425.51,No,37.315538461538466,0.6144615384615335,2,Loyal,Low,1,0,0,0
Female,0,No,No,7,Yes,No,Fiber optic,Yes,Yes,Yes,No,Yes,No,Month-to-month,Yes,Electronic check,89.12,697.99,Yes,99.71285714285715,-10.592857142857142,5,New,High,2,1,0,1
Female,0,Yes,No,11,Yes,No,DSL,No,No,Yes,Yes,No,Yes,One year,No,Mailed check,63.84,732.69,No,66.60818181818182,-2.768181818181816,4,New,Medium,1,0,1,0
Female,0,Yes,Yes,49,Yes,No,DSL,No,Yes,Yes,No,No,Yes,One year,Yes,Bank transfer,69.69,3402.88,No,69.4465306122449,0.2434693877550984,4,Loyal,Medium,1,0,0,0
Female,0,No,No,36,Yes,Yes,DSL,No,No,No,No,Yes,Yes,Month-to-month,No,Credit card,60.78,2091.13,No,58.08694444444445,2.693055555555553,4,Established,Medium,2,0,0,0
Male,1,Yes,No,43,Yes,No,Fiber optic,No,No,Yes,No,Yes,No,Month-to-month,Yes,Mailed check,86.14,3663.15,No,85.18953488372094,0.9504651162790623,3,Established,High,2,0,0,0
Female,0,No,No,32,No,No phone service,Fiber optic,No,No,No,No,No,No,Month-to-month,Yes,Credit card,66.73,2067.84,No,64.62,2.1099999999999994,0,Established,Medium,2,0,0,0
Male,0,No,No,47,Yes,No,DSL,Yes,Yes,Yes,No,Yes,No,One year,Yes,Bank transfer,61.15,2982.96,No,63.467234042553194,-2.3172340425531956,5,Established,Medium,1,0,0,1
Female,1,Yes,No,48,Yes,Yes,Fiber optic,No,No,No,No,Yes,No,One year,Yes,Credit card,81.49,3850.88,No,80.22666666666667,1.2633333333333212,3,Established,High,1,0,0,0
Male,0,Yes,Yes,14,Yes,Yes,No,No internet service,No internet service,No internet service,No internet service,No internet service,No internet service,Month-to-month,Yes,Credit card,33.89,484.73,No,34.62357142857143,-0.7335714285714303,2,Developing,Low,2,0,0,0
Male,0,No,No,55,No,No phone service,Fiber optic,Yes,No,Yes,Yes,Yes,No,Two year,No,Electronic check,87.5,4845.99,No,88.10890909090908,-0.60890909090908,4,Loyal,High,0,1,1,1
Female,1,Yes,No,36,Yes,Yes,DSL,No,Yes,No,Yes,Yes,Yes,Two year,No,Mailed check,77.03,2764.37,No,76.78805555555556,0.2419444444444423,6,Established,High,0,0,1,0
Male,0,Yes,Yes,42,Yes,No,Fiber optic,Yes,Yes,No,No,No,No,Month-to-month,No,Bank transfer,77.8,3264.37,No,77.72309523809524,0.07690476190475692,3,Established,High,2,0,0,1
Female,0,No,No,45,Yes,No,No,No internet service,No internet service,No internet service,No internet service,No internet service,No internet service,Month-to-month,Yes,Credit card,28.32,1172.2,No,26.04888888888889,2.271111111111111,1,Established,Low,2,0,0,0
Female,0,Yes,No,54,Yes,No,DSL,Yes,Yes,No,No,No,No,Month-to-month,No,Electronic check,57.74,3086.93,No,57.16537037037037,0.5746296296296336,3,Loyal,Medium,2,1,0,1
Male,0,Yes,Yes,22,Yes,No,DSL,Yes,No,Yes,No,No,No,Month-to-month,Yes,Bank transfer,55.36,1192.0,No,54.18181818181818,1.1781818181818196,3,Developing,Medium,2,0,0,1
Male,0,No,No,1,Yes,Yes,Fiber optic,No,No,No,No,Yes,No,Two year,Yes,Credit card,90.5,42.16,No,42.16,48.34,3,New,High,0,0,0,0
Female,0,No,Yes,14,Yes,No,DSL,No,No,No,Yes,No,Yes,One year,Yes,Electronic check,58.14,925.08,No,66.07714285714286,-7.9371428571428595,3,Developing,Medium,1,1,1,0
Female,0,Yes,No,70,Yes,No,No,No internet service,No internet service,No internet service,No internet service,No internet service,No internet service,Month-to-month,Yes,Mailed check,30.96,2320.74,No,33.15342857142857,-2.1934285714285693,1,Loyal,Low,2,0,0,0
Female,0,No,No,17,Yes,No,Fiber optic,No,No,No,No,No,No,Month-to-month,No,Mailed check,65.77,1196.89,No,70.40529411764706,-4.635294117647064,1,Developing,Medium,2,0,0,0
Female,1,No,No,18,Yes,No,DSL,No,Yes,No,No,Yes,No,Month-to-month,No,Mailed check,59.45,1191.16,No,66.17555555555556,-6.725555555555559,3,Developing,Medium,2,0,0,0
Female,0,Yes,No,62,Yes,Yes,No,No internet service,No internet service,No internet service,No internet service,No internet service,No internet service,Month-to-month,No,Mailed check,32.97,1993.63,No,32.15532258064516,0.8146774193548367,2,Loyal,Low,2,0,0,0
Female,0,Yes,Yes,17,Yes,No,Fiber optic,No,No,No,Yes,No,No,Month-to-month,Yes,Electronic check,72.98,1223.7,No,71.98235294117647,0.9976470588235316,2,Developing,High,2,1,1,0
Male,0,No,No,34,No,No phone service,Fiber optic,No,No,No,No,Yes,Yes,Two year,No,Bank transfer,82.17,2724.96,Yes,80.14588235294117,2.02411764705883,2,Established,High,0,0,0,0
Female,0,Yes,No,27,Yes,No,DSL,No,Yes,No,No,No,No,One year,No,Electronic check,48.37,1315.16,No,48.70962962962963,-0.33962962962963417,2,Established,Medium,1,1,0,0
Male,0,No,Yes,48,Yes,Yes,Fiber optic,Yes,Yes,Yes,No,No,No,Two year,No,Credit card,89.95,4246.41,No,88.466875,1.4831250000000011,5,Established,High,0,0,0,1
Male,1,No,No,43,Yes,Yes,No,No internet service,No internet service,No internet service,No internet service,No internet service,No internet service,Month-to-month,Yes,Electronic check,28.08,1122.66,Yes,26.10837209302326,1.9716279069767388,2,Established,Low,2,1,0,0
Male,0,Yes,No,38,Yes,No,DSL,No,No,Yes,Yes,No,No,Month-to-month,Yes,Bank transfer,52.46,1774.94,No,46.70894736842106,5.751052631578943,3,Established,Medium,2,0,1,0
Female,0,No,No,37,Yes,Yes,Fiber optic,No,No,No,Yes,No,No,One year,Yes,Mailed check,75.21,2819.35,No,76.19864864864864,-0.988648648648649,3,Established,High,1,0,1,0
Male,0,No,No,61,Yes,No,No,No internet service,No internet service,No internet service,No internet service,No internet service,No internet service,Month-to-month,No,Bank transfer,32.71,2089.69,No,34.2572131147541,-1.5472131147541006,1,Loyal,Low,2,0,0,0
Male,0,No,No,42,Yes,Yes,Fiber optic,Yes,No,Yes,No,No,Yes,Month-to-month,No,Electronic check,95.47,4095.28,Yes,97.50666666666667,-2.036666666666676,5,Established,High,2,1,0,1
Female,0,Yes,No,37,Yes,Yes,DSL,No,Yes,No,No,Yes,No,Two year,No,Mailed check,68.22,2585.57,No,69.88027027027027,-1.6602702702702743,4,Established,Medium,0,0,0,0
Male,0,No,No,64,Yes,Yes,DSL,No,Yes,No,No,No,Yes,One year,Yes,Electronic check,66.86,4344.79,No,67.88734375,-1.02734375,4,Loyal,Medium,1,1,0,0
Female,0,Yes,No,7,No,No phone service,Fiber optic,No,No,No,Yes,No,Yes,Two year,Yes,Electronic check,70.16,466.39,No,66.62714285714286,3.5328571428571394,2,New,High,0,1,1,0
Male,0,No,No,61,Yes,Yes,Fiber optic,No,No,No,Yes,Yes,No,Month-to-month,No,Bank transfer,92.27,5502.05,No,90.19754098360656,2.072459016393438,4,Loyal,High,2,0,1,0
Female,1,No,No,15,Yes,No,DSL,No,No,No,No,Yes,No,One year,Yes,Electronic check,52.23,697.3,No,46.486666666666665,5.743333333333332,2,Developing,Medium,1,1,0,0
Male,0,Yes,No,24,Yes,Yes,DSL,No,Yes,Yes,No,Yes,No,Month-to-month,No,Credit card,72.32,1711.26,Yes,71.3025,1.0174999999999983,5,Developing,High,2,0,0,0
Female,0,Yes,Yes,1,Yes,Yes,Fiber optic,No,Yes,Yes,Yes,No,Yes,Month-to-month,Yes,Mailed check,88.08,18.0,No,18.0,70.08,6,New,High,2,0,1,0
Female,0,No,Yes,42,Yes,No,Fiber optic,Yes,Yes,No,Yes,Yes,No,Month-to-month,No,Electronic check,87.22,3708.28,No,88.29238095238095,-1.0723809523809535,5,Established,High,2,1,1,1
Female,0,No,No,60,Yes,No,DSL,No,No,No,No,Yes,Yes,Two year,No,Credit card,57.18,3464.12,No,57.73533333333333,-0.5553333333333299,3,Loyal,Medium,0,0,0,0
Female,1,Yes,Yes,28,Yes,No,Fiber optic,No,Yes,No,No,No,Yes,Month-to-month,No,Electronic check,83.22,2372.77,No,84.74178571428571,-1.5217857142857127,3,Established,High,2,1,0,0
Female,0,Yes,No,48,Yes,No,Fiber optic,No,No,No,Yes,No,No,One year,Yes,Credit card,68.7,3370.6,No,70.22083333333333,-1.5208333333333286,2,Established,Medium,1,0,1,0
Female,0,No,No,29,Yes,Yes,DSL,No,No,No,No,No,Yes,Two year,No,Electronic check,69.1,1859.56,No,64.12275862068965,4.9772413793103425,3,Established,Medium,0,1,0,0
Female,0,Yes,No,55,Yes,No,DSL,Yes,No,Yes,No,No,No,One year,Yes,Mailed check,61.05,3294.34,No,59.89709090909091,1.152909090909084,3,Loyal,Medium,1,0,0,1
Male,1,No,No,72,Yes,Yes,No,No internet service,No internet service,No internet service,No internet service,No internet service,No internet service,Month-to-month,Yes,Credit card,40.21,2802.42,No,38.9225,1.2875000000000014,2,Loyal,Medium,2,0,0,0
Male,0,Yes,No,52,Yes,Yes,No,No internet service,No internet service,No internet service,No internet service,No internet service,No internet service,One year,Yes,Electronic check,40.75,2073.26,No,39.87038461538462,0.8796153846153771,2,Loyal,Medium,1,1,0,0
Male,0,Yes,No,25,Yes,Yes,DSL,No,Yes,Yes,No,No,Yes,Month-to-month,No,Bank transfer,72.18,1747.75,No,69.91,2.2700000000000102,5,Established,High,2,0,0,0
Male,0,No,No,60,Yes,No,No,No internet service,No internet service,No internet service,No internet service,No internet service,No internet service,Month-to-month,Yes,Electronic check,23.49,1236.16,No,20.602666666666668,2.8873333333333306,1,Loyal,Low,2,1,0,0
Female,0,Yes,No,3,Yes,Yes,Fiber optic,Yes,No,No,No,Yes,No,Month-to-month,Yes,Bank transfer,90.83,327.75,Yes,109.25,-18.42,4,New,High,2,0,0,1
Female,1,No,Yes,72,No,No phone service,No,No internet service,No internet service,No internet service,No internet service,No internet service,No internet service,One year,No,Electronic check,18.03,1405.76,No,19.524444444444445,-1.4944444444444436,0,Loyal,Low,1,1,0,0
Female,0,No,Yes,61,Yes,No,No,No internet service,No internet service,No internet service,No internet service,No internet service,No internet service,One year,No,Electronic check,27.07,1592.42,No,26.105245901639346,0.964754098360654,1,Loyal,Low,1,1,0,0
Female,0,Yes,No,48,Yes,Yes,Fiber optic,Yes,No,Yes,No,No,Yes,Two year,Yes,Electronic check,97.42,4625.55,No,96.36562500000001,1.0543749999999932,5,Established,High,0,1,0,1
Female,0,Yes,Yes,45,Yes,Yes,Fiber optic,No,No,No,No,No,Yes,Month-to-month,Yes,Bank transfer,81.75,3746.05,No,83.24555555555555,-1.4955555555555549,3,Established,High,2,0,0,0
Male,1,Yes,No,19,No,No phone service,DSL,No,No,No,No,Yes,Yes,Month-to-month,Yes,Credit card,49.54,935.28,No,49.22526315789474,0.31473684210526187,2,Developing,Medium,2,0,0,0
Male,0,No,No,32,Yes,Yes,Fiber optic,Yes,Yes,Yes,No,No,No,Month-to-month,No,Credit card,95.84,3111.62,Yes,97.238125,-1.3981249999999932,5,Established,High,2,0,0,1
Male,0,No,No,8,Yes,No,Fiber optic,Yes,Yes,Yes,Yes,No,Yes,Two year,No,Bank transfer,93.72,668.55,No,83.56875,10.151250000000005,6,New,High,0,0,1,1
Female,1,No,No,25,Yes,Yes,Fiber optic,No,Yes,No,No,No,No,Two year,Yes,Credit card,80.76,2067.74,No,82.7096,-1.9495999999999896,3,Established,High,0,0,0,0
Male,0,Yes,Yes,43,Yes,No,DSL,Yes,Yes,No,No,No,No,Two year,Yes,Credit card,55.66,2424.88,No,56.392558139534884,-0.7325581395348877,3,Established,Medium,0,0,0,1
Female,1,Yes,No,27,Yes,Yes,No,No internet service,No internet service,No internet service,No internet service,No internet service,No internet service,Month-to-month,Yes,Mailed check,37.32,971.51,No,35.98185185185185,1.33814814814815,2,Established,Low,2,0,0,0
Female,0,Yes,No,56,Yes,No,No,No internet service,No internet service,No internet service,No internet service,No internet service,No internet service,Month-to-month,Yes,Electronic check,30.93,1728.28,No,30.862142857142857,0.06785714285714306,1,Loyal,Low,2,1,0,0
Female,0,No,Yes,62,Yes,Yes,DSL,No,Yes,No,No,No,No,One year,Yes,Bank transfer,55.34,3260.94,No,52.5958064516129,2.744193548387102,3,Loyal,Medium,1,0,0,0
Male,0,Yes,Yes,41,Yes,Yes,Fiber optic,No,No,No,No,No,Yes,Month-to-month,Yes,Electronic check,77.31,3147.52,No,76.76878048780488,0.5412195121951271,3,Established,High,2,1,0,0
Female,0,Yes,No,25,Yes,Yes,No,No internet service,No internet service,No internet service,No internet service,No internet service,No internet service,Month-to-month,No,Credit card,40.12,1005.28,No,40.2112,-0.09120000000000061,2,Established,Medium,2,0,0,0
Female,0,Yes,Yes,22,Yes,No,Fiber optic,No,No,No,No,No,No,Month-to-month,Yes,Mailed check,61.0,1308.51,Yes,59.47772727272727,1.5222727272727283,1,Developing,Medium,2,0,0,0
Female,0,Yes,No,40,Yes,No,No,No internet service,No internet service,No internet service,No internet service,No internet service,No internet service,Month-to-month,Yes,Electronic check,29.63,1116.84,No,27.921,1.7089999999999996,1,Established,Low,2,1,0,0
Female,1,No,No,52,Yes,Yes,Fiber optic,No,Yes,Yes,No,No,Yes,Month-to-month,No,Credit card,93.81,4988.61,No,95.93480769230769,-2.1248076923076837,5,Loyal,High,2,0,0,0
Female,0,No,Yes,10,Yes,No,DSL,No,No,No,Yes,No,No,Two year,Yes,Electronic check,52.05,619.87,No,61.987,-9.937000000000005,2,New,Medium,0,1,1,0
Female,0,No,Yes,33,Yes,No,Fiber optic,No,No,No,No,No,No,One year,Yes,Credit card,71.23,2353.87,No,71.32939393939394,-0.09939393939393426,1,Established,High,1,0,0,0
Female,0,Yes,Yes,32,No,No phone service,Fiber optic,No,No,No,No,No,Yes,One year,Yes,Credit card,68.05,2206.57,No,68.9553125,-0.905312500000008,1,Established,Medium,1,0,0,0
Female,0,No,No,21,Yes,No,DSL,No,Yes,No,Yes,No,Yes,Month-to-month,Yes,Bank transfer,62.67,1170.89,No,55.756666666666675,6.913333333333327,4,Developing,Medium,2,0,1,0
Female,0,Yes,No,18,Yes,Yes,Fiber optic,No,No,No,No,No,No,One year,No,Bank transfer,78.33,1320.14,No,73.34111111111112,4.98888888888888,2,Developing,High,1,0,0,0
Female,0,No,Yes,61,Yes,No,Fiber optic,No,No,No,No,Yes,No,Month-to-month,No,Electronic check,78.07,4725.06,Yes,77.46000000000001,0.6099999999999852,2,Loyal,High,2,1,0,0
Male,0,No,No,32,Yes,No,Fiber optic,No,No,No,No,No,Yes,Month-to-month,Yes,Mailed check,65.88,2023.37,No,63.2303125,2.649687499999999,2,Established,Medium,2,0,0,0
Female,0,Yes,No,42,Yes,No,Fiber optic,No,No,No,No,No,Yes,Month-to-month,Yes,Credit card,76.72,3302.65,No,78.63452380952381,-1.9145238095238142,2,Established,High,2,0,0,0
Male,0,No,No,3,No,No phone service,Fiber optic,No,Yes,Yes,No,No,No,Month-to-month,Yes,Electronic check,75.2,175.69,No,58.56333333333333,16.63666666666667,2,New,High,2,1,0,0
Male,0,Yes,Yes,21,Yes,Yes,Fiber optic,No,No,No,No,Yes,No,Two year,Yes,Electronic check,81.11,1606.67,No,76.50809523809524,4.601904761904763,3,Developing,High,0,1,0,0
Female,1,Yes,Yes,17,Yes,Yes,Fiber optic,No,No,No,No,No,No,Two year,Yes,Mailed check,78.85,1500.58,No,88.26941176470588,-9.419411764705885,2,Developing,High,0,0,0,0
Female,0,Yes,No,24,Yes,No,DSL,No,Yes,No,Yes,Yes,Yes,Month-to-month,Yes,Bank transfer,74.08,1925.46,No,80.2275,-6.147500000000008,5,Developing,High,2,0,1,0
Female,0,Yes,No,61,Yes,No,No,No internet service,No internet service,No internet service,No internet service,No internet service,No internet service,One year,No,Bank transfer,28.37,1789.26,No,29.332131147540984,-0.9621311475409833,1,Loyal,Low,1,0,0,0
Female,0,No,No,42,Yes,Yes,No,No internet service,No internet service,No internet service,No internet service,No internet service,No internet service,Month-to-month,Yes,Electronic check,35.5,1335.63,No,31.80071428571429,3.699285714285711,2,Established,Low,2,1,0,0
Female,0,No,Yes,65,Yes,No,Fiber optic,No,Yes,No,No,Yes,Yes,Month-to-month,No,Electronic check,83.57,5550.13,No,85.38661538461538,-1.816615384615389,4,Loyal,High,2,1,0,0
Female,0,No,Yes,31,Yes,Yes,Fiber optic,No,Yes,Yes,Yes,Yes,Yes,One year,No,Credit card,105.63,3389.71,No,109.34548387096774,-3.715483870967745,7,Established,Very High,1,0,1,0
Female,1,No,No,56,Yes,Yes,No,No internet service,No internet service,No internet service,No internet service,No internet service,No internet service,One year,No,Electronic check,36.99,1932.95,No,34.51696428571429,2.4730357142857144,2,Loyal,Low,1,1,0,0
Female,1,No,Yes,12,Yes,Yes,DSL,No,No,Yes,No,No,No,One year,Yes,Electronic check,56.25,493.78,No,41.14833333333333,15.101666666666667,3,New,Medium,1,1,0,0
Male,0,Yes,No,59,No,No phone service,DSL,No,No,No,Yes,No,Yes,Month-to-month,Yes,Electronic check,48.46,2814.88,No,47.709830508474575,0.7501694915254262,2,Loyal,Medium,2,1,1,0
Female,0,Yes,No,44,Yes,Yes,DSL,No,Yes,No,No,No,No,Month-to-month,No,Bank transfer,60.08,2672.53,No,60.739318181818184,-0.6593181818181861,3,Established,Medium,2,0,0,0
Male,0,Yes,Yes,3,Yes,Yes,Fiber optic,Yes,No,No,No,No,No,Month-to-month,No,Electronic check,83.42,364.42,Yes,121.47333333333334,-38.05333333333334,3,New,High,2,1,0,1
Female,0,No,No,50,Yes,Yes,DSL,No,No,No,No,No,Yes,Month-to-month,No,Electronic check,61.86,2942.3,No,58.846000000000004,3.013999999999996,3,Loyal,Medium,2,1,0,0
Male,0,No,Yes,35,Yes,No,Fiber optic,Yes,No,Yes,No,No,No,Month-to-month,Yes,Mailed check,73.72,2725.18,Yes,77.8622857142857,-4.1422857142857055,3,Established,High,2,0,0,1
Female,0,No,No,1,Yes,No,Fiber optic,No,Yes,No,No,No,Yes,Month-to-month,Yes,Electronic check,83.69,18.0,Yes,18.0,65.69,3,New,High,2,1,0,0
Male,0,Yes,Yes,61,Yes,Yes,DSL,No,No,No,Yes,Yes,No,Month-to-month,Yes,Credit card,58.59,3643.35,No,59.72704918032787,-1.137049180327864,4,Loyal,Medium,2,0,1,0
Male,0,Yes,No,39,Yes,Yes,Fiber optic,No,No,Yes,No,No,No,Month-to-month,Yes,Credit card,80.92,3153.51,No,80.85923076923078,0.06076923076922469,3,Established,High,2,0,0,0
Female,0,No,No,44,Yes,Yes,DSL,No,No,Yes,No,Yes,No,One year,Yes,Bank transfer,72.76,3301.88,No,75.04272727272728,-2.2827272727272714,4,Established,High,1,0,0,0
Male,0,Yes,Yes,42,No,No phone service,Fiber optic,No,No,No,No,Yes,Yes,Month-to-month,No,Mailed check,78.27,3317.4,No,78.9857142857143,-0.7157142857142986,2,Established,High,2,0,0,0
Female,0,No,No,7,Yes,No,DSL,No,Yes,Yes,No,Yes,Yes,Month-to-month,No,Electronic check,71.31,493.92,No,70.56,0.75,5,New,High,2,1,0,0
Female,0,Yes,No,24,Yes,No,DSL,Yes,No,Yes,No,No,No,Two year,Yes,Mailed check,52.65,1318.11,No,54.92124999999999,-2.271249999999995,3,Developing,Medium,0,0,0,1
Male,0,Yes,No,51,Yes,Yes,DSL,Yes,Yes,No,No,No,No,Two year,No,Electronic check,69.17,3464.36,No,67.9286274509804,1.2413725490196015,4,Loyal,Medium,0,1,0,1
Male,0,No,Yes,25,Yes,No,Fiber optic,No,Yes,Yes,No,No,Yes,Month-to-month,No,Bank transfer,88.24,2196.35,No,87.854,0.3859999999999957,4,Established,High,2,0,0,0
Female,0,No,Yes,64,Yes,Yes,DSL,No,No,No,No,No,No,Month-to-month,Yes,Electronic check,43.72,2690.41,No,42.03765625,1.6823437500000011,2,Loyal,Medium,2,1,0,0
Male,0,No,No,23,Yes,Yes,Fiber optic,No,No,Yes,No,Yes,No,Month-to-month,No,Bank transfer,86.28,2042.99,No,88.82565217391304,-2.545652173913041,4,Developing,High,2,0,0,0
Male,0,Yes,No,34,Yes,No,No,No internet service,No internet service,No internet service,No internet service,No internet service,No internet service,Two year,Yes,Electronic check,29.09,1083.23,No,31.85970588235294,-2.769705882352941,1,Established,Low,0,1,0,0
Male,0,Yes,No,33,Yes,No,Fiber optic,Yes,No,No,No,No,Yes,Month-to-month,Yes,Mailed check,81.1,2712.52,No,82.19757575757576,-1.0975757575757683,3,Established,High,2,0,0,1
Female,0,No,No,2,Yes,Yes,DSL,No,No,No,No,Yes,No,Month-to-month,Yes,Electronic check,64.33,146.19,No,73.095,-8.765,3,New,Medium,2,1,0,0
Male,0,No,No,59,Yes,Yes,Fiber optic,No,No,Yes,No,No,No,One year,No,Electronic check,77.48,4547.37,No,77.07406779661017,0.40593220338983826,3,Loyal,High,1,1,0,0
Female,0,Yes,Yes,10,Yes,Yes,DSL,No,No,No,No,Yes,Yes,One year,Yes,Mailed check,67.7,869.34,No,86.934,-19.233999999999995,4,New,Medium,1,0,0,0
Male,0,No,No,34,No,No phone service,No,No internet service,No internet service,No internet service,No internet service,No internet service,No internet service,Month-to-month,Yes,Mailed check,18.0,609.06,No,17.913529411764703,0.08647058823529719,0,Established,Low,2,0,0,0
Male,0,Yes,No,66,No,No phone service,Fiber optic,Yes,No,No,No,No,Yes,Month-to-month,No,Credit card,74.63,4800.4,No,72.73333333333333,1.8966666666666612,2,Loyal,High,2,0,0,1
Male,0,Yes,No,72,Yes,No,Fiber optic,Yes,No,Yes,No,No,No,Month-to-month,No,Electronic check,77.8,5646.69,No,78.42625,-0.6262499999999989,3,Loyal,High,2,1,0,1
Male,0,No,No,17,Yes,Yes,DSL,No,No,No,No,Yes,No,Month-to-month,No,Electronic check,60.24,1028.49,Yes,60.49941176470588,-0.2594117647058809,3,Developing,Medium,2,1,0,0
Male,0,No,No,28,No,No phone service,Fiber optic,No,No,No,Yes,No,No,Month-to-month,Yes,Mailed check,73.04,2211.14,Yes,78.9692857142857,-5.929285714285697,1,Established,High,2,0,1,0
Female,0,Yes,No,41,Yes,No,Fiber optic,No,No,Yes,No,Yes,Yes,One year,No,Electronic check,82.68,3388.87,No,82.65536585365854,0.02463414634146943,4,Established,High,1,1,0,0
Female,0,Yes,No,51,Yes,Yes,DSL,No,Yes,No,No,No,No,One year,Yes,Credit card,66.24,3269.68,No,64.1113725490196,2.128627450980389,3,Loyal,Medium,1,0,0,0
Male,0,No,Yes,19,Yes,No,Fiber optic,Yes,No,No,No,No,No,One year,Yes,Electronic check,88.91,1825.08,Yes,96.05684210526316,-7.146842105263161,2,Developing,High,1,1,0,1
Female,0,No,No,40,Yes,Yes,DSL,No,No,No,Yes,No,No,One year,Yes,Credit card,55.99,2263.72,No,56.592999999999996,-0.6029999999999944,3,Established,Medium,1,0,1,0
Male,0,No,No,61,Yes,No,No,No internet service,No internet service,No internet service,No internet service,No internet service,No internet service,Month-to-month,Yes,Bank transfer,33.59,2003.33,No,32.841475409836065,0.7485245901639388,1,Loyal,Low,2,0,0,0
Female,0,Yes,No,55,Yes,No,No,No internet service,No internet service,No internet service,No internet service,No internet service,No internet service,Month-to-month,Yes,Electronic check,31.59,1918.12,No,34.87490909090909,-3.2849090909090926,1,Loyal,Low,2,1,0,0
Male,0,No,No,60,Yes,No,DSL,No,No,No,Yes,No,No,One year,No,Mailed check,54.08,3242.31,No,54.0385,0.041499999999999204,2,Loyal,Medium,1,0,1,0
Female,0,No,Yes,64,No,No phone service,DSL,Yes,Yes,No,No,Yes,No,Month-to-month,No,Mailed check,51.95,3280.24,No,51.25375,0.6962500000000063,3,Loyal,Medium,2,0,0,1
Female,0,No,No,63,Yes,No,Fiber optic,No,No,No,No,Yes,Yes,Month-to-month,Yes,Mailed check,80.22,5130.19,No,81.4315873015873,-1.2115873015873007,3,Loyal,High,2,0,0,0
Female,0,Yes,No,37,Yes,No,No,No internet service,No internet service,No internet service,No internet service,No internet service,No internet service,Month-to-month,No,Mailed check,26.09,1042.24,No,28.16864864864865,-2.078648648648649,1,Established,Low,2,0,0,0
Female,0,No,Yes,71,Yes,No,DSL,No,No,No,No,No,No,One year,No,Bank transfer,44.3,3218.79,No,45.33507042253521,-1.0350704225352132,1,Loyal,Medium,1,0,0,0
Female,0,No,No,36,Yes,No,DSL,Yes,No,No,No,No,Yes,One year,Yes,Bank transfer,53.08,2018.57,No,56.07138888888889,-2.991388888888892,3,Established,Medium,1,0,0,1
Female,0,No,No,52,Yes,No,Fiber optic,No,Yes,Yes,No,Yes,No,Month-to-month,Yes,Mailed check,83.85,4208.19,No,80.92673076923076,2.923269230769236,4,Loyal,High,2,0,0,0
Male,0,No,Yes,68,Yes,Yes,DSL,No,Yes,No,Yes,No,Yes,Month-to-month,No,Bank transfer,74.03,5100.89,No,75.01308823529412,-0.9830882352941188,5,Loyal,High,2,0,1,0
Male,0,No,No,4,Yes,Yes,DSL,No,Yes,Yes,No,No,No,Two year,Yes,Credit card,69.18,283.23,No,70.8075,-1.6274999999999977,4,New,Medium,0,0,0,0
Male,0,Yes,Yes,68,Yes,No,Fiber optic,No,No,No,No,Yes,No,Month-to-month,Yes,Mailed check,73.37,5000.06,Yes,73.53029411764706,-0.16029411764705515,2,Loyal,High,2,0,0,0
Male,0,Yes,No,60,Yes,Yes,Fiber optic,No,No,No,No,No,Yes,Month-to-month,Yes,Mailed check,93.76,5585.2,No,93.08666666666666,0.6733333333333462,3,Loyal,High,2,0,0,0
Male,0,No,No,72,Yes,No,Fiber optic,Yes,No,No,No,No,No,One year,No,Electronic check,69.26,4953.08,No,68.79277777777777,0.4672222222222331,2,Loyal,Medium,1,1,0,1
Male,0,Yes,No,56,Yes,No,DSL,No,No,Yes,No,No,No,One year,Yes,Electronic check,46.26,2570.99,No,45.91053571428571,0.34946428571429067,2,Loyal,Medium,1,1,0,0
Female,0,Yes,Yes,12,Yes,No,Fiber optic,Yes,No,Yes,No,No,No,Month-to-month,Yes,Electronic check,72.45,880.36,No,73.36333333333333,-0.9133333333333269,3,New,High,2,1,0,1
Male,1,No,No,22,Yes,No,Fiber optic,Yes,No,Yes,No,No,Yes,Month-to-month,Yes,Mailed check,79.77,1579.24,Yes,71.78363636363636,7.9863636363636346,4,Developing,High,2,0,0,1
Female,0,Yes,No,1,Yes,Yes,Fiber optic,Yes,No,No,No,Yes,No,Two year,Yes,Bank transfer,93.56,151.14,No,151.14,-57.579999999999984,4,New,High,0,0,0,1
Female,0,No,No,44,Yes,No,No,No internet service,No internet service,No internet service,No internet service,No internet service,No internet service,Month-to-month,No,Electronic check,26.08,1225.9,No,27.861363636363638,-1.7813636363636398,1,Established,Low,2,1,0,0
Male,0,Yes,No,32,Yes,No,DSL,No,Yes,Yes,No,No,No,Two year,Yes,Bank transfer,55.81,1823.45,No,56.9828125,-1.1728124999999991,3,Established,Medium,0,0,0,0
Female,0,Yes,Yes,35,Yes,Yes,Fiber optic,No,No,No,No,Yes,No,One year,No,Electronic check,82.54,2936.15,No,83.89,-1.3499999999999943,3,Established,High,1,1,0,0
Male,0,Yes,No,53,Yes,No,No,No internet service,No internet service,No internet service,No internet service,No internet service,No internet service,Two year,Yes,Electronic check,22.62,1276.15,No,24.078301886792456,-1.458301886792455,1,Loyal,Low,0,1,0,0
Male,1,No,Yes,60,Yes,No,DSL,No,No,No,Yes,Yes,No,Month-to-month,Yes,Electronic check,50.86,3070.48,No,51.17466666666667,-0.31466666666666754,3,Loyal,Medium,2,1,1,0
Male,0,No,No,6,Yes,Yes,No,No internet service,No internet service,No internet service,No internet service,No internet service,No internet service,Month-to-month,Yes,Mailed check,25.86,329.98,No,54.99666666666667,-29.13666666666667,2,New,Low,2,0,0,0
Male,0,Yes,No,67,Yes,Yes,Fiber optic,No,No,Yes,No,No,No,Month-to-month,Yes,Electronic check,80.5,5393.77,No,80.50402985074628,-0.00402985074627793,3,Loyal,High,2,1,0,0
Male,0,Yes,No,27,Yes,Yes,DSL,Yes,No,No,Yes,No,No,Month-to-month,Yes,Electronic check,64.27,1813.32,Yes,67.16,-2.8900000000000006,4,Established,Medium,2,1,1,1
Female,0,Yes,No,55,Yes,No,DSL,Yes,No,No,Yes,Yes,No,Month-to-month,Yes,Mailed check,58.72,3158.05,No,57.41909090909091,1.3009090909090872,4,Loyal,Medium,2,0,1,1
Male,0,No,No,42,No,No phone service,DSL,No,No,Yes,Yes,No,Yes,Month-to-month,Yes,Mailed check,45.39,1895.68,Yes,45.135238095238094,0.2547619047619065,3,Established,Medium,2,0,1,0
Female,0,No,No,32,Yes,No,No,No internet service,No internet service,No internet service,No internet service,No internet service,No internet service,Month-to-month,No,Mailed check,31.14,1085.17,Yes,33.9115625,-2.7715625000000017,1,Established,Low,2,0,0,0
Female,0,No,No,16,Yes,No,No,No internet service,No internet service,No internet service,No internet service,No internet service,No internet service,One year,No,Electronic check,31.67,493.42,No,30.83875,0.8312500000000007,1,Developing,Low,1,1,0,0
Female,0,Yes,Yes,14,Yes,Yes,Fiber optic,No,No,Yes,Yes,No,Yes,Month-to-month,Yes,Mailed check,87.75,1183.67,No,84.54785714285715,3.202142857142846,5,Developing,High,2,0,1,0
Female,0,No,No,53,Yes,No,DSL,Yes,No,Yes,No,Yes,Yes,Month-to-month,Yes,Electronic check,64.57,3449.67,No,65.08811320754717,-0.5181132075471737,5,Loyal,Medium,2,1,0,1
Male,0,Yes,No,24,Yes,Yes,Fiber optic,No,No,No,Yes,Yes,No,Month-to-month,Yes,Electronic check,91.47,2198.7,Yes,91.6125,-0.1424999999999983,4,Developing,High,2,1,1,0
Female,1,Yes,No,17,Yes,Yes,Fiber optic,Yes,No,Yes,No,No,No,One year,Yes,Mailed check,78.6,1261.98,No,74.23411764705882,4.3658823529411706,4,Developing,High,1,0,0,1
Male,0,Yes,Yes,1,Yes,Yes,DSL,Yes,Yes,No,No,No,Yes,Month-to-month,Yes,Mailed check,63.85,33.19,Yes,33.19,30.660000000000004,5,New,Medium,2,0,0,1
Male,0,Yes,No,61,Yes,No,DSL,Yes,No,Yes,No,No,No,One year,No,Credit card,61.2,3750.66,No,61.48622950819672,-0.286229508196719,3,Loyal,Medium,1,0,0,1
Male,0,Yes,No,29,Yes,No,Fiber optic,Yes,No,Yes,No,Yes,No,Month-to-month,No,Credit card,84.24,2248.79,No,77.54448275862069,6.6955172413793065,4,Established,High,2,0,0,1
Male,1,No,Yes,26,Yes,Yes,Fiber optic,No,Yes,No,Yes,Yes,No,One year,No,Electronic check,93.53,2435.26,No,93.66384615384617,-0.13384615384616438,5,Established,High,1,1,1,0
Female,0,Yes,No,27,Yes,Yes,Fiber optic,No,Yes,No,No,No,Yes,One year,No,Electronic check,83.64,2185.87,No,80.95814814814814,2.68185185185186,4,Established,High,1,1,0,0
Female,0,No,No,44,Yes,Yes,Fiber optic,No,No,No,Yes,No,No,Month-to-month,No,Credit card,85.96,3761.41,No,85.4865909090909,0.47340909090908667,3,Established,High,2,0,1,0
Male,0,No,Yes,35,Yes,Yes,DSL,Yes,No,No,No,Yes,No,One year,No,Electronic check,64.03,2139.39,No,61.125428571428564,2.904571428571437,4,Established,Medium,1,1,0,1
Male,1,No,Yes,40,Yes,Yes,DSL,Yes,No,Yes,Yes,No,No,Two year,Yes,Mailed check,71.42,2827.99,No,70.69975,0.7202500000000072,5,Established,High,0,0,1,1
Male,0,Yes,No,21,Yes,Yes,Fiber optic,No,No,Yes,No,No,No,Month-to-month,No,Bank transfer,79.23,1807.56,No,86.07428571428571,-6.844285714285704,3,Developing,High,2,0,0,0
Female,0,No,Yes,22,Yes,No,Fiber optic,Yes,Yes,Yes,No,No,No,Month-to-month,Yes,Mailed check,79.75,1672.9,No,76.0409090909091,3.7090909090909037,4,Developing,High,2,0,0,1
Female,0,Yes,No,63,Yes,No,DSL,Yes,No,Yes,Yes,Yes,Yes,Two year,Yes,Electronic check,73.84,4598.46,No,72.99142857142857,0.8485714285714323,6,Loyal,High,0,1,1,1
Female,0,Yes,No,32,Yes,Yes,No,No internet service,No internet service,No internet service,No internet service,No internet service,No internet service,Two year,Yes,Electronic check,30.93,959.63,No,29.9884375,0.9415624999999999,2,Established,Low,0,1,0,0
Female,1,Yes,No,71,Yes,No,Fiber optic,No,No,No,No,No,No,One year,Yes,Electronic check,67.23,4602.56,No,64.82478873239437,2.4052112676056367,1,Loyal,Medium,1,1,0,0
Female,0,No,No,61,No,No phone service,DSL,No,No,Yes,Yes,No,Yes,Month-to-month,No,Electronic check,50.9,2965.14,No,48.60885245901639,2.2911475409836086,3,Loyal,Medium,2,1,1,0
Male,0,No,Yes,52,Yes,Yes,DSL,Yes,Yes,No,No,No,No,Month-to-month,Yes,Electronic check,57.22,3018.67,No,58.051346153846154,-0.8313461538461553,4,Loyal,Medium,2,1,0,1
Female,0,No,No,40,Yes,Yes,No,No internet service,No internet service,No internet service,No internet service,No internet service,No internet service,Two year,Yes,Bank transfer,37.41,1448.14,No,36.203500000000005,1.2064999999999912,2,Established,Low,0,0,0,0
Male,0,No,Yes,61,Yes,Yes,Fiber optic,No,No,Yes,Yes,No,No,One year,No,Mailed check,88.2,5523.11,No,90.5427868852459,-2.3427868852459,4,Loyal,High,1,0,1,0
Male,0,No,Yes,5,Yes,No,DSL,Yes,No,No,No,No,Yes,Month-to-month,No,Electronic check,53.27,190.39,No,38.077999999999996,15.192000000000007,3,New,Medium,2,1,0,1
Male,0,No,No,36,Yes,Yes,Fiber optic,Yes,No,No,No,No,No,Month-to-month,No,Electronic check,88.43,3331.23,No,92.53416666666666,-4.104166666666657,3,Established,High,2,1,0,1
Female,0,No,No,52,Yes,No,DSL,No,No,No,Yes,Yes,No,One year,No,Credit card,54.33,2683.96,No,51.614615384615384,2.7153846153846146,3,Loyal,Medium,1,0,1,0
Female,0,Yes,Yes,8,Yes,No,Fiber optic,No,No,No,No,Yes,No,One year,Yes,Electronic check,79.66,623.27,No,77.90875,1.7512499999999989,2,New,High,1,1,0,0
Male,1,No,No,14,Yes,No,Fiber optic,No,Yes,No,No,No,No,Two year,Yes,Electronic check,63.8,820.2,No,58.58571428571429,5.214285714285708,2,Developing,Medium,0,1,0,0
Female,0,No,Yes,5,Yes,Yes,No,No internet service,No internet service,No internet service,No internet service,No internet service,No internet service,Month-to-month,Yes,Bank transfer,33.12,225.66,No,45.132,-12.012,2,New,Low,2,0,0,0
Male,0,Yes,Yes,35,Yes,Yes,Fiber optic,Yes,No,No,Yes,No,No,Month-to-month,Yes,Electronic check,78.86,2706.39,No,77.32542857142857,1.5345714285714251,4,Established,High,2,1,1,1
Male,0,Yes,No,39,Yes,No,Fiber optic,No,Yes,Yes,No,No,No,Month-to-month,No,Electronic check,75.82,2912.52,No,74.67999999999999,1.1400000000000006,3,Established,High,2,1,0,0
Female,1,Yes,No,34,Yes,No,DSL,No,Yes,No,No,No,No,Month-to-month,No,Electronic check,51.94,1756.55,No,51.66323529411765,0.2767647058823499,2,Established,Medium,2,1,0,0
Male,0,No,No,4,Yes,No,No,No internet service,No internet service,No internet service,No internet service,No internet service,No internet service,Month-to-month,No,Credit card,28.47,317.32,No,79.33,-50.86,1,New,Low,2,0,0,0
Female,0,Yes,No,36,Yes,Yes,DSL,Yes,No,No,No,No,No,Month-to-month,Yes,Bank transfer,54.23,2061.67,No,57.26861111111111,-3.0386111111111163,3,Established,Medium,2,0,0,1
Female,0,Yes,No,64,Yes,No,DSL,Yes,No,No,No,Yes,No,Month-to-month,Yes,Mailed check,57.47,3639.62,No,56.8690625,0.6009375000000006,3,Loyal,Medium,2,0,0,1
Male,1,No,Yes,3,Yes,No,No,No internet service,No internet service,No internet service,No internet service,No internet service,No internet service,Month-to-month,Yes,Credit card,28.51,18.0,No,6.0,22.51,1,New,Low,2,0,0,0
Male,1,No,No,56,Yes,Yes,No,No internet service,No internet service,No internet service,No internet service,No internet service,No internet service,Two year,Yes,Bank transfer,31.74,1705.45,No,30.454464285714288,1.285535714285711,2,Loyal,Low,0,0,0,0
Female,0,No,Yes,20,No,No phone service,Fiber optic,No,No,Yes,No,No,No,Month-to-month,Yes,Electronic check,69.0,1290.05,No,64.5025,4.497500000000002,1,Developing,Medium,2,1,0,0
Male,0,No,No,6,Yes,No,Fiber optic,No,No,Yes,No,No,No,Month-to-month,Yes,Mailed check,74.85,530.16,Yes,88.36,-13.510000000000005,2,New,High,2,0,0,0
Male,0,Yes,No,4,Yes,Yes,DSL,No,Yes,No,No,Yes,No,One year,Yes,Mailed check,62.13,187.78,No,46.945,15.185000000000002,4,New,Medium,1,0,0,0
Male,0,Yes,No,1,Yes,Yes,Fiber optic,No,Yes,No,No,No,No,Month-to-month,Yes,Mailed check,88.61,183.95,Yes,183.95,-95.33999999999999,3,New,High,2,0,0,0
Female,0,No,No,30,Yes,No,DSL,Yes,Yes,Yes,No,No,Yes,Month-to-month,No,Bank transfer,65.7,2065.69,Yes,68.85633333333334,-3.156333333333336,5,Established,Medium,2,0,0,1
Female,0,Yes,No,36,Yes,No,DSL,No,No,No,No,Yes,No,Two year,Yes,Electronic check,48.01,1714.65,No,47.62916666666667,0.38083333333332803,2,Established,Medium,0,1,0,0
Male,0,No,Yes,45,Yes,No,Fiber optic,Yes,Yes,No,Yes,Yes,No,One year,Yes,Electronic check,95.24,4165.59,No,92.56866666666667,2.6713333333333225,5,Established,High,1,1,1,1
Male,1,No,No,6,Yes,No,No,No internet service,No internet service,No internet service,No internet service,No internet service,No internet service,Month-to-month,No,Mailed check,29.8,239.89,No,39.98166666666666,-10.181666666666661,1,New,Low,2,0,0,0
Male,0,No,No,48,Yes,Yes,No,No internet service,No internet service,No internet service,No internet service,No internet service,No internet service,Two year,Yes,Electronic check,26.18,1155.12,No,24.064999999999998,2.115000000000002,2,Established,Low,0,1,0,0
Female,0,No,No,54,Yes,Yes,No,No internet service,No internet service,No internet service,No internet service,No internet service,No internet service,Two year,No,Credit card,26.39,1424.73,No,26.38388888888889,0.00611111111111029,2,Loyal,Low,0,0,0,0
Female,0,No,Yes,5,Yes,No,Fiber optic,No,Yes,No,No,Yes,No,Two year,No,Mailed check,83.21,536.0,No,107.2,-23.99000000000001,3,New,High,0,0,0,0
Male,0,No,No,49,Yes,No,DSL,Yes,No,No,No,Yes,No,Month-to-month,Yes,Electronic check,54.47,2474.08,No,50.49142857142857,3.9785714285714278,3,Loyal,Medium,2,1,0,1
Female,0,Yes,No,9,Yes,No,DSL,No,No,No,No,Yes,Yes,One year,Yes,Bank transfer,60.51,521.58,No,57.95333333333334,2.5566666666666578,3,New,Medium,1,0,0,0
Female,1,Yes,No,32,Yes,No,Fiber optic,No,Yes,No,No,No,No,Month-to-month,Yes,Bank transfer,72.71,2274.11,Yes,71.0659375,1.6440624999999898,2,Established,High,2,0,0,0
Male,0,Yes,No,48,Yes,No,DSL,No,No,No,No,No,No,Month-to-month,No,Mailed check,47.41,2237.81,No,46.62104166666666,0.7889583333333334,1,Established,Medium,2,0,0,0
Male,0,No,No,63,Yes,No,Fiber optic,Yes,No,No,Yes,No,No,Month-to-month,Yes,Mailed check,82.32,5072.08,No,80.50920634920635,1.8107936507936415,3,Loyal,High,2,0,1,1
Female,0,Yes,No,39,Yes,No,Fiber optic,Yes,Yes,No,Yes,Yes,No,Two year,No,Bank transfer,83.78,3433.38,No,88.03538461538461,-4.255384615384614,5,Established,High,0,0,1,1
Female,0,Yes,Yes,32,Yes,No,No,No internet service,No internet service,No internet service,No internet service,No internet service,No internet service,Month-to-month,No,Electronic check,23.27,757.65,No,23.6765625,-0.4065624999999997,1,Established,Low,2,1,0,0
Female,1,No,No,61,Yes,No,Fiber optic,Yes,Yes,No,Yes,No,Yes,Two year,No,Bank transfer,97.68,5794.24,No,94.98754098360655,2.6924590163934567,5,Loyal,High,0,0,1,1
Male,0,Yes,No,16,Yes,No,Fiber optic,No,Yes,Yes,Yes,Yes,No,Two year,No,Bank transfer,93.06,1518.34,No,94.89625,-1.8362499999999926,5,Developing,High,0,0,1,0
Female,0,No,No,15,Yes,No,Fiber optic,Yes,Yes,No,No,No,No,Month-to-month,Yes,Credit card,82.08,1321.23,Yes,88.08200000000001,-6.0020000000000095,3,Developing,High,2,0,0,1
Male,0,Yes,No,34,No,No phone service,Fiber optic,No,No,No,Yes,Yes,Yes,Month-to-month,No,Credit card,89.59,3039.88,No,89.40823529411765,0.18176470588235816,3,Established,High,2,0,1,0
Female,0,Yes,Yes,9,Yes,No,DSL,No,Yes,No,No,No,No,Two year,Yes,Credit card,55.06,625.79,No,69.53222222222222,-14.472222222222214,2,New,Medium,0,0,0,0
Male,0,Yes,No,2,Yes,No,Fiber optic,No,No,No,Yes,No,No,Month-to-month,Yes,Electronic check,74.78,18.0,No,9.0,65.78,2,New,High,2,1,1,0
Male,1,Yes,No,27,Yes,No,Fiber optic,No,No,No,No,Yes,No,One year,No,Credit card,71.81,2029.83,No,75.17888888888889,-3.3688888888888897,2,Established,High,1,0,0,0
Male,0,No,No,11,Yes,Yes,DSL,No,Yes,No,No,No,No,Month-to-month,Yes,Bank transfer,62.8,670.35,Yes,60.940909090909095,1.8590909090909022,3,New,Medium,2,0,0,0
Male,1,No,Yes,46,Yes,Yes,Fiber optic,No,Yes,Yes,Yes,No,Yes,Month-to-month,No,Mailed check,103.9,4707.42,Yes,102.33521739130435,1.5647826086956513,6,Established,Very High,2,0,1,0
Male,0,No,No,40,Yes,No,No,No internet service,No internet service,No internet service,No internet service,No internet service,No internet service,Month-to-month,Yes,Credit card,28.53,1204.42,No,30.110500000000002,-1.5805000000000007,1,Established,Low,2,0,0,0
Female,0,No,No,35,Yes,Yes,DSL,No,Yes,No,Yes,Yes,No,Month-to-month,Yes,Credit card,77.43,2771.58,No,79.188,-1.7579999999999956,5,Established,High,2,0,1,0
Male,1,No,No,36,Yes,Yes,Fiber optic,No,No,Yes,No,No,No,Two year,Yes,Bank transfer,83.13,3113.78,No,86.49388888888889,-3.3638888888888943,3,Established,High,0,0,0,0
Male,0,No,No,8,Yes,Yes,DSL,No,No,No,Yes,Yes,No,Month-to-month,Yes,Electronic check,65.26,639.32,Yes,79.915,-14.655000000000001,4,New,Medium,2,1,1,0
Male,0,Yes,No,29,Yes,Yes,Fiber optic,No,No,No,No,No,No,Month-to-month,No,Electronic check,81.8,2377.85,Yes,81.9948275862069,-0.19482758620689822,2,Established,High,2,1,0,0
Female,1,Yes,No,6,Yes,No,No,No internet service,No internet service,No internet service,No internet service,No internet service,No internet service,One year,Yes,Credit card,29.98,50.86,No,8.476666666666667,21.503333333333334,1,New,Low,1,0,0,0
Male,0,No,Yes,26,Yes,No,DSL,No,No,No,No,No,No,Two year,Yes,Credit card,49.05,1129.31,No,43.434999999999995,5.615000000000002,1,Established,Medium,0,0,0,0
Female,1,No,No,49,Yes,Yes,No,No internet service,No internet service,No internet service,No internet service,No internet service,No internet service,Month-to-month,Yes,Electronic check,26.4,1155.3,No,23.577551020408162,2.8224489795918366,2,Loyal,Low,2,1,0,0
Male,0,Yes,No,72,Yes,No,No,No internet service,No internet service,No internet service,No internet service,No internet service,No internet service,One year,Yes,Electronic check,29.44,2084.67,No,28.95375,0.48625000000000185,1,Loyal,Low,1,1,0,0
Male,1,Yes,No,22,Yes,Yes,DSL,No,Yes,Yes,No,No,No,Month-to-month,Yes,Bank transfer,61.0,1361.53,No,61.88772727272727,-0.8877272727272683,4,Developing,Medium,2,0,0,0
Female,0,Yes,No,20,No,No phone service,Fiber optic,Yes,Yes,No,Yes,No,No,Two year,Yes,Electronic check,74.74,1538.75,No,76.9375,-2.197500000000005,3,Developing,High,0,1,1,1
Male,0,Yes,No,49,Yes,No,No,No internet service,No internet service,No internet service,No internet service,No internet service,No internet service,One year,No,Bank transfer,27.05,1371.32,No,27.98612244897959,-0.9361224489795887,1,Loyal,Low,1,0,0,0
Male,1,No,Yes,67,Yes,No,No,No internet service,No internet service,No internet service,No internet service,No internet service,No internet service,Two year,No,Credit card,25.21,1623.01,No,24.22402985074627,0.9859701492537312,1,Loyal,Low,0,0,0,0
Female,0,Yes,No,22,Yes,No,Fiber optic,No,No,Yes,No,No,No,One year,Yes,Electronic check,77.87,1822.68,No,82.84909090909092,-4.979090909090914,2,Developing,High,1,1,0,0
Female,0,No,No,61,Yes,No,DSL,No,No,No,No,Yes,Yes,Two year,No,Bank transfer,55.15,3492.7,No,57.25737704918033,-2.1073770491803288,3,Loyal,Medium,0,0,0,0
Female,0,No,No,23,Yes,Yes,DSL,No,No,No,No,Yes,No,Month-to-month,No,Mailed check,52.74,1131.84,Yes,49.210434782608694,3.5295652173913084,3,Developing,Medium,2,0,0,0
Male,0,Yes,No,47,Yes,Yes,DSL,Yes,Yes,No,No,No,No,One year,No,Electronic check,62.39,2923.62,No,62.20468085106383,0.1853191489361734,4,Established,Medium,1,1,0,1
Male,1,No,No,16,Yes,Yes,Fiber optic,No,No,No,Yes,No,Yes,One year,Yes,Mailed check,94.32,1563.46,No,97.71625,-3.396250000000009,4,Developing,High,1,0,1,0
Male,0,No,Yes,19,Yes,Yes,Fiber optic,No,No,No,Yes,No,No,Month-to-month,No,Mailed check,79.87,1633.87,Yes,85.99315789473684,-6.123157894736835,3,Developing,High,2,0,1,0
Male,0,Yes,Yes,71,Yes,Yes,Fiber optic,No,Yes,No,Yes,Yes,No,Two year,Yes,Bank transfer,92.91,6644.49,No,93.5843661971831,-0.6743661971831045,5,Loyal,High,0,0,1,0
Male,0,Yes,No,29,Yes,No,Fiber optic,No,No,No,No,Yes,No,One year,Yes,Mailed check,75.82,2150.71,No,74.16241379310345,1.6575862068965392,2,Established,High,1,0,0,0
Female,1,No,No,2,Yes,Yes,DSL,Yes,No,No,Yes,Yes,No,Two year,No,Credit card,80.05,77.76,No,38.88,41.169999999999995,5,New,High,0,0,1,1
Female,1,Yes,No,56,Yes,No,No,No internet service,No internet service,No internet service,No internet service,No internet service,No internet service,Month-to-month,Yes,Electronic check,31.75,1691.23,No,30.200535714285714,1.5494642857142864,1,Loyal,Low,2,1,0,0
Female,1,Yes,No,10,Yes,Yes,DSL,No,No,Yes,No,Yes,No,Two year,No,Credit card,62.59,605.02,No,60.501999999999995,2.088000000000008,4,New,Medium,0,0,0,0
Female,0,Yes,Yes,8,Yes,Yes,DSL,Yes,No,No,Yes,Yes,No,Month-to-month,Yes,Mailed check,69.16,511.99,No,63.99875,5.1612499999999955,5,New,Medium,2,0,1,1
Male,0,Yes,No,61,Yes,No,No,No internet service,No internet service,No internet service,No internet service,No internet service,No internet service,Two year,Yes,Mailed check,24.84,1412.4,No,23.154098360655738,1.6859016393442623,1,Loyal,Low,0,0,0,0
Female,0,No,No,26,Yes,No,DSL,Yes,No,No,No,No,No,Month-to-month,No,Electronic check,58.44,1576.47,No,60.63346153846154,-2.1934615384615412,2,Established,Medium,2,1,0,1
Female,0,Yes,No,10,Yes,No,DSL,Yes,No,No,No,Yes,No,One year,Yes,Electronic check,51.83,490.27,Yes,49.027,2.8029999999999973,3,New,Medium,1,1,0,1
Female,0,No,No,71,No,No phone service,No,No internet service,No internet service,No internet service,No internet service,No internet service,No internet service,Month-to-month,Yes,Mailed check,18.0,1312.94,No,18.49211267605634,-0.49211267605634035,0,Loyal,Low,2,0,0,0
Female,0,Yes,Yes,21,Yes,No,No,No internet service,No internet service,No internet service,No internet service,No internet service,No internet service,One year,Yes,Credit card,31.54,558.33,No,26.587142857142858,4.952857142857141,1,Developing,Low,1,0,0,0
Female,0,No,Yes,46,Yes,Yes,No,No internet service,No internet service,No internet service,No internet service,No internet service,No internet service,Month-to-month,Yes,Bank transfer,41.79,2003.12,Yes,43.546086956521734,-1.7560869565217345,2,Established,Medium,2,0,0,0
Female,0,Yes,Yes,19,Yes,No,DSL,No,No,No,Yes,No,No,Two year,Yes,Electronic check,50.92,1033.9,No,54.415789473684214,-3.495789473684212,2,Developing,Medium,0,1,1,0
Male,0,No,No,42,Yes,Yes,DSL,No,Yes,No,Yes,No,Yes,Two year,No,Electronic check,68.89,2985.84,No,71.09142857142858,-2.201428571428579,5,Established,Medium,0,1,1,0
Female,0,No,Yes,51,Yes,Yes,DSL,No,No,No,No,Yes,No,Month-to-month,No,Mailed check,60.14,3057.51,No,59.95117647058824,0.1888235294117635,3,Loyal,Medium,2,0,0,0
Female,0,Yes,Yes,55,Yes,No,DSL,No,No,Yes,No,Yes,No,One year,Yes,Credit card,58.29,3187.0,No,57.945454545454545,0.3445454545454538,3,Loyal,Medium,1,0,0,0
Female,1,No,No,30,Yes,No,No,No internet service,No internet service,No internet service,No internet service,No internet service,No internet service,One year,Yes,Bank transfer,36.39,1141.79,No,38.059666666666665,-1.6696666666666644,1,Established,Low,1,0,0,0
Male,0,Yes,No,45,Yes,No,DSL,No,No,No,Yes,No,Yes,Month-to-month,Yes,Electronic check,59.74,2791.84,No,62.040888888888894,-2.300888888888892,3,Established,Medium,2,1,1,0
Male,1,No,No,61,Yes,Yes,Fiber optic,No,No,No,No,No,Yes,Month-to-month,No,Electronic check,82.52,5031.76,No,82.48786885245902,0.03213114754098001,3,Loyal,High,2,1,0,0
Male,0,No,No,61,Yes,No,DSL,No,No,No,No,No,No,Month-to-month,Yes,Electronic check,47.59,2777.86,No,45.538688524590164,2.0513114754098396,1,Loyal,Medium,2,1,0,0
Male,0,Yes,Yes,54,Yes,No,Fiber optic,Yes,No,No,No,No,No,Month-to-month,Yes,Mailed check,78.74,4215.47,No,78.06425925925926,0.6757407407407356,2,Loyal,High,2,0,0,1
Male,0,Yes,Yes,29,Yes,No,DSL,Yes,Yes,No,No,Yes,Yes,Month-to-month,No,Electronic check,66.21,2028.25,No,69.9396551724138,-3.7296551724138,5,Established,Medium,2,1,0,1
Male,0,Yes,No,39,Yes,No,DSL,Yes,Yes,Yes,No,No,Yes,Month-to-month,Yes,Electronic check,69.02,2753.48,No,70.60205128205128,-1.5820512820512818,5,Established,Medium,2,1,0,1
Female,0,No,No,70,Yes,No,DSL,No,Yes,No,No,No,No,Month-to-month,No,Credit card,51.09,3600.96,No,51.44228571428572,-0.3522857142857134,2,Loyal,Medium,2,0,0,0
Male,0,No,No,18,Yes,Yes,No,No internet service,No internet service,No internet service,No internet service,No internet service,No internet service,Two year,Yes,Mailed check,30.4,513.1,No,28.505555555555556,1.8944444444444422,2,Developing,Low,0,0,0,0
Female,0,Yes,No,50,Yes,Yes,Fiber optic,No,Yes,Yes,No,Yes,No,Month-to-month,Yes,Credit card,92.3,4751.56,Yes,95.03120000000001,-2.7312000000000154,5,Loyal,High,2,0,0,0
Female,1,Yes,Yes,58,Yes,Yes,Fiber optic,No,Yes,Yes,Yes,No,No,Two year,No,Bank transfer,90.07,5141.4,No,88.64482758620689,1.4251724137931063,5,Loyal,High,0,0,1,0
Male,0,Yes,No,35,Yes,No,DSL,No,No,No,Yes,No,No,One year,No,Electronic check,49.01,1716.8,No,49.05142857142857,-0.04142857142857537,2,Established,Medium,1,1,1,0
Female,0,No,Yes,63,Yes,No,Fiber optic,No,No,No,No,No,No,One year,Yes,Electronic check,77.48,4919.78,No,78.09174603174603,-0.6117460317460228,1,Loyal,High,1,1,0,0
Female,0,Yes,No,31,No,No phone service,Fiber optic,Yes,Yes,No,No,Yes,Yes,Month-to-month,Yes,Mailed check,86.08,2702.86,No,87.18903225806451,-1.1090322580645164,4,Established,High,2,0,0,1
Male,0,Yes,No,61,No,No phone service,Fiber optic,No,No,No,No,Yes,No,Month-to-month,No,Bank transfer,70.39,4230.47,No,69.35196721311476,1.038032786885239,1,Loyal,High,2,0,0,0
Female,0,No,Yes,47,Yes,Yes,Fiber optic,No,No,Yes,Yes,No,No,Two year,Yes,Mailed check,89.63,4279.01,No,91.04276595744682,-1.4127659574468225,4,Established,High,0,0,1,0
Female,0,Yes,No,4,Yes,Yes,No,No internet service,No internet service,No internet service,No internet service,No internet service,No internet service,One year,No,Credit card,34.74,186.8,Yes,46.7,-11.96,2,New,Low,1,0,0,0
Male,0,No,No,60,Yes,No,No,No internet service,No internet service,No internet service,No internet service,No internet service,No internet service,Two year,Yes,Bank transfer,26.22,1588.01,No,26.466833333333334,-0.2468333333333348,1,Loyal,Low,0,0,0,0
Male,0,Yes,No,51,Yes,No,No,No internet service,No internet service,No internet service,No internet service,No internet service,No internet service,Month-to-month,No,Mailed check,33.96,1766.27,No,34.632745098039216,-0.6727450980392149,1,Loyal,Low,2,0,0,0
Female,1,Yes,Yes,17,Yes,No,Fiber optic,No,Yes,Yes,No,No,No,Month-to-month,No,Electronic check,85.99,1419.05,No,83.4735294117647,2.5164705882352933,3,Developing,High,2,1,0,0
Male,1,No,No,51,Yes,No,DSL,Yes,Yes,No,No,No,Yes,Month-to-month,No,Electronic check,66.63,3546.88,No,69.54666666666667,-2.9166666666666714,4,Loyal,Medium,2,1,0,1
Male,0,Yes,No,37,Yes,No,DSL,No,No,No,No,No,Yes,One year,Yes,Mailed check,52.56,2053.29,No,55.494324324324324,-2.934324324324322,2,Established,Medium,1,0,0,0
Female,1,Yes,Yes,68,Yes,No,DSL,No,No,No,No,Yes,No,One year,No,Electronic check,54.4,3646.97,No,53.631911764705876,0.7680882352941225,2,Loyal,Medium,1,1,0,0
Female,0,No,No,22,Yes,No,DSL,No,No,Yes,Yes,No,No,Month-to-month,Yes,Credit card,52.75,1147.84,No,52.17454545454545,0.5754545454545479,3,Developing,Medium,2,0,1,0
Female,0,No,Yes,19,Yes,No,Fiber optic,No,Yes,No,No,Yes,No,Month-to-month,Yes,Mailed check,82.4,1658.16,No,87.27157894736843,-4.87157894736842,3,Developing,High,2,0,0,0
Female,1,No,No,5,Yes,Yes,Fiber optic,Yes,Yes,No,No,No,No,Month-to-month,No,Electronic check,82.29,465.31,Yes,93.062,-10.771999999999991,4,New,High,2,1,0,1
Female,0,Yes,No,57,Yes,Yes,Fiber optic,Yes,Yes,No,No,No,Yes,Month-to-month,Yes,Bank transfer,97.19,5551.0,No,97.3859649122807,-0.1959649122807008,5,Loyal,High,2,0,0,1
Female,0,Yes,No,71,Yes,Yes,Fiber optic,No,Yes,Yes,No,Yes,No,Month-to-month,Yes,Bank transfer,100.58,7063.63,No,99.48774647887323,1.0922535211267643,5,Loyal,Very High,2,0,0,0
Female,0,Yes,No,50,Yes,Yes,No,No internet service,No internet service,No internet service,No internet service,No internet service,No internet service,Month-to-month,No,Electronic check,30.49,1455.16,No,29.1032,1.3867999999999974,2,Loyal,Low,2,1,0,0
Female,0,No,No,27,Yes,No,DSL,No,Yes,No,Yes,No,No,Month-to-month,No,Mailed check,63.02,1709.96,No,63.33185185185185,-0.3118518518518485,3,Established,Medium,2,0,1,0
Female,0,No,No,64,Yes,No,DSL,Yes,Yes,No,No,No,Yes,One year,No,Bank transfer,65.51,4328.82,No,67.6378125,-2.1278124999999903,4,Loyal,Medium,1,0,0,1
Female,0,No,No,19,Yes,Yes,Fiber optic,No,No,No,No,No,Yes,One year,Yes,Mailed check,80.89,1632.79,No,85.93631578947368,-5.046315789473681,3,Developing,High,1,0,0,0
Female,0,No,Yes,50,Yes,Yes,Fiber optic,No,Yes,No,No,No,Yes,Month-to-month,Yes,Electronic check,90.02,4553.94,Yes,91.07879999999999,-1.0587999999999909,4,Loyal,High,2,1,0,0
Female,0,Yes,No,43,Yes,Yes,Fiber optic,No,Yes,Yes,No,Yes,Yes,Month-to-month,Yes,Bank transfer,107.15,4669.89,Yes,108.60209302325582,-1.452093023255813,6,Established,Very High,2,0,0,0
Male,0,No,No,62,No,No phone service,No,No internet service,No internet service,No internet service,No internet service,No internet service,No internet service,One year,No,Bank transfer,24.96,1367.09,No,22.049838709677417,2.910161290322584,0,Loyal,Low,1,0,0,0
Female,0,Yes,Yes,70,Yes,Yes,DSL,Yes,Yes,Yes,Yes,Yes,Yes,Month-to-month,Yes,Electronic check,91.83,6455.77,No,92.22528571428572,-0.3952857142857198,8,Loyal,High,2,1,1,1
Male,1,Yes,No,26,Yes,Yes,Fiber optic,No,No,No,No,No,Yes,Month-to-month,No,Electronic check,82.51,2172.2,No,83.54615384615384,-1.0361538461538373,3,Established,High,2,1,0,0
Male,0,No,Yes,7,Yes,No,No,No internet service,No internet service,No internet service,No internet service,No internet service,No internet service,Month-to-month,No,Bank transfer,24.25,54.82,No,7.831428571428572,16.41857142857143,1,New,Low,2,0,0,0
Male,0,No,No,12,Yes,No,Fiber optic,No,Yes,No,Yes,No,No,Two year,No,Electronic check,79.99,1141.21,No,95.10083333333334,-15.110833333333346,3,New,High,0,1,1,0
Male,0,Yes,No,54,Yes,Yes,Fiber optic,No,No,No,No,No,Yes,Month-to-month,Yes,Credit card,84.48,4602.03,No,85.22277777777778,-0.7427777777777749,3,Loyal,High,2,0,0,0
Female,0,Yes,No,27,Yes,No,DSL,No,No,No,Yes,Yes,Yes,Two year,Yes,Electronic check,64.14,1780.01,No,65.9262962962963,-1.7862962962962996,4,Established,Medium,0,1,1,0
Male,0,No,No,11,Yes,No,Fiber optic,No,Yes,Yes,Yes,No,Yes,Month-to-month,Yes,Bank transfer,89.56,927.75,Yes,84.3409090909091,5.219090909090909,5,New,High,2,0,1,0
Female,0,Yes,No,59,Yes,No,DSL,Yes,No,No,No,Yes,No,Month-to-month,Yes,Credit card,53.96,3207.93,No,54.37169491525423,-0.4116949152542304,3,Loyal,Medium,2,0,0,1
Female,0,No,No,47,Yes,No,Fiber optic,No,No,Yes,Yes,No,No,Month-to-month,No,Mailed check,82.85,3909.24,No,83.17531914893617,-0.325319148936174,3,Established,High,2,0,1,0
Female,0,No,No,10,Yes,Yes,Fiber optic,No,No,No,Yes,No,Yes,One year,No,Bank transfer,86.17,1018.66,Yes,101.866,-15.695999999999998,4,New,High,1,0,1,0
Female,0,Yes,No,52,Yes,Yes,No,No internet service,No internet service,No internet service,No internet service,No internet service,No internet service,Month-to-month,Yes,Electronic check,38.22,2067.57,No,39.760961538461544,-1.540961538461545,2,Loyal,Low,2,1,0,0
Female,0,Yes,Yes,46,Yes,No,Fiber optic,No,Yes,Yes,Yes,No,No,One year,Yes,Bank transfer,83.8,3873.75,No,84.21195652173913,-0.41195652173912833,4,Established,High,1,0,1,0
Female,0,Yes,Yes,71,Yes,Yes,DSL,No,No,No,No,No,No,Two year,Yes,Credit card,52.61,3617.17,No,50.94605633802817,1.6639436619718282,2,Loyal,Medium,0,0,0,0
Male,0,No,Yes,72,Yes,Yes,No,No internet service,No internet service,No internet service,No internet service,No internet service,No internet service,Month-to-month,Yes,Credit card,30.29,2083.47,No,28.93708333333333,1.352916666666669,2,Loyal,Low,2,0,0,0
Male,0,Yes,No,71,Yes,Yes,DSL,No,Yes,No,No,Yes,Yes,Month-to-month,No,Mailed check,73.6,5022.64,No,70.74140845070423,2.8585915492957668,5,Loyal,High,2,0,0,0
Female,0,No,No,65,Yes,No,Fiber optic,Yes,Yes,No,No,No,No,One year,No,Credit card,78.89,5103.84,No,78.52061538461538,0.3693846153846181,3,Loyal,High,1,0,0,1
Male,0,Yes,No,58,Yes,No,DSL,No,Yes,No,No,No,Yes,Month-to-month,No,Credit card,53.69,3158.07,No,54.44948275862069,-0.7594827586206918,3,Loyal,Medium,2,0,0,0
Female,0,No,No,49,Yes,No,Fiber optic,No,Yes,No,No,No,Yes,One year,Yes,Electronic check,81.08,3981.86,Yes,81.26244897959184,-0.1824489795918396,3,Loyal,High,1,1,0,0
Female,0,Yes,Yes,40,Yes,No,No,No internet service,No internet service,No internet service,No internet service,No internet service,No internet service,Two year,No,Credit card,24.55,1036.32,No,25.907999999999998,-1.357999999999997,1,Established,Low,0,0,0,0
Male,0,Yes,No,58,Yes,No,DSL,No,No,Yes,Yes,Yes,No,Month-to-month,Yes,Electronic check,56.7,3462.71,No,59.70189655172414,-3.001896551724137,4,Loyal,Medium,2,1,1,0
Male,0,No,No,70,Yes,No,Fiber optic,No,Yes,No,Yes,No,Yes,Month-to-month,Yes,Credit card,90.02,6228.06,No,88.97228571428572,1.047714285714278,4,Loyal,High,2,0,1,0
Female,0,No,No,9,Yes,Yes,Fiber optic,No,No,No,Yes,No,No,One year,No,Credit card,77.41,622.86,No,69.20666666666666,8.203333333333333,3,New,High,1,0,1,0
Female,0,Yes,Yes,10,Yes,Yes,DSL,No,No,Yes,Yes,No,No,Month-to-month,Yes,Mailed check,64.82,660.64,No,66.064,-1.2439999999999998,4,New,Medium,2,0,1,0
Female,0,Yes,No,36,Yes,Yes,Fiber optic,Yes,Yes,Yes,No,Yes,No,Month-to-month,No,Mailed check,108.14,3770.33,No,104.73138888888889,3.4086111111111137,6,Established,Very High,2,0,0,1
Female,0,No,No,22,Yes,Yes,Fiber optic,No,No,Yes,No,No,No,Month-to-month,Yes,Credit card,78.24,1718.79,No,78.12681818181818,0.11318181818181472,3,Developing,High,2,0,0,0
Female,1,Yes,No,39,Yes,No,DSL,No,No,No,No,Yes,No,Month-to-month,No,Electronic check,54.86,2105.24,No,53.980512820512814,0.8794871794871852,2,Established,Medium,2,1,0,0
Male,0,Yes,No,23,Yes,Yes,DSL,No,No,No,Yes,Yes,No,Month-to-month,No,Mailed check,63.37,1357.78,No,59.03391304347826,4.33608695652174,4,Developing,Medium,2,0,1,0
Male,0,Yes,No,57,Yes,Yes,Fiber optic,No,Yes,No,No,No,No,One year,Yes,Mailed check,83.0,4629.18,No,81.21368421052632,1.7863157894736759,3,Loyal,High,1,0,0,0
Female,0,Yes,No,65,Yes,No,Fiber optic,No,No,No,No,Yes,Yes,Month-to-month,Yes,Mailed check,76.91,4959.14,No,76.29446153846155,0.6155384615384492,3,Loyal,High,2,0,0,0
Male,0,No,No,21,Yes,Yes,DSL,No,No,Yes,No,No,No,Month-to-month,Yes,Electronic check,59.64,1199.1,Yes,57.099999999999994,2.5400000000000063,3,Developing,Medium,2,1,0,0
Female,0,No,No,56,Yes,No,No,No internet service,No internet service,No internet service,No internet service,No internet service,No internet service,Two year,No,Electronic check,28.42,1564.97,No,27.94589285714286,0.47410714285714306,1,Loyal,Low,0,1,0,0
Female,0,No,No,8,Yes,No,No,No internet service,No internet service,No internet service,No internet service,No internet service,No internet service,Month-to-month,Yes,Credit card,37.64,410.69,Yes,51.33625,-13.69625,1,New,Low,2,0,0,0
Female,0,No,No,58,Yes,Yes,No,No internet service,No internet service,No internet service,No internet service,No internet service,No internet service,Month-to-month,No,Credit card,26.83,1642.11,No,28.312241379310343,-1.482241379310345,2,Loyal,Low,2,0,0,0
Male,0,Yes,Yes,51,Yes,Yes,Fiber optic,Yes,No,No,No,Yes,No,Two year,Yes,Credit card,87.07,4474.19,No,87.7292156862745,-0.6592156862745071,4,Loyal,High,0,0,0,1
Male,0,No,No,52,Yes,No,DSL,No,Yes,No,No,No,Yes,Month-to-month,No,Mailed check,59.83,3167.46,No,60.91269230769231,-1.0826923076923123,3,Loyal,Medium,2,0,0,0
Male,0,Yes,No,36,Yes,No,DSL,No,No,No,No,No,Yes,Two year,No,Bank transfer,56.52,1955.21,No,54.31138888888889,2.208611111111111,2,Established,Medium,0,0,0,0
Female,0,Yes,No,8,Yes,No,No,No internet service,No internet service,No internet service,No internet service,No internet service,No internet service,One year,No,Mailed check,27.51,271.57,No,33.94625,-6.436249999999998,1,New,Low,1,0,0,0
Male,0,No,No,61,Yes,Yes,No,No internet service,No internet service,No internet service,No internet service,No internet service,No internet service,Month-to-month,Yes,Bank transfer,40.06,2365.35,Yes,38.77622950819672,1.2837704918032813,2,Loyal,Medium,2,0,0,0
Female,0,Yes,Yes,8,No,No phone service,Fiber optic,No,Yes,No,No,No,Yes,Month-to-month,No,Credit card,74.26,643.42,No,80.4275,-6.16749999999999,2,New,High,2,0,0,0
Female,0,Yes,No,35,Yes,Yes,Fiber optic,No,Yes,No,No,No,No,Month-to-month,No,Electronic check,82.54,3037.31,Yes,86.78028571428571,-4.240285714285704,3,Established,High,2,1,0,0
Male,1,Yes,Yes,13,Yes,Yes,Fiber optic,No,Yes,Yes,No,No,No,Two year,No,Credit card,80.07,1122.93,No,86.37923076923077,-6.30923076923078,4,Developing,High,0,0,0,0
Female,0,No,No,61,Yes,Yes,Fiber optic,Yes,No,Yes,No,No,No,Month-to-month,No,Credit card,89.34,5523.16,No,90.54360655737705,-1.203606557377043,4,Loyal,High,2,0,0,1
Male,0,Yes,No,42,Yes,No,DSL,No,No,No,No,No,Yes,One year,Yes,Mailed check,59.07,2397.94,No,57.093809523809526,1.9761904761904745,2,Established,Medium,1,0,0,0
Male,0,No,No,37,Yes,No,Fiber optic,No,No,No,Yes,Yes,Yes,Two year,Yes,Credit card,85.04,3148.46,No,85.09351351351351,-0.05351351351350786,4,Established,High,0,0,1,0
Male,0,No,No,23,Yes,No,Fiber optic,No,No,No,Yes,Yes,No,One year,Yes,Credit card,80.23,1870.91,No,81.34391304347827,-1.113913043478263,3,Developing,High,1,0,1,0
Female,0,No,No,57,Yes,Yes,Fiber optic,No,Yes,No,No,No,No,Month-to-month,No,Electronic check,76.33,4437.94,No,77.85859649122807,-1.5285964912280718,3,Loyal,High,2,1,0,0
Female,0,Yes,No,16,Yes,No,Fiber optic,No,No,No,No,No,No,One year,No,Electronic check,71.86,1095.85,No,68.490625,3.369375000000005,1,Developing,High,1,1,0,0
Male,0,No,Yes,52,Yes,Yes,Fiber optic,No,No,Yes,Yes,Yes,Yes,One year,Yes,Bank transfer,100.35,5214.63,No,100.28134615384616,0.06865384615383618,6,Loyal,Very High,1,0,1,0
Male,0,Yes,No,70,No,No phone service,DSL,No,No,No,No,Yes,Yes,Month-to-month,Yes,Bank transfer,55.24,4001.0,No,57.15714285714286,-1.9171428571428564,2,Loyal,Medium,2,0,0,0
Male,1,No,No,20,Yes,No,DSL,No,No,No,No,No,Yes,Two year,Yes,Electronic check,52.69,1063.03,No,53.1515,-0.4615000000000009,2,Developing,Medium,0,1,0,0
Male,1,No,No,50,Yes,Yes,DSL,Yes,No,No,No,No,Yes,Month-to-month,No,Mailed check,64.61,3055.2,No,61.104,3.5060000000000002,4,Loyal,Medium,2,0,0,1
Female,0,Yes,Yes,23,Yes,No,DSL,No,No,No,Yes,No,Yes,Two year,Yes,Mailed check,57.75,1242.85,No,54.03695652173913,3.7130434782608717,3,Developing,Medium,0,0,1,0
Female,0,No,No,67,Yes,No,Fiber optic,No,Yes,No,Yes,No,No,Month-to-month,No,Mailed check,80.68,5357.29,Yes,79.95955223880597,0.7204477611940376,3,Loyal,High,2,0,1,0
Male,0,Yes,No,65,Yes,Yes,Fiber optic,No,No,Yes,Yes,No,No,Month-to-month,No,Electronic check,87.09,5584.93,No,85.92200000000001,1.1679999999999922,4,Loyal,High,2,1,1,0
Female,1,Yes,No,23,Yes,Yes,Fiber optic,Yes,Yes,Yes,No,No,No,One year,Yes,Electronic check,93.7,2181.11,No,94.8308695652174,-1.1308695652173952,5,Developing,High,1,1,0,1
Male,1,Yes,Yes,17,Yes,No,Fiber optic,Yes,No,No,Yes,No,Yes,Month-to-month,No,Credit card,92.71,1673.34,No,98.43176470588234,-5.72176470588235,4,Developing,High,2,0,1,1
Female,0,No,No,6,Yes,No,Fiber optic,No,Yes,No,Yes,No,Yes,Month-to-month,No,Electronic check,90.9,657.31,No,109.55166666666666,-18.651666666666657,4,New,High,2,1,1,0
Male,0,No,No,51,No,No phone service,Fiber optic,Yes,No,Yes,No,Yes,No,Month-to-month,No,Bank transfer,86.02,4504.56,No,88.32470588235294,-2.3047058823529483,3,Loyal,High,2,0,0,1
Male,0,No,No,67,Yes,Yes,DSL,No,No,No,No,No,No,Two year,Yes,Bank transfer,48.32,3196.12,No,47.70328358208955,0.6167164179104532,2,Loyal,Medium,0,0,0,0
Female,0,Yes,No,11,Yes,Yes,Fiber optic,No,Yes,Yes,No,Yes,No,Month-to-month,No,Credit card,90.97,988.77,No,89.88818181818182,1.0818181818181785,5,New,High,2,0,0,0
Female,0,No,No,59,Yes,Yes,DSL,Yes,Yes,Yes,No,No,No,One year,Yes,Credit card,72.44,4272.54,No,72.41593220338983,0.024067796610168557,5,Loyal,High,1,0,0,1
Male,0,No,Yes,55,No,No phone service,DSL,No,Yes,Yes,No,No,Yes,One year,Yes,Credit card,50.95,3042.85,No,55.32454545454545,-4.374545454545448,3,Loyal,Medium,1,0,0,0
Female,0,No,No,34,Yes,Yes,Fiber optic,Yes,Yes,No,No,Yes,Yes,Month-to-month,Yes,Mailed check,107.48,3692.82,No,108.61235294117648,-1.1323529411764781,6,Established,Very High,2,0,0,1
Male,0,Yes,No,17,Yes,Yes,No,No internet service,No internet service,No internet service,No internet service,No internet service,No internet service,Month-to-month,Yes,Electronic check,32.96,556.03,No,32.707647058823525,0.25235294117647555,2,Developing,Low,2,1,0,0
Male,0,Yes,No,48,Yes,No,DSL,No,No,Yes,Yes,No,No,Month-to-month,Yes,Electronic check,55.42,2594.46,No,54.05125,1.3687499999999986,3,Established,Medium,2,1,1,0
Male,0,No,No,43,Yes,No,Fiber optic,No,No,Yes,No,No,Yes,Two year,No,Mailed check,80.51,3565.25,No,82.91279069767442,-2.402790697674419,3,Established,High,0,0,0,0
Female,0,Yes,No,59,Yes,Yes,DSL,No,No,No,Yes,No,Yes,One year,Yes,Electronic check,65.05,3744.72,No,63.46983050847457,1.5801694915254245,4,Loyal,Medium,1,1,1,0
Male,0,Yes,No,41,Yes,Yes,DSL,No,Yes,Yes,No,No,No,Two year,No,Electronic check,69.63,2881.93,No,70.29097560975609,-0.6609756097560933,4,Established,Medium,0,1,0,0
Female,0,No,No,4,Yes,No,No,No internet service,No internet service,No internet service,No internet service,No internet service,No internet service,One year,No,Electronic check,33.27,133.47,No,33.3675,-0.09749999999999659,1,New,Low,1,1,0,0
Male,0,Yes,Yes,15,Yes,Yes,Fiber optic,Yes,No,Yes,Yes,No,No,Two year,Yes,Mailed check,99.83,1476.94,No,98.46266666666666,1.3673333333333346,5,Developing,High,0,0,1,1
Male,0,Yes,No,28,Yes,Yes,Fiber optic,Yes,No,No,Yes,No,Yes,Two year,Yes,Bank transfer,103.13,3046.96,No,108.82000000000001,-5.690000000000012,5,Established,Very High,0,0,1,1
Female,0,Yes,Yes,36,Yes,Yes,No,No internet service,No internet service,No internet service,No internet service,No internet service,No internet service,Month-to-month,Yes,Credit card,33.17,1244.37,No,34.56583333333333,-1.3958333333333286,2,Established,Low,2,0,0,0
Female,0,No,No,26,Yes,Yes,Fiber optic,Yes,No,No,No,Yes,No,Two year,No,Mailed check,84.95,2297.34,No,88.35923076923078,-3.409230769230774,4,Established,High,0,0,0,1
Female,0,No,No,64,Yes,No,DSL,No,Yes,Yes,No,No,Yes,Month-to-month,No,Electronic check,63.66,3986.08,No,62.2825,1.3774999999999977,4,Loyal,Medium,2,1,0,0
Male,0,Yes,Yes,21,Yes,Yes,Fiber optic,No,Yes,No,No,No,Yes,Month-to-month,No,Mailed check,90.3,1985.23,No,94.53476190476191,-4.2347619047619105,4,Developing,High,2,0,0,0
Female,0,Yes,No,49,Yes,No,Fiber optic,No,No,Yes,No,Yes,Yes,Month-to-month,No,Mailed check,83.11,4189.63,No,85.50265306122449,-2.392653061224493,4,Loyal,High,2,0,0,0
Female,0,No,Yes,27,Yes,Yes,Fiber optic,No,Yes,Yes,No,Yes,Yes,Month-to-month,Yes,Credit card,104.18,2839.9,No,105.18148148148148,-1.001481481481477,6,Established,Very High,2,0,0,0
Male,0,Yes,No,72,Yes,No,Fiber optic,Yes,No,No,No,No,Yes,Month-to-month,Yes,Mailed check,77.84,5573.7,No,77.4125,0.4275000000000091,3,Loyal,High,2,0,0,1
Male,0,No,No,66,Yes,No,Fiber optic,No,No,No,Yes,No,Yes,Month-to-month,Yes,Electronic check,80.36,5243.53,No,79.44742424242423,0.912575757575766,3,Loyal,High,2,1,1,0
Male,0,No,No,57,Yes,No,DSL,No,Yes,No,No,Yes,No,Month-to-month,Yes,Bank transfer,60.97,3481.54,No,61.07964912280702,-0.10964912280702066,3,Loyal,Medium,2,0,0,0
Male,0,Yes,No,56,Yes,Yes,Fiber optic,Yes,No,No,Yes,Yes,No,Two year,No,Mailed check,95.9,5359.12,No,95.69857142857143,0.20142857142857906,5,Loyal,High,0,0,1,1
Male,0,Yes,No,47,Yes,No,DSL,No,Yes,No,No,No,Yes,Month-to-month,No,Mailed check,58.3,2696.5,No,57.37234042553192,0.9276595744680805,3,Established,Medium,2,0,0,0
Male,0,Yes,No,43,Yes,No,DSL,Yes,Yes,No,No,Yes,Yes,Month-to-month,No,Electronic check,70.97,3094.15,No,71.95697674418605,-0.9869767441860517,5,Established,High,2,1,0,1
Female,0,No,No,41,Yes,Yes,Fiber optic,No,No,No,No,No,No,One year,Yes,Mailed check,79.63,3285.37,No,80.13097560975609,-0.5009756097560967,2,Established,High,1,0,0,0
Male,0,Yes,Yes,2,Yes,Yes,Fiber optic,No,No,Yes,No,No,Yes,One year,Yes,Electronic check,86.59,147.0,No,73.5,13.090000000000003,4,New,High,1,1,0,0
Male,0,No,No,68,Yes,Yes,No,No internet service,No internet service,No internet service,No internet service,No internet service,No internet service,Two year,No,Bank transfer,36.31,2444.26,No,35.945,0.365000000000002,2,Loyal,Low,0,0,0,0
Male,0,No,Yes,71,Yes,No,Fiber optic,No,No,Yes,Yes,No,No,Month-to-month,Yes,Electronic check,79.98,5545.99,No,78.1125352112676,1.8674647887324056,3,Loyal,High,2,1,1,0
Male,1,No,No,38,Yes,Yes,Fiber optic,Yes,No,No,No,No,No,Month-to-month,Yes,Electronic check,82.55,3127.54,Yes,82.30368421052631,0.24631578947368382,3,Established,High,2,1,0,1
Male,0,No,No,63,Yes,Yes,DSL,Yes,Yes,No,No,No,No,Two year,Yes,Bank transfer,67.63,4165.01,No,66.11126984126984,1.5187301587301505,4,Loyal,Medium,0,0,0,1
Female,0,Yes,No,29,Yes,No,Fiber optic,No,Yes,Yes,Yes,No,Yes,Month-to-month,Yes,Bank transfer,93.15,2673.99,No,92.20655172413792,0.9434482758620817,5,Established,High,2,0,1,0
Male,0,No,No,9,Yes,Yes,DSL,No,Yes,No,Yes,Yes,No,One year,Yes,Electronic check,75.7,708.81,Yes,78.75666666666666,-3.0566666666666578,5,New,High,1,1,1,0
Male,0,No,Yes,61,Yes,Yes,Fiber optic,No,Yes,No,No,Yes,Yes,Month-to-month,Yes,Credit card,94.02,5590.43,Yes,91.64639344262295,2.3736065573770446,5,Loyal,High,2,0,0,0
Female,1,Yes,No,37,Yes,No,Fiber optic,No,Yes,No,No,Yes,No,Month-to-month,Yes,Bank transfer,81.63,3000.41,Yes,81.09216216216215,0.5378378378378414,3,Established,High,2,0,0,0
Male,0,Yes,Yes,68,Yes,Yes,DSL,No,No,Yes,No,No,Yes,Two year,Yes,Credit card,58.91,4036.58,No,59.36147058823529,-0.4514705882352956,4,Loyal,Medium,0,0,0,0
Female,1,Yes,No,16,Yes,No,No,No internet service,No internet service,No internet service,No internet service,No internet service,No internet service,Month-to-month,Yes,Electronic check,24.15,266.06,Yes,16.62875,7.521249999999998,1,Developing,Low,2,1,0,0
Male,0,Yes,No,35,Yes,Yes,Fiber optic,No,Yes,Yes,Yes,Yes,No,Month-to-month,No,Mailed check,97.5,3365.65,No,96.16142857142857,1.3385714285714272,6,Established,High,2,0,1,0
Male,0,No,No,49,Yes,No,Fiber optic,No,No,Yes,Yes,Yes,Yes,One year,Yes,Mailed check,95.9,4594.21,No,93.75938775510204,2.140612244897966,5,Loyal,High,1,0,1,0
Female,1,Yes,No,10,Yes,No,Fiber optic,No,No,No,No,No,No,Month-to-month,Yes,Mailed check,68.0,751.5,Yes,75.15,-7.150000000000006,1,New,Medium,2,0,0,0
Female,0,No,No,72,Yes,Yes,Fiber optic,Yes,Yes,Yes,No,Yes,Yes,Month-to-month,No,Electronic check,101.64,7269.11,No,100.95986111111111,0.6801388888888908,7,Loyal,Very High,2,1,0,1
Male,0,No,No,44,Yes,No,Fiber optic,No,Yes,No,No,No,No,Month-to-month,No,Electronic check,76.38,3307.85,No,75.17840909090908,1.2015909090909105,2,Established,High,2,1,0,0
Female,0,Yes,Yes,13,Yes,No,DSL,No,No,Yes,No,Yes,No,Month-to-month,Yes,Credit card,51.34,737.11,No,56.70076923076923,-5.360769230769229,3,Developing,Medium,2,0,0,0
Male,1,No,Yes,54,Yes,Yes,No,No internet service,No internet service,No internet service,No internet service,No internet service,No internet service,One year,Yes,Credit card,28.48,1518.65,No,28.12314814814815,0.3568518518518502,2,Loyal,Low,1,0,0,0
Female,0,Yes,Yes,64,Yes,No,Fiber optic,Yes,Yes,No,Yes,Yes,No,Month-to-month,No,Electronic check,88.72,5823.9,No,90.9984375,-2.2784374999999955,5,Loyal,High,2,1,1,1
Male,0,Yes,No,27,Yes,No,Fiber optic,No,No,No,No,No,No,Month-to-month,Yes,Electronic check,71.58,1976.18,Yes,73.19185185185185,-1.6118518518518528,1,Established,High,2,1,0,0
Male,0,Yes,Yes,44,Yes,Yes,Fiber optic,No,No,Yes,No,Yes,Yes,Month-to-month,Yes,Electronic check,92.51,4107.72,No,93.35727272727273,-0.8472727272727241,5,Established,High,2,1,0,0
Male,0,Yes,No,54,Yes,No,DSL,No,No,Yes,No,No,No,Two year,Yes,Bank transfer,51.39,2814.96,No,52.12888888888889,-0.7388888888888872,2,Loyal,Medium,0,0,0,0
Female,0,Yes,No,11,Yes,No,Fiber optic,Yes,Yes,Yes,No,No,No,Month-to-month,No,Electronic check,88.0,1072.64,Yes,97.51272727272728,-9.512727272727275,4,New,High,2,1,0,1
Male,0,Yes,No,39,Yes,No,Fiber optic,No,No,Yes,No,No,No,Two year,Yes,Bank transfer,76.89,2750.7,No,70.53076923076922,6.359230769230777,2,Established,High,0,0,0,0
Female,0,Yes,No,41,Yes,No,No,No internet service,No internet service,No internet service,No internet service,No internet service,No internet service,Month-to-month,No,Electronic check,34.91,1486.98,No,36.26780487804878,-1.357804878048782,1,Established,Low,2,1,0,0
Female,1,Yes,Yes,22,Yes,Yes,DSL,No,Yes,No,No,No,No,Month-to-month,No,Bank transfer,58.65,1225.14,No,55.688181818181825,2.961818181818174,3,Developing,Medium,2,0,0,0
Female,0,No,No,22,Yes,No,Fiber optic,No,Yes,No,No,No,No,One year,Yes,Credit card,80.7,1680.82,No,76.40090909090908,4.299090909090921,2,Developing,High,1,0,0,0
Male,0,Yes,Yes,46,Yes,Yes,No,No internet service,No internet service,No internet service,No internet service,No internet service,No internet service,Month-to-month,No,Electronic check,37.5,1713.88,No,37.25826086956522,0.24173913043478024,2,Established,Low,2,1,0,0
Male,0,No,No,55,Yes,No,No,No internet service,No internet service,No internet service,No internet service,No internet service,No internet service,One year,Yes,Credit card,26.43,1446.9,No,26.30727272727273,0.12272727272727124,1,Loyal,Low,1,0,0,0
Female,0,No,No,29,Yes,No,Fiber optic,No,Yes,Yes,Yes,Yes,No,Two year,No,Credit card,88.16,2416.6,No,83.33103448275861,4.828965517241386,5,Established,High,0,0,1,0
Female,1,No,No,11,Yes,Yes,Fiber optic,Yes,Yes,No,Yes,No,No,Two year,Yes,Mailed check,92.65,924.13,No,84.01181818181819,8.63818181818182,5,New,High,0,0,1,1
Male,0,No,No,57,Yes,No,Fiber optic,No,No,No,No,Yes,Yes,Month-to-month,Yes,Electronic check,78.81,4379.15,No,76.82719298245614,1.9828070175438626,3,Loyal,High,2,1,0,0
Female,0,No,Yes,13,Yes,No,DSL,No,Yes,Yes,No,Yes,Yes,One year,No,Mailed check,69.13,831.44,No,63.95692307692308,5.173076923076913,5,Developing,Medium,1,0,0,0
Female,0,No,No,1,Yes,No,Fiber optic,No,No,Yes,No,No,Yes,Month-to-month,No,Electronic check,81.42,121.81,Yes,121.81,-40.39,3,New,High,2,1,0,0
Male,0,No,No,24,Yes,No,Fiber optic,Yes,No,Yes,No,No,Yes,One year,Yes,Credit card,91.72,2170.87,No,90.45291666666667,1.267083333333332,4,Developing,High,1,0,0,1
Female,0,No,Yes,59,Yes,No,DSL,No,Yes,No,Yes,No,No,Month-to-month,No,Mailed check,53.16,3159.44,No,53.54983050847458,-0.38983050847458145,3,Loyal,Medium,2,0,1,0
Male,0,Yes,No,55,Yes,Yes,Fiber optic,No,Yes,Yes,No,No,No,Month-to-month,Yes,Credit card,88.77,4819.01,Yes,87.61836363636364,1.1516363636363565,4,Loyal,High,2,0,0,0
Male,0,No,Yes,23,Yes,Yes,DSL,No,No,Yes,No,No,Yes,Month-to-month,Yes,Bank transfer,61.11,1514.66,No,65.85478260869566,-4.744782608695658,4,Developing,Medium,2,0,0,0
Female,1,No,Yes,38,Yes,Yes,Fiber optic,No,No,Yes,No,No,No,Month-to-month,Yes,Electronic check,85.47,3211.36,No,84.50947368421053,0.9605263157894655,3,Established,High,2,1,0,0
Female,0,Yes,No,70,Yes,No,Fiber optic,No,No,No,No,No,No,One year,No,Mailed check,76.06,5395.83,No,77.08328571428571,-1.0232857142857057,1,Loyal,High,1,0,0,0
Male,0,No,Yes,52,Yes,No,No,No internet service,No internet service,No internet service,No internet service,No internet service,No internet service,Month-to-month,Yes,Credit card,24.68,1288.41,No,24.777115384615385,-0.09711538461538538,1,Loyal,Low,2,0,0,0
Male,0,No,No,55,Yes,Yes,DSL,No,No,Yes,No,No,Yes,Month-to-month,Yes,Mailed check,65.58,3544.72,No,64.44945454545454,1.1305454545454552,4,Loyal,Medium,2,0,0,0
Male,0,No,Yes,7,Yes,Yes,DSL,No,No,Yes,No,No,Yes,One year,Yes,Mailed check,75.36,700.92,No,100.13142857142857,-24.771428571428572,4,New,High,1,0,0,0
Female,0,Yes,No,18,No,No phone service,Fiber optic,No,No,No,No,Yes,Yes,Month-to-month,No,Credit card,73.05,1413.79,Yes,78.54388888888889,-5.49388888888889,2,Developing,High,2,0,0,0
Male,0,Yes,No,8,Yes,No,Fiber optic,Yes,No,No,Yes,Yes,Yes,Two year,Yes,Electronic check,88.18,688.32,No,86.04,2.1400000000000006,5,New,High,0,1,1,1
Male,0,Yes,No,71,Yes,Yes,DSL,Yes,Yes,No,No,No,No,Month-to-month,Yes,Credit card,63.9,4610.59,No,64.93788732394367,-1.0378873239436714,4,Loyal,Medium,2,0,0,1
Female,0,No,No,25,Yes,No,Fiber optic,No,No,Yes,No,No,Yes,Month-to-month,No,Electronic check,77.74,1942.25,Yes,77.69,0.04999999999999716,3,Established,High,2,1,0,0
Male,0,No,No,36,Yes,No,No,No internet service,No internet service,No internet service,No internet service,No internet service,No internet service,Month-to-month,No,Credit card,29.49,1039.85,Yes,28.88472222222222,0.6052777777777791,1,Established,Low,2,0,0,0
Male,1,No,No,40,Yes,No,Fiber optic,No,No,Yes,No,No,No,Month-to-month,Yes,Bank transfer,78.48,3083.06,No,77.0765,1.4035000000000082,2,Established,High,2,0,0,0
Female,0,Yes,Yes,38,Yes,No,DSL,Yes,No,No,No,No,Yes,Month-to-month,No,Electronic check,53.91,2047.69,No,53.88657894736842,0.023421052631576345,3,Established,Medium,2,1,0,1
Female,1,Yes,No,4,Yes,Yes,DSL,No,No,No,No,Yes,No,One year,Yes,Electronic check,54.12,241.52,No,60.38,-6.260000000000005,3,New,Medium,1,1,0,0
Male,0,No,No,66,No,No phone service,Fiber optic,No,No,Yes,Yes,Yes,Yes,Month-to-month,Yes,Electronic check,90.1,5963.75,No,90.35984848484848,-0.2598484848484901,4,Loyal,High,2,1,1,0
Female,0,No,Yes,28,Yes,Yes,Fiber optic,Yes,Yes,No,No,No,No,Two year,Yes,Bank transfer,93.94,2676.78,No,95.59928571428573,-1.6592857142857298,4,Established,High,0,0,0,1
Female,0,Yes,No,67,Yes,No,No,No internet service,No internet service,No internet service,No internet service,No internet service,No internet service,Month-to-month,No,Mailed check,26.78,1792.4,No,26.75223880597015,0.02776119402984989,1,Loyal,Low,2,0,0,0
Female,0,Yes,No,56,Yes,Yes,DSL,Yes,No,Yes,No,No,No,One year,No,Electronic check,68.54,3734.02,No,66.67892857142857,1.8610714285714351,4,Loyal,Medium,1,1,0,1
Male,0,Yes,Yes,51,Yes,Yes,Fiber optic,No,No,No,Yes,No,No,Month-to-month,No,Bank transfer,89.06,4574.05,No,89.68725490196078,-0.6272549019607823,3,Loyal,High,2,0,1,0
Female,0,No,No,51,Yes,Yes,No,No internet service,No internet service,No internet service,No internet service,No internet service,No internet service,Month-to-month,No,Credit card,37.85,1871.66,No,36.69921568627451,1.150784313725488,2,Loyal,Low,2,0,0,0
Male,0,No,No,71,No,No phone service,DSL,Yes,Yes,No,No,No,Yes,Month-to-month,No,Electronic check,55.56,3810.74,No,53.67239436619718,1.8876056338028206,3,Loyal,Medium,2,1,0,1
Male,0,Yes,No,22,Yes,Yes,No,No internet service,No internet service,No internet service,No internet service,No internet service,No internet service,Month-to-month,No,Bank transfer,37.72,809.12,No,36.77818181818182,0.9418181818181779,2,Developing,Low,2,0,0,0
Male,0,No,Yes,24,Yes,Yes,Fiber optic,Yes,Yes,No,No,No,Yes,One year,Yes,Credit card,97.48,2294.77,No,95.61541666666666,1.8645833333333428,5,Developing,High,1,0,0,1
Male,0,No,No,49,Yes,Yes,Fiber optic,No,Yes,Yes,Yes,No,No,Month-to-month,No,Mailed check,83.02,3997.6,No,81.58367346938775,1.4363265306122486,5,Loyal,High,2,0,1,0
Female,0,No,No,17,Yes,No,Fiber optic,Yes,No,Yes,Yes,No,No,Month-to-month,Yes,Credit card,84.53,1329.42,No,78.20117647058824,6.328823529411764,4,Developing,High,2,0,1,1
Female,0,Yes,Yes,58,Yes,Yes,No,No internet service,No internet service,No internet service,No internet service,No internet service,No internet service,Two year,Yes,Bank transfer,29.76,1745.22,No,30.09,-0.3299999999999983,2,Loyal,Low,0,0,0,0
Female,0,Yes,No,3,Yes,No,No,No internet service,No internet service,No internet service,No internet service,No internet service,No internet service,Month-to-month,Yes,Bank transfer,24.39,18.0,No,6.0,18.39,1,New,Low,2,0,0,0
Male,0,No,Yes,65,Yes,No,DSL,No,No,No,No,Yes,Yes,Month-to-month,No,Credit card,61.28,3904.67,No,60.07184615384615,1.2081538461538486,3,Loyal,Medium,2,0,0,0
Male,0,No,Yes,25,Yes,No,Fiber optic,Yes,No,No,No,No,No,Month-to-month,No,Electronic check,74.62,1893.43,Yes,75.7372,-1.1171999999999969,2,Established,High,2,1,0,1
Female,0,No,Yes,1,Yes,Yes,DSL,No,Yes,No,No,No,Yes,Month-to-month,Yes,Mailed check,65.13,44.75,Yes,44.75,20.379999999999995,4,New,Medium,2,0,0,0
Male,0,No,Yes,44,No,No phone service,DSL,Yes,No,No,Yes,No,No,Month-to-month,No,Bank transfer,47.48,2113.84,No,48.041818181818186,-0.5618181818181895,2,Established,Medium,2,0,1,1
Male,0,Yes,Yes,20,Yes,Yes,Fiber optic,Yes,No,No,Yes,No,Yes,One year,No,Electronic check,93.25,1848.21,No,92.4105,0.839500000000001,5,Developing,High,1,1,1,1
Female,0,Yes,No,22,Yes,Yes,Fiber optic,No,Yes,No,No,Yes,No,One year,No,Mailed check,88.95,1980.88,No,90.04,-1.0900000000000034,4,Developing,High,1,0,0,0
Female,0,Yes,No,35,Yes,Yes,Fiber optic,No,No,No,No,No,No,One year,No,Bank transfer,83.25,2792.35,No,79.78142857142856,3.468571428571437,2,Established,High,1,0,0,0
Female,0,No,Yes,42,Yes,No,DSL,No,No,Yes,No,No,No,Month-to-month,Yes,Electronic check,53.59,2362.18,No,56.24238095238095,-2.6523809523809447,2,Established,Medium,2,1,0,0
Female,0,Yes,No,10,Yes,Yes,DSL,No,No,No,Yes,Yes,Yes,Month-to-month,Yes,Mailed check,68.25,539.76,No,53.976,14.274000000000001,5,New,Medium,2,0,1,0
Female,0,No,Yes,4,No,No phone service,DSL,No,Yes,No,No,Yes,No,One year,Yes,Electronic check,48.23,256.43,No,64.1075,-15.877500000000005,2,New,Medium,1,1,0,0
Male,0,No,No,34,Yes,Yes,DSL,No,No,No,Yes,No,No,Month-to-month,Yes,Electronic check,60.74,2051.05,No,60.325,0.41499999999999915,3,Established,Medium,2,1,1,0
Male,0,No,No,26,Yes,No,DSL,Yes,Yes,Yes,No,No,Yes,Month-to-month,Yes,Mailed check,66.92,1909.66,Yes,73.44846153846154,-6.528461538461542,5,Established,Medium,2,0,0,1
Male,0,No,No,42,Yes,Yes,No,No internet service,No internet service,No internet service,No internet service,No internet service,No internet service,Month-to-month,Yes,Electronic check,37.05,1555.92,No,37.04571428571429,0.004285714285707343,2,Established,Low,2,1,0,0
Female,0,No,No,54,Yes,No,DSL,No,Yes,Yes,Yes,No,Yes,One year,No,Mailed check,67.91,3717.19,No,68.83685185185185,-0.9268518518518505,5,Loyal,Medium,1,0,1,0
Male,0,Yes,Yes,45,Yes,Yes,No,No internet service,No internet service,No internet service,No internet service,No internet service,No internet service,Month-to-month,Yes,Electronic check,35.84,1443.18,No,32.07066666666667,3.7693333333333356,2,Established,Low,2,1,0,0
Female,0,No,Yes,8,Yes,Yes,DSL,No,No,No,No,No,Yes,Two year,No,Credit card,65.1,616.48,No,77.06,-11.960000000000008,3,New,Medium,0,0,0,0
Female,0,Yes,No,72,Yes,No,Fiber optic,No,Yes,No,No,Yes,No,Month-to-month,Yes,Credit card,83.61,6053.62,No,84.07805555555555,-0.46805555555555145,3,Loyal,High,2,0,0,0
Male,0,Yes,No,52,Yes,Yes,DSL,No,Yes,Yes,No,No,No,Two year,Yes,Electronic check,70.74,3532.08,No,67.92461538461538,2.815384615384616,4,Loyal,High,0,1,0,0
Male,0,No,No,4,Yes,Yes,DSL,Yes,Yes,Yes,Yes,Yes,Yes,Month-to-month,No,Electronic check,84.36,280.35,No,70.0875,14.272499999999994,8,New,High,2,1,1,1
Female,0,No,No,55,No,No phone service,Fiber optic,No,No,No,No,Yes,Yes,One year,No,Electronic check,72.34,3950.46,Yes,71.82654545454545,0.5134545454545503,2,Loyal,High,1,1,0,0
Female,0,No,No,64,Yes,No,DSL,No,No,No,No,No,No,Month-to-month,No,Electronic check,47.59,3129.76,No,48.9025,-1.3125,1,Loyal,Medium,2,1,0,0
Male,0,Yes,No,41,Yes,Yes,Fiber optic,No,No,No,No,No,No,Two year,No,Bank transfer,76.14,3096.62,No,75.52731707317074,0.6126829268292653,2,Established,High,0,0,0,0
Male,0,Yes,No,60,Yes,No,Fiber optic,No,Yes,Yes,No,No,No,Month-to-month,No,Bank transfer,80.53,4725.43,No,78.75716666666668,1.772833333333324,3,Loyal,High,2,0,0,0
Female,0,No,Yes,64,Yes,Yes,Fiber optic,No,No,No,No,No,No,Two year,Yes,Mailed check,78.44,4980.49,No,77.82015625,0.6198437500000011,2,Loyal,High,0,0,0,0
Male,0,No,Yes,70,Yes,No,Fiber optic,No,No,No,No,No,Yes,One year,Yes,Credit card,71.84,5069.45,No,72.42071428571428,-0.5807142857142793,2,Loyal,High,1,0,0,0
Male,0,Yes,No,69,Yes,No,DSL,No,Yes,No,No,Yes,No,One year,No,Credit card,49.29,3389.16,No,49.11826086956521,0.17173913043478706,3,Loyal,Medium,1,0,0,0
Female,0,No,Yes,14,Yes,No,DSL,No,Yes,No,No,No,No,Month-to-month,Yes,Mailed check,53.88,804.03,No,57.43071428571428,-3.550714285714278,2,Developing,Medium,2,0,0,0
Male,0,No,No,3,Yes,Yes,Fiber optic,No,No,No,No,Yes,Yes,Month-to-month,Yes,Bank transfer,85.26,57.69,Yes,19.23,66.03,4,New,High,2,0,0,0
Male,0,No,No,47,Yes,Yes,No,No internet service,No internet service,No internet service,No internet service,No internet service,No internet service,Two year,No,Mailed check,32.96,1692.28,No,36.00595744680851,-3.045957446808508,2,Established,Low,0,0,0,0
Male,1,Yes,No,49,Yes,No,DSL,No,No,Yes,Yes,No,No,Two year,Yes,Bank transfer,55.31,2704.97,No,55.2034693877551,0.10653061224490301,3,Loyal,Medium,0,0,1,0
Female,1,No,No,41,Yes,No,DSL,No,Yes,Yes,No,No,No,Month-to-month,No,Electronic check,55.67,2305.23,No,56.22512195121951,-0.5551219512195118,3,Established,Medium,2,1,0,0
Female,0,Yes,No,18,Yes,No,Fiber optic,No,Yes,No,Yes,Yes,No,Month-to-month,Yes,Electronic check,90.13,1688.76,No,93.82,-3.6899999999999977,4,Developing,High,2,1,1,0
Male,0,Yes,No,69,Yes,Yes,No,No internet service,No internet service,No internet service,No internet service,No internet service,No internet service,Month-to-month,Yes,Electronic check,37.66,2697.02,No,39.08724637681159,-1.4272463768115955,2,Loyal,Low,2,1,0,0
Male,0,Yes,No,30,Yes,Yes,DSL,Yes,No,No,No,No,Yes,Month-to-month,Yes,Electronic check,65.95,2068.02,No,68.934,-2.9839999999999947,4,Established,Medium,2,1,0,1
Female,0,No,Yes,54,No,No phone service,Fiber optic,No,Yes,No,No,Yes,No,Month-to-month,Yes,Mailed check,76.28,4053.31,No,75.06129629629629,1.21870370370371,2,Loyal,High,2,0,0,0
Male,0,No,No,45,No,No phone service,Fiber optic,Yes,Yes,Yes,No,Yes,No,Two year,Yes,Bank transfer,79.89,3458.91,No,76.86466666666666,3.025333333333336,4,Established,High,0,0,0,1
Male,0,Yes,Yes,65,Yes,No,DSL,Yes,Yes,Yes,No,Yes,No,Month-to-month,No,Mailed check,65.0,4263.0,No,65.58461538461539,-0.5846153846153896,5,Loyal,Medium,2,0,0,1
Female,0,Yes,Yes,52,Yes,No,Fiber optic,No,Yes,Yes,No,Yes,No,Two year,Yes,Credit card,101.39,5365.91,No,103.19057692307692,-1.8005769230769175,4,Loyal,Very High,0,0,0,0
Male,0,Yes,No,46,Yes,No,Fiber optic,No,Yes,Yes,No,Yes,Yes,Two year,Yes,Electronic check,94.61,4390.44,No,95.44434782608695,-0.8343478260869546,5,Established,High,0,1,0,0
Female,0,Yes,Yes,61,Yes,Yes,DSL,No,No,No,No,Yes,No,Month-to-month,Yes,Credit card,63.52,3706.18,No,60.75704918032787,2.7629508196721346,3,Loyal,Medium,2,0,0,0
Female,0,No,Yes,4,Yes,Yes,DSL,No,No,No,No,No,No,Month-to-month,Yes,Electronic check,48.41,356.37,No,89.0925,-40.682500000000005,2,New,Medium,2,1,0,0
Female,0,Yes,Yes,51,Yes,No,DSL,No,Yes,No,No,Yes,Yes,Month-to-month,Yes,Electronic check,67.94,3421.83,No,67.09470588235294,0.8452941176470574,4,Loyal,Medium,2,1,0,0
Female,0,Yes,No,43,Yes,No,DSL,Yes,No,No,No,Yes,No,Month-to-month,Yes,Electronic check,56.98,2517.66,No,58.550232558139534,-1.570232558139537,3,Established,Medium,2,1,0,1
Male,0,No,No,56,Yes,Yes,Fiber optic,Yes,No,No,No,No,No,One year,No,Electronic check,79.87,4319.17,No,77.12803571428572,2.741964285714289,3,Loyal,High,1,1,0,1
Female,1,Yes,Yes,17,No,No phone service,Fiber optic,No,No,No,No,Yes,No,One year,No,Electronic check,76.03,1403.42,No,82.55411764705883,-6.52411764705883,1,Developing,High,1,1,0,0
Male,0,No,No,44,Yes,Yes,No,No internet service,No internet service,No internet service,No internet service,No internet service,No internet service,Month-to-month,Yes,Bank transfer,41.17,1890.47,No,42.965227272727276,-1.7952272727272742,2,Established,Medium,2,0,0,0
Female,0,No,Yes,21,Yes,No,Fiber optic,No,Yes,No,No,No,Yes,Two year,Yes,Electronic check,81.89,1684.3,No,80.20476190476191,1.6852380952380912,3,Developing,High,0,1,0,0
Male,0,No,No,9,Yes,Yes,Fiber optic,No,No,No,No,No,No,Month-to-month,Yes,Electronic check,77.99,804.11,No,89.34555555555556,-11.355555555555569,2,New,High,2,1,0,0
Female,1,No,Yes,42,Yes,No,DSL,Yes,Yes,No,Yes,No,No,Month-to-month,No,Electronic check,59.49,2512.42,No,59.81952380952381,-0.3295238095238062,4,Established,Medium,2,1,1,1
Male,1,Yes,No,2,Yes,No,Fiber optic,No,No,No,No,Yes,No,Two year,Yes,Bank transfer,72.44,211.1,No,105.55,-33.11,2,New,High,0,0,0,0
Male,0,No,No,7,Yes,Yes,DSL,No,No,No,No,No,No,Month-to-month,Yes,Mailed check,53.38,363.75,Yes,51.964285714285715,1.4157142857142873,2,New,Medium,2,0,0,0
Male,0,No,No,39,Yes,Yes,DSL,No,No,No,No,No,Yes,Month-to-month,No,Electronic check,60.99,2321.23,No,59.51871794871795,1.4712820512820528,3,Established,Medium,2,1,0,0
Female,0,Yes,No,65,Yes,No,Fiber optic,No,Yes,No,No,Yes,Yes,Month-to-month,Yes,Electronic check,93.21,6203.14,No,95.43292307692309,-2.222923076923095,4,Loyal,High,2,1,0,0
Female,0,No,No,52,Yes,Yes,Fiber optic,Yes,No,No,Yes,No,Yes,Month-to-month,Yes,Bank transfer,96.39,5049.76,No,97.11076923076924,-0.7207692307692355,5,Loyal,High,2,0,1,1
Female,1,No,No,2,Yes,No,DSL,Yes,No,Yes,No,No,No,Month-to-month,Yes,Bank transfer,52.06,18.0,Yes,9.0,43.06,3,New,Medium,2,0,0,1
Female,0,No,No,8,Yes,No,Fiber optic,Yes,No,Yes,Yes,Yes,Yes,One year,Yes,Mailed check,90.84,738.36,No,92.295,-1.4549999999999983,6,New,High,1,0,1,1
Female,0,No,No,32,Yes,Yes,DSL,No,No,No,No,Yes,No,Month-to-month,Yes,Mailed check,58.76,1935.97,No,60.4990625,-1.7390625000000028,3,Established,Medium,2,0,0,0
Male,0,Yes,No,31,No,No phone service,Fiber optic,Yes,No,Yes,No,Yes,Yes,Month-to-month,Yes,Electronic check,80.89,2596.26,No,83.75032258064518,-2.8603225806451746,4,Established,High,2,1,0,1
Female,0,No,Yes,3,Yes,No,Fiber optic,No,Yes,No,No,Yes,No,Month-to-month,Yes,Mailed check,81.62,415.96,Yes,138.65333333333334,-57.03333333333333,3,New,High,2,0,0,0
Female,0,No,Yes,19,Yes,Yes,Fiber optic,No,No,Yes,Yes,Yes,Yes,Month-to-month,Yes,Bank transfer,102.83,2003.43,Yes,105.44368421052631,-2.6136842105263156,6,Developing,Very High,2,0,1,0
Female,0,No,Yes,10,Yes,Yes,DSL,No,Yes,No,No,Yes,No,Two year,Yes,Bank transfer,66.35,604.99,No,60.499,5.850999999999992,4,New,Medium,0,0,0,0
Male,0,Yes,No,41,Yes,No,Fiber optic,Yes,No,Yes,No,No,Yes,One year,No,Mailed check,85.26,3478.18,No,84.83365853658536,0.4263414634146443,4,Established,High,1,0,0,1
Male,0,No,No,48,Yes,No,DSL,No,Yes,No,No,No,No,One year,Yes,Bank transfer,52.69,2633.45,No,54.86354166666666,-2.173541666666665,2,Established,Medium,1,0,0,0
Male,1,No,Yes,29,Yes,No,Fiber optic,No,No,No,No,No,Yes,Month-to-month,No,Mailed check,82.66,2341.33,No,80.73551724137931,1.9244827586206839,2,Established,High,2,0,0,0
Female,0,Yes,No,42,Yes,Yes,No,No internet service,No internet service,No internet service,No internet service,No internet service,No internet service,Month-to-month,No,Bank transfer,36.68,1557.0,No,37.07142857142857,-0.3914285714285697,2,Established,Low,2,0,0,0
Female,1,No,No,15,No,No phone service,DSL,No,Yes,Yes,No,Yes,No,Two year,No,Bank transfer,56.54,809.49,No,53.966,2.573999999999998,3,Developing,Medium,0,0,0,0
Male,0,No,No,62,No,No phone service,Fiber optic,No,No,No,No,No,No,Two year,No,Bank transfer,59.92,3689.82,No,59.513225806451615,0.4067741935483866,0,Loyal,Medium,0,0,0,0
Male,0,No,No,1,Yes,Yes,DSL,No,No,Yes,No,Yes,Yes,One year,No,Electronic check,72.74,54.37,Yes,54.37,18.369999999999997,5,New,High,1,1,0,0
Female,0,No,No,37,Yes,Yes,Fiber optic,No,No,Yes,No,Yes,No,Month-to-month,No,Electronic check,95.2,3540.6,No,95.69189189189188,-0.491891891891882,4,Established,High,2,1,0,0
Female,0,Yes,Yes,24,Yes,No,Fiber optic,No,No,Yes,No,No,No,Month-to-month,Yes,Electronic check,74.86,1785.58,No,74.39916666666666,0.46083333333334053,2,Developing,High,2,1,0,0
Female,0,No,No,33,Yes,Yes,Fiber optic,No,Yes,No,Yes,No,No,Month-to-month,Yes,Mailed check,85.82,2702.96,Yes,81.90787878787879,3.912121212121207,4,Established,High,2,0,1,0
Male,0,No,Yes,38,Yes,Yes,Fiber optic,No,Yes,Yes,Yes,No,No,Month-to-month,Yes,Mailed check,96.99,3783.85,No,99.575,-2.585000000000008,5,Established,High,2,0,1,0
Female,0,Yes,Yes,47,Yes,Yes,No,No internet service,No internet service,No internet service,No internet service,No internet service,No internet service,Month-to-month,Yes,Bank transfer,34.49,1709.85,No,36.37978723404255,-1.8897872340425508,2,Established,Low,2,0,0,0
Male,0,Yes,No,67,Yes,Yes,No,No internet service,No internet service,No internet service,No internet service,No internet service,No internet service,Month-to-month,Yes,Mailed check,37.53,2531.15,No,37.778358208955225,-0.2483582089552243,2,Loyal,Low,2,0,0,0
Male,0,Yes,No,41,No,No phone service,No,No internet service,No internet service,No internet service,No internet service,No internet service,No internet service,Month-to-month,No,Bank transfer,21.01,961.69,No,23.455853658536586,-2.445853658536585,0,Established,Low,2,0,0,0
Male,1,No,No,17,Yes,Yes,DSL,No,Yes,Yes,Yes,No,No,One year,No,Bank transfer,70.25,1253.65,No,73.74411764705883,-3.494117647058829,5,Developing,High,1,0,1,0
Male,1,Yes,Yes,38,Yes,No,No,No internet service,No internet service,No internet service,No internet service,No internet service,No internet service,One year,Yes,Electronic check,31.53,1261.89,No,33.20763157894737,-1.67763157894737,1,Established,Low,1,1,0,0
Female,1,No,No,37,No,No phone service,DSL,No,Yes,Yes,Yes,No,Yes,Month-to-month,Yes,Electronic check,65.29,2441.84,No,65.99567567567568,-0.7056756756756783,4,Established,Medium,2,1,1,0
Male,0,No,No,63,Yes,Yes,DSL,Yes,No,Yes,Yes,No,Yes,Month-to-month,No,Electronic check,79.43,5064.82,No,80.39396825396825,-0.9639682539682468,6,Loyal,High,2,1,1,1
Female,1,No,No,41,Yes,No,Fiber optic,Yes,No,No,No,Yes,Yes,Month-to-month,Yes,Bank transfer,95.02,3813.72,No,93.01756097560975,2.0024390243902417,4,Established,High,2,0,0,1
Female,0,Yes,No,63,No,No phone service,DSL,Yes,No,No,Yes,Yes,Yes,Two year,Yes,Electronic check,61.19,3829.04,No,60.7784126984127,0.4115873015872964,4,Loyal,Medium,0,1,1,1
Female,1,No,No,47,No,No phone service,Fiber optic,No,No,No,Yes,No,No,Month-to-month,No,Electronic check,62.38,2815.35,No,59.90106382978723,2.4789361702127692,1,Established,Medium,2,1,1,0
Female,0,Yes,No,42,Yes,No,DSL,No,No,No,No,Yes,No,Two year,No,Electronic check,52.57,2113.26,No,50.31571428571429,2.2542857142857073,2,Established,Medium,0,1,0,0
Female,0,No,No,24,Yes,No,Fiber optic,No,No,No,No,No,Yes,Month-to-month,Yes,Bank transfer,88.7,2229.0,No,92.875,-4.174999999999997,2,Developing,High,2,0,0,0
Female,1,Yes,No,19,Yes,No,DSL,No,Yes,Yes,No,No,No,One year,No,Credit card,55.83,1094.52,No,57.60631578947368,-1.776315789473685,3,Developing,Medium,1,0,0,0
Female,0,No,No,8,Yes,No,DSL,No,Yes,No,No,Yes,No,Month-to-month,Yes,Credit card,50.75,366.52,No,45.815,4.935000000000002,3,New,Medium,2,0,0,0
Female,0,Yes,No,40,Yes,No,No,No internet service,No internet service,No internet service,No internet service,No internet service,No internet service,One year,No,Electronic check,38.86,1477.34,No,36.933499999999995,1.9265000000000043,1,Established,Low,1,1,0,0
Female,0,Yes,No,67,Yes,No,Fiber optic,No,No,No,No,No,Yes,Two year,Yes,Mailed check,78.02,5117.01,No,76.37328358208956,1.64671641791044,2,Loyal,High,0,0,0,0
Female,0,No,Yes,1,Yes,No,DSL,No,No,No,Yes,Yes,No,Month-to-month,Yes,Electronic check,54.89,18.0,No,18.0,36.89,3,New,Medium,2,1,1,0
Male,0,No,No,69,Yes,No,Fiber optic,No,No,No,No,No,No,One year,Yes,Credit card,65.57,4474.61,No,64.84942028985506,0.720579710144932,1,Loyal,Medium,1,0,0,0
Female,1,No,Yes,62,Yes,Yes,No,No internet service,No internet service,No internet service,No internet service,No internet service,No internet service,Two year,Yes,Mailed check,35.83,1994.28,No,32.1658064516129,3.6641935483870967,2,Loyal,Low,0,0,0,0
Female,1,No,No,32,Yes,No,Fiber optic,No,No,No,No,No,Yes,One year,Yes,Electronic check,80.28,2641.21,No,82.5378125,-2.2578125,2,Established,High,1,1,0,0
Female,1,Yes,Yes,23,Yes,No,DSL,Yes,No,Yes,No,Yes,No,Month-to-month,Yes,Mailed check,65.98,1542.55,No,67.06739130434782,-1.0873913043478183,4,Developing,Medium,2,0,0,1
Female,0,Yes,No,42,Yes,Yes,No,No internet service,No internet service,No internet service,No internet service,No internet service,No internet service,Month-to-month,No,Mailed check,38.88,1666.4,No,39.67619047619048,-0.7961904761904748,2,Established,Low,2,0,0,0
Male,0,No,No,62,Yes,Yes,Fiber optic,No,No,No,Yes,Yes,Yes,Two year,No,Credit card,90.31,5650.05,No,91.12983870967743,-0.8198387096774269,5,Loyal,High,0,0,1,0
Male,0,No,Yes,3,Yes,No,DSL,Yes,Yes,No,No,No,No,One year,Yes,Electronic check,51.57,152.04,No,50.68,0.8900000000000006,3,New,Medium,1,1,0,1
Male,0,No,No,33,Yes,No,DSL,Yes,No,Yes,Yes,No,No,Two year,Yes,Credit card,61.23,2037.84,No,61.75272727272727,-0.5227272727272734,4,Established,Medium,0,0,1,1
Male,0,Yes,No,4,Yes,No,DSL,No,Yes,No,Yes,Yes,Yes,Month-to-month,Yes,Electronic check,74.81,295.73,Yes,73.9325,0.8774999999999977,5,New,High,2,1,1,0
Female,0,No,Yes,47,Yes,No,No,No internet service,No internet service,No internet service,No internet service,No internet service,No internet service,One year,Yes,Electronic check,26.54,1363.59,No,29.01255319148936,-2.472553191489361,1,Established,Low,1,1,0,0
Male,1,Yes,Yes,6,Yes,Yes,No,No internet service,No internet service,No internet service,No internet service,No internet service,No internet service,One year,Yes,Bank transfer,26.11,84.17,No,14.028333333333334,12.081666666666665,2,New,Low,1,0,0,0
Female,0,No,No,23,Yes,No,Fiber optic,No,Yes,No,No,No,Yes,Two year,Yes,Mailed check,85.67,2036.77,No,88.55521739130435,-2.8852173913043515,3,Developing,High,0,0,0,0
Male,0,No,No,54,Yes,No,Fiber optic,Yes,No,Yes,No,Yes,No,One year,No,Credit card,76.18,4027.33,No,74.58018518518519,1.5998148148148204,4,Loyal,High,1,0,0,1
Female,0,No,No,55,Yes,Yes,No,No internet service,No internet service,No internet service,No internet service,No internet service,No internet service,Month-to-month,No,Mailed check,33.26,1735.92,No,31.56218181818182,1.6978181818181781,2,Loyal,Low,2,0,0,0
Male,0,Yes,No,17,No,No phone service,Fiber optic,No,Yes,Yes,No,No,No,One year,No,Mailed check,75.4,1163.6,No,68.4470588235294,6.952941176470603,2,Developing,High,1,0,0,0
Female,0,Yes,No,37,Yes,No,Fiber optic,No,Yes,No,Yes,No,No,One year,Yes,Electronic check,83.28,2926.88,No,79.10486486486487,4.175135135135136,3,Established,High,1,1,1,0
Male,0,Yes,No,14,Yes,No,No,No internet service,No internet service,No internet service,No internet service,No internet service,No internet service,Month-to-month,No,Credit card,21.63,322.94,No,23.06714285714286,-1.4371428571428595,1,Developing,Low,2,0,0,0
Female,0,Yes,No,43,Yes,No,DSL,No,No,No,No,Yes,No,Month-to-month,No,Bank transfer,56.87,2362.68,No,54.946046511627905,1.9239534883720921,2,Established,Medium,2,0,0,0
Male,0,Yes,No,1,Yes,No,DSL,Yes,Yes,No,Yes,No,Yes,Two year,No,Bank transfer,73.75,99.58,No,99.58,-25.83,5,New,High,0,0,1,1
Male,1,No,No,59,Yes,No,Fiber optic,Yes,Yes,Yes,No,No,No,Month-to-month,Yes,Credit card,87.9,5316.76,No,90.11457627118645,-2.214576271186445,4,Loyal,High,2,0,0,1
Male,0,Yes,No,2,Yes,Yes,Fiber optic,No,No,No,Yes,No,No,Month-to-month,Yes,Electronic check,81.3,125.72,Yes,62.86,18.439999999999998,3,New,High,2,1,1,0
Female,0,Yes,No,44,No,No phone service,DSL,No,No,Yes,No,Yes,Yes,One year,Yes,Credit card,59.14,2631.34,No,59.80318181818182,-0.663181818181819,3,Established,Medium,1,0,0,0
Female,0,No,No,30,Yes,No,DSL,No,No,No,No,No,Yes,Two year,Yes,Mailed check,50.32,1592.05,No,53.068333333333335,-2.748333333333335,2,Established,Medium,0,0,0,0
Male,0,Yes,No,17,No,No phone service,Fiber optic,No,Yes,No,No,Yes,No,One year,No,Credit card,78.58,1358.96,No,79.93882352941176,-1.3588235294117652,2,Developing,High,1,0,0,0
Female,0,Yes,No,40,Yes,No,Fiber optic,Yes,No,No,No,No,Yes,Month-to-month,No,Bank transfer,88.35,3543.93,No,88.59825,-0.24824999999999875,3,Established,High,2,0,0,1
Female,0,No,No,11,Yes,Yes,No,No internet service,No internet service,No internet service,No internet service,No internet service,No internet service,Month-to-month,Yes,Mailed check,33.57,234.63,Yes,21.33,12.240000000000002,2,New,Low,2,0,0,0
Female,1,Yes,No,42,Yes,No,No,No internet service,No internet service,No internet service,No internet service,No internet service,No internet service,Month-to-month,Yes,Bank transfer,31.39,1327.96,No,31.61809523809524,-0.22809523809523924,1,Established,Low,2,0,0,0
Female,0,Yes,No,47,No,No phone service,Fiber optic,Yes,No,Yes,Yes,Yes,No,Month-to-month,Yes,Bank transfer,88.34,4200.84,No,89.37957446808511,-1.0395744680851067,4,Established,High,2,0,1,1
Female,0,No,Yes,33,Yes,No,Fiber optic,No,Yes,No,Yes,No,No,Two year,Yes,Electronic check,79.35,2763.38,No,83.73878787878789,-4.388787878787895,3,Established,High,0,1,1,0
Female,0,Yes,No,27,Yes,No,Fiber optic,No,No,No,No,No,No,Month-to-month,Yes,Bank transfer,61.1,1620.4,No,60.01481481481482,1.085185185185182,1,Established,Medium,2,0,0,0
Male,0,Yes,No,34,Yes,No,DSL,No,No,No,No,No,Yes,Month-to-month,Yes,Mailed check,53.86,1929.03,No,56.736176470588234,-2.8761764705882342,2,Established,Medium,2,0,0,0
Male,0,Yes,No,69,Yes,Yes,Fiber optic,No,Yes,No,No,Yes,Yes,Two year,Yes,Credit card,83.85,5736.01,No,83.13057971014493,0.7194202898550657,5,Loyal,High,0,0,0,0
Female,1,Yes,No,55,Yes,No,Fiber optic,No,No,Yes,Yes,Yes,No,Month-to-month,No,Credit card,93.72,5229.23,No,95.07690909090908,-1.3569090909090846,4,Loyal,High,2,0,1,0
Female,0,No,Yes,1,Yes,No,No,No internet service,No internet service,No internet service,No internet service,No internet service,No internet service,Month-to-month,Yes,Electronic check,30.68,18.0,Yes,18.0,12.68,1,New,Low,2,1,0,0
Female,0,Yes,No,21,Yes,Yes,No,No internet service,No internet service,No internet service,No internet service,No internet service,No internet service,Month-to-month,Yes,Electronic check,34.23,728.82,No,34.705714285714286,-0.47571428571428953,2,Developing,Low,2,1,0,0
Male,0,Yes,Yes,2,Yes,No,DSL,No,Yes,No,No,No,Yes,Month-to-month,No,Electronic check,62.06,71.8,Yes,35.9,26.160000000000004,3,New,Medium,2,1,0,0
Female,0,Yes,Yes,18,Yes,Yes,No,No internet service,No internet service,No internet service,No internet service,No internet service,No internet service,Month-to-month,Yes,Bank transfer,30.53,550.17,No,30.564999999999998,-0.03499999999999659,2,Developing,Low,2,0,0,0
Male,1,No,Yes,57,Yes,Yes,Fiber optic,No,No,Yes,Yes,No,No,Two year,Yes,Credit card,91.81,5233.56,No,91.81684210526316,-0.006842105263160647,4,Loyal,High,0,0,1,0
Male,0,Yes,No,62,Yes,Yes,DSL,No,Yes,No,No,No,No,Two year,No,Bank transfer,59.14,3674.09,No,59.259516129032264,-0.11951612903226305,3,Loyal,Medium,0,0,0,0
Male,0,No,No,33,Yes,No,Fiber optic,Yes,No,No,Yes,No,Yes,One year,Yes,Credit card,88.21,2847.38,No,86.28424242424242,1.9257575757575722,4,Established,High,1,0,1,1
Female,0,Yes,No,50,Yes,Yes,No,No internet service,No internet service,No internet service,No internet service,No internet service,No internet service,One year,Yes,Bank transfer,33.52,1672.2,No,33.444,0.07600000000000051,2,Loyal,Low,1,0,0,0
Male,0,No,No,27,No,No phone service,Fiber optic,No,No,No,No,No,Yes,Month-to-month,No,Mailed check,67.97,1862.62,No,68.98592592592593,-1.0159259259259272,1,Established,Medium,2,0,0,0
Male,0,Yes,No,35,Yes,Yes,Fiber optic,No,No,No,No,No,Yes,Two year,No,Credit card,86.39,2997.49,No,85.64257142857143,0.7474285714285713,3,Established,High,0,0,0,0
Male,0,Yes,Yes,60,Yes,No,Fiber optic,No,No,Yes,No,No,No,Month-to-month,Yes,Electronic check,71.48,4219.27,No,70.32116666666667,1.1588333333333338,2,Loyal,High,2,1,0,0
Male,0,No,No,20,Yes,No,Fiber optic,No,No,No,Yes,No,No,Month-to-month,Yes,Mailed check,70.09,1341.8,Yes,67.09,3.0,2,Developing,High,2,0,1,0
Male,0,Yes,Yes,23,Yes,Yes,Fiber optic,Yes,No,No,Yes,Yes,Yes,Month-to-month,Yes,Electronic check,105.38,2503.0,No,108.82608695652173,-3.4460869565217394,6,Developing,Very High,2,1,1,1
Female,1,No,Yes,10,Yes,Yes,Fiber optic,Yes,Yes,Yes,Yes,No,Yes,Month-to-month,Yes,Electronic check,106.16,1062.24,Yes,106.224,-0.06400000000000716,7,New,Very High,2,1,1,1
Male,0,No,Yes,16,No,No phone service,No,No internet service,No internet service,No internet service,No internet service,No internet service,No internet service,Month-to-month,Yes,Bank transfer,18.0,399.73,No,24.983125,-6.983125000000001,0,Developing,Low,2,0,0,0
Male,0,No,No,3,Yes,Yes,Fiber optic,No,No,No,Yes,Yes,No,Month-to-month,Yes,Electronic check,89.45,248.94,Yes,82.98,6.469999999999999,4,New,High,2,1,1,0
Female,0,Yes,No,59,Yes,No,DSL,No,No,Yes,Yes,No,Yes,Month-to-month,Yes,Mailed check,63.2,3716.85,Yes,62.99745762711864,0.20254237288136068,4,Loyal,Medium,2,0,1,0
Female,0,No,No,62,Yes,No,Fiber optic,No,No,No,Yes,Yes,Yes,Month-to-month,No,Electronic check,86.14,5383.6,No,86.83225806451614,-0.6922580645161389,4,Loyal,High,2,1,1,0
Male,0,Yes,No,31,Yes,Yes,Fiber optic,No,No,No,Yes,No,No,Month-to-month,Yes,Mailed check,82.89,2613.86,No,84.31806451612904,-1.4280645161290408,3,Established,High,2,0,1,0
Female,0,No,No,43,Yes,Yes,Fiber optic,Yes,No,No,No,No,No,One year,No,Electronic check,81.89,3628.26,No,84.37813953488373,-2.4881395348837287,3,Established,High,1,1,0,1
Female,0,No,No,18,Yes,No,Fiber optic,Yes,No,No,No,No,No,Month-to-month,Yes,Credit card,78.62,1242.09,Yes,69.005,9.615000000000009,2,Developing,High,2,0,0,1
Male,0,No,Yes,4,Yes,No,DSL,No,Yes,No,No,Yes,No,One year,Yes,Mailed check,59.68,276.76,No,69.19,-9.509999999999998,3,New,Medium,1,0,0,0
Male,0,No,No,38,Yes,No,Fiber optic,No,No,No,No,Yes,Yes,Month-to-month,No,Credit card,81.85,3025.09,No,79.60763157894738,2.2423684210526176,3,Established,High,2,0,0,0
Male,0,No,Yes,12,Yes,No,No,No internet service,No internet service,No internet service,No internet service,No internet service,No internet service,Month-to-month,Yes,Mailed check,25.75,299.04,No,24.92,0.8299999999999983,1,New,Low,2,0,0,0
Female,0,No,Yes,62,No,No phone service,Fiber optic,No,No,No,No,No,No,One year,No,Electronic check,63.75,3863.56,No,62.31548387096774,1.4345161290322608,0,Loyal,Medium,1,1,0,0
Female,0,Yes,No,21,Yes,No,Fiber optic,No,No,Yes,No,No,Yes,One year,Yes,Bank transfer,74.82,1588.23,No,75.63,-0.8100000000000023,3,Developing,High,1,0,0,0
Male,0,No,Yes,54,Yes,Yes,Fiber optic,No,No,No,No,No,No,Month-to-month,Yes,Electronic check,72.5,3829.51,No,70.91685185185186,1.5831481481481404,2,Loyal,High,2,1,0,0
Male,0,Yes,Yes,19,No,No phone service,Fiber optic,No,Yes,No,No,No,Yes,Month-to-month,No,Mailed check,73.26,1239.66,No,65.24526315789474,8.014736842105265,2,Developing,High,2,0,0,0
Female,1,Yes,No,10,Yes,Yes,Fiber optic,No,No,No,Yes,No,No,Two year,Yes,Mailed check,81.47,721.88,No,72.188,9.281999999999996,3,New,High,0,0,1,0
Female,0,No,No,40,Yes,No,Fiber optic,No,No,Yes,No,Yes,No,Month-to-month,No,Bank transfer,85.96,3529.36,No,88.23400000000001,-2.274000000000015,3,Established,High,2,0,0,0
Female,0,Yes,No,14,Yes,No,Fiber optic,Yes,No,No,No,Yes,Yes,Month-to-month,Yes,Credit card,83.34,1220.03,No,87.145,-3.8049999999999926,4,Developing,High,2,0,0,1
Male,0,No,Yes,29,Yes,No,Fiber optic,No,Yes,Yes,Yes,Yes,Yes,Month-to-month,No,Electronic check,97.22,2920.58,No,100.70965517241379,-3.4896551724137908,6,Established,High,2,1,1,0
Female,0,Yes,No,22,Yes,Yes,Fiber optic,No,No,No,No,No,No,Two year,Yes,Bank transfer,76.97,1536.23,No,69.82863636363636,7.141363636363636,2,Developing,High,0,0,0,0
Male,0,Yes,No,64,Yes,No,Fiber optic,No,Yes,Yes,Yes,No,Yes,Month-to-month,Yes,Mailed check,90.71,5947.54,No,92.9303125,-2.2203125000000057,5,Loyal,High,2,0,1,0
Female,0,No,No,37,Yes,No,DSL,No,No,No,No,No,No,Two year,Yes,Bank transfer,43.01,1781.78,No,48.156216216216215,-5.146216216216217,1,Established,Medium,0,0,0,0
Male,0,Yes,No,52,Yes,Yes,Fiber optic,Yes,No,Yes,No,No,No,One year,No,Credit card,84.46,4307.99,No,82.84596153846154,1.6140384615384562,4,Loyal,High,1,0,0,1
Female,1,No,No,43,Yes,Yes,Fiber optic,Yes,No,Yes,No,Yes,No,One year,No,Mailed check,95.01,4115.19,No,95.7020930232558,-0.6920930232557936,5,Established,High,1,0,0,1
Male,0,No,No,66,Yes,No,DSL,Yes,Yes,No,Yes,No,Yes,Month-to-month,Yes,Electronic check,66.91,4365.73,No,66.14742424242424,0.7625757575757603,5,Loyal,Medium,2,1,1,1
Male,0,No,No,32,Yes,Yes,DSL,No,No,No,No,Yes,No,One year,Yes,Credit card,58.49,1933.62,No,60.425625,-1.9356249999999946,3,Established,Medium,1,0,0,0
Female,1,Yes,Yes,63,Yes,Yes,Fiber optic,Yes,No,No,Yes,No,No,Month-to-month,Yes,Mailed check,82.29,5315.83,No,84.37825396825397,-2.088253968253966,4,Loyal,High,2,0,1,1
Female,1,No,Yes,65,Yes,No,Fiber optic,No,Yes,No,No,Yes,No,Month-to-month,No,Credit card,91.15,5846.09,No,89.93984615384616,1.210153846153844,3,Loyal,High,2,0,0,0
Male,0,Yes,No,67,Yes,No,Fiber optic,No,Yes,No,No,No,No,Month-to-month,Yes,Mailed check,75.58,4958.46,No,74.00686567164179,1.5731343283582078,2,Loyal,High,2,0,0,0
Male,0,Yes,No,51,Yes,Yes,Fiber optic,Yes,No,No,Yes,No,No,One year,No,Credit card,93.31,4737.85,No,92.89901960784314,0.41098039215685844,4,Loyal,High,1,0,1,1
Male,0,Yes,No,71,Yes,No,No,No internet service,No internet service,No internet service,No internet service,No internet service,No internet service,One year,No,Electronic check,26.88,2199.27,No,30.9756338028169,-4.095633802816902,1,Loyal,Low,1,1,0,0
Male,0,Yes,No,54,Yes,No,DSL,No,No,No,No,No,Yes,Two year,Yes,Bank transfer,53.49,2955.68,No,54.73481481481481,-1.2448148148148093,2,Loyal,Medium,0,0,0,0
Male,0,Yes,No,23,Yes,No,Fiber optic,No,No,No,No,Yes,No,Month-to-month,Yes,Mailed check,79.03,1857.66,No,80.76782608695653,-1.737826086956531,2,Developing,High,2,0,0,0
Male,0,Yes,No,12,Yes,No,Fiber optic,No,No,No,No,No,No,Two year,No,Bank transfer,69.52,916.41,No,76.36749999999999,-6.847499999999997,1,New,Medium,0,0,0,0
Female,1,Yes,No,16,Yes,No,DSL,No,No,No,No,No,Yes,Two year,Yes,Credit card,53.48,949.04,No,59.315,-5.835000000000001,2,Developing,Medium,0,0,0,0
Male,0,No,Yes,42,No,No phone service,No,No internet service,No internet service,No internet service,No internet service,No internet service,No internet service,Two year,Yes,Bank transfer,20.95,906.69,No,21.587857142857143,-0.6378571428571433,0,Established,Low,0,0,0,0
Female,0,Yes,No,12,Yes,Yes,No,No internet service,No internet service,No internet service,No internet service,No internet service,No internet service,One year,No,Bank transfer,34.14,405.45,No,33.7875,0.35249999999999915,2,New,Low,1,0,0,0
Female,0,Yes,Yes,18,No,No phone service,DSL,No,No,Yes,Yes,Yes,Yes,Month-to-month,Yes,Electronic check,61.6,1062.54,No,59.03,2.5700000000000003,4,Developing,Medium,2,1,1,0
Female,0,Yes,No,46,Yes,No,DSL,No,No,No,No,No,No,Two year,Yes,Electronic check,50.14,2323.97,No,50.521086956521735,-0.3810869565217345,1,Established,Medium,0,1,0,0
Female,1,Yes,No,24,Yes,Yes,No,No internet service,No internet service,No internet service,No internet service,No internet service,No internet service,One year,Yes,Bank transfer,31.12,838.42,No,34.93416666666666,-3.8141666666666616,2,Developing,Low,1,0,0,0
Female,0,No,No,50,Yes,Yes,DSL,Yes,Yes,Yes,Yes,Yes,Yes,One year,No,Mailed check,93.98,4785.74,No,95.7148,-1.7347999999999928,8,Loyal,High,1,0,1,1
Male,0,No,Yes,72,Yes,No,No,No internet service,No internet service,No internet service,No internet service,No internet service,No internet service,Month-to-month,No,Electronic check,30.34,2140.49,No,29.729027777777773,0.6109722222222267,1,Loyal,Low,2,1,0,0
Female,0,No,No,7,Yes,Yes,DSL,No,Yes,No,No,No,No,Month-to-month,No,Bank transfer,56.85,388.82,No,55.54571428571428,1.3042857142857187,3,New,Medium,2,0,0,0
Female,0,No,Yes,47,Yes,Yes,Fiber optic,No,No,No,No,Yes,No,Month-to-month,Yes,Bank transfer,87.64,4023.37,No,85.60361702127659,2.0363829787234096,3,Established,High,2,0,0,0
Female,0,Yes,Yes,60,Yes,No,DSL,No,Yes,Yes,Yes,Yes,No,Month-to-month,Yes,Electronic check,71.38,4368.8,No,72.81333333333333,-1.4333333333333371,5,Loyal,High,2,1,1,0
Male,0,No,No,11,Yes,Yes,Fiber optic,No,Yes,Yes,Yes,Yes,No,Month-to-month,No,Electronic check,100.34,1145.22,Yes,104.11090909090909,-3.770909090909086,6,New,Very High,2,1,1,0
Male,0,Yes,No,57,Yes,No,DSL,Yes,Yes,Yes,No,Yes,Yes,Two year,No,Mailed check,74.61,4230.83,No,74.22508771929824,0.3849122807017551,6,Loyal,High,0,0,0,1
Male,0,Yes,No,37,Yes,No,Fiber optic,Yes,No,Yes,Yes,Yes,No,Month-to-month,Yes,Bank transfer,85.53,3130.91,No,84.61918918918919,0.9108108108108155,5,Established,High,2,0,1,1
Female,0,Yes,No,46,No,No phone service,No,No internet service,No internet service,No internet service,No internet service,No internet service,No internet service,Month-to-month,Yes,Credit card,18.0,750.43,No,16.313695652173912,1.6863043478260877,0,Established,Low,2,0,0,0
Male,0,Yes,No,4,Yes,Yes,DSL,No,No,No,No,No,No,Month-to-month,No,Mailed check,53.34,219.95,No,54.9875,-1.6474999999999937,2,New,Medium,2,0,0,0
Male,0,No,No,32,Yes,Yes,Fiber optic,No,No,No,No,Yes,No,Month-to-month,No,Electronic check,86.01,2872.0,No,89.75,-3.739999999999995,3,Established,High,2,1,0,0
Female,0,Yes,Yes,27,Yes,No,DSL,No,No,No,Yes,Yes,Yes,Month-to-month,Yes,Credit card,65.35,1701.83,No,63.03074074074074,2.3192592592592547,4,Established,Medium,2,0,1,0
Male,0,Yes,No,12,Yes,No,Fiber optic,No,No,No,No,No,No,One year,No,Electronic check,71.73,750.7,No,62.55833333333334,9.171666666666667,1,New,High,1,1,0,0
Female,0,Yes,No,55,Yes,No,DSL,No,No,Yes,Yes,No,No,Two year,Yes,Bank transfer,55.09,3039.48,No,55.26327272727273,-0.17327272727272458,3,Loyal,Medium,0,0,1,0
Male,0,No,Yes,37,Yes,Yes,Fiber optic,No,No,No,No,No,Yes,Month-to-month,No,Mailed check,86.64,3300.33,No,89.1981081081081,-2.558108108108101,3,Established,High,2,0,0,0
Male,0,No,No,64,Yes,Yes,Fiber optic,No,No,No,No,No,Yes,Month-to-month,No,Credit card,92.74,6012.16,No,93.94,-1.2000000000000028,3,Loyal,High,2,0,0,0
Female,0,No,No,12,Yes,Yes,No,No internet service,No internet service,No internet service,No internet service,No internet service,No internet service,One year,No,Bank transfer,35.75,526.34,No,43.86166666666667,-8.111666666666672,2,New,Low,1,0,0,0
Male,1,No,No,53,Yes,No,No,No internet service,No internet service,No internet service,No internet service,No internet service,No internet service,Month-to-month,Yes,Electronic check,27.58,1420.45,No,26.800943396226415,0.7790566037735829,1,Loyal,Low,2,1,0,0
Female,0,No,Yes,44,Yes,Yes,DSL,No,No,No,No,Yes,No,One year,Yes,Mailed check,60.06,2713.65,No,61.67386363636364,-1.6138636363636394,3,Established,Medium,1,0,0,0
Female,0,Yes,Yes,47,Yes,Yes,DSL,Yes,No,No,No,Yes,Yes,One year,Yes,Electronic check,75.34,3570.81,No,75.97468085106382,-0.6346808510638198,5,Established,High,1,1,0,1
Male,0,Yes,No,23,Yes,No,DSL,No,Yes,No,No,Yes,No,Two year,Yes,Electronic check,57.93,1311.38,No,57.01652173913044,0.9134782608695602,3,Developing,Medium,0,1,0,0
Male,0,Yes,No,50,Yes,Yes,Fiber optic,No,No,Yes,No,Yes,No,Month-to-month,Yes,Mailed check,92.27,4615.83,No,92.3166,-0.046599999999997976,4,Loyal,High,2,0,0,0
Male,0,Yes,No,18,Yes,Yes,DSL,No,No,No,No,Yes,No,Two year,No,Mailed check,63.77,1213.48,No,67.41555555555556,-3.6455555555555534,3,Developing,Medium,0,0,0,0
Male,0,No,Yes,55,Yes,Yes,No,No internet service,No internet service,No internet service,No internet service,No internet service,No internet service,Two year,Yes,Credit card,42.24,2368.98,No,43.07236363636364,-0.8323636363636382,2,Loyal,Medium,0,0,0,0
Female,0,Yes,No,32,Yes,No,No,No internet service,No internet service,No internet service,No internet service,No internet service,No internet service,Month-to-month,Yes,Electronic check,29.94,1002.05,No,31.3140625,-1.3740624999999973,1,Established,Low,2,1,0,0
Male,0,Yes,No,35,Yes,No,DSL,No,No,Yes,No,Yes,No,Month-to-month,No,Mailed check,58.53,2102.32,No,60.06628571428572,-1.536285714285718,3,Established,Medium,2,0,0,0
Male,0,No,Yes,42,Yes,No,DSL,No,No,No,No,Yes,No,Month-to-month,Yes,Credit card,54.51,2256.99,No,53.73785714285714,0.7721428571428604,2,Established,Medium,2,0,0,0
Male,0,Yes,Yes,7,Yes,No,Fiber optic,No,No,No,Yes,No,Yes,Month-to-month,No,Mailed check,82.11,468.78,No,66.96857142857142,15.141428571428577,3,New,High,2,0,1,0
Male,0,Yes,Yes,27,Yes,No,Fiber optic,No,No,Yes,Yes,Yes,Yes,Two year,Yes,Mailed check,94.86,2505.93,No,92.81222222222222,2.0477777777777817,5,Established,High,0,0,1,0
Male,1,Yes,Yes,15,Yes,Yes,Fiber optic,Yes,Yes,No,No,No,Yes,Month-to-month,No,Bank transfer,99.62,1564.97,No,104.33133333333333,-4.711333333333329,5,Developing,High,2,0,0,1
Male,0,No,Yes,70,No,No phone service,DSL,No,No,Yes,No,No,No,Month-to-month,Yes,Bank transfer,41.24,2772.83,No,39.61185714285714,1.628142857142862,1,Loyal,Medium,2,0,0,0
Female,0,Yes,Yes,31,Yes,No,No,No internet service,No internet service,No internet service,No internet service,No internet service,No internet service,Month-to-month,Yes,Mailed check,22.89,710.42,No,22.916774193548385,-0.026774193548384062,1,Established,Low,2,0,0,0
Female,0,Yes,Yes,1,Yes,No,Fiber optic,No,No,Yes,Yes,Yes,Yes,One year,No,Credit card,94.66,106.66,No,106.66,-12.0,5,New,High,1,0,1,0
Female,0,Yes,No,2,Yes,No,DSL,No,No,No,Yes,Yes,No,Two year,No,Electronic check,58.89,175.87,No,87.935,-29.045,3,New,Medium,0,1,1,0
Male,0,No,No,66,No,No phone service,DSL,No,No,Yes,No,No,Yes,One year,Yes,Electronic check,54.08,3467.35,No,52.53560606060606,1.5443939393939417,2,Loyal,Medium,1,1,0,0
Male,0,Yes,No,12,Yes,No,Fiber optic,No,No,No,Yes,No,No,One year,Yes,Mailed check,74.51,713.92,No,59.49333333333333,15.016666666666673,2,New,High,1,0,1,0
Female,0,Yes,No,1,Yes,No,DSL,Yes,No,No,Yes,No,Yes,Month-to-month,Yes,Electronic check,61.31,18.0,No,18.0,43.31,4,New,Medium,2,1,1,1
Male,0,No,Yes,16,No,No phone service,No,No internet service,No internet service,No internet service,No internet service,No internet service,No internet service,One year,No,Electronic check,18.0,332.89,No,20.805625,-2.805624999999999,0,Developing,Low,1,1,0,0
Male,0,No,No,16,Yes,No,Fiber optic,No,No,Yes,Yes,No,Yes,Month-to-month,Yes,Electronic check,84.6,1464.78,Yes,91.54875,-6.948750000000004,4,Developing,High,2,1,1,0
Female,0,Yes,No,6,Yes,No,No,No internet service,No internet service,No internet service,No internet service,No internet service,No internet service,Month-to-month,Yes,Bank transfer,24.75,94.99,No,15.831666666666665,8.918333333333335,1,New,Low,2,0,0,0
Female,1,Yes,No,72,Yes,Yes,Fiber optic,No,No,No,No,No,No,One year,No,Mailed check,72.3,5138.48,No,71.36777777777777,0.9322222222222223,2,Loyal,High,1,0,0,0
Male,0,Yes,Yes,5,Yes,Yes,No,No internet service,No internet service,No internet service,No internet service,No internet service,No internet service,Two year,Yes,Credit card,26.33,151.29,No,30.258,-3.928000000000001,2,New,Low,0,0,0,0
Female,0,No,Yes,53,Yes,Yes,Fiber optic,No,No,No,No,Yes,No,One year,Yes,Electronic check,87.37,4797.46,No,90.51811320754717,-3.148113207547169,3,Loyal,High,1,1,0,0
Male,0,Yes,No,61,Yes,Yes,Fiber optic,Yes,Yes,No,No,Yes,Yes,One year,Yes,Bank transfer,101.87,6251.06,No,102.47639344262296,-0.6063934426229594,6,Loyal,Very High,1,0,0,1
Male,0,No,Yes,47,Yes,Yes,DSL,No,Yes,Yes,No,No,No,Month-to-month,No,Electronic check,71.47,3401.98,No,72.38255319148936,-0.9125531914893656,4,Established,High,2,1,0,0
Male,1,No,Yes,10,Yes,Yes,Fiber optic,No,Yes,Yes,No,No,No,Month-to-month,Yes,Electronic check,81.17,968.37,No,96.837,-15.667000000000002,4,New,High,2,1,0,0
Female,0,No,Yes,53,Yes,No,Fiber optic,Yes,No,No,Yes,Yes,No,Month-to-month,No,Bank transfer,94.88,5103.27,No,96.28811320754718,-1.4081132075471885,4,Loyal,High,2,0,1,1
Male,0,Yes,No,24,Yes,No,Fiber optic,No,No,Yes,No,No,No,One year,Yes,Electronic check,74.43,1799.69,No,74.98708333333333,-0.557083333333324,2,Developing,High,1,1,0,0
Female,0,No,No,30,No,No phone service,Fiber optic,No,No,No,No,No,Yes,One year,Yes,Bank transfer,62.69,1790.98,No,59.699333333333335,2.9906666666666624,1,Established,Medium,1,0,0,0
Female,0,No,Yes,19,Yes,Yes,DSL,No,No,Yes,Yes,No,No,One year,Yes,Bank transfer,55.0,1050.83,No,55.30684210526315,-0.3068421052631507,4,Developing,Medium,1,0,1,0
Female,0,No,No,57,Yes,No,Fiber optic,No,Yes,Yes,No,Yes,No,Month-to-month,No,Bank transfer,84.9,4897.14,No,85.91473684210527,-1.0147368421052647,4,Loyal,High,2,0,0,0
Female,1,Yes,No,42,Yes,No,DSL,No,No,Yes,No,No,Yes,Month-to-month,Yes,Bank transfer,61.65,2505.99,No,59.66642857142857,1.9835714285714303,3,Established,Medium,2,0,0,0
Female,0,No,Yes,12,No,No phone service,Fiber optic,No,Yes,No,Yes,No,Yes,Month-to-month,Yes,Credit card,80.1,1035.93,No,86.3275,-6.227500000000006,3,New,High,2,0,1,0
Male,0,No,No,30,Yes,No,Fiber optic,Yes,Yes,Yes,No,Yes,Yes,One year,Yes,Electronic check,97.55,2917.58,No,97.25266666666667,0.29733333333332723,6,Established,High,1,1,0,1
Female,0,No,Yes,58,No,No phone service,No,No internet service,No internet service,No internet service,No internet service,No internet service,No internet service,Two year,Yes,Credit card,24.56,1407.56,No,24.268275862068965,0.291724137931034,0,Loyal,Low,0,0,0,0
Male,0,No,No,68,Yes,Yes,Fiber optic,Yes,No,No,Yes,No,No,Month-to-month,Yes,Electronic check,87.5,5875.53,No,86.40485294117647,1.0951470588235281,4,Loyal,High,2,1,1,1
Female,1,Yes,No,68,Yes,Yes,No,No internet service,No internet service,No internet service,No internet service,No internet service,No internet service,One year,Yes,Mailed check,28.7,1979.7,No,29.113235294117647,-0.4132352941176478,2,Loyal,Low,1,0,0,0
Female,0,Yes,No,10,Yes,No,No,No internet service,No internet service,No internet service,No internet service,No internet service,No internet service,One year,Yes,Credit card,33.17,386.34,Yes,38.634,-5.463999999999999,1,New,Low,1,0,0,0
Male,0,No,No,62,Yes,No,DSL,Yes,Yes,Yes,No,Yes,Yes,Month-to-month,No,Electronic check,70.85,4307.05,No,69.46854838709677,1.38145161290322,6,Loyal,High,2,1,0,1
Male,0,No,Yes,41,Yes,No,Fiber optic,Yes,No,Yes,No,No,Yes,Month-to-month,Yes,Credit card,82.75,3434.07,No,83.75780487804879,-1.0078048780487876,4,Established,High,2,0,0,1
Male,0,No,No,54,Yes,No,DSL,No,No,Yes,No,No,Yes,Month-to-month,No,Bank transfer,57.14,3157.22,No,58.46703703703703,-1.3270370370370301,3,Loyal,Medium,2,0,0,0
Male,0,Yes,No,28,Yes,Yes,No,No internet service,No internet service,No internet service,No internet service,No internet service,No internet service,Two year,Yes,Credit card,36.35,1085.12,No,38.75428571428571,-2.404285714285706,2,Established,Low,0,0,0,0
Female,0,Yes,No,47,Yes,Yes,Fiber optic,Yes,Yes,No,No,Yes,Yes,Month-to-month,Yes,Electronic check,98.43,4644.59,No,98.82106382978724,-0.3910638297872282,6,Established,High,2,1,0,1
Female,0,No,No,19,Yes,Yes,DSL,No,No,Yes,Yes,No,Yes,Month-to-month,No,Mailed check,62.96,1170.45,No,61.602631578947374,1.3573684210526267,5,Developing,Medium,2,0,1,0
Male,0,No,Yes,38,Yes,No,DSL,No,No,No,No,No,No,Month-to-month,Yes,Electronic check,43.58,1634.97,No,43.02552631578948,0.5544736842105209,1,Established,Medium,2,1,0,0
Male,0,Yes,Yes,17,Yes,No,Fiber optic,No,No,No,No,Yes,Yes,One year,No,Electronic check,87.97,1384.03,No,81.4135294117647,6.5564705882353,3,Developing,High,1,1,0,0
Female,0,Yes,Yes,29,Yes,Yes,DSL,No,No,No,No,Yes,No,Month-to-month,No,Bank transfer,59.99,1689.38,No,58.254482758620696,1.7355172413793056,3,Established,Medium,2,0,0,0
Female,0,No,No,30,Yes,No,Fiber optic,No,No,No,No,No,Yes,Two year,Yes,Bank transfer,81.47,2420.7,No,80.69,0.7800000000000011,2,Established,High,0,0,0,0
Male,0,Yes,No,63,Yes,Yes,No,No internet service,No internet service,No internet service,No internet service,No internet service,No internet service,Month-to-month,Yes,Bank transfer,37.08,2271.37,No,36.053492063492065,1.026507936507933,2,Loyal,Low,2,0,0,0
Male,0,Yes,No,46,Yes,Yes,DSL,No,No,No,Yes,Yes,No,Two year,Yes,Bank transfer,62.8,2900.51,No,63.05456521739131,-0.2545652173913098,4,Established,Medium,0,0,1,0
Female,0,Yes,Yes,47,Yes,Yes,Fiber optic,No,No,Yes,Yes,No,No,One year,No,Credit card,84.13,4073.44,No,86.66893617021277,-2.5389361702127786,4,Established,High,1,0,1,0
Female,0,Yes,Yes,21,Yes,No,Fiber optic,No,No,No,Yes,No,Yes,Month-to-month,Yes,Mailed check,82.77,1871.8,No,89.13333333333333,-6.36333333333333,3,Developing,High,2,0,1,0
Male,0,Yes,Yes,32,Yes,Yes,DSL,Yes,Yes,No,No,No,Yes,One year,No,Mailed check,70.79,2218.47,No,69.3271875,1.4628125000000125,5,Established,High,1,0,0,1
Female,0,No,No,35,Yes,Yes,DSL,No,No,Yes,Yes,Yes,Yes,Month-to-month,No,Bank transfer,77.46,2851.95,No,81.4842857142857,-4.0242857142857105,6,Established,High,2,0,1,0
Female,0,No,No,57,Yes,Yes,DSL,Yes,Yes,No,Yes,Yes,No,Month-to-month,Yes,Bank transfer,75.82,4412.23,No,77.40754385964911,-1.5875438596491165,6,Loyal,High,2,0,1,1
Female,0,No,No,14,Yes,No,No,No internet service,No internet service,No internet service,No internet service,No internet service,No internet service,One year,Yes,Electronic check,27.45,328.55,No,23.467857142857145,3.982142857142854,1,Developing,Low,1,1,0,0
Male,0,No,No,4,Yes,Yes,Fiber optic,No,No,No,No,Yes,Yes,One year,No,Mailed check,90.53,401.92,No,100.48,-9.950000000000003,4,New,High,1,0,0,0
Female,0,Yes,No,37,Yes,No,Fiber optic,Yes,No,No,No,No,Yes,One year,Yes,Electronic check,78.74,2911.58,Yes,78.69135135135134,0.04864864864865126,3,Established,High,1,1,0,1
Female,0,Yes,Yes,59,Yes,No,No,No internet service,No internet service,No internet service,No internet service,No internet service,No internet service,One year,Yes,Bank transfer,23.77,1237.54,No,20.975254237288134,2.794745762711866,1,Loyal,Low,1,0,0,0
Female,0,Yes,Yes,53,Yes,No,DSL,Yes,Yes,No,No,Yes,Yes,One year,No,Electronic check,72.98,3765.62,No,71.04943396226415,1.9305660377358578,5,Loyal,High,1,1,0,1
Male,1,Yes,Yes,59,Yes,Yes,DSL,No,Yes,Yes,Yes,No,No,Month-to-month,No,Bank transfer,64.04,3835.03,No,65.00050847457628,-0.9605084745762724,5,Loyal,Medium,2,0,1,0
Female,0,No,Yes,29,Yes,Yes,DSL,No,Yes,No,Yes,Yes,No,Month-to-month,Yes,Bank transfer,62.5,1688.18,No,58.21310344827587,4.2868965517241335,5,Established,Medium,2,0,1,0
Female,0,Yes,No,17,Yes,Yes,Fiber optic,Yes,Yes,No,No,Yes,No,Month-to-month,Yes,Credit card,92.61,1718.55,Yes,101.09117647058824,-8.481176470588238,5,Developing,High,2,0,0,1
Female,0,No,No,48,Yes,No,Fiber optic,Yes,Yes,No,No,No,Yes,One year,No,Mailed check,88.1,4308.87,No,89.768125,-1.6681250000000034,4,Established,High,1,0,0,1
Male,0,Yes,No,3,No,No phone service,Fiber optic,No,No,Yes,No,No,No,Month-to-month,Yes,Credit card,66.33,253.59,No,84.53,-18.200000000000003,1,New,Medium,2,0,0,0
Male,0,Yes,No,65,No,No phone service,DSL,Yes,No,No,No,Yes,No,Month-to-month,Yes,Bank transfer,45.22,2814.58,Yes,43.30123076923077,1.9187692307692288,2,Loyal,Medium,2,0,0,1
Male,0,Yes,No,52,Yes,Yes,Fiber optic,No,Yes,No,Yes,No,No,One year,Yes,Electronic check,91.41,4836.98,No,93.01884615384614,-1.6088461538461445,4,Loyal,High,1,1,1,0
Female,0,Yes,No,37,Yes,Yes,No,No internet service,No internet service,No internet service,No internet service,No internet service,No internet service,Month-to-month,Yes,Mailed check,35.93,1406.25,No,38.00675675675676,-2.076756756756758,2,Established,Low,2,0,0,0
Male,0,No,No,15,Yes,No,Fiber optic,Yes,Yes,No,Yes,Yes,No,Month-to-month,Yes,Mailed check,96.63,1521.46,No,101.43066666666667,-4.800666666666672,5,Developing,High,2,0,1,1
Female,0,No,No,19,Yes,Yes,DSL,Yes,No,No,Yes,No,No,Two year,Yes,Electronic check,62.82,1268.8,No,66.77894736842104,-3.9589473684210432,4,Developing,Medium,0,1,1,1
Male,1,Yes,Yes,72,Yes,No,Fiber optic,Yes,No,No,Yes,No,Yes,One year,No,Mailed check,88.96,6544.69,No,90.89847222222221,-1.9384722222222166,4,Loyal,High,1,0,1,1
Female,0,No,No,2,Yes,Yes,DSL,Yes,No,Yes,No,No,Yes,One year,Yes,Electronic check,65.45,72.64,Yes,36.32,29.130000000000003,5,New,Medium,1,1,0,1
Male,0,No,No,1,No,No phone service,DSL,Yes,Yes,Yes,No,No,No,Month-to-month,Yes,Credit card,40.72,24.92,Yes,24.92,15.799999999999997,3,New,Medium,2,0,0,1
Male,0,Yes,Yes,26,Yes,No,Fiber optic,Yes,Yes,Yes,No,No,No,One year,No,Mailed check,85.14,2143.05,No,82.42500000000001,2.714999999999989,4,Established,High,1,0,0,1
Female,0,Yes,Yes,17,No,No phone service,Fiber optic,No,Yes,Yes,No,Yes,No,Two year,Yes,Electronic check,73.65,1314.53,No,77.32529411764706,-3.6752941176470557,3,Developing,High,0,1,0,0
Male,0,Yes,No,49,No,No phone service,Fiber optic,No,No,No,Yes,No,No,Month-to-month,No,Bank transfer,70.47,3433.72,No,70.07591836734693,0.3940816326530694,1,Loyal,High,2,0,1,0
Female,0,Yes,No,4,Yes,No,DSL,No,Yes,Yes,No,Yes,Yes,Month-to-month,No,Credit card,73.7,187.88,No,46.97,26.730000000000004,5,New,High,2,0,0,0
Female,0,No,No,57,Yes,Yes,DSL,No,No,Yes,Yes,No,No,Month-to-month,Yes,Credit card,64.24,3667.7,No,64.34561403508772,-0.10561403508772571,4,Loyal,Medium,2,0,1,0
Female,0,Yes,No,57,Yes,No,Fiber optic,No,Yes,Yes,Yes,No,No,Two year,No,Credit card,81.64,4492.94,No,78.82350877192982,2.816491228070177,4,Loyal,High,0,0,1,0
Male,0,No,No,17,Yes,No,Fiber optic,Yes,No,Yes,No,No,Yes,Month-to-month,Yes,Credit card,86.96,1484.1,Yes,87.3,-0.3400000000000034,4,Developing,High,2,0,0,1
Female,0,No,No,42,Yes,No,Fiber optic,No,No,Yes,Yes,Yes,Yes,Month-to-month,Yes,Mailed check,96.21,4050.5,Yes,96.44047619047619,-0.23047619047619605,5,Established,High,2,0,1,0
Male,0,Yes,Yes,49,No,No phone service,Fiber optic,No,Yes,Yes,No,Yes,No,Month-to-month,No,Mailed check,80.62,3914.73,No,79.89244897959183,0.7275510204081712,3,Loyal,High,2,0,0,0
Male,0,No,No,62,Yes,Yes,DSL,No,Yes,No,No,Yes,No,Two year,No,Mailed check,61.33,3882.84,No,62.62645161290323,-1.2964516129032333,4,Loyal,Medium,0,0,0,0
Male,0,Yes,No,53,Yes,No,Fiber optic,Yes,Yes,Yes,No,No,Yes,Month-to-month,Yes,Credit card,84.45,4330.95,No,81.71603773584906,2.7339622641509465,5,Loyal,High,2,0,0,1
Male,0,Yes,No,70,Yes,Yes,No,No internet service,No internet service,No internet service,No internet service,No internet service,No internet service,Month-to-month,No,Electronic check,36.51,2563.23,No,36.61757142857143,-0.10757142857143265,2,Loyal,Low,2,1,0,0
Female,0,Yes,No,9,Yes,Yes,DSL,Yes,No,No,No,Yes,Yes,Two year,Yes,Mailed check,71.92,662.96,No,73.66222222222223,-1.7422222222222246,5,New,High,0,0,0,1
Male,0,Yes,No,44,Yes,Yes,Fiber optic,No,No,No,No,Yes,Yes,Month-to-month,No,Electronic check,93.29,4101.19,No,93.20886363636363,0.08113636363637511,4,Established,High,2,1,0,0
Female,0,Yes,No,56,Yes,No,DSL,No,Yes,Yes,No,No,Yes,One year,Yes,Credit card,62.92,3621.93,No,64.67732142857143,-1.75732142857143,4,Loyal,Medium,1,0,0,0
Male,0,No,No,17,Yes,No,DSL,No,Yes,No,Yes,Yes,No,Month-to-month,Yes,Electronic check,62.36,1008.56,Yes,59.327058823529406,3.032941176470594,4,Developing,Medium,2,1,1,0
Female,0,No,Yes,16,Yes,No,Fiber optic,No,Yes,Yes,No,No,No,Month-to-month,Yes,Credit card,79.28,1260.84,Yes,78.8025,0.47750000000000625,3,Developing,High,2,0,0,0
Male,0,No,No,7,Yes,No,Fiber optic,No,No,No,No,Yes,No,Month-to-month,No,Credit card,75.73,538.67,No,76.95285714285714,-1.222857142857137,2,New,High,2,0,0,0
Male,1,Yes,Yes,71,Yes,Yes,DSL,No,Yes,No,No,No,Yes,Month-to-month,Yes,Electronic check,74.6,5265.17,No,74.15732394366198,0.44267605633801566,4,Loyal,High,2,1,0,0
Male,0,No,No,63,Yes,No,Fiber optic,No,No,No,Yes,No,No,Month-to-month,Yes,Bank transfer,74.06,4540.1,No,72.06507936507937,1.994920634920632,2,Loyal,High,2,0,1,0
Female,0,Yes,Yes,9,Yes,Yes,DSL,Yes,Yes,No,No,Yes,No,One year,Yes,Mailed check,68.7,739.46,No,82.16222222222223,-13.462222222222223,5,New,Medium,1,0,0,1
Male,0,No,No,18,Yes,Yes,Fiber optic,No,Yes,No,No,Yes,No,Month-to-month,Yes,Mailed check,91.9,1591.46,Yes,88.41444444444444,3.485555555555564,4,Developing,High,2,0,0,0
Female,0,No,No,33,Yes,No,Fiber optic,No,No,Yes,Yes,No,No,Month-to-month,Yes,Electronic check,81.8,2638.18,No,79.94484848484848,1.855151515151519,3,Established,High,2,1,1,0
Female,0,No,Yes,65,Yes,No,DSL,Yes,No,Yes,No,No,No,One year,Yes,Bank transfer,56.35,3483.23,No,53.588153846153844,2.7618461538461574,3,Loyal,Medium,1,0,0,1
Female,0,Yes,No,60,Yes,Yes,Fiber optic,Yes,No,No,No,No,No,Two year,Yes,Mailed check,78.57,4718.75,No,78.64583333333333,-0.07583333333333542,3,Loyal,High,0,0,0,1
Male,0,No,No,64,Yes,No,Fiber optic,No,No,No,No,Yes,Yes,Month-to-month,No,Bank transfer,78.75,5053.9,No,78.9671875,-0.21718749999999432,3,Loyal,High,2,0,0,0
Male,0,No,Yes,60,Yes,No,No,No internet service,No internet service,No internet service,No internet service,No internet service,No internet service,Month-to-month,Yes,Bank transfer,27.78,1767.13,No,29.452166666666667,-1.6721666666666657,1,Loyal,Low,2,0,0,0
Male,0,Yes,No,46,Yes,Yes,DSL,Yes,No,Yes,No,Yes,No,Month-to-month,No,Mailed check,69.23,3154.55,No,68.57717391304348,0.652826086956523,5,Established,Medium,2,0,0,1
Female,0,No,No,21,Yes,No,Fiber optic,No,No,Yes,Yes,No,No,Two year,No,Electronic check,78.0,1658.29,No,78.96619047619048,-0.9661904761904765,3,Developing,High,0,1,1,0
Female,0,Yes,No,44,Yes,Yes,DSL,No,No,No,Yes,No,No,Two year,Yes,Electronic check,61.19,2772.45,No,63.01022727272727,-1.8202272727272728,3,Established,Medium,0,1,1,0
Male,0,Yes,No,36,No,No phone service,DSL,No,No,No,No,No,Yes,Month-to-month,Yes,Electronic check,48.7,1863.76,No,51.77111111111111,-3.071111111111108,1,Established,Medium,2,1,0,0
Female,0,No,Yes,69,Yes,Yes,DSL,Yes,No,Yes,No,No,Yes,Month-to-month,No,Credit card,74.61,5177.98,No,75.0431884057971,-0.4331884057970967,5,Loyal,High,2,0,0,1
Female,0,No,Yes,33,Yes,Yes,Fiber optic,Yes,No,Yes,No,No,Yes,Month-to-month,No,Mailed check,89.9,2938.65,No,89.05,0.8500000000000085,5,Established,High,2,0,0,1
Male,0,Yes,No,55,Yes,Yes,DSL,Yes,No,No,No,Yes,Yes,One year,Yes,Bank transfer,76.15,4284.55,No,77.9009090909091,-1.75090909090909,5,Loyal,High,1,0,0,1
Female,1,Yes,No,13,Yes,Yes,No,No internet service,No internet service,No internet service,No internet service,No internet service,No internet service,Month-to-month,Yes,Credit card,27.42,454.81,Yes,34.98538461538462,-7.565384615384616,2,Developing,Low,2,0,0,0
Male,1,Yes,Yes,50,Yes,No,Fiber optic,No,No,Yes,No,Yes,No,Month-to-month,No,Mailed check,81.78,3950.42,No,79.0084,2.7716000000000065,3,Loyal,High,2,0,0,0
Male,0,Yes,No,33,Yes,No,No,No internet service,No internet service,No internet service,No internet service,No internet service,No internet service,Month-to-month,No,Mailed check,31.45,1065.84,No,32.29818181818182,-0.8481818181818177,1,Established,Low,2,0,0,0
Male,0,No,No,32,No,No phone service,DSL,No,Yes,Yes,No,No,No,One year,No,Credit card,43.88,1482.45,No,46.3265625,-2.446562499999999,2,Established,Medium,1,0,0,0
Male,0,Yes,Yes,55,Yes,No,DSL,No,No,No,Yes,Yes,No,Two year,Yes,Bank transfer,52.65,2953.53,No,53.700545454545455,-1.050545454545457,3,Loyal,Medium,0,0,1,0
Male,0,No,No,35,Yes,Yes,Fiber optic,Yes,Yes,No,No,No,No,Month-to-month,Yes,Electronic check,86.79,3016.06,No,86.17314285714285,0.6168571428571568,4,Established,High,2,1,0,1
Male,0,Yes,No,5,Yes,No,Fiber optic,No,Yes,No,No,No,Yes,Two year,Yes,Bank transfer,88.61,404.73,No,80.946,7.6640000000000015,3,New,High,0,0,0,0
Female,0,Yes,Yes,29,Yes,No,Fiber optic,Yes,Yes,Yes,Yes,No,No,Month-to-month,Yes,Credit card,96.81,2917.74,No,100.61172413793102,-3.801724137931018,5,Established,High,2,0,1,1
Female,1,Yes,Yes,70,Yes,Yes,No,No internet service,No internet service,No internet service,No internet service,No internet service,No internet service,One year,Yes,Bank transfer,39.7,2798.65,No,39.980714285714285,-0.28071428571428214,2,Loyal,Low,1,0,0,0
Female,1,Yes,Yes,69,Yes,No,Fiber optic,No,Yes,No,No,Yes,Yes,Two year,Yes,Bank transfer,85.01,5851.07,No,84.79811594202899,0.2118840579710195,4,Loyal,High,0,0,0,0
Male,0,Yes,No,45,Yes,Yes,No,No internet service,No internet service,No internet service,No internet service,No internet service,No internet service,Month-to-month,No,Bank transfer,35.02,1564.67,No,34.77044444444444,0.24955555555555975,2,Established,Low,2,0,0,0
Male,0,Yes,Yes,46,No,No phone service,DSL,Yes,No,No,Yes,No,No,Month-to-month,Yes,Bank transfer,56.95,2619.65,No,56.948913043478264,0.0010869565217390686,2,Established,Medium,2,0,1,1
Female,0,Yes,No,19,Yes,No,Fiber optic,Yes,No,Yes,Yes,No,Yes,Month-to-month,Yes,Electronic check,95.61,1804.59,No,94.97842105263157,0.6315789473684248,5,Developing,High,2,1,1,1
Male,0,Yes,No,57,Yes,Yes,Fiber optic,No,Yes,No,No,Yes,No,One year,Yes,Credit card,82.81,4812.38,No,84.42771929824562,-1.6177192982456177,4,Loyal,High,1,0,0,0
Female,1,No,Yes,44,Yes,Yes,Fiber optic,No,No,No,No,Yes,Yes,Month-to-month,Yes,Electronic check,94.22,4180.74,No,95.01681818181818,-0.7968181818181819,4,Established,High,2,1,0,0
Male,0,No,No,3,Yes,Yes,Fiber optic,No,No,No,No,No,No,Month-to-month,Yes,Credit card,74.06,251.84,Yes,83.94666666666667,-9.88666666666667,2,New,High,2,0,0,0
Male,0,No,No,69,Yes,No,Fiber optic,No,Yes,No,No,Yes,No,One year,Yes,Mailed check,80.85,5562.69,No,80.61869565217391,0.23130434782608233,3,Loyal,High,1,0,0,0
Male,0,Yes,Yes,62,Yes,No,No,No internet service,No internet service,No internet service,No internet service,No internet service,No internet service,Month-to-month,Yes,Bank transfer,30.99,1967.7,No,31.73709677419355,-0.747096774193551,1,Loyal,Low,2,0,0,0
Female,0,Yes,No,6,Yes,No,DSL,No,No,Yes,Yes,No,No,Month-to-month,Yes,Credit card,54.55,255.15,No,42.525,12.024999999999999,3,New,Medium,2,0,1,0
Female,0,Yes,Yes,31,Yes,No,DSL,Yes,No,No,No,No,No,Two year,Yes,Credit card,48.93,1531.11,No,49.39064516129032,-0.46064516129032285,2,Established,Medium,0,0,0,1
Male,0,No,No,54,Yes,No,DSL,No,No,No,Yes,Yes,Yes,Month-to-month,Yes,Electronic check,69.32,3613.32,Yes,66.91333333333334,2.406666666666652,4,Loyal,Medium,2,1,1,0
Male,0,No,Yes,54,Yes,Yes,DSL,No,No,No,No,Yes,Yes,Month-to-month,Yes,Bank transfer,70.02,3761.26,No,69.65296296296297,0.3670370370370222,4,Loyal,High,2,0,0,0
Male,0,Yes,No,13,Yes,No,Fiber optic,No,Yes,No,No,Yes,No,Month-to-month,Yes,Electronic check,83.34,1041.82,No,80.14,3.200000000000003,3,Developing,High,2,1,0,0
Female,0,Yes,No,3,Yes,Yes,Fiber optic,Yes,No,Yes,No,No,Yes,Two year,No,Electronic check,102.44,305.04,No,101.68,0.7599999999999909,5,New,Very High,0,1,0,1
Female,0,Yes,No,71,Yes,No,Fiber optic,No,No,No,No,No,No,Month-to-month,Yes,Mailed check,70.86,4997.87,No,70.3925352112676,0.46746478873239994,1,Loyal,High,2,0,0,0
Female,0,Yes,No,65,No,No phone service,No,No internet service,No internet service,No internet service,No internet service,No internet service,No internet service,Month-to-month,No,Credit card,21.3,1425.89,No,21.936769230769233,-0.6367692307692323,0,Loyal,Low,2,0,0,0
Male,0,No,Yes,54,Yes,No,No,No internet service,No internet service,No internet service,No internet service,No internet service,No internet service,Month-to-month,Yes,Credit card,26.76,1390.51,No,25.750185185185185,1.009814814814817,1,Loyal,Low,2,0,0,0
Female,0,Yes,No,48,Yes,No,Fiber optic,Yes,Yes,No,Yes,Yes,Yes,Month-to-month,Yes,Bank transfer,95.14,4636.25,Yes,96.58854166666667,-1.4485416666666708,6,Established,High,2,0,1,1
Female,0,Yes,Yes,50,Yes,No,Fiber optic,Yes,No,No,Yes,No,Yes,Month-to-month,No,Bank transfer,81.34,4191.42,No,83.8284,-2.4883999999999986,4,Loyal,High,2,0,1,1
Female,0,Yes,Yes,33,No,No phone service,DSL,Yes,Yes,No,Yes,No,No,Month-to-month,Yes,Electronic check,56.46,1776.61,No,53.836666666666666,2.623333333333335,3,Established,Medium,2,1,1,1
Male,0,Yes,Yes,50,Yes,No,Fiber optic,No,Yes,Yes,No,No,No,Month-to-month,Yes,Electronic check,78.23,3961.05,No,79.221,-0.9909999999999997,3,Loyal,High,2,1,0,0
Male,0,Yes,No,22,No,No phone service,Fiber optic,Yes,No,No,No,No,No,One year,Yes,Bank transfer,77.36,1680.42,No,76.38272727272728,0.9772727272727195,1,Developing,High,1,0,0,1
Male,0,Yes,No,7,No,No phone service,DSL,No,No,Yes,No,No,No,Month-to-month,Yes,Bank transfer,39.47,350.96,No,50.137142857142855,-10.667142857142856,1,New,Low,2,0,0,0
Female,0,Yes,Yes,23,No,No phone service,Fiber optic,Yes,No,No,No,Yes,Yes,Month-to-month,No,Bank transfer,77.98,1706.75,Yes,74.20652173913044,3.7734782608695667,3,Developing,High,2,0,0,1
Female,0,Yes,No,22,Yes,Yes,Fiber optic,No,No,Yes,No,No,No,One year,No,Electronic check,83.34,1930.0,No,87.72727272727273,-4.38727272727273,3,Developing,High,1,1,0,0
Female,0,No,No,22,Yes,Yes,DSL,No,No,Yes,No,Yes,Yes,Month-to-month,No,Mailed check,67.91,1464.09,No,66.54954545454545,1.3604545454545445,5,Developing,Medium,2,0,0,0
Female,0,Yes,No,34,No,No phone service,Fiber optic,Yes,No,No,No,Yes,Yes,Month-to-month,Yes,Electronic check,75.04,2533.66,No,74.51941176470588,0.5205882352941273,3,Established,High,2,1,0,1
Male,0,Yes,No,10,Yes,No,Fiber optic,No,Yes,Yes,No,No,No,Two year,Yes,Bank transfer,82.73,809.73,No,80.973,1.757000000000005,3,New,High,0,0,0,0
Male,0,No,No,30,Yes,No,DSL,No,Yes,No,No,No,Yes,One year,Yes,Electronic check,49.26,1388.35,No,46.27833333333333,2.981666666666669,3,Established,Medium,1,1,0,0
Male,0,Yes,No,34,Yes,Yes,DSL,No,Yes,No,No,Yes,Yes,One year,No,Mailed check,72.82,2538.92,No,74.67411764705882,-1.8541176470588283,5,Established,High,1,0,0,0
Female,0,No,No,14,Yes,Yes,DSL,Yes,Yes,No,Yes,No,No,Month-to-month,Yes,Bank transfer,68.9,916.84,No,65.48857142857143,3.411428571428573,5,Developing,Medium,2,0,1,1
Female,1,No,No,33,Yes,No,Fiber optic,Yes,Yes,No,No,Yes,Yes,Two year,Yes,Electronic check,97.74,3265.12,No,98.9430303030303,-1.2030303030303031,5,Established,High,0,1,0,1
Male,0,Yes,Yes,49,No,No phone service,Fiber optic,No,No,No,Yes,No,Yes,Month-to-month,Yes,Mailed check,75.94,3700.37,No,75.51775510204081,0.42224489795918885,2,Loyal,High,2,0,1,0
Female,1,Yes,No,30,Yes,Yes,DSL,No,Yes,No,No,No,Yes,Month-to-month,No,Bank transfer,76.16,2267.91,No,75.597,0.5630000000000024,4,Established,High,2,0,0,0
Female,0,No,No,1,Yes,Yes,No,No internet service,No internet service,No internet service,No internet service,No internet service,No internet service,Two year,No,Electronic check,33.51,113.74,No,113.74,-80.22999999999999,2,New,Low,0,1,0,0
Female,1,Yes,Yes,51,Yes,Yes,No,No internet service,No internet service,No internet service,No internet service,No internet service,No internet service,Month-to-month,No,Bank transfer,29.7,1394.6,No,27.345098039215685,2.3549019607843142,2,Loyal,Low,2,0,0,0
Female,1,Yes,Yes,42,Yes,Yes,Fiber optic,No,No,No,No,Yes,No,One year,No,Credit card,95.03,3807.7,No,90.6595238095238,4.370476190476197,3,Established,High,1,0,0,0
Male,1,No,No,31,Yes,No,No,No internet service,No internet service,No internet service,No internet service,No internet service,No internet service,Month-to-month,No,Electronic check,28.42,824.67,No,26.60225806451613,1.8177419354838733,1,Established,Low,2,1,0,0
Male,0,Yes,No,2,Yes,No,Fiber optic,No,Yes,Yes,Yes,No,No,Month-to-month,Yes,Electronic check,81.51,155.06,Yes,77.53,3.980000000000004,4,New,High,2,1,1,0
Female,0,No,No,7,Yes,No,DSL,No,No,Yes,No,Yes,No,One year,Yes,Bank transfer,51.68,342.02,No,48.86,2.8200000000000003,3,New,Medium,1,0,0,0
Male,0,No,Yes,6,No,No phone service,Fiber optic,No,No,No,No,No,No,Month-to-month,Yes,Bank transfer,60.75,303.7,Yes,50.61666666666667,10.133333333333333,0,New,Medium,2,0,0,0
Female,0,No,No,62,No,No phone service,DSL,No,Yes,No,No,Yes,Yes,Month-to-month,Yes,Credit card,53.88,3474.43,No,56.0391935483871,-2.159193548387094,3,Loyal,Medium,2,0,0,0
Female,0,No,Yes,23,Yes,No,Fiber optic,No,No,Yes,No,No,No,Month-to-month,No,Electronic check,71.92,1754.53,No,76.28391304347826,-4.363913043478263,2,Developing,High,2,1,0,0
Female,1,No,No,31,Yes,Yes,No,No internet service,No internet service,No internet service,No internet service,No internet service,No internet service,Month-to-month,Yes,Credit card,26.71,614.79,No,19.831935483870968,6.878064516129033,2,Established,Low,2,0,0,0
Male,0,Yes,Yes,51,Yes,Yes,Fiber optic,No,No,Yes,No,No,Yes,One year,Yes,Mailed check,87.52,4409.67,No,86.46411764705883,1.0558823529411683,4,Loyal,High,1,0,0,0
Male,0,No,No,48,Yes,Yes,DSL,Yes,No,No,No,No,No,Month-to-month,No,Electronic check,59.72,2897.42,No,60.36291666666667,-0.6429166666666717,3,Established,Medium,2,1,0,1
Male,0,No,No,5,Yes,No,DSL,No,No,Yes,Yes,No,Yes,One year,Yes,Mailed check,58.99,320.98,No,64.196,-5.205999999999996,4,New,Medium,1,0,1,0
Female,0,No,No,67,Yes,No,No,No internet service,No internet service,No internet service,No internet service,No internet service,No internet service,Month-to-month,Yes,Mailed check,26.26,1694.69,No,25.293880597014926,0.9661194029850755,1,Loyal,Low,2,0,0,0
Female,0,No,No,20,Yes,No,DSL,Yes,Yes,No,No,Yes,Yes,Month-to-month,No,Electronic check,68.06,1467.2,No,73.36,-5.299999999999997,5,Developing,Medium,2,1,0,1
Male,0,No,No,56,Yes,No,No,No internet service,No internet service,No internet service,No internet service,No internet service,No internet service,Month-to-month,No,Electronic check,28.36,1515.05,No,27.054464285714285,1.305535714285714,1,Loyal,Low,2,1,0,0
Female,0,Yes,No,60,Yes,Yes,DSL,No,No,No,Yes,Yes,No,One year,No,Electronic check,71.7,4299.75,No,71.6625,0.037500000000008527,4,Loyal,High,1,1,1,0
Female,1,No,No,39,No,No phone service,Fiber optic,No,Yes,Yes,No,Yes,No,Month-to-month,Yes,Mailed check,79.84,3107.6,No,79.68205128205128,0.15794871794872734,3,Established,High,2,0,0,0
Male,0,Yes,No,12,Yes,Yes,DSL,No,Yes,No,No,Yes,No,Month-to-month,No,Electronic check,60.37,743.87,No,61.98916666666667,-1.619166666666672,4,New,Medium,2,1,0,0
Male,0,Yes,No,40,Yes,No,DSL,Yes,Yes,Yes,No,No,Yes,Two year,Yes,Electronic check,67.5,2653.95,No,66.34875,1.1512500000000045,5,Established,Medium,0,1,0,1
Female,0,Yes,No,18,Yes,Yes,DSL,No,No,No,No,Yes,Yes,Month-to-month,Yes,Electronic check,68.43,1270.53,No,70.585,-2.154999999999987,4,Developing,Medium,2,1,0,0
Female,1,No,No,62,Yes,No,DSL,Yes,No,Yes,No,Yes,No,One year,Yes,Bank transfer,58.11,3535.85,No,57.02983870967742,1.0801612903225788,4,Loyal,Medium,1,0,0,1
Male,1,No,No,55,Yes,No,DSL,Yes,No,Yes,No,No,No,Month-to-month,Yes,Credit card,52.34,2905.36,No,52.82472727272727,-0.48472727272726956,3,Loyal,Medium,2,0,0,1
Female,0,Yes,No,60,Yes,No,DSL,No,No,No,No,No,No,Month-to-month,No,Electronic check,42.27,2490.23,No,41.50383333333333,0.7661666666666704,1,Loyal,Medium,2,1,0,0
Female,0,Yes,Yes,60,No,No phone service,Fiber optic,No,No,No,No,Yes,No,Month-to-month,No,Credit card,68.25,4206.42,No,70.107,-1.8569999999999993,1,Loyal,Medium,2,0,0,0
Female,0,Yes,No,13,Yes,No,Fiber optic,No,Yes,Yes,No,Yes,Yes,Month-to-month,Yes,Bank transfer,92.5,1182.76,Yes,90.98153846153846,1.518461538461537,5,Developing,High,2,0,0,0
Female,0,Yes,No,3,Yes,Yes,DSL,No,Yes,No,Yes,Yes,No,One year,No,Credit card,63.26,203.59,No,67.86333333333333,-4.603333333333332,5,New,Medium,1,0,1,0
Male,0,Yes,No,46,Yes,Yes,Fiber optic,No,No,No,No,No,No,Month-to-month,Yes,Mailed check,74.67,3521.73,No,76.55934782608696,-1.8893478260869614,2,Established,High,2,0,0,0
Male,0,No,No,45,No,No phone service,Fiber optic,No,Yes,No,No,Yes,No,Month-to-month,Yes,Mailed check,73.86,3340.61,Yes,74.23577777777778,-0.37577777777778465,2,Established,High,2,0,0,0
Male,0,Yes,No,63,Yes,Yes,No,No internet service,No internet service,No internet service,No internet service,No internet service,No internet service,One year,Yes,Bank transfer,39.29,2539.52,No,40.30984126984127,-1.0198412698412724,2,Loyal,Low,1,0,0,0
Female,0,Yes,No,46,Yes,No,Fiber optic,Yes,No,No,Yes,No,No,One year,Yes,Mailed check,74.7,3339.79,No,72.6041304347826,2.0958695652173986,3,Established,High,1,0,1,1
Female,0,Yes,No,58,Yes,Yes,Fiber optic,No,No,No,No,Yes,No,Month-to-month,Yes,Credit card,80.32,4702.75,No,81.08189655172414,-0.7618965517241492,3,Loyal,High,2,0,0,0
Male,1,Yes,Yes,26,Yes,No,No,No internet service,No internet service,No internet service,No internet service,No internet service,No internet service,Month-to-month,No,Credit card,23.45,593.69,No,22.83423076923077,0.615769230769228,1,Established,Low,2,0,0,0
Female,0,No,No,9,Yes,No,No,No internet service,No internet service,No internet service,No internet service,No internet service,No internet service,Month-to-month,No,Mailed check,21.44,261.5,Yes,29.055555555555557,-7.615555555555556,1,New,Low,2,0,0,0
Male,0,Yes,Yes,3,Yes,Yes,No,No internet service,No internet service,No internet service,No internet service,No internet service,No internet service,Two year,No,Bank transfer,24.41,111.85,No,37.28333333333333,-12.873333333333331,2,New,Low,0,0,0,0
Male,0,Yes,No,32,Yes,Yes,Fiber optic,No,No,No,Yes,No,No,One year,Yes,Mailed check,83.77,2722.59,No,85.0809375,-1.3109375000000085,3,Established,High,1,0,1,0
Female,1,No,No,1,Yes,No,Fiber optic,Yes,No,No,No,No,Yes,One year,Yes,Bank transfer,82.47,138.67,No,138.67,-56.19999999999999,3,New,High,1,0,0,1
Male,0,Yes,No,38,Yes,No,No,No internet service,No internet service,No internet service,No internet service,No internet service,No internet service,Month-to-month,No,Bank transfer,29.64,1208.56,No,31.80421052631579,-2.164210526315788,1,Established,Low,2,0,0,0
Male,0,No,Yes,29,No,No phone service,Fiber optic,No,No,No,No,Yes,No,Month-to-month,No,Bank transfer,70.05,1866.44,Yes,64.36,5.689999999999998,1,Established,High,2,0,0,0
Female,0,No,Yes,19,Yes,Yes,DSL,No,Yes,No,No,No,No,Month-to-month,No,Electronic check,56.22,1006.08,Yes,52.951578947368425,3.268421052631574,3,Developing,Medium,2,1,0,0
Male,0,No,Yes,43,No,No phone service,No,No internet service,No internet service,No internet service,No internet service,No internet service,No internet service,Month-to-month,Yes,Credit card,18.0,772.58,No,17.96697674418605,0.03302325581395138,0,Established,Low,2,0,0,0
Female,1,No,No,49,Yes,Yes,No,No internet service,No internet service,No internet service,No internet service,No internet service,No internet service,Month-to-month,Yes,Electronic check,39.22,1827.8,No,37.30204081632653,1.9179591836734673,2,Loyal,Low,2,1,0,0
Male,0,Yes,No,3,Yes,Yes,DSL,No,No,Yes,Yes,No,No,Month-to-month,No,Electronic check,65.55,177.56,Yes,59.18666666666667,6.36333333333333,4,New,Medium,2,1,1,0
Male,0,Yes,No,35,Yes,Yes,DSL,No,No,No,Yes,Yes,No,Month-to-month,No,Electronic check,64.47,2272.33,No,64.92371428571428,-0.45371428571428396,4,Established,Medium,2,1,1,0
Female,0,Yes,No,68,No,No phone service,No,No internet service,No internet service,No internet service,No internet service,No internet service,No internet service,Month-to-month,No,Electronic check,18.0,1350.55,No,19.861029411764704,-1.8610294117647044,0,Loyal,Low,2,1,0,0
Male,0,Yes,No,22,Yes,No,DSL,No,Yes,No,No,Yes,No,Month-to-month,No,Mailed check,58.36,1341.89,No,60.995000000000005,-2.635000000000005,3,Developing,Medium,2,0,0,0
Female,0,Yes,Yes,57,Yes,Yes,Fiber optic,Yes,Yes,No,No,Yes,No,Month-to-month,Yes,Electronic check,94.76,5459.13,No,95.7742105263158,-1.014210526315793,5,Loyal,High,2,1,0,1
Male,0,Yes,No,25,Yes,Yes,DSL,No,No,No,No,No,Yes,One year,Yes,Electronic check,57.48,1441.34,No,57.6536,-0.17360000000000042,3,Established,Medium,1,1,0,0
Male,0,Yes,No,20,Yes,Yes,DSL,Yes,No,Yes,No,No,Yes,One year,No,Electronic check,70.95,1280.89,No,64.0445,6.9055000000000035,5,Developing,High,1,1,0,1
Male,0,Yes,Yes,62,Yes,Yes,Fiber optic,Yes,No,Yes,Yes,No,No,Month-to-month,No,Electronic check,94.3,5788.8,No,93.36774193548388,0.9322580645161196,5,Loyal,High,2,1,1,1
Male,1,No,No,26,Yes,No,No,No internet service,No internet service,No internet service,No internet service,No internet service,No internet service,One year,Yes,Credit card,29.73,642.6,No,24.715384615384615,5.014615384615386,1,Established,Low,1,0,0,0
Female,1,Yes,No,63,Yes,No,Fiber optic,No,No,Yes,No,No,Yes,Month-to-month,Yes,Mailed check,85.81,5451.13,No,86.52587301587302,-0.7158730158730151,3,Loyal,High,2,0,0,0
Male,1,Yes,No,48,Yes,No,DSL,No,No,No,No,No,Yes,Month-to-month,Yes,Electronic check,56.4,2715.33,No,56.569375,-0.16937500000000227,2,Established,Medium,2,1,0,0
Female,0,Yes,Yes,59,Yes,No,DSL,No,No,No,No,No,No,Two year,Yes,Mailed check,50.13,2974.59,No,50.41677966101695,-0.2867796610169506,1,Loyal,Medium,0,0,0,0
Male,0,No,No,59,No,No phone service,DSL,Yes,No,No,No,Yes,Yes,Month-to-month,Yes,Bank transfer,54.85,3276.44,No,55.532881355932204,-0.6828813559322029,3,Loyal,Medium,2,0,0,1
Female,0,Yes,Yes,66,Yes,Yes,No,No internet service,No internet service,No internet service,No internet service,No internet service,No internet service,One year,No,Mailed check,38.12,2478.71,No,37.55621212121212,0.5637878787878776,2,Loyal,Low,1,0,0,0
Male,1,No,No,40,No,No phone service,Fiber optic,Yes,Yes,No,No,Yes,No,Month-to-month,Yes,Electronic check,80.92,3132.68,No,78.317,2.6030000000000086,3,Established,High,2,1,0,1
Female,0,Yes,No,69,Yes,No,No,No internet service,No internet service,No internet service,No internet service,No internet service,No internet service,Month-to-month,Yes,Bank transfer,31.24,2120.84,No,30.7368115942029,0.503188405797097,1,Loyal,Low,2,0,0,0
Male,0,Yes,No,5,Yes,Yes,No,No internet service,No internet service,No internet service,No internet service,No internet service,No internet service,Month-to-month,Yes,Electronic check,35.48,213.97,No,42.794,-7.314,2,New,Low,2,1,0,0
Female,0,No,No,36,Yes,No,Fiber optic,Yes,No,Yes,Yes,No,No,Month-to-month,Yes,Electronic check,86.94,2993.0,No,83.13888888888889,3.801111111111112,4,Established,High,2,1,1,1
Male,0,Yes,Yes,29,Yes,Yes,DSL,No,No,No,Yes,No,No,Month-to-month,Yes,Credit card,53.92,1579.68,No,54.471724137931034,-0.551724137931032,3,Established,Medium,2,0,1,0
Female,1,Yes,No,7,Yes,Yes,No,No internet service,No internet service,No internet service,No internet service,No internet service,No internet service,Month-to-month,Yes,Mailed check,36.87,161.95,No,23.135714285714283,13.734285714285715,2,New,Low,2,0,0,0
Female,0,Yes,Yes,63,Yes,Yes,DSL,Yes,No,Yes,No,Yes,No,Month-to-month,No,Electronic check,74.86,4763.5,Yes,75.61111111111111,-0.7511111111111148,5,Loyal,High,2,1,0,1
Female,0,Yes,No,58,Yes,Yes,No,No internet service,No internet service,No internet service,No internet service,No internet service,No internet service,Month-to-month,Yes,Electronic check,41.6,2310.73,No,39.840172413793105,1.759827586206896,2,Loyal,Medium,2,1,0,0
Female,0,Yes,No,54,Yes,No,Fiber optic,No,No,No,No,No,No,Month-to-month,No,Bank transfer,69.5,3815.8,Yes,70.66296296296296,-1.1629629629629648,1,Loyal,Medium,2,0,0,0
Male,0,Yes,No,46,Yes,No,DSL,Yes,Yes,No,No,Yes,Yes,Month-to-month,Yes,Electronic check,77.15,3437.14,No,74.72043478260869,2.429565217391314,5,Established,High,2,1,0,1
Female,0,Yes,No,44,Yes,No,Fiber optic,No,Yes,No,No,Yes,No,Month-to-month,No,Mailed check,81.34,3503.05,Yes,79.61477272727274,1.7252272727272668,3,Established,High,2,0,0,0
Female,1,No,No,28,Yes,No,Fiber optic,No,No,Yes,No,No,No,Month-to-month,No,Electronic check,77.78,2232.02,No,79.715,-1.9350000000000023,2,Established,High,2,1,0,0
Female,0,Yes,No,50,Yes,Yes,Fiber optic,No,No,No,No,No,No,One year,No,Electronic check,77.25,3848.45,No,76.969,0.2810000000000059,2,Loyal,High,1,1,0,0
Female,0,Yes,No,71,Yes,No,Fiber optic,Yes,Yes,No,No,Yes,Yes,Two year,No,Mailed check,99.08,6877.35,No,96.86408450704226,2.215915492957734,5,Loyal,High,0,0,0,1
Male,0,No,Yes,19,Yes,Yes,DSL,No,No,Yes,No,Yes,Yes,Month-to-month,Yes,Electronic check,72.82,1440.14,Yes,75.79684210526317,-2.9768421052631737,5,Developing,High,2,1,0,0
Male,0,Yes,No,25,Yes,No,Fiber optic,No,Yes,No,No,No,No,Month-to-month,Yes,Mailed check,72.6,1645.64,Yes,65.82560000000001,6.774399999999986,2,Established,High,2,0,0,0
Female,0,No,No,8,Yes,No,Fiber optic,No,No,No,No,Yes,Yes,Two year,Yes,Electronic check,88.16,691.06,No,86.3825,1.7775000000000034,3,New,High,0,1,0,0
Male,0,Yes,No,66,Yes,Yes,No,No internet service,No internet service,No internet service,No internet service,No internet service,No internet service,One year,Yes,Credit card,33.02,2345.24,No,35.53393939393939,-2.5139393939393884,2,Loyal,Low,1,0,0,0
Male,1,No,No,39,Yes,No,No,No internet service,No internet service,No internet service,No internet service,No internet service,No internet service,Two year,Yes,Bank transfer,29.25,1147.27,No,29.417179487179485,-0.16717948717948516,1,Established,Low,0,0,0,0
Male,0,No,Yes,43,Yes,Yes,Fiber optic,No,Yes,No,Yes,No,No,One year,Yes,Electronic check,80.23,3422.01,No,79.58162790697675,0.648372093023255,4,Established,High,1,1,1,0
Male,0,Yes,No,20,Yes,No,No,No internet service,No internet service,No internet service,No internet service,No internet service,No internet service,One year,Yes,Electronic check,31.31,620.43,No,31.021499999999996,0.28850000000000264,1,Developing,Low,1,1,0,0
Male,0,No,No,3,Yes,Yes,Fiber optic,Yes,No,No,No,No,Yes,Month-to-month,Yes,Bank transfer,81.49,157.1,Yes,52.36666666666667,29.123333333333328,4,New,High,2,0,0,1
Female,0,No,No,58,Yes,No,DSL,No,No,No,No,No,No,Month-to-month,No,Bank transfer,44.0,2565.8,No,44.23793103448276,-0.23793103448276298,1,Loyal,Medium,2,0,0,0
Male,0,No,Yes,62,Yes,No,DSL,Yes,No,No,No,No,No,One year,No,Mailed check,45.54,2996.98,No,48.33838709677419,-2.798387096774192,2,Loyal,Medium,1,0,0,1
Female,1,Yes,No,25,No,No phone service,No,No internet service,No internet service,No internet service,No internet service,No internet service,No internet service,Month-to-month,No,Electronic check,18.0,415.97,No,16.6388,1.3612000000000002,0,Established,Low,2,1,0,0
Female,0,Yes,No,55,Yes,No,Fiber optic,Yes,Yes,Yes,No,Yes,No,One year,Yes,Mailed check,91.86,4987.41,No,90.68018181818182,1.1798181818181774,5,Loyal,High,1,0,0,1
Male,1,Yes,No,42,Yes,Yes,No,No internet service,No internet service,No internet service,No internet service,No internet service,No internet service,Two year,No,Electronic check,32.31,1394.95,No,33.21309523809524,-0.90309523809524,2,Established,Low,0,1,0,0
Female,0,No,No,47,Yes,No,Fiber optic,Yes,No,Yes,Yes,No,No,Month-to-month,Yes,Electronic check,87.95,4193.22,Yes,89.21744680851064,-1.2674468085106412,4,Established,High,2,1,1,1
Male,0,Yes,No,13,Yes,No,DSL,No,Yes,No,No,No,Yes,Month-to-month,Yes,Mailed check,57.01,749.44,Yes,57.649230769230776,-0.6392307692307782,3,Developing,Medium,2,0,0,0
Male,0,Yes,No,45,Yes,No,Fiber optic,No,No,Yes,No,Yes,Yes,Two year,Yes,Bank transfer,89.67,4010.42,No,89.12044444444444,0.5495555555555569,4,Established,High,0,0,0,0
Male,0,No,Yes,12,Yes,No,Fiber optic,No,No,No,No,Yes,No,Two year,Yes,Mailed check,73.73,929.16,No,77.42999999999999,-3.6999999999999886,2,New,High,0,0,0,0
Female,1,Yes,No,16,No,No phone service,Fiber optic,Yes,Yes,Yes,Yes,No,Yes,Two year,Yes,Electronic check,91.99,1354.53,No,84.658125,7.331874999999997,5,Developing,High,0,1,1,1
Female,0,No,Yes,26,Yes,Yes,No,No internet service,No internet service,No internet service,No internet service,No internet service,No internet service,One year,No,Electronic check,35.73,889.9,No,34.22692307692308,1.503076923076918,2,Established,Low,1,1,0,0
Female,0,Yes,No,16,Yes,No,Fiber optic,No,Yes,Yes,No,Yes,No,Two year,No,Bank transfer,89.1,1240.67,No,77.541875,11.55812499999999,4,Developing,High,0,0,0,0
Male,0,No,No,66,Yes,Yes,Fiber optic,No,Yes,No,Yes,No,Yes,Month-to-month,Yes,Mailed check,97.04,6396.04,No,96.90969696969697,0.1303030303030397,5,Loyal,High,2,0,1,0
Female,1,Yes,No,3,No,No phone service,Fiber optic,No,Yes,No,No,No,No,Month-to-month,Yes,Bank transfer,70.46,194.3,No,64.76666666666667,5.693333333333328,1,New,High,2,0,0,0
Male,0,Yes,No,66,Yes,No,DSL,No,Yes,No,No,No,Yes,Month-to-month,Yes,Bank transfer,59.66,4021.64,No,60.93393939393939,-1.2739393939393935,3,Loyal,Medium,2,0,0,0
Female,0,No,Yes,12,Yes,No,No,No internet service,No internet service,No internet service,No internet service,No internet service,No internet service,Month-to-month,Yes,Mailed check,28.7,276.09,No,23.007499999999997,5.692500000000003,1,New,Low,2,0,0,0
Female,0,Yes,No,63,No,No phone service,DSL,Yes,No,No,No,Yes,No,One year,No,Mailed check,54.42,3511.54,No,55.73873015873016,-1.3187301587301548,2,Loyal,Medium,1,0,0,1
Female,1,Yes,No,25,Yes,Yes,Fiber optic,No,No,No,Yes,No,Yes,Month-to-month,Yes,Credit card,89.65,2224.48,Yes,88.9792,0.6707999999999998,4,Established,High,2,0,1,0
Female,0,Yes,Yes,67,Yes,Yes,Fiber optic,No,No,No,No,No,No,One year,Yes,Credit card,75.35,5099.61,No,76.11358208955224,-0.7635820895522443,2,Loyal,High,1,0,0,0
Female,0,No,No,39,Yes,Yes,DSL,No,No,No,No,No,No,Month-to-month,Yes,Mailed check,56.67,2271.87,No,58.25307692307692,-1.5830769230769164,2,Established,Medium,2,0,0,0
Female,1,Yes,No,36,Yes,No,Fiber optic,No,Yes,No,Yes,No,No,One year,No,Bank transfer,84.18,3034.31,No,84.2863888888889,-0.10638888888888687,3,Established,High,1,0,1,0
Male,0,Yes,No,10,Yes,No,Fiber optic,No,No,No,No,No,No,Month-to-month,Yes,Electronic check,69.79,719.86,Yes,71.986,-2.195999999999998,1,New,Medium,2,1,0,0
Male,0,Yes,No,32,Yes,No,Fiber optic,No,No,No,No,Yes,No,Month-to-month,No,Electronic check,79.48,2497.31,No,78.0409375,1.4390625000000057,2,Established,High,2,1,0,0
Male,0,Yes,No,41,Yes,No,Fiber optic,No,No,No,No,Yes,Yes,Month-to-month,Yes,Electronic check,85.82,3614.52,No,88.1590243902439,-2.3390243902439067,3,Established,High,2,1,0,0
Female,0,No,No,71,No,No phone service,DSL,No,No,No,No,No,No,Month-to-month,Yes,Bank transfer,38.36,2939.12,No,41.39605633802817,-3.0360563380281675,0,Loyal,Low,2,0,0,0
Female,0,Yes,No,19,Yes,Yes,DSL,Yes,No,Yes,No,Yes,No,Month-to-month,Yes,Credit card,64.12,1101.63,Yes,57.98052631578948,6.139473684210522,5,Developing,Medium,2,0,0,1
Male,0,No,Yes,6,Yes,No,Fiber optic,Yes,No,No,No,Yes,No,One year,No,Bank transfer,77.59,471.0,Yes,78.5,-0.9099999999999966,3,New,High,1,0,0,1
Male,0,No,Yes,19,No,No phone service,Fiber optic,Yes,No,No,Yes,Yes,No,Month-to-month,Yes,Bank transfer,77.52,1449.79,Yes,76.30473684210526,1.2152631578947393,3,Developing,High,2,0,1,1
Male,0,No,No,18,Yes,No,Fiber optic,Yes,No,No,Yes,No,Yes,Two year,Yes,Electronic check,87.17,1604.78,No,89.15444444444444,-1.984444444444435,4,Developing,High,0,1,1,1
Female,0,No,No,69,No,No phone service,DSL,No,No,No,No,Yes,Yes,Two year,Yes,Credit card,47.29,3134.05,No,45.42101449275363,1.8689855072463715,2,Loyal,Medium,0,0,0,0
Female,0,Yes,No,11,Yes,Yes,DSL,No,No,No,Yes,Yes,No,Month-to-month,Yes,Electronic check,56.63,538.52,No,48.95636363636363,7.673636363636369,4,New,Medium,2,1,1,0
Male,0,No,No,72,Yes,No,Fiber optic,No,Yes,No,No,No,Yes,Month-to-month,Yes,Credit card,81.59,6012.56,No,83.50777777777779,-1.9177777777777862,3,Loyal,High,2,0,0,0
Male,0,No,No,9,Yes,No,No,No internet service,No internet service,No internet service,No internet service,No internet service,No internet service,Month-to-month,Yes,Electronic check,28.03,369.43,Yes,41.04777777777778,-13.01777777777778,1,New,Low,2,1,0,0
Male,0,No,Yes,59,Yes,Yes,Fiber optic,Yes,No,Yes,No,Yes,Yes,Month-to-month,Yes,Electronic check,104.46,6035.02,No,102.2884745762712,2.171525423728795,6,Loyal,Very High,2,1,0,1
Male,0,Yes,No,30,Yes,No,Fiber optic,Yes,Yes,Yes,No,No,No,Month-to-month,Yes,Mailed check,92.73,2939.6,No,97.98666666666666,-5.256666666666661,4,Established,High,2,0,0,1
Female,0,Yes,No,4,Yes,Yes,Fiber optic,Yes,No,Yes,Yes,No,Yes,Two year,Yes,Electronic check,93.57,314.8,No,78.7,14.86999999999999,6,New,High,0,1,1,1
Male,0,No,No,45,Yes,Yes,Fiber optic,No,Yes,Yes,Yes,Yes,Yes,Two year,Yes,Electronic check,107.37,4898.62,No,108.85822222222222,-1.4882222222222197,7,Established,Very High,0,1,1,0
Male,0,Yes,Yes,53,Yes,Yes,Fiber optic,No,No,No,No,No,No,Month-to-month,Yes,Bank transfer,86.51,4576.33,No,86.34584905660377,0.16415094339623693,2,Loyal,High,2,0,0,0
Male,1,No,No,61,Yes,No,DSL,Yes,No,No,No,Yes,Yes,One year,No,Bank transfer,59.73,3664.52,No,60.07409836065574,-0.3440983606557424,4,Loyal,Medium,1,0,0,1
Male,0,Yes,No,13,Yes,No,Fiber optic,Yes,Yes,No,No,No,No,Two year,Yes,Electronic check,76.09,1001.78,No,77.06,-0.9699999999999989,3,Developing,High,0,1,0,1
Female,0,Yes,No,45,Yes,No,DSL,No,No,Yes,No,Yes,Yes,Month-to-month,Yes,Mailed check,68.89,3177.53,No,70.61177777777779,-1.7217777777777883,4,Established,Medium,2,0,0,0
Male,0,Yes,No,41,Yes,No,DSL,Yes,Yes,No,No,Yes,No,Two year,Yes,Bank transfer,63.76,2574.98,No,62.80439024390244,0.9556097560975587,4,Established,Medium,0,0,0,1
Female,0,Yes,Yes,32,Yes,No,DSL,Yes,No,No,Yes,No,Yes,Two year,Yes,Electronic check,64.1,2202.48,No,68.8275,-4.727500000000006,4,Established,Medium,0,1,1,1
Male,0,Yes,No,65,Yes,Yes,DSL,No,No,Yes,No,No,No,Two year,Yes,Mailed check,60.48,4022.1,No,61.878461538461536,-1.3984615384615395,3,Loyal,Medium,0,0,0,0
Female,0,No,No,31,Yes,Yes,DSL,No,No,Yes,No,Yes,No,One year,Yes,Bank transfer,67.96,2080.61,No,67.11645161290323,0.8435483870967602,4,Established,Medium,1,0,0,0
Male,1,No,No,28,Yes,Yes,DSL,No,No,No,No,No,No,Month-to-month,Yes,Credit card,54.69,1537.46,No,54.909285714285716,-0.21928571428571786,2,Established,Medium,2,0,0,0
Male,0,No,No,38,Yes,No,DSL,No,Yes,Yes,No,Yes,No,Month-to-month,No,Mailed check,65.18,2489.5,No,65.51315789473684,-0.33315789473682855,4,Established,Medium,2,0,0,0
Female,0,No,No,67,Yes,No,DSL,No,No,No,No,No,No,Two year,Yes,Bank transfer,41.21,2731.52,No,40.768955223880596,0.44104477611940496,1,Loyal,Medium,0,0,0,0
Female,0,No,No,63,Yes,Yes,DSL,No,No,No,No,Yes,Yes,Month-to-month,Yes,Mailed check,70.93,4444.64,No,70.54984126984128,0.38015873015872614,4,Loyal,High,2,0,0,0
Male,0,Yes,No,52,Yes,Yes,Fiber optic,No,Yes,Yes,No,Yes,No,Month-to-month,No,Bank transfer,100.26,5280.74,Yes,101.5526923076923,-1.2926923076922918,5,Loyal,Very High,2,0,0,0
Female,1,No,No,6,Yes,No,No,No internet service,No internet service,No internet service,No internet service,No internet service,No internet service,Month-to-month,No,Bank transfer,32.44,244.9,No,40.81666666666667,-8.376666666666672,1,New,Low,2,0,0,0
Male,0,No,Yes,22,Yes,Yes,Fiber optic,No,No,No,No,Yes,Yes,Month-to-month,Yes,Mailed check,93.0,2005.91,No,91.17772727272728,1.8222727272727184,4,Developing,High,2,0,0,0
Male,0,No,No,2,Yes,No,DSL,No,Yes,Yes,No,No,No,Month-to-month,Yes,Electronic check,63.55,135.51,Yes,67.755,-4.204999999999998,3,New,Medium,2,1,0,0
Male,0,Yes,No,7,Yes,No,Fiber optic,No,No,No,No,No,No,One year,No,Credit card,70.75,417.43,No,59.63285714285714,11.11714285714286,1,New,High,1,0,0,0
Female,0,No,No,60,No,No phone service,Fiber optic,Yes,No,Yes,No,Yes,No,Month-to-month,Yes,Bank transfer,82.97,5117.1,No,85.28500000000001,-2.315000000000012,3,Loyal,High,2,0,0,1
Female,0,Yes,No,59,Yes,Yes,DSL,No,No,Yes,No,No,No,Month-to-month,No,Bank transfer,64.77,3884.87,No,65.84525423728813,-1.075254237288135,3,Loyal,Medium,2,0,0,0
Male,0,Yes,No,8,Yes,No,Fiber optic,No,Yes,No,No,Yes,No,Month-to-month,Yes,Mailed check,80.54,639.35,Yes,79.91875,0.6212500000000034,3,New,High,2,0,0,0
Male,0,No,Yes,33,Yes,Yes,DSL,No,Yes,No,Yes,No,No,One year,Yes,Electronic check,68.24,2267.64,Yes,68.71636363636364,-0.47636363636364365,4,Established,Medium,1,1,1,0
Male,0,No,No,21,Yes,Yes,Fiber optic,Yes,Yes,Yes,No,Yes,Yes,One year,Yes,Mailed check,101.47,2197.48,No,104.64190476190477,-3.17190476190477,7,Developing,Very High,1,0,0,1
Female,0,Yes,Yes,6,Yes,Yes,Fiber optic,No,No,Yes,Yes,No,Yes,Two year,Yes,Mailed check,90.54,501.85,No,83.64166666666667,6.8983333333333405,5,New,High,0,0,1,0
Male,0,Yes,Yes,28,Yes,No,Fiber optic,No,Yes,Yes,No,Yes,Yes,Two year,Yes,Mailed check,90.07,2522.35,Yes,90.08392857142857,-0.013928571428579062,5,Established,High,0,0,0,0
Male,0,No,Yes,8,Yes,No,DSL,No,No,Yes,No,Yes,Yes,Month-to-month,Yes,Electronic check,56.4,508.43,No,63.55375,-7.153750000000002,4,New,Medium,2,1,0,0
Male,0,Yes,No,53,Yes,No,DSL,No,Yes,Yes,No,No,No,Two year,No,Bank transfer,53.13,2720.37,No,51.3277358490566,1.802264150943401,3,Loyal,Medium,0,0,0,0
Female,0,Yes,Yes,70,Yes,No,No,No internet service,No internet service,No internet service,No internet service,No internet service,No internet service,Month-to-month,Yes,Mailed check,28.33,2027.9,No,28.970000000000002,-0.6400000000000041,1,Loyal,Low,2,0,0,0
Male,0,No,No,31,Yes,No,Fiber optic,No,No,No,Yes,Yes,Yes,One year,No,Bank transfer,87.78,2921.59,No,94.24483870967742,-6.464838709677423,4,Established,High,1,0,1,0
Male,1,No,No,18,Yes,Yes,Fiber optic,Yes,Yes,No,No,No,Yes,One year,No,Electronic check,88.9,1468.74,No,81.59666666666666,7.303333333333342,5,Developing,High,1,1,0,1
Female,0,Yes,Yes,36,Yes,Yes,No,No internet service,No internet service,No internet service,No internet service,No internet service,No internet service,Month-to-month,No,Mailed check,25.14,978.45,No,27.179166666666667,-2.0391666666666666,2,Established,Low,2,0,0,0
Male,0,No,No,70,No,No phone service,Fiber optic,No,Yes,No,Yes,No,No,Month-to-month,No,Electronic check,69.0,4732.44,No,67.6062857142857,1.393714285714296,2,Loyal,Medium,2,1,1,0
Male,0,Yes,No,12,Yes,No,DSL,No,No,No,No,No,No,One year,Yes,Bank transfer,42.6,401.01,No,33.4175,9.182500000000005,1,New,Medium,1,0,0,0
Female,0,Yes,No,50,Yes,No,Fiber optic,No,Yes,No,Yes,No,Yes,Month-to-month,Yes,Bank transfer,94.58,4697.77,Yes,93.95540000000001,0.6245999999999867,4,Loyal,High,2,0,1,0
Male,1,No,No,7,Yes,No,DSL,No,Yes,No,Yes,Yes,No,One year,Yes,Mailed check,62.92,483.04,Yes,69.00571428571429,-6.085714285714289,4,New,Medium,1,0,1,0
Male,0,No,No,22,No,No phone service,Fiber optic,Yes,No,No,No,No,Yes,Month-to-month,No,Credit card,81.01,1827.77,No,83.08045454545454,-2.070454545454538,2,Developing,High,2,0,0,1
Male,0,Yes,Yes,32,No,No phone service,Fiber optic,No,No,Yes,No,No,No,One year,Yes,Electronic check,64.13,2042.9,No,63.840625,0.2893749999999926,1,Established,Medium,1,1,0,0
Female,1,Yes,No,28,Yes,No,DSL,Yes,No,No,No,No,No,Two year,Yes,Mailed check,55.21,1460.44,No,52.15857142857143,3.0514285714285734,2,Established,Medium,0,0,0,1
Male,0,Yes,Yes,13,Yes,Yes,DSL,Yes,No,No,No,Yes,Yes,Month-to-month,Yes,Bank transfer,72.98,937.43,Yes,72.11,0.8700000000000045,5,Developing,High,2,0,0,1
Male,0,Yes,No,56,Yes,No,Fiber optic,No,No,No,Yes,Yes,Yes,Month-to-month,Yes,Mailed check,85.76,4657.52,No,83.17,2.5900000000000034,4,Loyal,High,2,0,1,0
Female,0,Yes,Yes,49,Yes,No,Fiber optic,No,Yes,Yes,Yes,Yes,No,One year,Yes,Bank transfer,93.03,4625.9,No,94.40612244897959,-1.3761224489795865,5,Loyal,High,1,0,1,0
Male,0,Yes,No,32,Yes,No,DSL,Yes,No,Yes,No,Yes,Yes,Month-to-month,Yes,Credit card,69.18,2182.47,No,68.2021875,0.9778125000000131,5,Established,Medium,2,0,0,1
Female,0,No,No,31,Yes,No,DSL,No,Yes,No,No,No,No,Month-to-month,Yes,Bank transfer,49.78,1631.76,No,52.63741935483871,-2.8574193548387115,2,Established,Medium,2,0,0,0
Female,0,Yes,Yes,6,Yes,No,Fiber optic,No,Yes,No,No,No,Yes,One year,Yes,Electronic check,75.36,374.37,Yes,62.395,12.964999999999996,3,New,High,1,1,0,0
Male,0,No,Yes,48,Yes,No,No,No internet service,No internet service,No internet service,No internet service,No internet service,No internet service,Month-to-month,Yes,Electronic check,35.88,1765.29,No,36.776875,-0.8968749999999943,1,Established,Low,2,1,0,0
Female,0,No,Yes,17,Yes,Yes,Fiber optic,No,No,Yes,Yes,No,No,One year,Yes,Credit card,89.17,1374.35,No,80.84411764705882,8.325882352941179,4,Developing,High,1,0,1,0
Female,0,No,No,22,Yes,No,Fiber optic,No,No,Yes,Yes,No,Yes,Month-to-month,No,Electronic check,82.55,1924.02,Yes,87.45545454545454,-4.905454545454546,4,Developing,High,2,1,1,0
Female,0,No,No,62,Yes,Yes,Fiber optic,Yes,No,No,Yes,No,No,Month-to-month,No,Mailed check,88.56,5525.98,No,89.12870967741935,-0.5687096774193492,4,Loyal,High,2,0,1,1
Male,0,Yes,Yes,47,Yes,Yes,Fiber optic,Yes,No,Yes,Yes,Yes,No,Month-to-month,Yes,Credit card,97.61,4558.7,No,96.99361702127659,0.6163829787234079,6,Established,High,2,0,1,1
Female,0,Yes,No,51,No,No phone service,DSL,Yes,Yes,No,No,No,Yes,Two year,No,Bank transfer,60.6,3055.69,No,59.91549019607843,0.6845098039215713,3,Loyal,Medium,0,0,0,1
Male,0,No,Yes,20,Yes,No,DSL,Yes,Yes,Yes,No,Yes,No,Month-to-month,Yes,Electronic check,66.83,1311.42,No,65.571,1.2590000000000003,5,Developing,Medium,2,1,0,1
Male,0,Yes,No,37,Yes,Yes,DSL,Yes,No,Yes,No,No,Yes,Month-to-month,Yes,Bank transfer,69.82,2583.19,No,69.81594594594594,0.004054054054051903,5,Established,Medium,2,0,0,1
Male,0,Yes,No,1,Yes,Yes,No,No internet service,No internet service,No internet service,No internet service,No internet service,No internet service,Month-to-month,No,Mailed check,32.5,18.0,Yes,18.0,14.5,2,New,Low,2,0,0,0
Male,0,Yes,No,18,Yes,No,Fiber optic,No,Yes,Yes,Yes,Yes,No,One year,Yes,Credit card,93.93,1664.28,No,92.46,1.470000000000013,5,Developing,High,1,0,1,0
Female,0,No,No,58,Yes,No,DSL,Yes,No,No,No,No,Yes,One year,Yes,Bank transfer,57.93,3335.12,No,57.50206896551724,0.4279310344827607,3,Loyal,Medium,1,0,0,1
Female,0,Yes,No,35,Yes,Yes,Fiber optic,Yes,No,Yes,No,Yes,No,Month-to-month,No,Mailed check,99.0,3546.43,Yes,101.32657142857143,-2.3265714285714267,5,Established,High,2,0,0,1
Male,0,Yes,Yes,46,Yes,No,DSL,No,Yes,No,No,No,No,Month-to-month,No,Electronic check,52.23,2360.91,No,51.3241304347826,0.9058695652173938,2,Established,Medium,2,1,0,0
Male,0,Yes,No,57,Yes,No,Fiber optic,No,No,No,No,Yes,Yes,Month-to-month,Yes,Electronic check,93.78,5263.02,No,92.33368421052633,1.4463157894736725,3,Loyal,High,2,1,0,0
Male,0,No,Yes,68,Yes,No,Fiber optic,No,No,No,No,Yes,Yes,One year,Yes,Mailed check,83.44,5668.45,No,83.35955882352941,0.08044117647058613,3,Loyal,High,1,0,0,0
Female,0,Yes,Yes,6,Yes,No,No,No internet service,No internet service,No internet service,No internet service,No internet service,No internet service,Two year,No,Bank transfer,24.83,195.75,No,32.625,-7.795000000000002,1,New,Low,0,0,0,0
Female,0,No,No,42,Yes,No,Fiber optic,No,Yes,Yes,Yes,Yes,No,One year,No,Mailed check,89.1,3749.74,No,89.27952380952381,-0.17952380952381475,5,Established,High,1,0,1,0
Male,1,No,No,72,Yes,No,No,No internet service,No internet service,No internet service,No internet service,No internet service,No internet service,One year,No,Credit card,25.12,1813.31,No,25.18486111111111,-0.06486111111111015,1,Loyal,Low,1,0,0,0
Male,0,Yes,No,15,Yes,Yes,DSL,Yes,No,No,No,No,No,Month-to-month,No,Electronic check,54.75,824.96,Yes,54.99733333333334,-0.24733333333333718,3,Developing,Medium,2,1,0,1
Female,0,Yes,No,62,Yes,Yes,Fiber optic,No,No,No,Yes,No,No,One year,No,Electronic check,88.08,5448.18,No,87.87387096774194,0.20612903225806178,3,Loyal,High,1,1,1,0
Male,1,No,No,42,Yes,Yes,No,No internet service,No internet service,No internet service,No internet service,No internet service,No internet service,One year,Yes,Bank transfer,33.98,1382.37,No,32.91357142857142,1.066428571428574,2,Established,Low,1,0,0,0
Male,1,No,Yes,23,Yes,No,DSL,No,No,No,No,Yes,No,Month-to-month,Yes,Bank transfer,54.21,1183.98,No,51.477391304347826,2.732608695652175,2,Developing,Medium,2,0,0,0
Female,0,Yes,No,57,Yes,No,Fiber optic,Yes,No,No,Yes,No,No,Two year,No,Mailed check,74.91,4272.07,No,74.94859649122806,-0.038596491228062746,3,Loyal,High,0,0,1,1
Male,0,Yes,No,63,No,No phone service,No,No internet service,No internet service,No internet service,No internet service,No internet service,No internet service,Month-to-month,Yes,Mailed check,20.02,1287.25,No,20.432539682539684,-0.4125396825396841,0,Loyal,Low,2,0,0,0
Female,1,Yes,Yes,11,Yes,No,Fiber optic,No,Yes,No,No,No,No,One year,Yes,Electronic check,65.65,727.41,No,66.12818181818182,-0.4781818181818096,2,New,Medium,1,1,0,0
Female,0,Yes,No,50,Yes,Yes,DSL,No,No,Yes,No,No,Yes,One year,Yes,Bank transfer,66.44,3178.14,No,63.562799999999996,2.877200000000002,4,Loyal,Medium,1,0,0,0
Female,0,Yes,No,68,Yes,No,DSL,No,No,Yes,No,Yes,No,Two year,No,Credit card,55.9,3875.53,No,56.993088235294124,-1.0930882352941254,3,Loyal,Medium,0,0,0,0
Male,0,Yes,No,48,Yes,No,Fiber optic,Yes,Yes,Yes,Yes,No,Yes,Month-to-month,Yes,Credit card,103.43,4854.72,No,101.14,2.2900000000000063,6,Established,Very High,2,0,1,1
Male,0,Yes,No,40,Yes,No,No,No internet service,No internet service,No internet service,No internet service,No internet service,No internet service,Two year,Yes,Bank transfer,31.34,1147.95,No,28.69875,2.6412499999999994,1,Established,Low,0,0,0,0
Male,0,No,No,11,Yes,No,DSL,No,No,No,No,No,No,Month-to-month,Yes,Bank transfer,49.25,458.01,No,41.63727272727272,7.612727272727277,1,New,Medium,2,0,0,0
Male,0,No,No,33,Yes,No,DSL,No,No,Yes,Yes,No,No,Month-to-month,Yes,Bank transfer,52.53,1699.18,No,51.49030303030303,1.0396969696969691,3,Established,Medium,2,0,1,0
Female,0,No,No,66,Yes,No,DSL,No,Yes,No,No,No,Yes,Two year,Yes,Bank transfer,59.48,3916.66,No,59.343333333333334,0.13666666666666316,3,Loyal,Medium,0,0,0,0
Female,0,No,No,58,Yes,No,Fiber optic,Yes,No,Yes,No,No,Yes,Month-to-month,No,Electronic check,94.86,5580.07,Yes,96.20810344827586,-1.3481034482758645,4,Loyal,High,2,1,0,1
Female,0,No,No,33,Yes,No,Fiber optic,No,No,No,No,No,No,One year,No,Mailed check,66.99,2290.08,No,69.39636363636363,-2.4063636363636363,1,Established,Medium,1,0,0,0
Male,1,Yes,No,23,Yes,No,Fiber optic,No,No,No,No,No,No,Month-to-month,Yes,Credit card,66.67,1394.38,Yes,60.62521739130435,6.044782608695648,1,Developing,Medium,2,0,0,0
Male,0,No,Yes,58,No,No phone service,Fiber optic,No,Yes,No,No,Yes,No,Two year,Yes,Credit card,74.25,4162.91,No,71.77431034482758,2.475689655172417,2,Loyal,High,0,0,0,0
Male,1,Yes,No,70,Yes,Yes,Fiber optic,No,No,Yes,No,No,Yes,One year,Yes,Bank transfer,90.03,6387.85,No,91.25500000000001,-1.2250000000000085,4,Loyal,High,1,0,0,0
Female,1,Yes,No,22,Yes,Yes,Fiber optic,No,Yes,No,No,No,No,Month-to-month,No,Electronic check,84.74,1850.11,Yes,84.09590909090909,0.6440909090909059,3,Developing,High,2,1,0,0
Female,0,No,No,59,No,No phone service,Fiber optic,No,No,Yes,No,Yes,No,Two year,Yes,Credit card,76.2,4413.52,No,74.80542372881357,1.3945762711864376,2,Loyal,High,0,0,0,0
Female,0,No,No,23,No,No phone service,DSL,No,Yes,Yes,No,No,Yes,Month-to-month,Yes,Electronic check,55.97,1333.92,Yes,57.996521739130436,-2.0265217391304375,3,Developing,Medium,2,1,0,0
Female,0,Yes,No,60,Yes,No,DSL,Yes,No,No,Yes,No,No,One year,Yes,Electronic check,53.21,3282.61,No,54.710166666666666,-1.500166666666665,3,Loyal,Medium,1,1,1,1
Female,1,No,No,70,Yes,No,No,No internet service,No internet service,No internet service,No internet service,No internet service,No internet service,One year,Yes,Mailed check,36.0,2553.3,No,36.47571428571429,-0.47571428571428953,1,Loyal,Low,1,0,0,0
Male,0,Yes,No,48,Yes,No,Fiber optic,Yes,No,No,Yes,Yes,No,One year,No,Bank transfer,93.11,4407.41,No,91.82104166666666,1.2889583333333405,4,Established,High,1,0,1,1
Male,0,Yes,Yes,36,Yes,No,DSL,Yes,No,No,Yes,No,No,One year,Yes,Mailed check,57.96,1914.04,No,53.16777777777778,4.792222222222222,3,Established,Medium,1,0,1,1
Female,1,Yes,No,23,Yes,No,Fiber optic,Yes,No,Yes,No,No,Yes,Two year,Yes,Bank transfer,92.1,2159.84,No,93.90608695652175,-1.806086956521753,4,Developing,High,0,0,0,1
Female,0,Yes,No,5,Yes,Yes,Fiber optic,No,No,No,Yes,Yes,No,Month-to-month,Yes,Bank transfer,88.95,434.72,Yes,86.944,2.0060000000000002,4,New,High,2,0,1,0
Male,1,No,Yes,4,Yes,No,DSL,No,No,No,No,No,No,Two year,No,Electronic check,41.28,97.97,No,24.4925,16.7875,1,New,Medium,0,1,0,0
Female,0,Yes,Yes,61,Yes,No,Fiber optic,No,No,Yes,No,No,No,Month-to-month,Yes,Electronic check,78.73,4677.18,No,76.67508196721312,2.054918032786887,2,Loyal,High,2,1,0,0
Female,0,Yes,No,48,Yes,Yes,DSL,Yes,No,Yes,Yes,No,No,Month-to-month,Yes,Bank transfer,63.09,3046.15,No,63.46145833333333,-0.37145833333332945,5,Established,Medium,2,0,1,1
Male,0,No,No,17,Yes,Yes,No,No internet service,No internet service,No internet service,No internet service,No internet service,No internet service,One year,Yes,Credit card,43.44,694.38,No,40.845882352941175,2.594117647058823,2,Developing,Medium,1,0,0,0
Male,0,No,No,40,Yes,No,Fiber optic,Yes,No,No,No,No,Yes,Month-to-month,No,Credit card,77.66,3119.61,No,77.99025,-0.3302500000000066,3,Established,High,2,0,0,1
Male,0,Yes,Yes,64,Yes,Yes,No,No internet service,No internet service,No internet service,No internet service,No internet service,No internet service,Month-to-month,No,Electronic check,40.83,2685.97,No,41.96828125,-1.1382812499999986,2,Loyal,Medium,2,1,0,0
Female,1,Yes,No,47,Yes,Yes,Fiber optic,Yes,Yes,Yes,No,No,No,One year,No,Mailed check,99.7,4631.43,No,98.54106382978723,1.158936170212769,5,Established,High,1,0,0,1
Male,0,Yes,Yes,66,Yes,No,No,No internet service,No internet service,No internet service,No internet service,No internet service,No internet service,Month-to-month,Yes,Credit card,22.8,1674.29,No,25.368030303030302,-2.5680303030303016,1,Loyal,Low,2,0,0,0
Female,0,Yes,Yes,9,Yes,No,Fiber optic,No,Yes,Yes,No,No,Yes,Month-to-month,No,Electronic check,81.41,723.78,No,80.42,0.9899999999999949,4,New,High,2,1,0,0
Female,1,No,No,6,Yes,Yes,DSL,No,Yes,Yes,Yes,No,No,Month-to-month,Yes,Bank transfer,70.26,481.84,Yes,80.30666666666666,-10.046666666666653,5,New,High,2,0,1,0
Male,0,No,No,48,Yes,No,No,No internet service,No internet service,No internet service,No internet service,No internet service,No internet service,Month-to-month,Yes,Mailed check,34.41,1609.39,No,33.528958333333335,0.8810416666666612,1,Established,Low,2,0,0,0
Male,0,Yes,No,42,Yes,No,No,No internet service,No internet service,No internet service,No internet service,No internet service,No internet service,Month-to-month,No,Bank transfer,31.08,1352.04,No,32.191428571428574,-1.1114285714285757,1,Established,Low,2,0,0,0
Female,1,Yes,Yes,50,Yes,Yes,No,No internet service,No internet service,No internet service,No internet service,No internet service,No internet service,Month-to-month,No,Electronic check,31.95,1525.32,No,30.5064,1.4436,2,Loyal,Low,2,1,0,0
Male,0,Yes,Yes,71,Yes,No,No,No internet service,No internet service,No internet service,No internet service,No internet service,No internet service,Two year,Yes,Electronic check,34.46,2499.1,No,35.19859154929577,-0.7385915492957693,1,Loyal,Low,0,1,0,0
Female,0,No,No,8,Yes,No,Fiber optic,No,Yes,No,No,Yes,No,Month-to-month,Yes,Electronic check,91.25,929.21,Yes,116.15125,-24.901250000000005,3,New,High,2,1,0,0
Female,0,Yes,Yes,68,Yes,No,Fiber optic,No,Yes,No,No,No,No,One year,Yes,Mailed check,71.49,4774.3,No,70.21029411764707,1.2797058823529284,2,Loyal,High,1,0,0,0
Female,0,Yes,Yes,5,Yes,No,Fiber optic,Yes,Yes,Yes,No,Yes,No,Two year,No,Electronic check,93.82,282.95,No,56.589999999999996,37.23,5,New,High,0,1,0,1
Male,0,No,Yes,38,Yes,Yes,DSL,Yes,No,Yes,No,No,Yes,Month-to-month,No,Mailed check,72.82,2718.33,No,71.535,1.2849999999999966,5,Established,High,2,0,0,1
Male,0,No,No,60,Yes,Yes,Fiber optic,Yes,No,No,No,Yes,No,Two year,No,Mailed check,88.18,5314.56,No,88.57600000000001,-0.3960000000000008,4,Loyal,High,0,0,0,1
Female,0,Yes,No,49,Yes,No,No,No internet service,No internet service,No internet service,No internet service,No internet service,No internet service,Month-to-month,Yes,Electronic check,24.71,1217.98,No,24.856734693877552,-0.14673469387755134,1,Loyal,Low,2,1,0,0
Female,0,Yes,Yes,17,Yes,Yes,Fiber optic,No,No,Yes,No,No,Yes,One year,Yes,Electronic check,85.05,1412.09,No,83.06411764705882,1.985882352941175,4,Developing,High,1,1,0,0
Female,0,Yes,No,44,Yes,No,Fiber optic,Yes,No,No,Yes,No,Yes,Two year,Yes,Electronic check,80.19,3614.31,No,82.14340909090909,-1.9534090909090907,4,Established,High,0,1,1,1
Female,0,No,No,65,Yes,Yes,Fiber optic,No,Yes,Yes,No,No,No,One year,No,Credit card,90.76,5863.17,No,90.20261538461538,0.5573846153846205,4,Loyal,High,1,0,0,0
Female,0,Yes,No,15,Yes,Yes,No,No internet service,No internet service,No internet service,No internet service,No internet service,No internet service,Month-to-month,No,Electronic check,33.25,569.18,No,37.94533333333333,-4.6953333333333305,2,Developing,Low,2,1,0,0
Female,0,Yes,No,68,Yes,Yes,DSL,No,No,No,No,No,No,Month-to-month,Yes,Bank transfer,59.94,4045.7,No,59.495588235294115,0.44441176470588317,2,Loyal,Medium,2,0,0,0
Male,0,No,No,48,Yes,No,DSL,No,No,Yes,No,No,No,Month-to-month,Yes,Mailed check,53.47,2494.81,No,51.975208333333335,1.4947916666666643,2,Established,Medium,2,0,0,0
Female,1,Yes,No,7,Yes,No,Fiber optic,No,No,No,Yes,No,Yes,Two year,Yes,Electronic check,81.96,583.19,No,83.31285714285715,-1.352857142857161,3,New,High,0,1,1,0
Female,0,Yes,Yes,24,Yes,Yes,No,No internet service,No internet service,No internet service,No internet service,No internet service,No internet service,Month-to-month,Yes,Credit card,41.1,1000.01,No,41.66708333333333,-0.5670833333333292,2,Developing,Medium,2,0,0,0
Male,0,No,No,63,Yes,No,Fiber optic,No,Yes,No,No,No,No,Month-to-month,Yes,Bank transfer,74.98,4872.94,No,77.34825396825396,-2.3682539682539527,2,Loyal,High,2,0,0,0
Female,0,Yes,Yes,25,No,No phone service,Fiber optic,No,No,No,No,No,No,Month-to-month,Yes,Bank transfer,60.03,1535.02,Yes,61.4008,-1.3707999999999956,0,Established,Medium,2,0,0,0
Female,0,No,No,69,Yes,No,DSL,Yes,Yes,Yes,Yes,No,No,Month-to-month,Yes,Electronic check,69.21,4797.76,No,69.53275362318841,-0.3227536231884187,5,Loyal,Medium,2,1,1,1
Female,1,No,No,31,Yes,Yes,Fiber optic,No,Yes,No,Yes,No,Yes,Month-to-month,Yes,Electronic check,92.04,2862.48,Yes,92.33806451612904,-0.2980645161290312,5,Established,High,2,1,1,0
Female,0,Yes,Yes,25,Yes,Yes,No,No internet service,No internet service,No internet service,No internet service,No internet service,No internet service,Month-to-month,No,Electronic check,35.91,852.73,No,34.1092,1.8007999999999953,2,Established,Low,2,1,0,0
Female,0,No,Yes,62,Yes,No,Fiber optic,No,Yes,No,No,No,Yes,One year,Yes,Mailed check,83.65,5166.78,No,83.33516129032257,0.31483870967743144,3,Loyal,High,1,0,0,0
Male,0,No,Yes,57,No,No phone service,Fiber optic,Yes,No,No,Yes,No,Yes,Month-to-month,No,Credit card,79.43,4485.55,No,78.69385964912281,0.7361403508771929,3,Loyal,High,2,0,1,1
Female,0,No,Yes,18,No,No phone service,Fiber optic,Yes,No,No,Yes,No,No,Month-to-month,No,Mailed check,73.71,1337.4,Yes,74.30000000000001,-0.5900000000000176,2,Developing,High,2,0,1,1
Male,0,No,No,57,Yes,Yes,Fiber optic,No,No,No,Yes,No,No,Month-to-month,Yes,Electronic check,83.72,4649.15,Yes,81.56403508771929,2.1559649122807087,3,Loyal,High,2,1,1,0
Male,1,Yes,Yes,19,Yes,No,Fiber optic,No,No,Yes,No,No,Yes,Month-to-month,Yes,Electronic check,82.9,1436.53,Yes,75.60684210526315,7.293157894736851,3,Developing,High,2,1,0,0
Female,0,Yes,No,65,Yes,No,Fiber optic,No,No,No,No,Yes,Yes,One year,Yes,Mailed check,82.04,5272.23,No,81.11123076923076,0.9287692307692481,3,Loyal,High,1,0,0,0
Female,0,No,No,1,Yes,No,Fiber optic,Yes,No,No,Yes,No,Yes,Month-to-month,No,Electronic check,83.0,18.0,Yes,18.0,65.0,4,New,High,2,1,1,1
Female,0,Yes,Yes,48,No,No phone service,Fiber optic,No,No,No,No,Yes,No,Month-to-month,No,Mailed check,66.18,3199.85,No,66.66354166666666,-0.4835416666666532,1,Established,Medium,2,0,0,0
Female,0,Yes,Yes,12,Yes,Yes,Fiber optic,No,Yes,Yes,No,No,Yes,Month-to-month,No,Credit card,91.43,1051.17,No,87.59750000000001,3.832499999999996,5,New,High,2,0,0,0
Male,0,Yes,No,49,Yes,Yes,No,No internet service,No internet service,No internet service,No internet service,No internet service,No internet service,Month-to-month,No,Mailed check,37.76,1892.22,No,38.616734693877554,-0.8567346938775557,2,Loyal,Low,2,0,0,0
Male,0,Yes,No,71,Yes,No,DSL,No,Yes,Yes,Yes,No,No,One year,Yes,Electronic check,68.02,4777.69,No,67.29140845070422,0.7285915492957713,4,Loyal,Medium,1,1,1,0
Female,0,No,No,49,Yes,No,DSL,No,No,No,Yes,Yes,Yes,Two year,Yes,Electronic check,65.09,3364.65,No,68.66632653061225,-3.576326530612249,4,Loyal,Medium,0,1,1,0
Female,0,No,Yes,32,Yes,No,Fiber optic,Yes,No,No,No,Yes,No,Month-to-month,Yes,Bank transfer,87.04,2763.34,No,86.354375,0.6856250000000017,3,Established,High,2,0,0,1
Female,1,No,No,60,Yes,Yes,No,No internet service,No internet service,No internet service,No internet service,No internet service,No internet service,Month-to-month,No,Electronic check,32.31,1969.47,No,32.8245,-0.5144999999999982,2,Loyal,Low,2,1,0,0
Male,0,Yes,No,15,Yes,Yes,Fiber optic,No,No,No,Yes,No,No,Month-to-month,Yes,Credit card,81.53,1170.75,No,78.05,3.480000000000004,3,Developing,High,2,0,1,0
Male,1,Yes,No,40,Yes,No,Fiber optic,Yes,Yes,Yes,No,No,No,One year,Yes,Bank transfer,84.43,3342.31,No,83.55775,0.8722500000000082,4,Established,High,1,0,0,1
Female,0,No,No,70,Yes,Yes,Fiber optic,No,No,No,No,No,No,Month-to-month,No,Mailed check,79.48,5596.72,No,79.95314285714286,-0.47314285714286086,2,Loyal,High,2,0,0,0
Female,0,Yes,No,26,Yes,No,DSL,No,No,No,No,Yes,Yes,Two year,No,Bank transfer,57.64,1498.28,No,57.62615384615385,0.013846153846152731,3,Established,Medium,0,0,0,0
Female,1,No,No,2,Yes,No,No,No internet service,No internet service,No internet service,No internet service,No internet service,No internet service,Month-to-month,Yes,Electronic check,31.08,120.14,No,60.07,-28.990000000000002,1,New,Low,2,1,0,0
Female,0,No,No,32,Yes,Yes,Fiber optic,No,No,No,No,No,No,Two year,Yes,Electronic check,78.51,2593.43,No,81.0446875,-2.5346874999999898,2,Established,High,0,1,0,0
Female,0,Yes,No,35,Yes,No,Fiber optic,No,Yes,No,No,No,Yes,Month-to-month,No,Bank transfer,82.76,3061.2,Yes,87.46285714285713,-4.702857142857127,3,Established,High,2,0,0,0
Female,0,Yes,Yes,59,No,No phone service,No,No internet service,No internet service,No internet service,No internet service,No internet service,No internet service,Month-to-month,Yes,Electronic check,18.0,1119.32,No,18.971525423728814,-0.9715254237288136,0,Loyal,Low,2,1,0,0
Female,0,No,No,58,Yes,No,Fiber optic,Yes,No,No,Yes,No,No,Month-to-month,No,Electronic check,73.46,4263.54,Yes,73.50931034482758,-0.04931034482758889,3,Loyal,High,2,1,1,1
Female,1,Yes,Yes,25,Yes,Yes,DSL,No,No,Yes,No,Yes,No,Month-to-month,No,Credit card,63.3,1549.59,No,61.983599999999996,1.3164000000000016,4,Established,Medium,2,0,0,0
Female,0,No,No,56,Yes,Yes,DSL,Yes,No,Yes,Yes,Yes,Yes,Two year,Yes,Bank transfer,85.09,4708.8,No,84.08571428571429,1.0042857142857144,7,Loyal,High,0,0,1,1
Male,0,No,No,11,Yes,No,DSL,No,No,Yes,No,No,No,Month-to-month,No,Electronic check,44.02,451.17,No,41.015454545454546,3.0045454545454575,2,New,Medium,2,1,0,0
Male,0,Yes,No,14,Yes,Yes,No,No internet service,No internet service,No internet service,No internet service,No internet service,No internet service,Month-to-month,No,Credit card,28.78,420.11,No,30.007857142857144,-1.2278571428571432,2,Developing,Low,2,0,0,0
Female,0,No,No,44,Yes,Yes,No,No internet service,No internet service,No internet service,No internet service,No internet service,No internet service,Two year,Yes,Electronic check,33.92,1585.73,No,36.03931818181818,-2.11931818181818,2,Established,Low,0,1,0,0
Female,0,Yes,Yes,51,Yes,No,Fiber optic,No,No,No,No,No,No,Month-to-month,Yes,Credit card,66.69,3430.53,No,67.26529411764706,-0.5752941176470614,1,Loyal,Medium,2,0,0,0
Male,1,Yes,Yes,59,Yes,No,No,No internet service,No internet service,No internet service,No internet service,No internet service,No internet service,Month-to-month,Yes,Mailed check,40.9,2390.19,No,40.51169491525424,0.38830508474575964,1,Loyal,Medium,2,0,0,0
Male,0,No,No,45,Yes,No,DSL,No,No,No,No,No,No,Month-to-month,No,Mailed check,47.01,2019.42,No,44.876000000000005,2.1339999999999932,1,Established,Medium,2,0,0,0
Female,1,No,Yes,10,Yes,No,DSL,Yes,Yes,No,No,No,No,Month-to-month,No,Bank transfer,54.43,481.36,Yes,48.136,6.293999999999997,3,New,Medium,2,0,0,1
Male,0,No,Yes,49,Yes,Yes,DSL,Yes,Yes,No,No,No,Yes,Two year,Yes,Electronic check,74.59,3672.09,No,74.94061224489796,-0.3506122448979596,5,Loyal,High,0,1,0,1
Female,0,No,No,31,Yes,Yes,No,No internet service,No internet service,No internet service,No internet service,No internet service,No internet service,Month-to-month,Yes,Credit card,34.77,1122.46,No,36.208387096774196,-1.4383870967741927,2,Established,Low,2,0,0,0
Female,0,No,No,20,Yes,No,DSL,No,Yes,No,Yes,No,Yes,One year,Yes,Electronic check,62.69,1329.34,No,66.467,-3.777000000000001,4,Developing,Medium,1,1,1,0
Male,0,Yes,Yes,25,Yes,No,DSL,No,No,No,No,No,No,Month-to-month,Yes,Credit card,53.33,1408.7,No,56.348,-3.0180000000000007,1,Established,Medium,2,0,0,0
Male,1,Yes,No,59,Yes,No,DSL,No,Yes,Yes,Yes,Yes,No,Month-to-month,Yes,Electronic check,59.7,3441.41,No,58.328983050847455,1.3710169491525477,5,Loyal,Medium,2,1,1,0
Male,0,Yes,No,13,Yes,Yes,Fiber optic,No,Yes,No,No,Yes,Yes,One year,Yes,Electronic check,92.17,1142.52,Yes,87.88615384615385,4.283846153846156,5,Developing,High,1,1,0,0
Female,0,Yes,No,41,Yes,Yes,Fiber optic,No,Yes,No,Yes,No,No,One year,Yes,Electronic check,89.15,3723.32,No,90.81268292682927,-1.6626829268292624,4,Established,High,1,1,1,0
Male,0,Yes,Yes,6,Yes,Yes,DSL,No,Yes,No,Yes,No,Yes,Month-to-month,No,Mailed check,66.21,480.46,No,80.07666666666667,-13.866666666666674,5,New,Medium,2,0,1,0
Female,0,No,No,53,Yes,Yes,No,No internet service,No internet service,No internet service,No internet service,No internet service,No internet service,Month-to-month,No,Bank transfer,31.16,1650.66,No,31.144528301886794,0.015471698113206145,2,Loyal,Low,2,0,0,0
Male,0,Yes,No,11,Yes,No,No,No internet service,No internet service,No internet service,No internet service,No internet service,No internet service,Month-to-month,No,Bank transfer,31.33,472.62,No,42.96545454545455,-11.63545454545455,1,New,Low,2,0,0,0
Female,1,No,Yes,68,Yes,No,DSL,Yes,No,Yes,Yes,Yes,No,One year,Yes,Credit card,65.32,4533.41,No,66.66779411764706,-1.3477941176470694,5,Loyal,Medium,1,0,1,1
Female,0,No,No,64,Yes,No,No,No internet service,No internet service,No internet service,No internet service,No internet service,No internet service,One year,Yes,Mailed check,29.5,1941.97,No,30.34328125,-0.8432812500000004,1,Loyal,Low,1,0,0,0
Male,0,No,No,62,Yes,No,No,No internet service,No internet service,No internet service,No internet service,No internet service,No internet service,Month-to-month,Yes,Mailed check,27.01,1702.32,No,27.456774193548387,-0.44677419354838577,1,Loyal,Low,2,0,0,0
Male,0,Yes,No,26,Yes,No,No,No internet service,No internet service,No internet service,No internet service,No internet service,No internet service,Month-to-month,Yes,Electronic check,29.43,628.69,No,24.180384615384618,5.249615384615382,1,Established,Low,2,1,0,0
Male,0,No,Yes,57,Yes,Yes,DSL,No,Yes,No,No,No,No,One year,Yes,Bank transfer,57.63,3210.25,No,56.32017543859649,1.3098245614035093,3,Loyal,Medium,1,0,0,0
Female,0,No,No,10,Yes,No,No,No internet service,No internet service,No internet service,No internet service,No internet service,No internet service,Month-to-month,No,Credit card,31.37,306.17,No,30.617,0.7530000000000001,1,New,Low,2,0,0,0
Female,0,Yes,No,21,Yes,Yes,Fiber optic,No,No,No,Yes,Yes,Yes,One year,Yes,Mailed check,99.83,2225.67,No,105.98428571428572,-6.15428571428572,5,Developing,High,1,0,1,0
Male,0,Yes,Yes,10,Yes,No,DSL,No,Yes,No,Yes,No,Yes,One year,Yes,Mailed check,60.23,708.35,No,70.83500000000001,-10.605000000000011,4,New,Medium,1,0,1,0
Male,0,Yes,Yes,4,Yes,No,Fiber optic,Yes,Yes,No,No,Yes,No,Month-to-month,Yes,Mailed check,80.56,265.96,No,66.49,14.070000000000007,4,New,High,2,0,0,1
Female,1,No,No,27,Yes,No,DSL,Yes,Yes,No,No,Yes,No,Month-to-month,Yes,Electronic check,62.47,1764.47,No,65.35074074074075,-2.880740740740748,4,Established,Medium,2,1,0,1
Male,1,No,Yes,42,Yes,Yes,Fiber optic,Yes,No,Yes,No,Yes,No,Month-to-month,Yes,Mailed check,91.68,3779.13,No,89.97928571428572,1.7007142857142838,5,Established,High,2,0,0,1
Male,0,Yes,No,63,Yes,Yes,Fiber optic,No,Yes,Yes,No,Yes,No,One year,Yes,Electronic check,91.16,5533.56,Yes,87.83428571428573,3.3257142857142696,5,Loyal,High,1,1,0,0
Female,0,No,No,3,Yes,Yes,Fiber optic,No,No,Yes,No,Yes,Yes,Two year,No,Credit card,89.07,421.53,No,140.51,-51.44,5,New,High,0,0,0,0
Male,0,Yes,Yes,30,Yes,Yes,DSL,Yes,Yes,No,No,Yes,Yes,Month-to-month,Yes,Electronic check,75.37,2082.82,No,69.42733333333334,5.942666666666668,6,Established,High,2,1,0,1
Male,0,Yes,No,52,Yes,No,No,No internet service,No internet service,No internet service,No internet service,No internet service,No internet service,Month-to-month,Yes,Electronic check,28.17,1237.12,No,23.79076923076923,4.379230769230773,1,Loyal,Low,2,1,0,0
Male,0,No,No,15,Yes,Yes,DSL,Yes,No,Yes,Yes,No,Yes,Month-to-month,No,Electronic check,72.64,1109.27,No,73.95133333333334,-1.3113333333333372,6,Developing,High,2,1,1,1
Male,0,No,Yes,54,Yes,No,No,No internet service,No internet service,No internet service,No internet service,No internet service,No internet service,One year,No,Mailed check,27.8,1475.77,No,27.329074074074075,0.4709259259259255,1,Loyal,Low,1,0,0,0
Female,0,No,No,42,Yes,No,Fiber optic,No,Yes,Yes,Yes,No,No,Month-to-month,No,Bank transfer,87.6,3707.11,Yes,88.26452380952381,-0.6645238095238142,4,Established,High,2,0,1,0
Male,1,Yes,No,41,Yes,No,DSL,No,No,No,No,No,Yes,One year,No,Credit card,58.67,2553.89,No,62.29,-3.6199999999999974,2,Established,Medium,1,0,0,0
Male,1,Yes,No,9,Yes,Yes,Fiber optic,No,No,Yes,No,No,No,Month-to-month,Yes,Mailed check,88.14,870.8,Yes,96.75555555555555,-8.615555555555545,3,New,High,2,0,0,0
Male,0,Yes,No,13,Yes,Yes,No,No internet service,No internet service,No internet service,No internet service,No internet service,No internet service,Month-to-month,No,Electronic check,32.4,465.33,No,35.79461538461538,-3.394615384615385,2,Developing,Low,2,1,0,0
Male,0,Yes,No,64,Yes,No,No,No internet service,No internet service,No internet service,No internet service,No internet service,No internet service,Month-to-month,Yes,Bank transfer,25.0,1530.08,No,23.9075,1.0925000000000011,1,Loyal,Low,2,0,0,0
Female,0,Yes,No,64,Yes,No,DSL,No,No,Yes,No,Yes,Yes,Two year,Yes,Bank transfer,59.47,3765.98,No,58.8434375,0.6265624999999986,4,Loyal,Medium,0,0,0,0
Female,0,No,Yes,33,Yes,No,DSL,No,Yes,No,No,No,Yes,One year,Yes,Bank transfer,61.26,2067.88,No,62.663030303030304,-1.403030303030306,3,Established,Medium,1,0,0,0
Female,0,No,Yes,43,Yes,Yes,DSL,No,No,No,No,Yes,Yes,Month-to-month,No,Mailed check,67.73,2877.75,No,66.92441860465117,0.8055813953488382,4,Established,Medium,2,0,0,0
Male,1,Yes,No,40,Yes,Yes,Fiber optic,No,No,No,No,Yes,No,Month-to-month,Yes,Mailed check,89.68,3651.22,No,91.28049999999999,-1.6004999999999825,3,Established,High,2,0,0,0
Male,0,Yes,No,38,Yes,Yes,DSL,No,Yes,Yes,Yes,No,No,Two year,Yes,Electronic check,68.72,2629.22,No,69.19,-0.46999999999999886,5,Established,Medium,0,1,1,0
Male,0,Yes,No,52,Yes,No,DSL,Yes,No,No,No,No,Yes,Two year,Yes,Electronic check,55.77,2884.3,No,55.4673076923077,0.30269230769230404,3,Loyal,Medium,0,1,0,1
Female,0,Yes,Yes,41,Yes,No,Fiber optic,Yes,No,Yes,No,No,Yes,Month-to-month,Yes,Credit card,86.81,3648.99,No,88.99975609756098,-2.1897560975609736,4,Established,High,2,0,0,1
Male,0,No,No,10,No,No phone service,No,No internet service,No internet service,No internet service,No internet service,No internet service,No internet service,One year,No,Electronic check,19.13,171.79,No,17.179,1.9510000000000005,0,New,Low,1,1,0,0
Female,0,Yes,No,6,Yes,No,DSL,Yes,Yes,No,No,Yes,Yes,Two year,No,Electronic check,67.12,293.34,No,48.88999999999999,18.23000000000001,5,New,Medium,0,1,0,1
Female,0,No,No,62,Yes,Yes,Fiber optic,Yes,No,Yes,No,No,Yes,Month-to-month,Yes,Electronic check,94.34,5948.38,No,95.9416129032258,-1.6016129032257993,5,Loyal,High,2,1,0,1
Male,0,Yes,Yes,54,No,No phone service,DSL,Yes,Yes,No,No,No,Yes,Month-to-month,Yes,Electronic check,51.5,2781.55,No,51.510185185185186,-0.010185185185186185,3,Loyal,Medium,2,1,0,1
Female,0,Yes,Yes,15,Yes,No,Fiber optic,No,No,Yes,No,Yes,No,Month-to-month,No,Credit card,87.56,1295.42,No,86.36133333333333,1.1986666666666679,3,Developing,High,2,0,0,0
Female,0,No,Yes,5,Yes,No,Fiber optic,No,No,No,No,No,Yes,Month-to-month,Yes,Electronic check,70.11,340.59,Yes,68.118,1.9920000000000044,2,New,High,2,1,0,0
Female,0,Yes,No,16,No,No phone service,No,No internet service,No internet service,No internet service,No internet service,No internet service,No internet service,One year,Yes,Mailed check,24.81,351.31,No,21.956875,2.8531249999999986,0,Developing,Low,1,0,0,0
Female,0,Yes,Yes,42,Yes,No,Fiber optic,No,Yes,No,No,No,No,Month-to-month,Yes,Credit card,72.99,3274.89,No,77.97357142857143,-4.983571428571437,2,Established,High,2,0,0,0
Female,1,No,No,43,Yes,No,DSL,Yes,No,No,Yes,No,Yes,Month-to-month,Yes,Electronic check,51.38,2105.57,No,48.96674418604652,2.4132558139534837,4,Established,Medium,2,1,1,1
Male,0,Yes,Yes,13,Yes,Yes,Fiber optic,No,Yes,Yes,Yes,Yes,Yes,Month-to-month,No,Electronic check,98.8,1313.22,No,101.01692307692308,-2.2169230769230808,7,Developing,High,2,1,1,0
Male,0,Yes,Yes,13,Yes,Yes,DSL,No,No,No,No,Yes,No,One year,No,Mailed check,59.74,793.14,No,61.01076923076923,-1.2707692307692255,3,Developing,Medium,1,0,0,0
Female,0,Yes,No,15,Yes,No,DSL,Yes,No,No,Yes,Yes,No,Month-to-month,Yes,Electronic check,61.31,983.96,No,65.59733333333334,-4.287333333333336,4,Developing,Medium,2,1,1,1
Female,0,Yes,No,32,Yes,Yes,No,No internet service,No internet service,No internet service,No internet service,No internet service,No internet service,Month-to-month,No,Electronic check,36.63,1143.71,Yes,35.7409375,0.8890625000000014,2,Established,Low,2,1,0,0
Female,0,No,No,17,Yes,No,Fiber optic,Yes,No,No,Yes,No,Yes,Month-to-month,No,Bank transfer,85.3,1549.26,No,91.13294117647058,-5.832941176470584,4,Developing,High,2,0,1,1
Female,0,Yes,Yes,33,Yes,Yes,No,No internet service,No internet service,No internet service,No internet service,No internet service,No internet service,Two year,Yes,Electronic check,37.31,1204.57,No,36.50212121212121,0.8078787878787921,2,Established,Low,0,1,0,0
Male,0,No,No,2,Yes,Yes,DSL,No,Yes,No,No,Yes,Yes,Month-to-month,Yes,Bank transfer,72.04,104.64,No,52.32,19.720000000000006,5,New,High,2,0,0,0
Female,1,No,No,68,Yes,No,No,No internet service,No internet service,No internet service,No internet service,No internet service,No internet service,Month-to-month,Yes,Credit card,30.6,2087.62,No,30.700294117647058,-0.10029411764705642,1,Loyal,Low,2,0,0,0
Female,0,Yes,No,65,Yes,Yes,No,No internet service,No internet service,No internet service,No internet service,No internet service,No internet service,One year,No,Electronic check,38.47,2528.41,No,38.89861538461538,-0.42861538461538373,2,Loyal,Low,1,1,0,0
Female,0,Yes,No,25,Yes,Yes,Fiber optic,No,No,No,No,No,No,Month-to-month,No,Electronic check,79.03,2063.31,No,82.5324,-3.5023999999999944,2,Established,High,2,1,0,0
Female,1,Yes,No,58,Yes,Yes,DSL,Yes,Yes,Yes,Yes,No,Yes,One year,No,Electronic check,78.81,4467.46,No,77.0251724137931,1.7848275862069016,7,Loyal,High,1,1,1,1
Female,0,Yes,No,39,Yes,No,No,No internet service,No internet service,No internet service,No internet service,No internet service,No internet service,Month-to-month,Yes,Electronic check,33.69,1387.58,No,35.57897435897436,-1.8889743589743588,1,Established,Low,2,1,0,0
Female,0,Yes,No,3,Yes,Yes,No,No internet service,No internet service,No internet service,No internet service,No internet service,No internet service,Two year,Yes,Mailed check,34.73,183.16,No,61.053333333333335,-26.323333333333338,2,New,Low,0,0,0,0
Male,0,No,No,21,Yes,No,DSL,No,No,No,No,Yes,No,Month-to-month,Yes,Mailed check,50.09,1110.7,No,52.89047619047619,-2.8004761904761892,2,Developing,Medium,2,0,0,0
Male,0,Yes,No,5,Yes,No,No,No internet service,No internet service,No internet service,No internet service,No internet service,No internet service,Month-to-month,No,Electronic check,26.3,126.44,No,25.288,1.0120000000000005,1,New,Low,2,1,0,0
Male,0,Yes,No,51,Yes,Yes,No,No internet service,No internet service,No internet service,No internet service,No internet service,No internet service,Month-to-month,No,Electronic check,36.54,1824.77,No,35.77980392156863,0.7601960784313704,2,Loyal,Low,2,1,0,0
Female,0,No,No,57,Yes,Yes,DSL,No,No,No,No,Yes,Yes,Two year,No,Electronic check,70.99,4086.44,No,71.6919298245614,-0.7019298245614038,4,Loyal,High,0,1,0,0
Male,0,No,Yes,45,Yes,Yes,Fiber optic,Yes,No,No,No,Yes,No,Two year,Yes,Bank transfer,91.67,4143.92,No,92.08711111111111,-0.41711111111111165,4,Established,High,0,0,0,1
Male,1,Yes,No,1,Yes,Yes,DSL,Yes,No,No,Yes,No,No,Month-to-month,Yes,Mailed check,65.68,18.0,Yes,18.0,47.68000000000001,4,New,Medium,2,0,1,1
Female,0,Yes,Yes,17,Yes,No,Fiber optic,Yes,No,Yes,No,Yes,Yes,Month-to-month,No,Bank transfer,92.52,1645.88,Yes,96.8164705882353,-4.296470588235309,5,Developing,High,2,0,0,1
Female,0,No,No,34,Yes,No,No,No internet service,No internet service,No internet service,No internet service,No internet service,No internet service,Month-to-month,Yes,Mailed check,32.35,1045.91,No,30.762058823529415,1.5879411764705864,1,Established,Low,2,0,0,0
Male,0,Yes,Yes,11,Yes,No,No,No internet service,No internet service,No internet service,No internet service,No internet service,No internet service,Month-to-month,Yes,Mailed check,28.03,257.14,No,23.376363636363635,4.653636363636366,1,New,Low,2,0,0,0
Female,0,No,Yes,8,Yes,No,DSL,No,Yes,No,No,No,Yes,Month-to-month,Yes,Bank transfer,55.82,532.51,No,66.56375,-10.743749999999999,3,New,Medium,2,0,0,0
Female,0,No,Yes,22,No,No phone service,Fiber optic,No,Yes,Yes,Yes,No,No,Two year,Yes,Electronic check,69.36,1539.83,No,69.99227272727272,-0.6322727272727207,3,Developing,Medium,0,1,1,0
Male,0,Yes,Yes,43,Yes,No,Fiber optic,No,Yes,Yes,Yes,Yes,Yes,Month-to-month,No,Bank transfer,101.42,4348.45,No,101.12674418604651,0.2932558139534933,6,Established,Very High,2,0,1,0
Male,1,Yes,Yes,7,Yes,No,Fiber optic,No,Yes,No,Yes,No,Yes,Two year,No,Mailed check,84.66,563.48,No,80.49714285714286,4.162857142857135,4,New,High,0,0,1,0
Male,0,Yes,Yes,72,Yes,No,Fiber optic,Yes,No,Yes,No,Yes,Yes,Month-to-month,No,Mailed check,89.65,6436.01,No,89.38902777777778,0.2609722222222217,5,Loyal,High,2,0,0,1
Male,0,Yes,No,34,Yes,No,Fiber optic,No,No,No,No,No,Yes,Two year,Yes,Mailed check,71.88,2441.99,No,71.82323529411764,0.05676470588235816,2,Established,High,0,0,0,0
Male,0,Yes,No,13,Yes,Yes,DSL,No,No,No,No,Yes,No,Month-to-month,Yes,Mailed check,63.58,958.8,No,73.75384615384615,-10.173846153846156,3,Developing,Medium,2,0,0,0
Male,0,No,No,2,Yes,No,Fiber optic,Yes,No,No,No,Yes,Yes,Month-to-month,Yes,Bank transfer,89.68,25.45,No,12.725,76.95500000000001,4,New,High,2,0,0,1
Female,0,No,No,69,Yes,Yes,No,No internet service,No internet service,No internet service,No internet service,No internet service,No internet service,One year,Yes,Electronic check,37.05,2757.91,No,39.96971014492753,-2.919710144927535,2,Loyal,Low,1,1,0,0
Male,0,No,Yes,43,No,No phone service,DSL,No,No,No,No,Yes,No,Month-to-month,No,Mailed check,44.13,2085.23,No,48.493720930232556,-4.363720930232553,1,Established,Medium,2,0,0,0
Male,0,No,No,63,Yes,Yes,Fiber optic,No,Yes,No,No,No,No,Two year,Yes,Electronic check,82.16,5147.33,No,81.7036507936508,0.45634920634920206,3,Loyal,High,0,1,0,0
Male,0,No,No,56,Yes,Yes,No,No internet service,No internet service,No internet service,No internet service,No internet service,No internet service,One year,Yes,Electronic check,34.83,1965.68,No,35.10142857142857,-0.27142857142857224,2,Loyal,Low,1,1,0,0
Male,0,Yes,No,71,Yes,No,No,No internet service,No internet service,No internet service,No internet service,No internet service,No internet service,Two year,Yes,Electronic check,23.35,1672.85,No,23.5612676056338,-0.21126760563380031,1,Loyal,Low,0,1,0,0
Female,0,Yes,No,65,Yes,Yes,Fiber optic,No,Yes,No,No,No,Yes,Two year,No,Bank transfer,92.26,6082.62,No,93.57876923076923,-1.3187692307692203,4,Loyal,High,0,0,0,0
Female,0,No,No,56,No,No phone service,DSL,No,Yes,No,No,No,No,Month-to-month,No,Bank transfer,39.57,2227.21,No,39.77160714285714,-0.2016071428571422,1,Loyal,Low,2,0,0,0
Female,0,No,No,62,Yes,No,Fiber optic,No,Yes,No,No,No,No,Month-to-month,No,Credit card,72.83,4546.37,No,73.32854838709677,-0.4985483870967755,2,Loyal,High,2,0,0,0
Female,0,Yes,No,62,Yes,No,Fiber optic,Yes,No,No,No,No,No,One year,No,Mailed check,76.48,4836.68,No,78.01096774193549,-1.5309677419354841,2,Loyal,High,1,0,0,1
Female,0,No,No,19,Yes,Yes,Fiber optic,No,Yes,No,Yes,Yes,Yes,Month-to-month,No,Bank transfer,105.14,1843.0,No,97.0,8.14,6,Developing,Very High,2,0,1,0
Male,0,Yes,Yes,43,Yes,Yes,DSL,No,No,No,No,No,No,Month-to-month,Yes,Credit card,50.52,2160.07,No,50.23418604651163,0.2858139534883719,2,Established,Medium,2,0,0,0
Male,1,Yes,No,71,Yes,Yes,Fiber optic,No,Yes,No,No,No,Yes,Month-to-month,Yes,Electronic check,92.05,6554.3,No,92.31408450704225,-0.2640845070422557,4,Loyal,High,2,1,0,0
Female,0,No,No,63,Yes,No,Fiber optic,No,No,Yes,No,Yes,No,One year,Yes,Bank transfer,83.31,5222.91,No,82.90333333333334,0.4066666666666663,3,Loyal,High,1,0,0,0
Female,0,Yes,Yes,8,Yes,No,No,No internet service,No internet service,No internet service,No internet service,No internet service,No internet service,Month-to-month,No,Electronic check,27.12,81.24,No,10.155,16.965000000000003,1,New,Low,2,1,0,0
Male,1,No,No,9,Yes,No,Fiber optic,No,No,No,No,No,Yes,Month-to-month,Yes,Electronic check,76.66,693.71,Yes,77.0788888888889,-0.4188888888889011,2,New,High,2,1,0,0
Male,0,No,No,15,Yes,No,DSL,No,No,No,Yes,No,No,Two year,Yes,Credit card,50.62,715.99,No,47.73266666666667,2.8873333333333306,2,Developing,Medium,0,0,1,0
Male,0,No,No,54,No,No phone service,DSL,No,Yes,No,No,No,Yes,Two year,No,Electronic check,50.91,2715.22,No,50.28185185185185,0.6281481481481492,2,Loyal,Medium,0,1,0,0
Female,0,Yes,Yes,29,Yes,No,Fiber optic,Yes,No,No,Yes,No,No,Month-to-month,No,Credit card,84.61,2453.25,No,84.59482758620689,0.01517241379310974,3,Established,High,2,0,1,1
Female,0,No,No,46,Yes,Yes,Fiber optic,No,Yes,No,No,No,Yes,Month-to-month,Yes,Credit card,90.17,4012.92,Yes,87.23739130434782,2.9326086956521777,4,Established,High,2,0,0,0
Male,0,Yes,No,11,Yes,No,DSL,No,No,No,No,No,No,One year,No,Credit card,44.91,471.14,No,42.83090909090909,2.079090909090908,1,New,Medium,1,0,0,0
Female,1,No,Yes,5,Yes,No,No,No internet service,No internet service,No internet service,No internet service,No internet service,No internet service,Month-to-month,Yes,Bank transfer,26.2,76.9,No,15.38,10.819999999999999,1,New,Low,2,0,0,0
Female,0,Yes,No,56,Yes,No,No,No internet service,No internet service,No internet service,No internet service,No internet service,No internet service,One year,No,Bank transfer,28.57,1497.51,No,26.74125,1.8287499999999994,1,Loyal,Low,1,0,0,0
Female,0,No,No,21,Yes,Yes,No,No internet service,No internet service,No internet service,No internet service,No internet service,No internet service,One year,Yes,Mailed check,33.1,735.57,No,35.02714285714286,-1.9271428571428615,2,Developing,Low,1,0,0,0
Female,0,No,Yes,4,Yes,Yes,Fiber optic,Yes,Yes,No,No,Yes,No,Month-to-month,Yes,Mailed check,86.89,245.16,No,61.29,25.6,5,New,High,2,0,0,1
Female,1,Yes,No,16,Yes,No,No,No internet service,No internet service,No internet service,No internet service,No internet service,No internet service,Month-to-month,Yes,Credit card,32.58,565.53,No,35.345625,-2.765625,1,Developing,Low,2,0,0,0
Male,0,Yes,Yes,24,No,No phone service,Fiber optic,No,No,No,No,No,Yes,Month-to-month,No,Mailed check,68.49,1714.37,No,71.43208333333332,-2.942083333333329,1,Developing,Medium,2,0,0,0
Female,1,Yes,No,30,No,No phone service,Fiber optic,No,No,No,Yes,No,Yes,Month-to-month,Yes,Mailed check,73.28,2189.7,No,72.99,0.29000000000000625,2,Established,High,2,0,1,0
Male,0,No,No,65,Yes,No,DSL,No,Yes,No,No,No,Yes,One year,Yes,Credit card,63.4,4208.91,No,64.75246153846153,-1.352461538461533,3,Loyal,Medium,1,0,0,0
Male,0,No,Yes,15,Yes,No,DSL,Yes,No,No,No,No,No,Month-to-month,No,Mailed check,48.95,919.91,Yes,61.32733333333333,-12.377333333333326,2,Developing,Medium,2,0,0,1
Female,0,No,No,44,Yes,Yes,DSL,No,No,Yes,Yes,No,Yes,Two year,Yes,Credit card,71.7,3200.82,No,72.7459090909091,-1.0459090909090918,5,Established,High,0,0,1,0
Female,0,No,No,20,Yes,Yes,No,No internet service,No internet service,No internet service,No internet service,No internet service,No internet service,One year,Yes,Electronic check,34.98,675.27,No,33.7635,1.2164999999999964,2,Developing,Low,1,1,0,0
Male,0,Yes,No,36,Yes,No,Fiber optic,Yes,No,No,Yes,No,No,Month-to-month,Yes,Electronic check,81.38,3024.41,No,84.01138888888889,-2.6313888888888926,3,Established,High,2,1,1,1
Male,1,No,No,22,Yes,Yes,No,No internet service,No internet service,No internet service,No internet service,No internet service,No internet service,Month-to-month,Yes,Bank transfer,32.61,562.54,No,25.569999999999997,7.040000000000003,2,Developing,Low,2,0,0,0
Female,0,Yes,No,25,No,No phone service,Fiber optic,No,Yes,Yes,No,No,No,Month-to-month,Yes,Mailed check,75.61,2077.77,No,83.1108,-7.500799999999998,2,Established,High,2,0,0,0
Female,0,No,No,44,Yes,No,DSL,No,Yes,Yes,Yes,No,No,Month-to-month,Yes,Bank transfer,68.1,3004.54,No,68.285,-0.18500000000000227,4,Established,Medium,2,0,1,0
Male,0,Yes,Yes,43,Yes,No,Fiber optic,No,No,Yes,Yes,No,Yes,Month-to-month,No,Electronic check,83.25,3602.6,No,83.78139534883721,-0.5313953488372078,4,Established,High,2,1,1,0
Female,0,No,No,10,Yes,No,DSL,No,Yes,No,No,Yes,Yes,Month-to-month,No,Electronic check,68.04,555.63,No,55.563,12.477000000000004,4,New,Medium,2,1,0,0
Female,0,Yes,No,12,Yes,No,No,No internet service,No internet service,No internet service,No internet service,No internet service,No internet service,Month-to-month,Yes,Credit card,28.48,415.05,No,34.5875,-6.107499999999998,1,New,Low,2,0,0,0
Female,0,Yes,No,18,Yes,No,DSL,No,No,Yes,No,No,No,Month-to-month,No,Mailed check,52.47,954.38,Yes,53.02111111111111,-0.551111111111112,2,Developing,Medium,2,0,0,0
Female,0,Yes,No,65,Yes,No,DSL,No,No,No,No,No,No,Month-to-month,No,Mailed check,47.86,3100.27,No,47.69646153846154,0.16353846153845808,1,Loyal,Medium,2,0,0,0
Male,1,No,No,23,Yes,No,Fiber optic,No,No,No,No,Yes,No,One year,Yes,Electronic check,71.99,1606.03,No,69.82739130434783,2.1626086956521675,2,Developing,High,1,1,0,0
Female,0,Yes,No,42,Yes,Yes,No,No internet service,No internet service,No internet service,No internet service,No internet service,No internet service,Two year,No,Credit card,31.84,1266.49,No,30.15452380952381,1.6854761904761908,2,Established,Low,0,0,0,0
Female,0,Yes,No,33,Yes,No,Fiber optic,No,Yes,No,No,No,Yes,One year,Yes,Credit card,81.03,2615.06,No,79.24424242424243,1.7857575757575717,3,Established,High,1,0,0,0
Male,0,Yes,Yes,26,Yes,Yes,DSL,No,Yes,Yes,No,No,Yes,Two year,Yes,Mailed check,74.89,1817.31,No,69.89653846153846,4.9934615384615455,5,Established,High,0,0,0,0
Female,1,Yes,No,3,Yes,Yes,Fiber optic,No,No,No,Yes,Yes,No,One year,No,Electronic check,87.79,279.6,No,93.2,-5.409999999999997,4,New,High,1,1,1,0
Female,0,No,No,32,Yes,No,DSL,No,Yes,Yes,Yes,Yes,No,Month-to-month,Yes,Credit card,69.87,2362.78,No,73.836875,-3.9668750000000017,5,Established,Medium,2,0,1,0
Male,0,No,No,72,Yes,Yes,Fiber optic,No,No,No,Yes,No,Yes,Two year,Yes,Credit card,89.22,6455.48,No,89.65944444444443,-0.4394444444444332,4,Loyal,High,0,0,1,0
Female,0,No,No,68,Yes,Yes,Fiber optic,Yes,Yes,Yes,No,No,No,Month-to-month,Yes,Mailed check,92.27,6208.75,No,91.30514705882354,0.9648529411764599,5,Loyal,High,2,0,0,1
Male,0,No,No,22,Yes,No,DSL,No,Yes,No,Yes,Yes,Yes,Month-to-month,Yes,Bank transfer,70.61,1579.63,No,71.80136363636365,-1.191363636363647,5,Developing,High,2,0,1,0
Female,1,Yes,No,39,Yes,No,Fiber optic,No,Yes,Yes,Yes,No,No,Two year,Yes,Mailed check,81.74,2975.65,No,76.29871794871795,5.441282051282045,4,Established,High,0,0,1,0
Female,1,Yes,Yes,21,Yes,No,DSL,No,Yes,No,No,Yes,No,One year,No,Electronic check,57.38,1341.38,No,63.8752380952381,-6.495238095238101,3,Developing,Medium,1,1,0,0
Female,0,No,No,67,Yes,No,DSL,No,No,No,No,No,No,Two year,Yes,Bank transfer,44.36,2927.36,No,43.69194029850746,0.6680597014925382,1,Loyal,Medium,0,0,0,0
Male,0,No,No,40,Yes,No,Fiber optic,Yes,Yes,No,No,Yes,No,Month-to-month,No,Bank transfer,86.77,3511.87,No,87.79675,-1.026750000000007,4,Established,High,2,0,0,1
Female,0,Yes,Yes,67,Yes,No,DSL,Yes,No,No,No,Yes,No,One year,No,Mailed check,55.29,3699.94,No,55.22298507462687,0.06701492537312959,3,Loyal,Medium,1,0,0,1
Female,0,No,No,62,No,No phone service,DSL,No,No,Yes,No,No,No,Month-to-month,No,Credit card,50.27,3163.24,No,51.019999999999996,-0.7499999999999929,1,Loyal,Medium,2,0,0,0
Male,1,Yes,No,24,Yes,Yes,Fiber optic,No,No,Yes,No,No,No,Month-to-month,Yes,Mailed check,75.17,1990.55,No,82.93958333333333,-7.76958333333333,3,Developing,High,2,0,0,0
Female,0,Yes,Yes,33,Yes,Yes,Fiber optic,No,Yes,No,No,Yes,No,Two year,No,Credit card,82.3,2544.76,No,77.1139393939394,5.186060606060593,4,Established,High,0,0,0,0
Male,0,Yes,No,42,Yes,No,No,No internet service,No internet service,No internet service,No internet service,No internet service,No internet service,Month-to-month,No,Electronic check,29.71,1268.49,No,30.202142857142857,-0.49214285714285566,1,Established,Low,2,1,0,0
Female,0,No,No,18,Yes,Yes,No,No internet service,No internet service,No internet service,No internet service,No internet service,No internet service,One year,Yes,Credit card,38.3,712.23,No,39.568333333333335,-1.268333333333338,2,Developing,Low,1,0,0,0
Male,0,No,Yes,60,Yes,No,Fiber optic,Yes,Yes,No,No,No,No,Two year,No,Electronic check,86.43,5155.54,No,85.92566666666667,0.5043333333333351,3,Loyal,High,0,1,0,1
Female,0,No,Yes,41,Yes,No,Fiber optic,No,Yes,No,No,No,Yes,Two year,Yes,Electronic check,80.95,3259.65,No,79.50365853658536,1.4463414634146403,3,Established,High,0,1,0,0
Male,0,No,No,15,No,No phone service,Fiber optic,No,No,No,No,No,No,Month-to-month,No,Bank transfer,62.02,1006.74,Yes,67.116,-5.0959999999999965,0,Developing,Medium,2,0,0,0
Female,0,No,No,35,Yes,No,Fiber optic,No,Yes,No,No,Yes,No,Month-to-month,Yes,Electronic check,84.0,2937.19,Yes,83.91971428571429,0.08028571428570785,3,Established,High,2,1,0,0
Male,0,Yes,No,60,Yes,Yes,Fiber optic,Yes,Yes,No,No,No,Yes,Two year,Yes,Electronic check,99.6,5975.96,No,99.59933333333333,0.000666666666660376,5,Loyal,High,0,1,0,1
Male,0,No,Yes,31,Yes,Yes,No,No internet service,No internet service,No internet service,No internet service,No internet service,No internet service,One year,No,Bank transfer,29.76,898.46,No,28.982580645161292,0.7774193548387096,2,Established,Low,1,0,0,0
Female,1,Yes,Yes,52,Yes,No,Fiber optic,No,Yes,No,Yes,Yes,No,Month-to-month,Yes,Electronic check,87.77,4551.32,No,87.52538461538461,0.24461538461538623,4,Loyal,High,2,1,1,0
Female,0,Yes,No,71,Yes,No,DSL,No,No,Yes,No,No,No,Month-to-month,No,Credit card,53.56,3851.61,No,54.248028169014084,-0.6880281690140819,2,Loyal,Medium,2,0,0,0
Female,0,Yes,No,25,Yes,Yes,Fiber optic,No,No,No,No,No,Yes,Month-to-month,No,Electronic check,82.66,2111.97,No,84.47879999999999,-1.818799999999996,3,Established,High,2,1,0,0
Male,0,Yes,No,72,Yes,No,DSL,No,No,No,Yes,Yes,No,Two year,Yes,Mailed check,59.73,4238.4,No,58.86666666666666,0.8633333333333368,3,Loyal,Medium,0,0,1,0
Male,0,No,No,30,Yes,Yes,No,No internet service,No internet service,No internet service,No internet service,No internet service,No internet service,Month-to-month,No,Mailed check,32.55,952.25,No,31.741666666666667,0.80833333333333,2,Established,Low,2,0,0,0
Male,0,Yes,No,41,Yes,Yes,Fiber optic,No,No,No,No,No,Yes,One year,No,Mailed check,88.88,3725.55,No,90.86707317073171,-1.987073170731719,3,Established,High,1,0,0,0
Female,0,Yes,No,56,Yes,Yes,Fiber optic,Yes,No,No,No,No,Yes,Month-to-month,Yes,Mailed check,81.95,4723.78,Yes,84.35321428571429,-2.4032142857142844,4,Loyal,High,2,0,0,1
Male,0,No,No,5,Yes,No,Fiber optic,No,No,No,Yes,Yes,No,Month-to-month,No,Mailed check,80.96,539.46,No,107.89200000000001,-26.932000000000016,3,New,High,2,0,1,0
Female,0,No,Yes,51,Yes,No,DSL,Yes,No,No,No,No,No,One year,No,Electronic check,53.27,2845.22,No,55.788627450980385,-2.5186274509803823,2,Loyal,Medium,1,1,0,1
Male,1,Yes,No,41,Yes,No,Fiber optic,Yes,No,Yes,No,Yes,No,Two year,Yes,Electronic check,85.85,3535.76,No,86.23804878048782,-0.38804878048782143,4,Established,High,0,1,0,1
Female,0,Yes,No,48,Yes,No,DSL,Yes,No,No,No,Yes,No,Month-to-month,No,Bank transfer,61.42,3030.98,No,63.14541666666667,-1.7254166666666677,3,Established,Medium,2,0,0,1
Male,0,Yes,No,69,No,No phone service,Fiber optic,Yes,Yes,Yes,No,Yes,Yes,Month-to-month,Yes,Mailed check,91.28,6327.67,No,91.70536231884059,-0.42536231884058395,5,Loyal,High,2,0,0,1
Male,0,No,Yes,35,Yes,Yes,DSL,Yes,No,No,No,No,Yes,Month-to-month,No,Mailed check,66.2,2257.92,No,64.512,1.6880000000000024,4,Established,Medium,2,0,0,1
Male,0,No,Yes,67,Yes,No,No,No internet service,No internet service,No internet service,No internet service,No internet service,No internet service,Month-to-month,Yes,Electronic check,30.26,2017.63,No,30.113880597014926,0.1461194029850752,1,Loyal,Low,2,1,0,0
Female,0,Yes,No,41,Yes,Yes,No,No internet service,No internet service,No internet service,No internet service,No internet service,No internet service,Month-to-month,Yes,Credit card,34.79,1409.95,No,34.389024390243904,0.40097560975609525,2,Established,Low,2,0,0,0
Female,1,No,Yes,16,Yes,No,DSL,No,Yes,No,Yes,No,Yes,Month-to-month,Yes,Electronic check,56.38,976.11,Yes,61.006875,-4.626874999999998,4,Developing,Medium,2,1,1,0
Male,0,No,No,47,Yes,No,No,No internet service,No internet service,No internet service,No internet service,No internet service,No internet service,Month-to-month,No,Credit card,35.01,1709.15,No,36.36489361702128,-1.3548936170212826,1,Established,Low,2,0,0,0
Female,0,No,No,14,Yes,No,No,No internet service,No internet service,No internet service,No internet service,No internet service,No internet service,One year,No,Electronic check,33.47,460.34,No,32.88142857142857,0.5885714285714272,1,Developing,Low,1,1,0,0
Female,0,Yes,Yes,65,No,No phone service,DSL,No,No,No,No,No,Yes,Month-to-month,No,Credit card,47.89,3094.71,No,47.61092307692308,0.27907692307692145,1,Loyal,Medium,2,0,0,0
Male,0,No,No,11,No,No phone service,No,No internet service,No internet service,No internet service,No internet service,No internet service,No internet service,One year,No,Mailed check,18.55,149.56,No,13.596363636363636,4.953636363636365,0,New,Low,1,0,0,0
Male,0,No,No,36,Yes,Yes,DSL,No,Yes,Yes,No,No,No,One year,No,Mailed check,64.79,2306.21,No,64.06138888888889,0.7286111111111211,4,Established,Medium,1,0,0,0
Male,0,Yes,Yes,60,Yes,No,No,No internet service,No internet service,No internet service,No internet service,No internet service,No internet service,Two year,Yes,Electronic check,21.09,1256.94,No,20.949,0.14099999999999824,1,Loyal,Low,0,1,0,0
Male,0,Yes,No,1,Yes,Yes,Fiber optic,No,No,Yes,Yes,Yes,No,One year,No,Credit card,87.75,114.05,No,114.05,-26.299999999999997,5,New,High,1,0,1,0
Female,0,Yes,No,36,Yes,No,No,No internet service,No internet service,No internet service,No internet service,No internet service,No internet service,One year,Yes,Electronic check,37.64,1364.11,No,37.89194444444444,-0.2519444444444403,1,Established,Low,1,1,0,0
Female,0,Yes,No,37,Yes,No,DSL,Yes,Yes,Yes,Yes,Yes,Yes,Month-to-month,No,Bank transfer,75.04,2712.18,No,73.30216216216216,1.7378378378378443,7,Established,High,2,0,1,1
Male,0,No,Yes,25,Yes,Yes,Fiber optic,Yes,No,No,No,No,Yes,Month-to-month,No,Electronic check,87.79,2155.84,No,86.23360000000001,1.5563999999999965,4,Established,High,2,1,0,1
Female,0,No,No,49,Yes,Yes,No,No internet service,No internet service,No internet service,No internet service,No internet service,No internet service,Month-to-month,No,Mailed check,35.58,1734.7,No,35.40204081632653,0.1779591836734653,2,Loyal,Low,2,0,0,0
Female,0,Yes,No,24,Yes,No,Fiber optic,No,Yes,No,No,Yes,No,One year,No,Bank transfer,83.38,2041.66,No,85.06916666666667,-1.6891666666666794,3,Developing,High,1,0,0,0
Female,0,No,Yes,27,No,No phone service,Fiber optic,No,No,Yes,No,No,Yes,Month-to-month,Yes,Mailed check,74.0,1958.21,No,72.5262962962963,1.4737037037037055,2,Established,High,2,0,0,0
Male,0,Yes,No,20,Yes,No,Fiber optic,Yes,Yes,Yes,No,No,No,Month-to-month,Yes,Bank transfer,83.52,1553.22,Yes,77.661,5.858999999999995,4,Developing,High,2,0,0,1
Male,1,No,No,45,Yes,No,Fiber optic,Yes,Yes,No,Yes,No,Yes,Month-to-month,Yes,Bank transfer,91.59,4032.45,Yes,89.61,1.980000000000004,5,Established,High,2,0,1,1
Female,0,Yes,No,64,Yes,No,DSL,No,No,No,No,Yes,Yes,One year,No,Mailed check,64.55,4156.75,No,64.94921875,-0.39921875000000284,3,Loyal,Medium,1,0,0,0
Female,0,No,No,13,Yes,No,DSL,No,No,No,No,No,Yes,Month-to-month,Yes,Electronic check,55.55,759.31,No,58.40846153846154,-2.8584615384615404,2,Developing,Medium,2,1,0,0
Female,1,No,No,30,Yes,No,DSL,Yes,Yes,Yes,No,Yes,No,Month-to-month,No,Mailed check,70.73,2074.95,No,69.16499999999999,1.565000000000012,5,Established,High,2,0,0,1
Male,0,No,No,17,Yes,No,DSL,Yes,Yes,No,No,No,Yes,One year,No,Bank transfer,55.25,860.05,No,50.59117647058823,4.6588235294117695,4,Developing,Medium,1,0,0,1
Female,0,No,No,18,Yes,No,No,No internet service,No internet service,No internet service,No internet service,No internet service,No internet service,Two year,No,Electronic check,30.1,429.46,No,23.858888888888888,6.241111111111113,1,Developing,Low,0,1,0,0
Male,0,Yes,No,70,Yes,Yes,Fiber optic,Yes,No,No,No,Yes,Yes,One year,Yes,Bank transfer,96.51,6647.22,No,94.96028571428572,1.5497142857142876,5,Loyal,High,1,0,0,1
Female,0,No,No,52,No,No phone service,Fiber optic,Yes,Yes,No,No,No,No,Month-to-month,Yes,Electronic check,69.46,3581.01,Yes,68.86557692307693,0.5944230769230643,2,Loyal,Medium,2,1,0,1
Female,0,No,No,69,Yes,Yes,DSL,Yes,Yes,No,No,Yes,Yes,Two year,No,Credit card,84.37,5695.71,No,82.54652173913044,1.8234782608695639,6,Loyal,High,0,0,0,1
Female,0,Yes,No,46,Yes,No,No,No internet service,No internet service,No internet service,No internet service,No internet service,No internet service,Month-to-month,Yes,Bank transfer,22.13,1030.9,No,22.410869565217393,-0.2808695652173938,1,Established,Low,2,0,0,0
Male,0,No,No,48,Yes,No,DSL,Yes,Yes,No,No,No,No,Month-to-month,No,Mailed check,55.86,2722.23,No,56.713125,-0.8531249999999986,3,Established,Medium,2,0,0,1
Female,0,Yes,No,52,Yes,No,DSL,Yes,Yes,No,No,No,No,Month-to-month,Yes,Credit card,60.73,3048.81,No,58.630961538461534,2.0990384615384627,3,Loyal,Medium,2,0,0,1
Female,0,Yes,Yes,48,Yes,Yes,No,No internet service,No internet service,No internet service,No internet service,No internet service,No internet service,Month-to-month,No,Credit card,35.62,1626.99,No,33.895625,1.7243749999999949,2,Established,Low,2,0,0,0
Female,0,No,No,60,Yes,Yes,DSL,No,No,No,No,No,No,One year,No,Electronic check,45.15,2701.57,No,45.02616666666667,0.12383333333333013,2,Loyal,Medium,1,1,0,0
Female,0,Yes,Yes,24,Yes,No,Fiber optic,No,Yes,No,No,Yes,No,Month-to-month,No,Electronic check,87.76,2041.37,No,85.05708333333332,2.702916666666681,3,Developing,High,2,1,0,0
Female,0,Yes,No,8,Yes,Yes,Fiber optic,No,Yes,Yes,Yes,Yes,No,Two year,Yes,Mailed check,92.19,752.81,No,94.10125,-1.9112499999999955,6,New,High,0,0,1,0
Male,0,Yes,No,36,No,No phone service,Fiber optic,No,No,No,No,No,No,One year,No,Mailed check,57.21,2138.26,No,59.39611111111112,-2.186111111111117,0,Established,Medium,1,0,0,0
Female,0,No,No,1,Yes,Yes,DSL,No,No,No,No,No,Yes,Month-to-month,Yes,Electronic check,63.87,47.44,Yes,47.44,16.43,3,New,Medium,2,1,0,0
Female,0,No,Yes,4,Yes,No,Fiber optic,Yes,Yes,Yes,No,No,No,Month-to-month,Yes,Mailed check,81.15,188.35,No,47.0875,34.06250000000001,4,New,High,2,0,0,1
Female,0,Yes,No,4,Yes,No,Fiber optic,Yes,No,No,No,Yes,No,One year,Yes,Electronic check,80.98,337.31,No,84.3275,-3.3474999999999966,3,New,High,1,1,0,1
Male,0,No,No,6,Yes,Yes,Fiber optic,No,Yes,No,No,No,No,Month-to-month,Yes,Electronic check,78.1,441.44,No,73.57333333333334,4.526666666666657,3,New,High,2,1,0,0
Female,1,No,No,51,Yes,No,No,No internet service,No internet service,No internet service,No internet service,No internet service,No internet service,Month-to-month,Yes,Electronic check,28.29,1485.33,No,29.12411764705882,-0.8341176470588216,1,Loyal,Low,2,1,0,0
Female,0,No,No,44,Yes,Yes,DSL,Yes,No,Yes,No,No,Yes,Month-to-month,Yes,Electronic check,74.79,3476.75,Yes,79.01704545454545,-4.227045454545447,5,Established,High,2,1,0,1
Female,0,No,No,68,Yes,No,Fiber optic,Yes,No,Yes,Yes,No,Yes,Month-to-month,No,Mailed check,85.69,5750.18,No,84.5614705882353,1.1285294117647027,5,Loyal,High,2,0,1,1
Female,0,No,Yes,21,Yes,No,DSL,No,No,No,Yes,Yes,No,Month-to-month,No,Electronic check,58.97,1179.75,No,56.17857142857143,2.7914285714285683,3,Developing,Medium,2,1,1,0
Female,1,Yes,No,24,No,No phone service,Fiber optic,No,Yes,Yes,No,No,No,Two year,Yes,Electronic check,65.11,1585.6,No,66.06666666666666,-0.9566666666666634,2,Developing,Medium,0,1,0,0
Male,0,Yes,No,36,Yes,No,No,No internet service,No internet service,No internet service,No internet service,No internet service,No internet service,Month-to-month,No,Credit card,36.4,1379.57,No,38.32138888888889,-1.9213888888888917,1,Established,Low,2,0,0,0
Female,0,No,No,57,No,No phone service,DSL,Yes,Yes,Yes,No,No,No,Month-to-month,Yes,Bank transfer,49.31,2973.86,No,52.17298245614035,-2.862982456140351,3,Loyal,Medium,2,0,0,1
Female,0,Yes,No,68,Yes,Yes,DSL,Yes,Yes,No,Yes,No,No,One year,No,Credit card,70.25,4743.26,No,69.75382352941176,0.49617647058823877,5,Loyal,High,1,0,1,1
Female,0,Yes,No,53,Yes,No,Fiber optic,Yes,No,Yes,Yes,No,No,Two year,No,Credit card,86.17,4497.34,No,84.8554716981132,1.3145283018867957,4,Loyal,High,0,0,1,1
Female,1,Yes,No,37,No,No phone service,No,No internet service,No internet service,No internet service,No internet service,No internet service,No internet service,One year,No,Bank transfer,20.54,696.54,No,18.825405405405405,1.714594594594594,0,Established,Low,1,0,0,0
Male,0,Yes,Yes,71,Yes,No,Fiber optic,Yes,No,Yes,Yes,No,No,Month-to-month,Yes,Credit card,83.24,5874.96,Yes,82.74591549295775,0.4940845070422455,4,Loyal,High,2,0,1,1
Male,0,No,No,14,Yes,No,Fiber optic,No,No,No,Yes,No,No,Two year,No,Electronic check,69.52,953.49,No,68.10642857142857,1.41357142857143,2,Developing,Medium,0,1,1,0
Male,0,Yes,No,34,Yes,No,Fiber optic,No,No,Yes,No,No,No,Month-to-month,No,Bank transfer,80.89,2763.83,No,81.28911764705882,-0.3991176470588158,2,Established,High,2,0,0,0
Female,0,No,Yes,18,Yes,Yes,DSL,Yes,No,Yes,No,No,No,Month-to-month,Yes,Mailed check,59.23,1068.64,No,59.3688888888889,-0.13888888888889994,4,Developing,Medium,2,0,0,1
Male,0,No,No,12,Yes,No,No,No internet service,No internet service,No internet service,No internet service,No internet service,No internet service,One year,No,Bank transfer,27.53,228.05,No,19.004166666666666,8.525833333333335,1,New,Low,1,0,0,0
Female,0,Yes,No,29,Yes,No,No,No internet service,No internet service,No internet service,No internet service,No internet service,No internet service,Month-to-month,Yes,Electronic check,26.61,649.14,No,22.38413793103448,4.225862068965519,1,Established,Low,2,1,0,0
Male,0,Yes,Yes,56,Yes,No,No,No internet service,No internet service,No internet service,No internet service,No internet service,No internet service,Month-to-month,Yes,Credit card,31.93,1779.41,No,31.775178571428572,0.15482142857142733,1,Loyal,Low,2,0,0,0
Male,0,Yes,No,24,Yes,No,No,No internet service,No internet service,No internet service,No internet service,No internet service,No internet service,Two year,Yes,Mailed check,37.1,829.39,No,34.557916666666664,2.5420833333333377,1,Developing,Low,0,0,0,0
Male,0,Yes,No,59,Yes,No,No,No internet service,No internet service,No internet service,No internet service,No internet service,No internet service,Month-to-month,Yes,Bank transfer,25.27,1443.26,No,24.462033898305084,0.807966101694916,1,Loyal,Low,2,0,0,0
Male,0,Yes,No,44,Yes,No,DSL,No,No,No,Yes,Yes,Yes,Month-to-month,Yes,Credit card,65.56,2955.1,No,67.16136363636363,-1.6013636363636294,4,Established,Medium,2,0,1,0
Female,1,No,Yes,51,Yes,No,No,No internet service,No internet service,No internet service,No internet service,No internet service,No internet service,Month-to-month,Yes,Credit card,32.3,1699.79,No,33.32921568627451,-1.0292156862745117,1,Loyal,Low,2,0,0,0
Female,0,Yes,No,18,Yes,No,DSL,Yes,Yes,Yes,No,Yes,No,Month-to-month,No,Electronic check,73.32,1290.53,No,71.69611111111111,1.6238888888888852,5,Developing,High,2,1,0,1
Male,0,Yes,No,63,Yes,No,Fiber optic,No,No,No,No,Yes,Yes,One year,Yes,Mailed check,83.38,5334.27,No,84.67095238095239,-1.2909523809523904,3,Loyal,High,1,0,0,0
Female,0,Yes,No,15,Yes,Yes,Fiber optic,No,No,Yes,No,No,Yes,Two year,No,Bank transfer,88.53,1414.65,No,94.31,-5.780000000000001,4,Developing,High,0,0,0,0
Male,0,Yes,No,27,Yes,Yes,DSL,No,No,No,No,Yes,No,One year,No,Mailed check,65.13,1867.87,No,69.18037037037037,-4.0503703703703735,3,Established,Medium,1,0,0,0
Male,0,Yes,No,57,Yes,No,Fiber optic,No,Yes,No,Yes,Yes,No,Two year,No,Mailed check,79.62,4662.94,No,81.8059649122807,-2.1859649122806957,4,Loyal,High,0,0,1,0
Male,0,No,Yes,50,Yes,No,Fiber optic,Yes,No,No,No,Yes,Yes,Month-to-month,Yes,Bank transfer,92.65,4616.08,No,92.3216,0.328400000000002,4,Loyal,High,2,0,0,1
Female,0,Yes,No,22,Yes,Yes,DSL,Yes,Yes,Yes,No,No,Yes,Month-to-month,Yes,Credit card,71.8,1668.33,Yes,75.83318181818181,-4.033181818181816,6,Developing,High,2,0,0,1
Male,0,No,No,19,Yes,No,Fiber optic,No,Yes,Yes,No,No,No,Month-to-month,No,Electronic check,80.6,1506.95,No,79.31315789473685,1.2868421052631476,3,Developing,High,2,1,0,0
Female,0,No,Yes,32,Yes,No,Fiber optic,Yes,Yes,Yes,Yes,No,No,One year,No,Electronic check,90.25,2985.1,No,93.284375,-3.034374999999997,5,Established,High,1,1,1,1
Female,0,No,Yes,33,Yes,No,Fiber optic,Yes,No,No,No,No,Yes,Month-to-month,Yes,Bank transfer,79.57,2606.85,Yes,78.99545454545455,0.5745454545454436,3,Established,High,2,0,0,1
Female,0,No,No,5,Yes,Yes,Fiber optic,Yes,Yes,No,No,No,No,Month-to-month,No,Bank transfer,88.24,442.71,Yes,88.542,-0.3020000000000067,4,New,High,2,0,0,1
Male,0,Yes,No,18,Yes,Yes,Fiber optic,No,Yes,No,Yes,Yes,Yes,Month-to-month,No,Credit card,99.57,1711.99,No,95.11055555555555,4.459444444444443,6,Developing,High,2,0,1,0
Male,0,No,No,12,Yes,No,Fiber optic,No,No,No,No,No,No,Month-to-month,No,Bank transfer,74.05,807.53,No,67.29416666666667,6.755833333333328,1,New,High,2,0,0,0
Male,0,Yes,Yes,12,Yes,No,Fiber optic,No,No,No,No,Yes,Yes,One year,Yes,Mailed check,80.93,1003.75,No,83.64583333333333,-2.7158333333333218,3,New,High,1,0,0,0
Male,0,No,No,26,No,No phone service,DSL,Yes,No,No,No,No,Yes,Two year,No,Bank transfer,45.81,1268.62,No,48.79307692307692,-2.983076923076915,2,Established,Medium,0,0,0,1
Female,1,Yes,Yes,3,Yes,Yes,Fiber optic,Yes,No,No,No,No,Yes,Month-to-month,Yes,Credit card,89.44,185.56,Yes,61.85333333333333,27.586666666666666,4,New,High,2,0,0,1
Female,0,No,No,49,Yes,Yes,Fiber optic,Yes,Yes,No,No,No,No,Month-to-month,No,Mailed check,86.71,4354.85,No,88.87448979591838,-2.164489795918385,4,Loyal,High,2,0,0,1
Male,0,No,No,49,Yes,No,DSL,Yes,No,Yes,No,No,No,Month-to-month,Yes,Electronic check,62.04,3137.04,No,64.02122448979591,-1.9812244897959133,3,Loyal,Medium,2,1,0,1
Female,0,No,No,16,Yes,No,No,No internet service,No internet service,No internet service,No internet service,No internet service,No internet service,Month-to-month,Yes,Bank transfer,27.9,478.21,No,29.888125,-1.9881250000000001,1,Developing,Low,2,0,0,0
Female,0,Yes,No,64,Yes,Yes,DSL,No,Yes,Yes,No,Yes,No,Month-to-month,No,Electronic check,69.99,4555.35,No,71.17734375,-1.1873437500000108,5,Loyal,Medium,2,1,0,0
Male,0,No,No,43,Yes,No,No,No internet service,No internet service,No internet service,No internet service,No internet service,No internet service,One year,No,Credit card,23.16,953.84,No,22.18232558139535,0.97767441860465,1,Established,Low,1,0,0,0
Male,0,No,No,23,Yes,Yes,DSL,No,Yes,No,No,Yes,No,Month-to-month,No,Electronic check,65.77,1399.16,No,60.833043478260876,4.93695652173912,4,Developing,Medium,2,1,0,0
Female,0,Yes,No,14,Yes,Yes,Fiber optic,Yes,No,Yes,No,No,Yes,One year,No,Mailed check,89.43,1210.18,No,86.44142857142857,2.988571428571433,5,Developing,High,1,0,0,1
Male,0,Yes,No,31,No,No phone service,DSL,No,No,Yes,Yes,Yes,No,Two year,No,Credit card,54.25,1776.88,No,57.318709677419356,-3.0687096774193563,3,Established,Medium,0,0,1,0
Female,0,Yes,No,70,No,No phone service,No,No internet service,No internet service,No internet service,No internet service,No internet service,No internet service,Month-to-month,Yes,Electronic check,18.0,1361.06,No,19.443714285714286,-1.443714285714286,0,Loyal,Low,2,1,0,0
Female,0,Yes,No,1,Yes,Yes,No,No internet service,No internet service,No internet service,No internet service,No internet service,No internet service,One year,Yes,Electronic check,37.06,18.0,No,18.0,19.060000000000002,2,New,Low,1,1,0,0
Female,0,No,No,2,No,No phone service,DSL,Yes,No,Yes,No,No,No,One year,Yes,Electronic check,47.56,18.0,No,9.0,38.56,2,New,Medium,1,1,0,1
Male,0,Yes,No,30,Yes,Yes,DSL,Yes,No,No,No,Yes,Yes,Month-to-month,No,Credit card,76.6,2226.72,No,74.22399999999999,2.3760000000000048,5,Established,High,2,0,0,1
Female,0,No,Yes,67,Yes,No,Fiber optic,No,No,No,Yes,No,Yes,Month-to-month,Yes,Credit card,77.98,5069.6,No,75.66567164179105,2.3143283582089538,3,Loyal,High,2,0,1,0
Female,0,No,No,21,Yes,No,DSL,No,No,Yes,Yes,No,Yes,Month-to-month,Yes,Mailed check,63.15,1277.3,No,60.82380952380952,2.326190476190476,4,Developing,Medium,2,0,1,0
Male,1,No,Yes,54,Yes,No,DSL,No,No,No,Yes,No,Yes,Month-to-month,No,Bank transfer,58.49,3197.0,No,59.2037037037037,-0.7137037037037004,3,Loyal,Medium,2,0,1,0
Male,0,No,No,42,Yes,No,No,No internet service,No internet service,No internet service,No internet service,No internet service,No internet service,Month-to-month,Yes,Bank transfer,27.39,909.94,No,21.665238095238095,5.724761904761905,1,Established,Low,2,0,0,0
Male,0,No,No,15,Yes,No,Fiber optic,Yes,No,No,No,No,Yes,Month-to-month,Yes,Electronic check,86.31,1288.59,Yes,85.90599999999999,0.4040000000000106,3,Developing,High,2,1,0,1
Male,1,Yes,Yes,66,Yes,Yes,DSL,No,No,No,No,No,Yes,Two year,No,Electronic check,59.68,4052.22,No,61.39727272727272,-1.7172727272727215,3,Loyal,Medium,0,1,0,0
Male,0,Yes,No,12,Yes,No,Fiber optic,Yes,No,Yes,No,Yes,No,Two year,Yes,Credit card,82.78,1066.26,No,88.855,-6.075000000000003,4,New,High,0,0,0,1
Male,0,No,No,37,Yes,No,DSL,Yes,Yes,No,No,Yes,No,One year,No,Electronic check,64.56,2420.54,No,65.42,-0.8599999999999994,4,Established,Medium,1,1,0,1
Male,0,No,No,48,Yes,No,No,No internet service,No internet service,No internet service,No internet service,No internet service,No internet service,One year,Yes,Mailed check,35.11,1693.92,No,35.29,-0.17999999999999972,1,Established,Low,1,0,0,0
Male,0,Yes,No,49,Yes,No,DSL,No,Yes,No,No,No,No,Two year,Yes,Electronic check,48.22,2453.46,No,50.07061224489796,-1.8506122448979596,2,Loyal,Medium,0,1,0,0
Female,0,No,No,62,Yes,No,Fiber optic,No,No,No,Yes,No,Yes,Month-to-month,No,Mailed check,81.67,5103.89,No,82.32080645161291,-0.6508064516129082,3,Loyal,High,2,0,1,0
Female,0,No,No,51,Yes,No,DSL,No,No,No,No,No,Yes,Month-to-month,Yes,Electronic check,53.76,2719.84,No,53.33019607843138,0.42980392156862024,2,Loyal,Medium,2,1,0,0
Male,0,Yes,No,48,Yes,No,No,No internet service,No internet service,No internet service,No internet service,No internet service,No internet service,One year,No,Electronic check,31.71,1596.94,No,33.26958333333334,-1.559583333333336,1,Established,Low,1,1,0,0
Female,0,No,No,11,Yes,No,DSL,No,Yes,No,No,Yes,No,Two year,No,Electronic check,60.95,561.3,No,51.027272727272724,9.922727272727279,3,New,Medium,0,1,0,0
Male,0,No,No,23,Yes,No,Fiber optic,No,No,No,No,Yes,Yes,One year,Yes,Credit card,84.44,2005.58,Yes,87.1991304347826,-2.7591304347826053,3,Developing,High,1,0,0,0
Female,0,Yes,Yes,25,Yes,Yes,Fiber optic,Yes,Yes,No,Yes,Yes,No,Month-to-month,Yes,Electronic check,97.28,2475.84,No,99.0336,-1.7536000000000058,6,Established,High,2,1,1,1
Male,0,Yes,No,27,Yes,No,No,No internet service,No internet service,No internet service,No internet service,No internet service,No internet service,One year,No,Mailed check,26.07,719.92,No,26.663703703703703,-0.593703703703703,1,Established,Low,1,0,0,0
Female,1,Yes,No,9,Yes,Yes,DSL,No,No,No,No,No,Yes,Month-to-month,No,Mailed check,61.88,564.43,Yes,62.71444444444444,-0.8344444444444363,3,New,Medium,2,0,0,0
Male,0,No,No,7,Yes,No,No,No internet service,No internet service,No internet service,No internet service,No internet service,No internet service,Month-to-month,Yes,Electronic check,25.11,310.36,Yes,44.33714285714286,-19.22714285714286,1,New,Low,2,1,0,0
Female,1,Yes,No,32,Yes,No,No,No internet service,No internet service,No internet service,No internet service,No internet service,No internet service,Month-to-month,No,Credit card,22.44,804.72,No,25.1475,-2.7074999999999996,1,Established,Low,2,0,0,0
Female,0,No,No,53,Yes,Yes,DSL,No,No,Yes,No,No,Yes,One year,No,Electronic check,64.06,3504.99,No,66.13188679245283,-2.0718867924528297,4,Loyal,Medium,1,1,0,0
Female,0,No,No,64,No,No phone service,DSL,No,No,Yes,Yes,Yes,Yes,Month-to-month,Yes,Bank transfer,59.9,3872.62,Yes,60.5096875,-0.6096874999999997,4,Loyal,Medium,2,0,1,0
Male,0,No,Yes,68,Yes,Yes,No,No internet service,No internet service,No internet service,No internet service,No internet service,No internet service,Month-to-month,Yes,Mailed check,33.45,2366.49,No,34.80132352941176,-1.3513235294117578,2,Loyal,Low,2,0,0,0
Female,0,Yes,No,35,Yes,No,Fiber optic,No,Yes,No,No,No,Yes,One year,No,Credit card,84.11,2979.83,No,85.13799999999999,-1.0279999999999916,3,Established,High,1,0,0,0
Male,0,Yes,No,65,Yes,Yes,No,No internet service,No internet service,No internet service,No internet service,No internet service,No internet service,Month-to-month,Yes,Credit card,35.35,2286.34,No,35.17446153846154,0.17553846153845853,2,Loyal,Low,2,0,0,0
Female,1,Yes,Yes,33,Yes,No,No,No internet service,No internet service,No internet service,No internet service,No internet service,No internet service,Two year,Yes,Electronic check,27.05,955.82,No,28.964242424242425,-1.914242424242424,1,Established,Low,0,1,0,0
Female,0,Yes,No,35,Yes,No,DSL,Yes,No,No,No,No,Yes,Month-to-month,Yes,Bank transfer,53.23,1841.89,No,52.62542857142857,0.6045714285714254,3,Established,Medium,2,0,0,1
Male,0,Yes,No,16,No,No phone service,DSL,Yes,No,Yes,No,No,No,One year,Yes,Credit card,46.37,836.33,No,52.270625,-5.900625000000005,2,Developing,Medium,1,0,0,1
Female,0,Yes,Yes,46,Yes,Yes,Fiber optic,No,No,Yes,No,No,Yes,Month-to-month,Yes,Credit card,82.51,3698.76,No,80.40782608695653,2.1021739130434725,4,Established,High,2,0,0,0
Female,0,Yes,No,23,Yes,Yes,Fiber optic,No,No,Yes,Yes,Yes,No,Two year,No,Credit card,90.88,2070.6,No,90.02608695652174,0.8539130434782578,5,Developing,High,0,0,1,0
Male,0,No,Yes,35,Yes,No,Fiber optic,No,No,No,No,No,Yes,Two year,No,Bank transfer,73.76,2527.5,No,72.21428571428571,1.545714285714297,2,Established,High,0,0,0,0
Male,1,Yes,No,68,No,No phone service,Fiber optic,Yes,Yes,Yes,No,No,No,Month-to-month,No,Mailed check,77.03,5425.26,No,79.78323529411765,-2.753235294117644,3,Loyal,High,2,0,0,1
Male,0,Yes,No,40,Yes,Yes,Fiber optic,Yes,No,Yes,Yes,No,No,One year,Yes,Electronic check,92.22,3636.98,No,90.9245,1.295500000000004,5,Established,High,1,1,1,1
Female,0,No,No,22,Yes,No,No,No internet service,No internet service,No internet service,No internet service,No internet service,No internet service,One year,No,Credit card,26.98,589.51,No,26.795909090909092,0.18409090909090864,1,Developing,Low,1,0,0,0
Male,0,No,No,49,Yes,Yes,DSL,No,Yes,No,No,No,Yes,Month-to-month,Yes,Credit card,60.43,2796.46,No,57.07061224489796,3.3593877551020412,4,Loyal,Medium,2,0,0,0
Female,0,No,No,53,Yes,Yes,Fiber optic,Yes,Yes,No,Yes,No,Yes,One year,Yes,Electronic check,92.1,5018.79,No,94.69415094339622,-2.5941509433962295,6,Loyal,High,1,1,1,1
Male,1,No,No,44,Yes,No,DSL,Yes,No,Yes,No,No,No,Two year,Yes,Mailed check,61.39,2636.73,Yes,59.92568181818182,1.4643181818181787,3,Established,Medium,0,0,0,1
Male,1,Yes,No,4,No,No phone service,DSL,Yes,No,Yes,Yes,No,Yes,Month-to-month,Yes,Electronic check,56.61,347.08,No,86.77,-30.159999999999997,4,New,Medium,2,1,1,1
Female,0,No,No,17,Yes,No,DSL,No,No,Yes,Yes,Yes,Yes,Two year,Yes,Electronic check,68.84,1087.25,No,63.955882352941174,4.8841176470588294,5,Developing,Medium,0,1,1,0
Female,1,No,No,10,Yes,Yes,No,No internet service,No internet service,No internet service,No internet service,No internet service,No internet service,Month-to-month,No,Mailed check,33.07,253.25,Yes,25.325,7.745000000000001,2,New,Low,2,0,0,0
Female,0,No,Yes,69,Yes,Yes,Fiber optic,No,Yes,Yes,No,Yes,No,Two year,Yes,Electronic check,97.44,6790.29,No,98.41,-0.9699999999999989,5,Loyal,High,0,1,0,0
Female,0,No,No,23,Yes,Yes,DSL,No,Yes,Yes,No,Yes,Yes,Two year,No,Bank transfer,78.16,1674.4,No,72.8,5.359999999999999,6,Developing,High,0,0,0,0
Female,0,Yes,No,35,Yes,Yes,Fiber optic,Yes,Yes,Yes,Yes,No,No,Month-to-month,Yes,Electronic check,94.13,3329.37,No,95.12485714285714,-0.9948571428571427,6,Established,High,2,1,1,1
Male,0,Yes,Yes,65,Yes,Yes,Fiber optic,No,Yes,No,No,No,Yes,Month-to-month,Yes,Bank transfer,91.06,5858.39,No,90.12907692307692,0.9309230769230794,4,Loyal,High,2,0,0,0
Female,0,No,Yes,72,Yes,No,Fiber optic,No,No,Yes,No,Yes,No,One year,No,Bank transfer,76.59,5687.58,No,78.99416666666667,-2.4041666666666686,3,Loyal,High,1,0,0,0
Female,0,Yes,Yes,16,Yes,No,DSL,No,No,No,No,Yes,Yes,Two year,No,Bank transfer,59.6,1098.46,No,68.65375,-9.05375,3,Developing,Medium,0,0,0,0
Male,0,Yes,Yes,62,Yes,No,DSL,No,Yes,No,No,No,No,Month-to-month,Yes,Electronic check,38.99,2519.29,No,40.633709677419354,-1.643709677419352,2,Loyal,Low,2,1,0,0
Female,1,Yes,No,53,Yes,No,DSL,Yes,No,No,Yes,No,No,Month-to-month,Yes,Electronic check,57.25,3221.27,No,60.778679245283016,-3.5286792452830156,3,Loyal,Medium,2,1,1,1
Male,1,Yes,No,45,Yes,Yes,Fiber optic,No,No,Yes,No,No,Yes,One year,No,Bank transfer,87.3,3879.47,No,86.21044444444443,1.0895555555555632,4,Established,High,1,0,0,0
Male,0,Yes,No,13,Yes,No,DSL,Yes,Yes,No,No,No,No,Month-to-month,Yes,Bank transfer,55.09,779.24,No,59.941538461538464,-4.8515384615384605,3,Developing,Medium,2,0,0,1
Male,0,Yes,Yes,50,Yes,No,Fiber optic,No,No,No,No,No,Yes,One year,No,Mailed check,81.83,4016.54,No,80.3308,1.4992000000000019,2,Loyal,High,1,0,0,0
Female,0,No,No,45,Yes,Yes,No,No internet service,No internet service,No internet service,No internet service,No internet service,No internet service,One year,No,Mailed check,32.0,1510.63,No,33.56955555555556,-1.56955555555556,2,Established,Low,1,0,0,0
Female,0,Yes,No,33,No,No phone service,DSL,No,Yes,Yes,Yes,No,Yes,Two year,No,Credit card,57.17,1914.55,No,58.016666666666666,-0.846666666666664,4,Established,Medium,0,0,1,0
Male,0,Yes,No,43,Yes,Yes,DSL,Yes,No,No,No,Yes,No,Month-to-month,Yes,Electronic check,59.04,2440.68,No,56.76,2.280000000000001,4,Established,Medium,2,1,0,1
Male,0,Yes,Yes,16,Yes,No,No,No internet service,No internet service,No internet service,No internet service,No internet service,No internet service,Two year,Yes,Electronic check,28.19,447.04,No,27.94,0.25,1,Developing,Low,0,1,0,0
Female,0,No,No,45,No,No phone service,Fiber optic,Yes,Yes,No,No,No,No,One year,Yes,Credit card,71.73,3236.22,No,71.916,-0.18599999999999284,2,Established,High,1,0,0,1
Male,0,No,Yes,12,Yes,No,Fiber optic,Yes,Yes,No,No,No,Yes,Two year,Yes,Credit card,89.91,1084.78,No,90.39833333333333,-0.48833333333332973,4,New,High,0,0,0,1
Male,0,No,No,21,No,No phone service,No,No internet service,No internet service,No internet service,No internet service,No internet service,No internet service,Month-to-month,No,Electronic check,19.86,561.01,No,26.714761904761904,-6.854761904761904,0,Developing,Low,2,1,0,0
Female,0,No,No,36,Yes,No,Fiber optic,No,No,Yes,Yes,No,Yes,One year,Yes,Credit card,88.34,3095.33,No,85.98138888888889,2.3586111111111165,4,Established,High,1,0,1,0
Male,1,No,No,12,Yes,No,Fiber optic,No,Yes,No,Yes,Yes,No,Two year,Yes,Electronic check,89.08,1015.19,No,84.59916666666668,4.480833333333322,4,New,High,0,1,1,0
Female,0,No,Yes,66,Yes,Yes,Fiber optic,No,Yes,Yes,No,No,Yes,One year,Yes,Credit card,95.45,6062.54,No,91.85666666666667,3.5933333333333337,5,Loyal,High,1,0,0,0
Male,0,No,Yes,64,Yes,No,No,No internet service,No internet service,No internet service,No internet service,No internet service,No internet service,Month-to-month,Yes,Bank transfer,27.47,1812.19,No,28.31546875,-0.845468750000002,1,Loyal,Low,2,0,0,0
Male,0,Yes,No,35,Yes,No,Fiber optic,Yes,No,No,No,No,Yes,Month-to-month,No,Mailed check,84.15,3010.9,No,86.02571428571429,-1.875714285714281,3,Established,High,2,0,0,1
Male,0,No,No,41,Yes,No,DSL,Yes,No,Yes,No,Yes,No,Month-to-month,Yes,Credit card,65.58,2759.39,No,67.30219512195121,-1.7221951219512164,4,Established,Medium,2,0,0,1
Female,0,Yes,No,21,Yes,Yes,Fiber optic,No,No,Yes,Yes,No,No,Month-to-month,No,Credit card,91.01,1908.26,No,90.86952380952381,0.14047619047619264,4,Developing,High,2,0,1,0
Female,0,No,No,16,Yes,Yes,DSL,No,No,No,Yes,No,Yes,One year,No,Electronic check,74.12,1126.92,No,70.4325,3.6875,4,Developing,High,1,1,1,0
Male,0,Yes,Yes,70,Yes,No,Fiber optic,No,Yes,Yes,No,No,No,Two year,No,Bank transfer,76.0,5224.49,No,74.63557142857142,1.3644285714285758,3,Loyal,High,0,0,0,0
Male,0,Yes,No,30,Yes,No,DSL,Yes,No,Yes,No,Yes,No,One year,No,Bank transfer,65.07,1997.27,No,66.57566666666666,-1.50566666666667,4,Established,Medium,1,0,0,1
Male,0,Yes,No,69,Yes,Yes,Fiber optic,No,No,No,No,No,No,Month-to-month,No,Mailed check,76.94,5242.92,Yes,75.98434782608696,0.9556521739130375,2,Loyal,High,2,0,0,0
Female,0,No,No,5,Yes,Yes,Fiber optic,No,No,No,No,Yes,Yes,Month-to-month,Yes,Electronic check,91.8,325.13,Yes,65.026,26.774,4,New,High,2,1,0,0
Female,0,No,No,8,Yes,Yes,Fiber optic,No,Yes,No,No,No,No,Month-to-month,No,Electronic check,85.03,763.27,Yes,95.40875,-10.378749999999997,3,New,High,2,1,0,0
Male,0,Yes,No,35,Yes,No,Fiber optic,No,No,No,No,No,No,Month-to-month,Yes,Credit card,70.89,2451.92,No,70.05485714285714,0.8351428571428556,1,Established,High,2,0,0,0
Female,0,Yes,No,57,Yes,Yes,DSL,No,No,Yes,No,No,No,Two year,No,Mailed check,53.74,3076.76,No,53.97824561403509,-0.23824561403508682,3,Loyal,Medium,0,0,0,0
Male,0,Yes,Yes,31,Yes,Yes,DSL,No,Yes,No,Yes,No,No,Month-to-month,Yes,Mailed check,60.91,1616.99,No,52.16096774193549,8.74903225806451,4,Established,Medium,2,0,1,0
Female,0,No,No,61,Yes,No,Fiber optic,No,No,Yes,No,Yes,Yes,Month-to-month,Yes,Bank transfer,91.29,5565.3,No,91.2344262295082,0.05557377049180445,4,Loyal,High,2,0,0,0
Female,0,Yes,Yes,10,Yes,Yes,Fiber optic,No,Yes,Yes,Yes,Yes,No,One year,No,Electronic check,95.9,940.15,No,94.015,1.8850000000000051,6,New,High,1,1,1,0
Female,0,Yes,No,62,Yes,No,No,No internet service,No internet service,No internet service,No internet service,No internet service,No internet service,Month-to-month,No,Electronic check,23.59,1611.34,No,25.989354838709676,-2.3993548387096766,1,Loyal,Low,2,1,0,0
Male,0,No,No,32,Yes,No,Fiber optic,Yes,No,Yes,Yes,Yes,No,Month-to-month,No,Electronic check,90.79,2885.49,No,90.1715625,0.6184375000000131,5,Established,High,2,1,1,1
Male,0,No,Yes,21,Yes,No,Fiber optic,Yes,No,No,Yes,Yes,No,Month-to-month,No,Electronic check,81.22,1463.2,No,69.67619047619048,11.543809523809514,4,Developing,High,2,1,1,1
Female,0,No,Yes,47,Yes,No,No,No internet service,No internet service,No internet service,No internet service,No internet service,No internet service,Month-to-month,No,Credit card,24.95,1153.43,No,24.541063829787234,0.4089361702127654,1,Established,Low,2,0,0,0
Female,0,No,No,57,Yes,Yes,Fiber optic,No,Yes,No,No,Yes,Yes,Month-to-month,No,Electronic check,103.76,5914.9,No,103.77017543859648,-0.010175438596476738,5,Loyal,Very High,2,1,0,0
Male,0,No,Yes,67,Yes,Yes,DSL,No,Yes,No,Yes,No,No,Month-to-month,Yes,Electronic check,60.81,4179.5,No,62.38059701492537,-1.5705970149253687,4,Loyal,Medium,2,1,1,0
Female,1,Yes,No,7,Yes,No,Fiber optic,No,Yes,No,No,No,No,One year,Yes,Mailed check,76.53,531.81,No,75.97285714285714,0.557142857142864,2,New,High,1,0,0,0
Male,1,Yes,Yes,51,Yes,No,No,No internet service,No internet service,No internet service,No internet service,No internet service,No internet service,Month-to-month,No,Credit card,24.7,1224.2,No,24.00392156862745,0.6960784313725483,1,Loyal,Low,2,0,0,0
Female,0,No,No,23,Yes,No,Fiber optic,No,No,Yes,Yes,Yes,No,Month-to-month,Yes,Electronic check,89.52,2046.86,No,88.99391304347826,0.5260869565217376,4,Developing,High,2,1,1,0
Female,0,Yes,No,37,Yes,No,DSL,No,Yes,No,No,No,Yes,One year,Yes,Electronic check,56.95,2342.89,No,63.321351351351346,-6.371351351351343,3,Established,Medium,1,1,0,0
Female,0,No,Yes,34,Yes,No,Fiber optic,No,No,No,Yes,No,Yes,Month-to-month,No,Bank transfer,85.16,2937.38,No,86.3935294117647,-1.2335294117647067,3,Established,High,2,0,1,0
Male,0,Yes,No,56,Yes,Yes,DSL,No,No,No,No,No,No,Month-to-month,No,Mailed check,51.71,2871.57,No,51.278035714285714,0.4319642857142867,2,Loyal,Medium,2,0,0,0
Female,0,Yes,Yes,29,Yes,Yes,Fiber optic,Yes,No,No,Yes,Yes,No,Month-to-month,Yes,Bank transfer,92.13,2756.04,No,95.03586206896551,-2.9058620689655186,5,Established,High,2,0,1,1
Male,0,Yes,No,21,Yes,No,No,No internet service,No internet service,No internet service,No internet service,No internet service,No internet service,Month-to-month,Yes,Electronic check,27.39,479.67,No,22.841428571428573,4.548571428571428,1,Developing,Low,2,1,0,0
Female,0,No,No,36,Yes,No,No,No internet service,No internet service,No internet service,No internet service,No internet service,No internet service,Month-to-month,Yes,Credit card,28.02,945.51,No,26.264166666666668,1.7558333333333316,1,Established,Low,2,0,0,0
Female,0,No,Yes,49,Yes,Yes,Fiber optic,No,Yes,No,Yes,No,Yes,Two year,No,Bank transfer,94.91,4604.49,No,93.96918367346939,0.9408163265306086,5,Loyal,High,0,0,1,0
Male,0,Yes,Yes,61,Yes,Yes,No,No internet service,No internet service,No internet service,No internet service,No internet service,No internet service,Month-to-month,Yes,Credit card,32.22,1816.25,No,29.774590163934427,2.445409836065572,2,Loyal,Low,2,0,0,0
Male,0,Yes,No,1,No,No phone service,No,No internet service,No internet service,No internet service,No internet service,No internet service,No internet service,Month-to-month,Yes,Credit card,18.0,101.0,No,101.0,-83.0,0,New,Low,2,0,0,0
Female,1,Yes,No,41,Yes,No,No,No internet service,No internet service,No internet service,No internet service,No internet service,No internet service,Month-to-month,Yes,Bank transfer,22.35,849.47,No,20.718780487804878,1.6312195121951234,1,Established,Low,2,0,0,0
Female,0,Yes,No,6,Yes,Yes,No,No internet service,No internet service,No internet service,No internet service,No internet service,No internet service,Month-to-month,No,Electronic check,32.65,206.38,No,34.39666666666667,-1.7466666666666697,2,New,Low,2,1,0,0
Female,0,Yes,No,45,No,No phone service,No,No internet service,No internet service,No internet service,No internet service,No internet service,No internet service,One year,Yes,Bank transfer,18.0,761.59,No,16.924222222222223,1.0757777777777768,0,Established,Low,1,0,0,0
Male,1,No,No,45,Yes,Yes,DSL,No,No,Yes,No,No,No,One year,No,Mailed check,52.88,2407.17,No,53.492666666666665,-0.6126666666666623,3,Established,Medium,1,0,0,0
Female,0,Yes,Yes,62,Yes,No,DSL,No,No,No,No,No,Yes,Two year,Yes,Electronic check,52.03,3387.57,No,54.638225806451615,-2.608225806451614,2,Loyal,Medium,0,1,0,0
Female,0,Yes,Yes,14,No,No phone service,DSL,No,Yes,No,Yes,No,No,Month-to-month,Yes,Electronic check,50.34,674.33,No,48.166428571428575,2.173571428571428,2,Developing,Medium,2,1,1,0
Female,0,Yes,No,58,Yes,No,Fiber optic,No,No,No,No,No,Yes,Month-to-month,Yes,Electronic check,75.65,4346.6,No,74.94137931034483,0.7086206896551772,2,Loyal,High,2,1,0,0
Male,0,Yes,No,50,Yes,Yes,No,No internet service,No internet service,No internet service,No internet service,No internet service,No internet service,One year,Yes,Credit card,42.97,2040.92,No,40.818400000000004,2.151599999999995,2,Loyal,Medium,1,0,0,0
Female,0,Yes,Yes,48,Yes,Yes,No,No internet service,No internet service,No internet service,No internet service,No internet service,No internet service,Month-to-month,Yes,Credit card,36.21,1713.24,No,35.6925,0.5174999999999983,2,Established,Low,2,0,0,0
Male,0,No,Yes,46,Yes,Yes,No,No internet service,No internet service,No internet service,No internet service,No internet service,No internet service,Month-to-month,Yes,Bank transfer,35.81,1484.79,No,32.27804347826087,3.531956521739133,2,Established,Low,2,0,0,0
Female,0,No,No,40,Yes,No,No,No internet service,No internet service,No internet service,No internet service,No internet service,No internet service,Month-to-month,Yes,Bank transfer,23.47,1062.56,No,26.564,-3.094000000000001,1,Established,Low,2,0,0,0
Female,0,No,No,5,Yes,No,Fiber optic,No,No,No,No,No,No,Month-to-month,Yes,Bank transfer,72.33,305.48,Yes,61.096000000000004,11.233999999999995,1,New,High,2,0,0,0
Female,1,Yes,No,59,Yes,Yes,Fiber optic,Yes,Yes,No,No,No,No,Two year,No,Credit card,89.31,5187.95,No,87.93135593220339,1.378644067796614,4,Loyal,High,0,0,0,1
Female,0,No,No,29,Yes,Yes,Fiber optic,No,No,No,No,Yes,No,Two year,Yes,Electronic check,80.21,2309.88,Yes,79.65103448275862,0.5589655172413757,3,Established,High,0,1,0,0
Female,0,No,No,8,Yes,No,DSL,Yes,No,No,No,No,Yes,One year,No,Electronic check,58.16,520.04,No,65.005,-6.844999999999999,3,New,Medium,1,1,0,1
Male,0,No,No,45,Yes,Yes,Fiber optic,No,Yes,No,Yes,No,No,Month-to-month,No,Bank transfer,93.12,4168.38,No,92.63066666666667,0.4893333333333345,4,Established,High,2,0,1,0
Female,0,No,No,69,Yes,No,Fiber optic,No,Yes,Yes,No,No,No,One year,Yes,Credit card,81.04,5686.65,No,82.41521739130434,-1.3752173913043322,3,Loyal,High,1,0,0,0
Male,0,Yes,No,52,No,No phone service,DSL,Yes,Yes,No,Yes,No,Yes,One year,Yes,Credit card,63.4,3257.46,No,62.64346153846154,0.7565384615384616,4,Loyal,Medium,1,0,1,1
Female,0,No,No,18,Yes,No,Fiber optic,No,Yes,No,No,Yes,No,One year,No,Credit card,80.65,1383.7,No,76.87222222222222,3.7777777777777857,3,Developing,High,1,0,0,0
Female,1,No,No,59,Yes,No,Fiber optic,No,No,Yes,No,Yes,No,Month-to-month,Yes,Bank transfer,74.98,4418.17,No,74.8842372881356,0.09576271186440977,3,Loyal,High,2,0,0,0
Female,0,No,Yes,61,Yes,No,Fiber optic,No,No,Yes,No,No,No,Two year,Yes,Electronic check,76.92,4677.79,No,76.68508196721311,0.2349180327868936,2,Loyal,High,0,1,0,0
Female,0,No,Yes,24,Yes,No,No,No internet service,No internet service,No internet service,No internet service,No internet service,No internet service,Month-to-month,Yes,Electronic check,27.37,735.49,No,30.645416666666666,-3.275416666666665,1,Developing,Low,2,1,0,0
Male,0,No,Yes,38,Yes,Yes,DSL,No,Yes,No,No,Yes,Yes,One year,Yes,Mailed check,72.97,2842.27,No,74.79657894736842,-1.826578947368418,5,Established,High,1,0,0,0
Female,0,Yes,Yes,61,Yes,Yes,No,No internet service,No internet service,No internet service,No internet service,No internet service,No internet service,One year,Yes,Bank transfer,35.19,2105.6,No,34.51803278688524,0.6719672131147547,2,Loyal,Low,1,0,0,0
Male,0,No,Yes,12,Yes,No,DSL,No,Yes,No,No,Yes,No,Two year,Yes,Mailed check,54.86,523.12,No,43.593333333333334,11.266666666666666,3,New,Medium,0,0,0,0
Male,0,No,No,26,Yes,Yes,Fiber optic,Yes,Yes,Yes,No,Yes,No,Two year,Yes,Electronic check,99.25,2630.71,No,101.18115384615385,-1.9311538461538476,6,Established,High,0,1,0,1
Male,0,No,No,33,Yes,Yes,Fiber optic,No,No,Yes,No,Yes,Yes,Month-to-month,No,Mailed check,93.46,2978.6,Yes,90.26060606060605,3.199393939393943,5,Established,High,2,0,0,0
Female,0,No,No,1,Yes,No,No,No internet service,No internet service,No internet service,No internet service,No internet service,No internet service,One year,No,Credit card,23.88,18.0,No,18.0,5.879999999999999,1,New,Low,1,0,0,0
Female,0,Yes,No,13,Yes,Yes,No,No internet service,No internet service,No internet service,No internet service,No internet service,No internet service,Month-to-month,No,Electronic check,38.13,538.25,Yes,41.40384615384615,-3.2738461538461507,2,Developing,Low,2,1,0,0
Male,0,Yes,No,44,Yes,No,DSL,Yes,No,No,No,Yes,No,One year,Yes,Bank transfer,54.62,2559.65,No,58.17386363636364,-3.553863636363644,3,Established,Medium,1,0,0,1
Female,0,Yes,No,19,Yes,Yes,Fiber optic,Yes,No,No,No,No,Yes,Month-to-month,Yes,Electronic check,88.41,1867.61,Yes,98.29526315789474,-9.885263157894741,4,Developing,High,2,1,0,1
Female,1,No,Yes,18,Yes,Yes,No,No internet service,No internet service,No internet service,No internet service,No internet service,No internet service,Month-to-month,No,Mailed check,31.45,601.44,No,33.413333333333334,-1.9633333333333347,2,Developing,Low,2,0,0,0
Male,0,No,Yes,22,Yes,Yes,No,No internet service,No internet service,No internet service,No internet service,No internet service,No internet service,Two year,No,Bank transfer,40.78,726.39,No,33.01772727272727,7.76227272727273,2,Developing,Medium,0,0,0,0
Male,1,No,Yes,9,Yes,Yes,DSL,No,Yes,No,No,Yes,No,Two year,Yes,Electronic check,66.96,506.07,No,56.23,10.729999999999997,4,New,Medium,0,1,0,0
Male,0,No,No,46,Yes,Yes,DSL,No,Yes,No,No,No,No,Month-to-month,Yes,Bank transfer,54.02,2470.74,No,53.71173913043478,0.308260869565224,3,Established,Medium,2,0,0,0
Female,0,No,Yes,19,Yes,No,Fiber optic,Yes,No,Yes,No,No,No,Month-to-month,No,Bank transfer,80.02,1489.62,No,78.40105263157893,1.6189473684210611,3,Developing,High,2,0,0,1
Male,0,Yes,No,47,Yes,No,No,No internet service,No internet service,No internet service,No internet service,No internet service,No internet service,Month-to-month,No,Electronic check,28.1,1330.28,No,28.303829787234044,-0.20382978723404221,1,Established,Low,2,1,0,0
Female,0,No,No,60,Yes,Yes,DSL,Yes,No,No,No,No,Yes,Month-to-month,No,Credit card,65.43,3936.83,No,65.61383333333333,-0.1838333333333253,4,Loyal,Medium,2,0,0,1
Male,0,No,No,35,Yes,Yes,Fiber optic,Yes,Yes,Yes,No,No,Yes,Month-to-month,No,Bank transfer,96.53,3276.08,Yes,93.60228571428571,2.9277142857142877,6,Established,High,2,0,0,1
Male,0,No,No,66,Yes,No,No,No internet service,No internet service,No internet service,No internet service,No internet service,No internet service,Two year,Yes,Mailed check,25.31,1721.83,No,26.08833333333333,-0.7783333333333324,1,Loyal,Low,0,0,0,0
Male,1,No,No,15,Yes,Yes,Fiber optic,No,No,No,No,No,Yes,Month-to-month,No,Electronic check,89.92,1270.03,Yes,84.66866666666667,5.251333333333335,3,Developing,High,2,1,0,0
Male,0,No,No,70,Yes,Yes,Fiber optic,No,Yes,No,Yes,Yes,No,Month-to-month,Yes,Mailed check,90.41,6342.28,No,90.604,-0.19400000000000261,5,Loyal,High,2,0,1,0
Female,0,Yes,No,24,Yes,No,No,No internet service,No internet service,No internet service,No internet service,No internet service,No internet service,One year,Yes,Electronic check,23.83,727.31,No,30.30458333333333,-6.474583333333332,1,Developing,Low,1,1,0,0
Female,0,No,Yes,22,Yes,No,Fiber optic,No,No,No,No,No,No,Month-to-month,Yes,Electronic check,62.7,1294.15,No,58.825,3.875,1,Developing,Medium,2,1,0,0
Female,0,No,No,71,Yes,Yes,DSL,Yes,Yes,No,No,No,Yes,Month-to-month,No,Bank transfer,68.99,4910.97,No,69.16859154929578,-0.17859154929578835,5,Loyal,Medium,2,0,0,1
Female,0,Yes,No,33,Yes,No,DSL,No,Yes,Yes,No,No,No,Month-to-month,Yes,Credit card,50.84,1643.47,No,49.802121212121214,1.037878787878789,3,Established,Medium,2,0,0,0
Male,0,Yes,Yes,54,Yes,Yes,Fiber optic,Yes,Yes,No,No,Yes,No,Month-to-month,Yes,Electronic check,102.79,5464.43,No,101.19314814814815,1.5968518518518522,5,Loyal,Very High,2,1,0,1
Female,0,Yes,No,58,Yes,No,DSL,No,Yes,No,No,No,No,Month-to-month,No,Bank transfer,45.55,2652.17,No,45.72706896551724,-0.17706896551724327,2,Loyal,Medium,2,0,0,0
Male,0,Yes,No,33,Yes,Yes,DSL,No,Yes,Yes,No,Yes,Yes,One year,Yes,Bank transfer,73.92,2373.53,No,71.92515151515153,1.9948484848484753,6,Established,High,1,0,0,0
Female,0,No,No,23,Yes,No,DSL,No,Yes,No,No,No,No,Month-to-month,Yes,Bank transfer,59.69,1440.06,No,62.611304347826085,-2.921304347826087,2,Developing,Medium,2,0,0,0
Female,0,Yes,No,36,Yes,No,Fiber optic,No,Yes,Yes,Yes,No,No,Two year,Yes,Credit card,89.32,3269.96,No,90.83222222222223,-1.5122222222222348,4,Established,High,0,0,1,0
Female,0,Yes,No,28,Yes,Yes,No,No internet service,No internet service,No internet service,No internet service,No internet service,No internet service,Two year,Yes,Mailed check,27.69,918.62,No,32.807857142857145,-5.117857142857144,2,Established,Low,0,0,0,0
Male,0,No,Yes,30,Yes,No,Fiber optic,Yes,Yes,No,Yes,No,No,One year,No,Bank transfer,85.04,2617.15,No,87.23833333333333,-2.1983333333333235,4,Established,High,1,0,1,1
Male,1,Yes,Yes,18,Yes,Yes,Fiber optic,No,Yes,No,No,Yes,No,Two year,Yes,Electronic check,89.95,1674.81,No,93.045,-3.094999999999999,4,Developing,High,0,1,0,0
Male,0,No,No,66,No,No phone service,No,No internet service,No internet service,No internet service,No internet service,No internet service,No internet service,Two year,Yes,Electronic check,18.0,1020.32,No,15.45939393939394,2.540606060606059,0,Loyal,Low,0,1,0,0
Female,1,Yes,No,42,Yes,Yes,Fiber optic,No,No,No,No,No,Yes,Two year,No,Mailed check,86.45,3707.65,No,88.27738095238095,-1.827380952380949,3,Established,High,0,0,0,0
Female,0,Yes,No,58,No,No phone service,Fiber optic,No,No,Yes,No,Yes,No,Month-to-month,Yes,Electronic check,68.3,4026.59,No,69.42396551724138,-1.1239655172413876,2,Loyal,Medium,2,1,0,0
Male,0,No,No,48,Yes,No,DSL,No,No,Yes,No,Yes,No,Month-to-month,No,Electronic check,51.15,2393.31,No,49.860625,1.2893749999999997,3,Established,Medium,2,1,0,0
Male,0,No,No,26,Yes,Yes,Fiber optic,No,Yes,No,No,No,Yes,One year,Yes,Electronic check,92.78,2562.38,No,98.55307692307693,-5.773076923076928,4,Established,High,1,1,0,0
Female,0,No,Yes,23,Yes,Yes,DSL,No,No,No,Yes,No,Yes,Two year,Yes,Electronic check,67.26,1625.09,No,70.65608695652173,-3.396086956521728,4,Developing,Medium,0,1,1,0
Male,0,No,Yes,71,Yes,No,Fiber optic,No,No,No,No,Yes,No,Two year,No,Mailed check,84.34,6006.54,No,84.59915492957747,-0.25915492957746267,2,Loyal,High,0,0,0,0
Female,0,Yes,No,2,Yes,No,No,No internet service,No internet service,No internet service,No internet service,No internet service,No internet service,One year,Yes,Electronic check,27.54,118.13,No,59.065,-31.525,1,New,Low,1,1,0,0
Female,0,No,No,22,Yes,Yes,DSL,Yes,No,No,Yes,Yes,No,Two year,No,Electronic check,76.2,1716.0,No,78.0,-1.7999999999999972,5,Developing,High,0,1,1,1
Male,1,Yes,Yes,53,Yes,No,DSL,No,No,No,Yes,No,Yes,One year,No,Bank transfer,55.72,2969.53,No,56.028867924528306,-0.30886792452830747,3,Loyal,Medium,1,0,1,0
Female,0,Yes,No,40,Yes,No,No,No internet service,No internet service,No internet service,No internet service,No internet service,No internet service,One year,Yes,Bank transfer,32.56,1286.63,No,32.16575,0.39424999999999955,1,Established,Low,1,0,0,0
Female,0,Yes,No,45,Yes,No,No,No internet service,No internet service,No internet service,No internet service,No internet service,No internet service,Month-to-month,Yes,Credit card,35.43,1697.41,No,37.720222222222226,-2.2902222222222264,1,Established,Low,2,0,0,0
Male,0,No,No,2,Yes,No,Fiber optic,No,No,Yes,Yes,No,Yes,Month-to-month,No,Credit card,83.3,48.53,No,24.265,59.035,4,New,High,2,0,1,0
Male,0,Yes,No,16,No,No phone service,DSL,No,No,No,No,Yes,No,Month-to-month,No,Credit card,37.8,621.79,Yes,38.861875,-1.0618750000000006,1,Developing,Low,2,0,0,0
Female,0,Yes,No,44,Yes,No,Fiber optic,Yes,No,Yes,No,No,Yes,Month-to-month,No,Bank transfer,87.85,3988.13,No,90.63931818181818,-2.7893181818181887,4,Established,High,2,0,0,1
Female,0,Yes,No,23,No,No phone service,Fiber optic,No,No,Yes,Yes,No,No,Month-to-month,Yes,Electronic check,72.75,1683.45,No,73.19347826086957,-0.44347826086956843,2,Developing,High,2,1,1,0
Male,0,No,No,34,Yes,No,Fiber optic,Yes,No,Yes,No,No,No,Month-to-month,Yes,Electronic check,79.33,2762.76,No,81.25764705882354,-1.9276470588235384,3,Established,High,2,1,0,1
Male,0,Yes,No,69,Yes,No,Fiber optic,No,No,No,No,No,No,Two year,Yes,Credit card,73.83,5094.7,No,73.83623188405797,-0.006231884057967818,1,Loyal,High,0,0,0,0
Male,0,Yes,Yes,46,Yes,Yes,No,No internet service,No internet service,No internet service,No internet service,No internet service,No internet service,Month-to-month,Yes,Credit card,30.47,1319.1,No,28.676086956521736,1.7939130434782626,2,Established,Low,2,0,0,0
Male,0,Yes,No,46,Yes,No,DSL,No,No,Yes,No,No,Yes,One year,No,Mailed check,57.48,2719.44,No,59.11826086956522,-1.6382608695652223,3,Established,Medium,1,0,0,0
Female,0,No,No,15,Yes,Yes,No,No internet service,No internet service,No internet service,No internet service,No internet service,No internet service,Month-to-month,No,Mailed check,31.87,599.3,No,39.95333333333333,-8.083333333333332,2,Developing,Low,2,0,0,0
Male,0,Yes,No,43,Yes,No,DSL,No,No,Yes,Yes,Yes,No,Two year,Yes,Electronic check,69.48,2942.01,No,68.41883720930232,1.0611627906976793,4,Established,Medium,0,1,1,0
Female,0,No,No,70,Yes,No,DSL,No,Yes,Yes,No,Yes,No,Month-to-month,No,Electronic check,66.06,4669.8,No,66.71142857142857,-0.6514285714285677,4,Loyal,Medium,2,1,0,0
Female,1,Yes,Yes,47,Yes,No,No,No internet service,No internet service,No internet service,No internet service,No internet service,No internet service,Month-to-month,Yes,Mailed check,25.13,1205.12,No,25.640851063829786,-0.5108510638297865,1,Established,Low,2,0,0,0
Male,0,Yes,No,57,Yes,Yes,Fiber optic,No,Yes,No,No,Yes,No,One year,Yes,Electronic check,89.15,5051.17,No,88.61701754385965,0.5329824561403598,4,Loyal,High,1,1,0,0
Female,0,Yes,Yes,69,Yes,No,Fiber optic,No,Yes,Yes,No,Yes,No,Month-to-month,No,Mailed check,86.27,6047.63,Yes,87.6468115942029,-1.3768115942029056,4,Loyal,High,2,0,0,0
Male,0,Yes,Yes,65,Yes,Yes,DSL,No,No,No,No,No,No,One year,Yes,Credit card,47.69,3080.11,No,47.386307692307696,0.3036923076923017,2,Loyal,Medium,1,0,0,0
Female,0,Yes,No,25,No,No phone service,DSL,No,No,No,Yes,No,No,One year,Yes,Credit card,49.32,1148.36,No,45.9344,3.3856000000000037,1,Established,Medium,1,0,1,0
Male,0,Yes,No,22,Yes,No,DSL,No,Yes,Yes,No,No,No,One year,Yes,Credit card,54.25,1163.41,No,52.88227272727273,1.3677272727272722,3,Developing,Medium,1,0,0,0
Male,0,No,No,21,Yes,Yes,Fiber optic,No,No,No,No,No,No,Month-to-month,Yes,Electronic check,89.32,1862.42,Yes,88.68666666666667,0.6333333333333258,2,Developing,High,2,1,0,0
Female,1,Yes,No,56,No,No phone service,DSL,Yes,Yes,No,No,No,No,Two year,Yes,Mailed check,48.12,2639.62,No,47.13607142857143,0.9839285714285708,2,Loyal,Medium,0,0,0,1
Female,1,Yes,Yes,28,No,No phone service,No,No internet service,No internet service,No internet service,No internet service,No internet service,No internet service,Month-to-month,No,Bank transfer,24.97,654.05,No,23.35892857142857,1.611071428571428,0,Established,Low,2,0,0,0
Male,0,Yes,Yes,60,Yes,Yes,Fiber optic,No,No,No,Yes,No,No,Month-to-month,Yes,Bank transfer,82.1,4831.21,No,80.52016666666667,1.579833333333326,3,Loyal,High,2,0,1,0
Female,0,Yes,Yes,58,Yes,No,No,No internet service,No internet service,No internet service,No internet service,No internet service,No internet service,Month-to-month,Yes,Credit card,29.21,1668.51,No,28.767413793103447,0.4425862068965536,1,Loyal,Low,2,0,0,0
Female,0,Yes,No,48,Yes,No,No,No internet service,No internet service,No internet service,No internet service,No internet service,No internet service,Month-to-month,No,Electronic check,26.32,1277.13,No,26.606875000000002,-0.286875000000002,1,Established,Low,2,1,0,0
Female,0,Yes,No,9,Yes,No,Fiber optic,No,Yes,No,No,No,No,Month-to-month,Yes,Electronic check,67.8,535.66,Yes,59.51777777777777,8.282222222222224,2,New,Medium,2,1,0,0
Male,0,Yes,Yes,52,Yes,Yes,Fiber optic,No,Yes,No,Yes,No,No,Two year,No,Mailed check,93.67,4781.72,No,91.95615384615385,1.7138461538461485,4,Loyal,High,0,0,1,0
Female,0,Yes,No,15,Yes,Yes,No,No internet service,No internet service,No internet service,No internet service,No internet service,No internet service,One year,No,Mailed check,32.54,404.62,No,26.974666666666668,5.5653333333333315,2,Developing,Low,1,0,0,0
Male,0,No,No,40,Yes,Yes,Fiber optic,No,Yes,Yes,No,No,Yes,Two year,No,Mailed check,99.85,3981.12,No,99.52799999999999,0.32200000000000273,5,Established,High,0,0,0,0
Female,0,No,No,17,Yes,No,DSL,Yes,No,No,Yes,Yes,No,Month-to-month,Yes,Electronic check,71.36,1170.0,Yes,68.82352941176471,2.5364705882352894,4,Developing,High,2,1,1,1
Female,0,No,No,5,Yes,No,Fiber optic,Yes,No,No,No,No,Yes,One year,No,Electronic check,79.36,262.09,No,52.41799999999999,26.942000000000007,3,New,High,1,1,0,1
Female,0,Yes,No,46,Yes,No,DSL,Yes,No,No,No,No,Yes,Month-to-month,No,Mailed check,54.61,2407.86,No,52.34478260869565,2.265217391304347,3,Established,Medium,2,0,0,1
Male,1,No,No,33,Yes,Yes,Fiber optic,Yes,No,Yes,Yes,No,Yes,Month-to-month,No,Bank transfer,96.66,3180.18,No,96.3690909090909,0.29090909090909634,6,Established,High,2,0,1,1
Female,0,Yes,No,47,Yes,No,No,No internet service,No internet service,No internet service,No internet service,No internet service,No internet service,Month-to-month,Yes,Electronic check,20.35,923.34,No,19.645531914893617,0.7044680851063845,1,Established,Low,2,1,0,0
Female,0,Yes,Yes,36,Yes,No,Fiber optic,No,Yes,No,Yes,No,Yes,One year,Yes,Credit card,88.38,3171.94,No,88.10944444444445,0.27055555555554633,4,Established,High,1,0,1,0
Male,0,No,Yes,27,Yes,Yes,DSL,No,Yes,No,No,Yes,No,One year,Yes,Bank transfer,70.17,2018.15,No,74.7462962962963,-4.576296296296292,4,Established,High,1,0,0,0
Female,0,Yes,No,2,Yes,No,DSL,No,No,No,Yes,No,No,Month-to-month,Yes,Electronic check,47.21,112.77,No,56.385,-9.174999999999997,2,New,Medium,2,1,1,0
Female,0,Yes,No,20,Yes,No,Fiber optic,No,Yes,Yes,No,No,No,Month-to-month,Yes,Electronic check,81.87,1485.57,No,74.2785,7.591500000000011,3,Developing,High,2,1,0,0
Female,1,No,Yes,64,Yes,Yes,DSL,No,Yes,Yes,No,No,No,Month-to-month,Yes,Electronic check,62.09,3920.27,No,61.25421875,0.8357812500000037,4,Loyal,Medium,2,1,0,0
Female,0,No,No,55,Yes,No,Fiber optic,No,No,No,No,No,No,Month-to-month,Yes,Electronic check,69.11,3826.32,No,69.56945454545455,-0.4594545454545482,1,Loyal,Medium,2,1,0,0
Male,0,Yes,No,34,Yes,Yes,Fiber optic,No,No,No,No,No,Yes,One year,Yes,Bank transfer,83.92,2796.5,No,82.25,1.6700000000000017,3,Established,High,1,0,0,0
Male,1,Yes,Yes,3,Yes,Yes,Fiber optic,No,No,No,Yes,Yes,No,Month-to-month,No,Credit card,90.32,188.8,No,62.93333333333334,27.386666666666656,4,New,High,2,0,1,0
Male,0,Yes,Yes,71,Yes,No,Fiber optic,Yes,No,No,Yes,No,No,Two year,No,Electronic check,77.44,5568.14,No,78.42450704225352,-0.9845070422535258,3,Loyal,High,0,1,1,1
Male,0,No,No,54,Yes,Yes,Fiber optic,Yes,No,Yes,No,No,No,Two year,Yes,Electronic check,87.04,4663.94,No,86.36925925925925,0.6707407407407544,4,Loyal,High,0,1,0,1
Female,1,Yes,No,2,Yes,No,DSL,Yes,No,No,No,No,No,Month-to-month,No,Credit card,48.59,24.75,No,12.375,36.215,2,New,Medium,2,0,0,1
Female,0,Yes,Yes,16,Yes,Yes,Fiber optic,No,No,No,No,No,Yes,Two year,Yes,Mailed check,84.51,1280.67,No,80.041875,4.468125000000001,3,Developing,High,0,0,0,0
Female,0,Yes,No,13,Yes,Yes,Fiber optic,Yes,No,No,Yes,No,No,One year,Yes,Mailed check,83.32,1215.07,No,93.46692307692307,-10.146923076923073,4,Developing,High,1,0,1,1
Male,0,No,No,65,Yes,Yes,DSL,No,No,No,No,Yes,Yes,Month-to-month,Yes,Mailed check,70.63,4496.83,No,69.182,1.4479999999999933,4,Loyal,High,2,0,0,0
Female,0,No,No,69,Yes,No,Fiber optic,No,No,No,No,No,No,Two year,Yes,Electronic check,68.6,4714.4,No,68.32463768115942,0.27536231884057827,1,Loyal,Medium,0,1,0,0
Male,0,Yes,Yes,30,Yes,Yes,Fiber optic,No,Yes,No,No,No,Yes,Month-to-month,No,Electronic check,84.0,2505.77,No,83.52566666666667,0.47433333333333394,4,Established,High,2,1,0,0
Female,0,No,Yes,13,No,No phone service,DSL,No,No,No,Yes,No,Yes,One year,Yes,Credit card,49.14,691.11,No,53.16230769230769,-4.022307692307692,2,Developing,Medium,1,0,1,0
Male,1,Yes,Yes,47,Yes,Yes,Fiber optic,No,Yes,No,No,No,No,One year,Yes,Bank transfer,81.7,3772.21,No,80.25978723404255,1.4402127659574546,3,Established,High,1,0,0,0
Female,0,No,No,20,Yes,No,DSL,No,No,No,No,No,No,Two year,No,Electronic check,44.04,810.69,No,40.5345,3.505499999999998,1,Developing,Medium,0,1,0,0
Male,0,Yes,No,9,Yes,Yes,Fiber optic,Yes,No,No,No,No,No,One year,Yes,Credit card,75.55,741.84,No,82.42666666666668,-6.876666666666679,3,New,High,1,0,0,1
Male,0,Yes,No,19,Yes,No,DSL,No,No,No,No,No,No,Two year,No,Mailed check,45.48,1059.8,No,55.77894736842105,-10.298947368421054,1,Developing,Medium,0,0,0,0
Male,1,Yes,Yes,19,Yes,Yes,No,No internet service,No internet service,No internet service,No internet service,No internet service,No internet service,Month-to-month,No,Electronic check,35.65,629.28,No,33.12,2.530000000000001,2,Developing,Low,2,1,0,0
Female,0,No,No,4,Yes,Yes,Fiber optic,No,No,No,No,Yes,Yes,Two year,No,Credit card,92.69,317.32,No,79.33,13.36,4,New,High,0,0,0,0
Female,0,No,No,51,Yes,No,DSL,No,Yes,No,No,No,Yes,One year,No,Bank transfer,62.05,3360.69,No,65.89588235294117,-3.8458823529411745,3,Loyal,Medium,1,0,0,0
Male,0,No,No,26,Yes,Yes,DSL,No,No,Yes,No,Yes,No,One year,No,Bank transfer,67.0,1710.56,No,65.79076923076923,1.2092307692307713,4,Established,Medium,1,0,0,0
Female,0,Yes,No,40,Yes,No,No,No internet service,No internet service,No internet service,No internet service,No internet service,No internet service,Two year,Yes,Electronic check,29.31,1144.1,No,28.6025,0.7074999999999996,1,Established,Low,0,1,0,0
Male,1,Yes,No,40,Yes,No,Fiber optic,Yes,No,Yes,No,Yes,No,Month-to-month,Yes,Electronic check,89.27,3585.21,No,89.63025,-0.36025000000000773,4,Established,High,2,1,0,1
Male,1,Yes,Yes,56,Yes,No,Fiber optic,No,No,Yes,No,No,No,Month-to-month,Yes,Credit card,72.73,4105.43,No,73.31125,-0.5812499999999972,2,Loyal,High,2,0,0,0
Male,0,Yes,Yes,55,Yes,No,No,No internet service,No internet service,No internet service,No internet service,No internet service,No internet service,Two year,Yes,Electronic check,31.73,1764.89,No,32.08890909090909,-0.3589090909090906,1,Loyal,Low,0,1,0,0
Male,0,Yes,No,41,Yes,No,DSL,No,No,Yes,Yes,Yes,No,Two year,Yes,Credit card,62.69,2647.24,No,64.56682926829268,-1.8768292682926813,4,Established,Medium,0,0,1,0
Male,0,No,Yes,61,Yes,Yes,Fiber optic,Yes,Yes,No,No,No,No,One year,Yes,Bank transfer,86.24,5148.94,No,84.40885245901639,1.8311475409836078,4,Loyal,High,1,0,0,1
Female,0,No,Yes,41,Yes,Yes,Fiber optic,No,No,Yes,Yes,Yes,No,Month-to-month,Yes,Mailed check,89.01,3631.15,No,88.56463414634146,0.44536585365854364,5,Established,High,2,0,1,0
Female,0,No,No,2,Yes,No,No,No internet service,No internet service,No internet service,No internet service,No internet service,No internet service,Month-to-month,Yes,Credit card,29.77,146.5,Yes,73.25,-43.480000000000004,1,New,Low,2,0,0,0
Female,0,Yes,Yes,62,Yes,No,Fiber optic,No,Yes,Yes,No,Yes,No,Month-to-month,No,Credit card,88.35,5293.91,No,85.38564516129033,2.964354838709667,4,Loyal,High,2,0,0,0
Female,0,Yes,No,56,Yes,No,No,No internet service,No internet service,No internet service,No internet service,No internet service,No internet service,Month-to-month,Yes,Credit card,30.97,1629.0,No,29.089285714285715,1.8807142857142836,1,Loyal,Low,2,0,0,0
Male,1,Yes,No,31,Yes,No,Fiber optic,No,No,No,No,No,No,Two year,Yes,Mailed check,64.46,2054.85,No,66.28548387096774,-1.8254838709677443,1,Established,Medium,0,0,0,0
Female,0,Yes,No,28,Yes,Yes,No,No internet service,No internet service,No internet service,No internet service,No internet service,No internet service,One year,Yes,Bank transfer,37.87,1066.98,No,38.10642857142857,-0.23642857142857565,2,Established,Low,1,0,0,0
Female,0,No,Yes,65,Yes,No,DSL,No,No,Yes,No,Yes,No,Month-to-month,Yes,Electronic check,57.29,3672.09,No,56.49369230769231,0.7963076923076926,3,Loyal,Medium,2,1,0,0
Male,0,No,No,31,No,No phone service,Fiber optic,Yes,No,No,No,No,Yes,Month-to-month,No,Electronic check,70.41,2207.85,No,71.22096774193548,-0.8109677419354853,2,Established,High,2,1,0,1
Male,0,Yes,No,27,No,No phone service,DSL,Yes,No,No,No,Yes,Yes,Two year,Yes,Credit card,55.15,1524.18,No,56.45111111111111,-1.301111111111112,3,Established,Medium,0,0,0,1
Female,0,Yes,No,53,Yes,No,No,No internet service,No internet service,No internet service,No internet service,No internet service,No internet service,One year,Yes,Credit card,24.73,1239.57,No,23.388113207547168,1.3418867924528328,1,Loyal,Low,1,0,0,0
Male,0,No,No,24,Yes,Yes,DSL,No,Yes,No,No,No,Yes,Month-to-month,Yes,Electronic check,66.32,1585.55,Yes,66.06458333333333,0.25541666666666174,4,Developing,Medium,2,1,0,0
Female,0,Yes,No,30,Yes,No,Fiber optic,No,No,No,Yes,Yes,No,Month-to-month,Yes,Bank transfer,80.26,2313.73,No,77.12433333333334,3.1356666666666655,3,Established,High,2,0,1,0
Male,0,No,Yes,57,Yes,Yes,DSL,No,No,Yes,Yes,No,No,Month-to-month,Yes,Credit card,62.67,3664.45,No,64.28859649122806,-1.618596491228061,4,Loyal,Medium,2,0,1,0
Male,1,No,Yes,17,Yes,No,DSL,No,No,No,Yes,Yes,No,Month-to-month,Yes,Bank transfer,56.13,829.37,No,48.7864705882353,7.343529411764706,3,Developing,Medium,2,0,1,0
Male,1,No,No,1,Yes,No,DSL,Yes,No,No,No,No,Yes,One year,Yes,Electronic check,57.49,47.15,No,47.15,10.340000000000003,3,New,Medium,1,1,0,1
Male,0,Yes,No,25,Yes,No,Fiber optic,No,No,Yes,Yes,Yes,No,Month-to-month,No,Electronic check,82.45,2124.69,No,84.9876,-2.5375999999999976,4,Established,High,2,1,1,0
Male,0,No,No,13,Yes,No,DSL,No,No,No,No,No,Yes,Month-to-month,No,Mailed check,44.96,744.59,Yes,57.276153846153846,-12.316153846153846,2,Developing,Medium,2,0,0,0
Male,0,No,Yes,27,Yes,Yes,No,No internet service,No internet service,No internet service,No internet service,No internet service,No internet service,Month-to-month,Yes,Credit card,45.64,1216.89,No,45.07,0.5700000000000003,2,Established,Medium,2,0,0,0
Male,0,Yes,Yes,6,Yes,Yes,Fiber optic,No,No,Yes,No,No,No,Month-to-month,Yes,Electronic check,82.15,712.93,Yes,118.82166666666666,-36.67166666666665,3,New,High,2,1,0,0
Female,1,Yes,No,43,Yes,Yes,No,No internet service,No internet service,No internet service,No internet service,No internet service,No internet service,One year,Yes,Mailed check,46.8,1921.49,No,44.68581395348837,2.1141860465116267,2,Established,Medium,1,0,0,0
Male,1,No,No,37,Yes,No,Fiber optic,No,No,No,Yes,No,No,One year,Yes,Credit card,74.7,2810.95,No,75.97162162162162,-1.2716216216216196,2,Established,High,1,0,1,0
Male,0,No,Yes,20,Yes,No,Fiber optic,Yes,Yes,No,No,No,No,Month-to-month,Yes,Credit card,79.88,1541.7,No,77.08500000000001,2.7949999999999875,3,Developing,High,2,0,0,1
Male,0,Yes,No,46,Yes,No,Fiber optic,No,No,No,No,Yes,No,Month-to-month,No,Credit card,75.82,3618.87,No,78.67108695652173,-2.8510869565217405,2,Established,High,2,0,0,0
Male,0,No,No,11,Yes,No,DSL,No,Yes,No,No,No,Yes,One year,No,Credit card,60.24,655.55,Yes,59.595454545454544,0.6445454545454581,3,New,Medium,1,0,0,0
Male,0,No,Yes,1,Yes,No,Fiber optic,Yes,No,Yes,No,No,Yes,Two year,No,Bank transfer,87.38,18.0,No,18.0,69.38,4,New,High,0,0,0,1
Female,1,Yes,No,35,Yes,Yes,No,No internet service,No internet service,No internet service,No internet service,No internet service,No internet service,Month-to-month,Yes,Credit card,29.6,1135.19,No,32.434000000000005,-2.834000000000003,2,Established,Low,2,0,0,0
Female,0,Yes,Yes,12,Yes,No,DSL,Yes,No,Yes,No,No,No,Month-to-month,Yes,Bank transfer,51.75,585.93,No,48.82749999999999,2.9225000000000065,3,New,Medium,2,0,0,1
Female,0,Yes,No,62,Yes,No,DSL,No,Yes,No,Yes,No,Yes,Two year,Yes,Bank transfer,58.12,3499.51,No,56.443709677419356,1.6762903225806411,4,Loyal,Medium,0,0,1,0
Male,0,Yes,Yes,22,Yes,Yes,Fiber optic,No,No,Yes,Yes,Yes,No,Month-to-month,Yes,Electronic check,94.4,2051.1,No,93.23181818181818,1.1681818181818215,5,Developing,High,2,1,1,0
Male,0,No,No,31,Yes,Yes,No,No internet service,No internet service,No internet service,No internet service,No internet service,No internet service,Two year,Yes,Mailed check,35.58,1183.71,No,38.1841935483871,-2.6041935483871015,2,Established,Low,0,0,0,0
Female,0,No,Yes,22,Yes,No,DSL,No,Yes,No,No,No,Yes,Two year,No,Electronic check,58.4,1272.87,No,57.85772727272727,0.5422727272727315,3,Developing,Medium,0,1,0,0
Female,1,Yes,No,32,Yes,Yes,No,No internet service,No internet service,No internet service,No internet service,No internet service,No internet service,Month-to-month,Yes,Credit card,32.09,995.46,Yes,31.108125,0.9818750000000023,2,Established,Low,2,0,0,0
Male,0,No,No,7,Yes,No,DSL,Yes,No,Yes,Yes,No,Yes,Month-to-month,Yes,Electronic check,63.1,441.45,Yes,63.06428571428571,0.035714285714291805,5,New,Medium,2,1,1,1
Male,0,Yes,No,68,Yes,No,Fiber optic,No,No,No,No,Yes,No,Two year,No,Electronic check,81.5,5349.55,No,78.66985294117647,2.8301470588235276,2,Loyal,High,0,1,0,0
Male,0,Yes,No,13,Yes,Yes,No,No internet service,No internet service,No internet service,No internet service,No internet service,No internet service,Month-to-month,No,Credit card,35.76,693.67,No,53.35923076923076,-17.599230769230765,2,Developing,Low,2,0,0,0
Female,0,Yes,No,29,Yes,No,Fiber optic,Yes,Yes,No,No,No,Yes,Month-to-month,Yes,Credit card,89.26,2584.05,No,89.10517241379311,0.15482758620689197,4,Established,High,2,0,0,1
Female,0,No,Yes,61,Yes,Yes,Fiber optic,No,No,No,No,No,No,Month-to-month,No,Bank transfer,80.76,5003.44,No,82.02360655737704,-1.263606557377031,2,Loyal,High,2,0,0,0
Female,0,No,No,31,Yes,No,No,No internet service,No internet service,No internet service,No internet service,No internet service,No internet service,One year,No,Bank transfer,19.74,731.51,No,23.59709677419355,-3.8570967741935505,1,Established,Low,1,0,0,0
Female,0,No,No,51,Yes,Yes,DSL,No,Yes,Yes,No,Yes,Yes,Two year,Yes,Electronic check,77.18,3849.97,Yes,75.48960784313725,1.6903921568627567,6,Loyal,High,0,1,0,0
Male,0,Yes,No,5,Yes,No,DSL,No,No,No,Yes,No,No,One year,Yes,Electronic check,55.4,174.37,Yes,34.874,20.525999999999996,2,New,Medium,1,1,1,0
Female,0,Yes,Yes,22,Yes,No,No,No internet service,No internet service,No internet service,No internet service,No internet service,No internet service,Month-to-month,No,Credit card,22.99,633.05,No,28.775,-5.785,1,Developing,Low,2,0,0,0
Male,0,Yes,Yes,55,Yes,Yes,Fiber optic,No,Yes,Yes,No,Yes,No,One year,No,Credit card,89.4,4851.23,No,88.20418181818181,1.195818181818197,5,Loyal,High,1,0,0,0
Male,1,No,No,19,Yes,No,No,No internet service,No internet service,No internet service,No internet service,No internet service,No internet service,One year,No,Mailed check,23.32,411.47,Yes,21.656315789473684,1.6636842105263163,1,Developing,Low,1,0,0,0
Female,0,Yes,Yes,30,Yes,No,No,No internet service,No internet service,No internet service,No internet service,No internet service,No internet service,Month-to-month,No,Electronic check,21.8,592.79,No,19.759666666666664,2.0403333333333364,1,Established,Low,2,1,0,0
Female,0,No,Yes,6,Yes,No,Fiber optic,No,No,No,No,Yes,No,One year,No,Electronic check,79.22,235.0,Yes,39.166666666666664,40.053333333333335,2,New,High,1,1,0,0
Male,0,No,No,37,Yes,No,Fiber optic,Yes,No,No,No,Yes,Yes,One year,Yes,Mailed check,89.66,3298.84,No,89.15783783783785,0.5021621621621506,4,Established,High,1,0,0,1
Female,0,Yes,Yes,26,Yes,No,Fiber optic,No,No,Yes,No,Yes,Yes,Month-to-month,No,Electronic check,83.9,2175.0,No,83.65384615384616,0.24615384615384528,4,Established,High,2,1,0,0
Female,0,Yes,Yes,62,Yes,No,DSL,Yes,Yes,No,No,No,Yes,Two year,No,Electronic check,55.56,3529.87,No,56.93338709677419,-1.373387096774188,4,Loyal,Medium,0,1,0,1
Male,0,Yes,Yes,29,Yes,No,Fiber optic,No,Yes,Yes,No,No,Yes,Month-to-month,Yes,Mailed check,83.46,2383.55,No,82.19137931034483,1.2686206896551653,4,Established,High,2,0,0,0
Male,0,No,No,60,Yes,No,No,No internet service,No internet service,No internet service,No internet service,No internet service,No internet service,Month-to-month,No,Mailed check,32.18,1881.12,No,31.351999999999997,0.828000000000003,1,Loyal,Low,2,0,0,0
Male,0,No,No,66,Yes,Yes,No,No internet service,No internet service,No internet service,No internet service,No internet service,No internet service,Month-to-month,Yes,Bank transfer,30.16,2033.01,No,30.80318181818182,-0.6431818181818194,2,Loyal,Low,2,0,0,0
Female,0,Yes,Yes,61,Yes,Yes,No,No internet service,No internet service,No internet service,No internet service,No internet service,No internet service,Month-to-month,No,Mailed check,27.83,1768.66,No,28.9944262295082,-1.1644262295082015,2,Loyal,Low,2,0,0,0
Female,1,No,No,54,Yes,No,No,No internet service,No internet service,No internet service,No internet service,No internet service,No internet service,Month-to-month,No,Electronic check,27.18,1373.56,Yes,25.436296296296295,1.743703703703705,1,Loyal,Low,2,1,0,0
Female,0,Yes,No,43,Yes,Yes,DSL,No,Yes,No,No,No,Yes,Month-to-month,Yes,Electronic check,59.85,2413.92,No,56.137674418604654,3.7123255813953477,4,Established,Medium,2,1,0,0
Female,1,Yes,Yes,35,Yes,No,Fiber optic,Yes,Yes,Yes,No,No,No,One year,Yes,Bank transfer,91.42,3377.41,No,96.49742857142857,-5.07742857142857,4,Established,High,1,0,0,1
Female,0,No,No,6,Yes,No,DSL,Yes,No,Yes,No,Yes,No,One year,No,Electronic check,63.22,503.52,No,83.92,-20.700000000000003,4,New,Medium,1,1,0,1
Male,0,No,No,10,No,No phone service,Fiber optic,No,No,Yes,Yes,No,No,Month-to-month,No,Credit card,70.08,646.1,Yes,64.61,5.469999999999999,2,New,High,2,0,1,0
Female,0,Yes,No,28,Yes,No,No,No internet service,No internet service,No internet service,No internet service,No internet service,No internet service,One year,Yes,Electronic check,26.14,704.35,No,25.155357142857145,0.9846428571428554,1,Established,Low,1,1,0,0
Male,0,No,No,48,Yes,Yes,No,No internet service,No internet service,No internet service,No internet service,No internet service,No internet service,One year,Yes,Credit card,32.21,1541.5,No,32.114583333333336,0.09541666666666515,2,Established,Low,1,0,0,0
Male,0,No,No,1,Yes,Yes,No,No internet service,No internet service,No internet service,No internet service,No internet service,No internet service,Month-to-month,Yes,Electronic check,32.6,18.0,No,18.0,14.600000000000001,2,New,Low,2,1,0,0
Male,0,No,No,68,Yes,Yes,Fiber optic,No,No,Yes,No,No,No,Two year,No,Bank transfer,91.24,6155.63,No,90.5239705882353,0.7160294117646941,3,Loyal,High,0,0,0,0
Female,0,No,No,72,Yes,No,Fiber optic,No,No,No,No,Yes,No,Month-to-month,Yes,Bank transfer,80.42,5778.86,No,80.26194444444444,0.1580555555555634,2,Loyal,High,2,0,0,0
Female,0,Yes,Yes,6,Yes,No,DSL,No,Yes,No,No,Yes,No,Month-to-month,Yes,Electronic check,56.7,224.74,Yes,37.45666666666667,19.243333333333332,3,New,Medium,2,1,0,0
Male,0,Yes,No,7,Yes,No,Fiber optic,Yes,No,No,Yes,Yes,No,Month-to-month,Yes,Mailed check,87.43,797.59,No,113.94142857142857,-26.511428571428567,4,New,High,2,0,1,1
Female,0,No,No,62,Yes,Yes,DSL,No,No,No,Yes,Yes,No,Month-to-month,Yes,Electronic check,61.57,3680.48,No,59.36258064516129,2.207419354838713,4,Loyal,Medium,2,1,1,0
Male,0,Yes,Yes,15,Yes,Yes,No,No internet service,No internet service,No internet service,No internet service,No internet service,No internet service,Month-to-month,No,Mailed check,38.57,408.54,No,27.236,11.334,2,Developing,Low,2,0,0,0
Female,0,Yes,No,13,Yes,No,Fiber optic,No,No,No,No,No,No,Month-to-month,Yes,Credit card,56.05,799.32,No,61.48615384615385,-5.43615384615385,1,Developing,Medium,2,0,0,0
Female,0,Yes,No,14,Yes,No,Fiber optic,No,No,Yes,No,Yes,No,One year,No,Bank transfer,79.12,1074.13,No,76.72357142857143,2.3964285714285722,3,Developing,High,1,0,0,0
Male,0,Yes,Yes,51,Yes,No,No,No internet service,No internet service,No internet service,No internet service,No internet service,No internet service,Two year,No,Bank transfer,23.1,1210.38,No,23.73294117647059,-0.6329411764705881,1,Loyal,Low,0,0,0,0
Male,0,Yes,No,10,Yes,No,DSL,No,Yes,No,No,No,Yes,One year,No,Electronic check,60.93,607.57,No,60.757000000000005,0.1729999999999947,3,New,Medium,1,1,0,0
Female,0,Yes,No,14,Yes,No,Fiber optic,No,No,Yes,No,Yes,No,One year,No,Mailed check,81.26,1105.4,No,78.95714285714287,2.3028571428571354,3,Developing,High,1,0,0,0
Male,0,Yes,No,29,No,No phone service,No,No internet service,No internet service,No internet service,No internet service,No internet service,No internet service,One year,No,Bank transfer,18.0,512.49,No,17.67206896551724,0.3279310344827593,0,Established,Low,1,0,0,0
Female,0,Yes,No,44,No,No phone service,No,No internet service,No internet service,No internet service,No internet service,No internet service,No internet service,One year,No,Electronic check,18.75,855.66,No,19.44681818181818,-0.6968181818181804,0,Established,Low,1,1,0,0
Male,0,No,No,72,Yes,Yes,DSL,No,Yes,No,No,Yes,No,Month-to-month,No,Electronic check,64.11,4705.3,No,65.35138888888889,-1.241388888888892,4,Loyal,Medium,2,1,0,0
Male,0,No,No,18,Yes,Yes,Fiber optic,Yes,No,Yes,No,Yes,Yes,Month-to-month,No,Electronic check,106.05,1846.75,No,102.59722222222223,3.4527777777777686,6,Developing,Very High,2,1,0,1
Male,0,Yes,Yes,19,Yes,No,Fiber optic,No,Yes,Yes,No,No,No,Month-to-month,No,Electronic check,80.24,1560.58,No,82.13578947368421,-1.8957894736842178,3,Developing,High,2,1,0,0
Male,0,Yes,No,40,Yes,No,DSL,No,No,Yes,Yes,No,No,Month-to-month,No,Credit card,54.93,2158.38,No,53.959500000000006,0.9704999999999941,3,Established,Medium,2,0,1,0
Female,0,Yes,No,31,No,No phone service,DSL,No,No,No,No,Yes,Yes,One year,Yes,Electronic check,51.31,1559.69,No,50.31258064516129,0.997419354838712,2,Established,Medium,1,1,0,0
Male,0,No,No,44,Yes,No,Fiber optic,No,No,Yes,Yes,Yes,No,Month-to-month,Yes,Electronic check,76.92,3312.55,No,75.28522727272728,1.6347727272727184,4,Established,High,2,1,1,0
Female,0,No,Yes,18,Yes,No,DSL,No,Yes,No,No,No,No,Month-to-month,No,Electronic check,46.79,817.19,No,45.39944444444445,1.3905555555555509,2,Developing,Medium,2,1,0,0
Female,0,No,No,45,Yes,No,Fiber optic,No,Yes,No,Yes,No,Yes,Month-to-month,Yes,Electronic check,78.18,3418.24,No,75.96088888888889,2.2191111111111184,4,Established,High,2,1,1,0
Female,0,No,No,67,Yes,No,DSL,No,Yes,Yes,No,Yes,No,One year,No,Mailed check,70.14,4606.69,No,68.7565671641791,1.3834328358208978,4,Loyal,High,1,0,0,0
Female,0,Yes,Yes,50,No,No phone service,DSL,Yes,No,No,No,No,No,Month-to-month,Yes,Electronic check,40.13,1931.92,No,38.638400000000004,1.4915999999999983,1,Loyal,Medium,2,1,0,1
Male,0,Yes,No,53,Yes,Yes,Fiber optic,No,Yes,Yes,No,No,No,Month-to-month,No,Electronic check,88.66,4516.44,No,85.21584905660377,3.444150943396224,4,Loyal,High,2,1,0,0
Female,0,Yes,No,5,Yes,No,DSL,No,No,No,No,No,No,Month-to-month,No,Electronic check,40.97,127.23,No,25.446,15.523999999999997,1,New,Medium,2,1,0,0
Female,1,Yes,No,65,No,No phone service,DSL,Yes,Yes,No,No,No,No,Month-to-month,Yes,Bank transfer,45.48,2914.28,No,44.835076923076926,0.6449230769230709,2,Loyal,Medium,2,0,0,1
Female,0,Yes,No,51,Yes,No,DSL,No,No,No,No,Yes,No,One year,Yes,Mailed check,50.71,2613.08,No,51.23686274509804,-0.5268627450980361,2,Loyal,Medium,1,0,0,0
Male,0,No,Yes,46,Yes,Yes,Fiber optic,Yes,No,Yes,No,Yes,Yes,Month-to-month,No,Bank transfer,102.13,4584.55,No,99.6641304347826,2.465869565217389,6,Established,Very High,2,0,0,1
Male,0,Yes,No,12,Yes,Yes,Fiber optic,No,Yes,No,Yes,Yes,No,Month-to-month,Yes,Electronic check,92.42,1103.84,No,91.98666666666666,0.4333333333333371,5,New,High,2,1,1,0
Male,0,No,Yes,40,Yes,No,No,No internet service,No internet service,No internet service,No internet service,No internet service,No internet service,Two year,No,Electronic check,24.4,1003.72,No,25.093,-0.6930000000000014,1,Established,Low,0,1,0,0
Female,1,Yes,No,49,Yes,No,Fiber optic,No,Yes,Yes,No,Yes,No,Month-to-month,Yes,Credit card,77.78,3787.17,No,77.2891836734694,0.4908163265306058,4,Loyal,High,2,0,0,0
Female,0,Yes,No,45,Yes,Yes,DSL,Yes,No,No,No,No,No,One year,Yes,Electronic check,65.92,2978.79,No,66.19533333333334,-0.2753333333333359,3,Established,Medium,1,1,0,1
Male,0,No,Yes,9,No,No phone service,DSL,No,No,Yes,No,Yes,Yes,One year,Yes,Mailed check,53.9,499.43,No,55.492222222222225,-1.592222222222226,3,New,Medium,1,0,0,0
Male,0,Yes,No,3,Yes,No,No,No internet service,No internet service,No internet service,No internet service,No internet service,No internet service,Month-to-month,No,Electronic check,25.42,44.19,No,14.729999999999999,10.690000000000003,1,New,Low,2,1,0,0
Male,0,Yes,No,35,Yes,Yes,DSL,No,Yes,No,Yes,No,No,Month-to-month,No,Electronic check,59.66,2031.63,No,58.04657142857143,1.6134285714285639,4,Established,Medium,2,1,1,0
Male,0,Yes,No,52,Yes,No,DSL,Yes,No,No,Yes,No,No,Month-to-month,No,Mailed check,60.59,3160.97,No,60.78788461538461,-0.19788461538460922,3,Loyal,Medium,2,0,1,1
Male,0,No,Yes,28,No,No phone service,DSL,No,No,Yes,No,Yes,No,Month-to-month,No,Mailed check,46.33,1207.05,No,43.10892857142857,3.2210714285714275,2,Established,Medium,2,0,0,0
Male,1,Yes,No,50,Yes,No,Fiber optic,No,No,Yes,No,No,No,Month-to-month,Yes,Electronic check,72.03,3418.13,No,68.3626,3.6674000000000007,2,Loyal,High,2,1,0,0
Female,1,No,No,70,No,No phone service,Fiber optic,No,No,No,Yes,No,Yes,One year,No,Mailed check,73.81,5104.86,No,72.92657142857142,0.8834285714285812,2,Loyal,High,1,0,1,0
Female,0,No,Yes,65,Yes,No,Fiber optic,No,No,No,No,No,No,Month-to-month,Yes,Mailed check,73.85,4751.05,No,73.09307692307692,0.7569230769230728,1,Loyal,High,2,0,0,0
Female,1,No,No,46,Yes,No,DSL,No,Yes,No,No,No,No,Month-to-month,No,Mailed check,49.93,2304.82,Yes,50.10478260869566,-0.17478260869565787,2,Established,Medium,2,0,0,0
Female,0,Yes,No,53,Yes,Yes,Fiber optic,Yes,Yes,Yes,Yes,No,Yes,One year,Yes,Credit card,103.18,5472.98,No,103.26377358490565,-0.0837735849056429,7,Loyal,Very High,1,0,1,1
Female,0,No,No,7,Yes,No,DSL,No,No,No,No,Yes,Yes,Month-to-month,Yes,Bank transfer,58.52,354.07,Yes,50.58142857142857,7.938571428571436,3,New,Medium,2,0,0,0
Male,1,Yes,No,7,Yes,Yes,Fiber optic,No,No,Yes,Yes,Yes,No,One year,No,Electronic check,91.11,640.49,No,91.49857142857142,-0.38857142857142435,5,New,High,1,1,1,0
Female,0,No,Yes,51,Yes,Yes,No,No internet service,No internet service,No internet service,No internet service,No internet service,No internet service,Month-to-month,No,Electronic check,41.39,2179.02,No,42.72588235294118,-1.3358823529411765,2,Loyal,Medium,2,1,0,0
Female,0,Yes,No,58,Yes,No,DSL,No,Yes,Yes,No,Yes,Yes,One year,No,Bank transfer,65.75,3794.73,No,65.42637931034483,0.3236206896551721,5,Loyal,Medium,1,0,0,0
Female,0,Yes,Yes,14,Yes,No,Fiber optic,No,No,No,Yes,No,No,Two year,Yes,Electronic check,75.59,979.8,No,69.98571428571428,5.604285714285723,2,Developing,High,0,1,1,0
Female,0,Yes,No,43,Yes,No,Fiber optic,No,No,No,No,No,No,Month-to-month,No,Credit card,66.74,2833.24,No,65.8893023255814,0.8506976744185977,1,Established,Medium,2,0,0,0
Female,0,No,Yes,21,Yes,No,Fiber optic,No,No,Yes,No,Yes,No,Two year,Yes,Credit card,83.39,1804.08,No,85.90857142857142,-2.51857142857142,3,Developing,High,0,0,0,0
Female,0,No,Yes,8,Yes,No,Fiber optic,No,No,No,No,No,Yes,Month-to-month,Yes,Electronic check,75.77,486.65,Yes,60.83125,14.938749999999999,2,New,High,2,1,0,0
Male,0,Yes,No,28,Yes,Yes,Fiber optic,No,No,No,No,Yes,No,Month-to-month,Yes,Credit card,83.98,2399.94,No,85.71214285714287,-1.7321428571428612,3,Established,High,2,0,0,0
Male,0,Yes,No,33,Yes,Yes,Fiber optic,Yes,No,Yes,No,No,Yes,Month-to-month,No,Electronic check,93.35,3031.84,No,91.8739393939394,1.4760606060605994,5,Established,High,2,1,0,1
Female,0,No,Yes,56,Yes,No,Fiber optic,No,No,Yes,No,No,No,Month-to-month,Yes,Electronic check,69.58,3978.95,No,71.05267857142857,-1.472678571428574,2,Loyal,Medium,2,1,0,0
Male,0,No,No,63,Yes,No,Fiber optic,Yes,No,Yes,Yes,No,No,Two year,No,Credit card,83.75,5293.33,No,84.02111111111111,-0.27111111111111086,4,Loyal,High,0,0,1,1
Male,0,No,Yes,68,Yes,No,DSL,No,No,Yes,No,No,Yes,Month-to-month,No,Bank transfer,49.72,3423.99,No,50.35279411764706,-0.6327941176470588,3,Loyal,Medium,2,0,0,0
Male,0,Yes,No,8,Yes,No,DSL,No,No,No,No,Yes,No,Month-to-month,No,Mailed check,52.88,490.88,No,61.36,-8.479999999999997,2,New,Medium,2,0,0,0
Female,0,No,Yes,67,Yes,Yes,Fiber optic,No,No,Yes,Yes,Yes,Yes,Two year,Yes,Credit card,97.96,6645.27,No,99.18313432835822,-1.2231343283582277,6,Loyal,High,0,0,1,0
Male,0,No,No,38,Yes,Yes,Fiber optic,Yes,Yes,No,No,No,Yes,Month-to-month,No,Electronic check,92.09,3561.68,No,93.72842105263157,-1.6384210526315712,5,Established,High,2,1,0,1
Female,0,Yes,Yes,13,Yes,No,Fiber optic,No,Yes,Yes,No,No,Yes,One year,No,Bank transfer,86.1,1038.88,No,79.91384615384617,6.186153846153829,4,Developing,High,1,0,0,0
Female,1,Yes,No,47,Yes,No,Fiber optic,Yes,Yes,No,No,Yes,Yes,Month-to-month,No,Credit card,93.58,4452.67,No,94.73765957446808,-1.1576595744680844,5,Established,High,2,0,0,1
Female,0,Yes,No,5,No,No phone service,No,No internet service,No internet service,No internet service,No internet service,No internet service,No internet service,Two year,No,Credit card,18.0,18.0,No,3.6,14.4,0,New,Low,0,0,0,0
Male,0,Yes,No,34,Yes,Yes,Fiber optic,Yes,Yes,No,Yes,No,No,Month-to-month,Yes,Mailed check,89.48,2942.17,No,86.53441176470588,2.9455882352941245,5,Established,High,2,0,1,1
Female,0,No,No,60,No,No phone service,Fiber optic,No,No,No,Yes,Yes,No,One year,Yes,Mailed check,74.04,4430.21,No,73.83683333333333,0.20316666666667516,2,Loyal,High,1,0,1,0
Female,0,Yes,Yes,70,Yes,No,DSL,No,Yes,No,No,Yes,No,Month-to-month,Yes,Credit card,63.29,4524.72,No,64.63885714285715,-1.348857142857149,3,Loyal,Medium,2,0,0,0
Female,0,No,Yes,21,No,No phone service,Fiber optic,Yes,No,No,Yes,Yes,Yes,Two year,Yes,Electronic check,95.35,1988.36,No,94.68380952380951,0.6661904761904793,4,Developing,High,0,1,1,1
Female,0,Yes,No,13,Yes,No,Fiber optic,No,No,Yes,No,No,Yes,Two year,Yes,Credit card,88.96,1087.55,Yes,83.6576923076923,5.302307692307693,3,Developing,High,0,0,0,0
Male,0,No,Yes,42,Yes,No,No,No internet service,No internet service,No internet service,No internet service,No internet service,No internet service,One year,Yes,Electronic check,24.07,1055.37,No,25.127857142857142,-1.0578571428571415,1,Established,Low,1,1,0,0
Female,1,No,No,12,Yes,No,No,No internet service,No internet service,No internet service,No internet service,No internet service,No internet service,Month-to-month,Yes,Electronic check,29.22,308.36,No,25.69666666666667,3.52333333333333,1,New,Low,2,1,0,0
Female,0,No,No,71,Yes,No,DSL,No,Yes,Yes,No,No,No,Month-to-month,No,Electronic check,59.53,4258.17,No,59.974225352112676,-0.44422535211267444,3,Loyal,Medium,2,1,0,0
Female,0,No,No,24,Yes,Yes,No,No internet service,No internet service,No internet service,No internet service,No internet service,No internet service,Two year,Yes,Mailed check,36.75,887.56,No,36.98166666666666,-0.23166666666666202,2,Developing,Low,0,0,0,0
Female,0,Yes,No,14,Yes,No,Fiber optic,Yes,No,Yes,No,No,Yes,One year,Yes,Electronic check,85.96,1121.87,No,80.13357142857141,5.826428571428579,4,Developing,High,1,1,0,1
Female,1,No,No,18,Yes,Yes,Fiber optic,No,No,Yes,Yes,No,No,Two year,Yes,Mailed check,87.31,1657.72,No,92.09555555555556,-4.785555555555561,4,Developing,High,0,0,1,0
Male,1,No,No,27,Yes,No,Fiber optic,No,No,Yes,Yes,Yes,No,One year,Yes,Credit card,87.79,2233.86,No,82.73555555555556,5.054444444444442,4,Established,High,1,0,1,0
Female,0,Yes,No,54,Yes,Yes,Fiber optic,No,No,No,No,No,Yes,Month-to-month,No,Electronic check,80.81,4287.38,No,79.39592592592592,1.4140740740740796,3,Loyal,High,2,1,0,0
Female,0,No,No,63,Yes,No,No,No internet service,No internet service,No internet service,No internet service,No internet service,No internet service,Month-to-month,Yes,Bank transfer,28.35,1832.79,No,29.09190476190476,-0.7419047619047596,1,Loyal,Low,2,0,0,0
Male,0,Yes,No,54,No,No phone service,DSL,No,No,Yes,No,Yes,No,Month-to-month,Yes,Mailed check,44.37,2621.03,Yes,48.537592592592596,-4.167592592592598,2,Loyal,Medium,2,0,0,0
Male,0,No,No,47,Yes,No,Fiber optic,No,No,No,Yes,No,Yes,One year,Yes,Bank transfer,90.86,4124.55,No,87.75638297872341,3.103617021276591,3,Established,High,1,0,1,0
Female,0,Yes,No,20,Yes,No,DSL,No,No,No,No,No,Yes,Month-to-month,No,Mailed check,50.95,1004.5,Yes,50.225,0.7250000000000014,2,Developing,Medium,2,0,0,0
Female,0,No,Yes,68,Yes,Yes,DSL,No,Yes,No,No,Yes,No,Month-to-month,Yes,Credit card,66.7,4342.68,No,63.86294117647059,2.8370588235294107,4,Loyal,Medium,2,0,0,0
Female,1,Yes,No,72,Yes,Yes,Fiber optic,No,Yes,No,No,No,No,One year,Yes,Mailed check,82.45,5920.29,No,82.22625,0.22375000000000966,3,Loyal,High,1,0,0,0
Male,0,Yes,No,46,Yes,Yes,Fiber optic,No,No,Yes,Yes,No,No,Month-to-month,Yes,Mailed check,87.06,3948.16,No,85.8295652173913,1.2304347826086968,4,Established,High,2,0,1,0
Female,0,Yes,Yes,57,Yes,No,No,No internet service,No internet service,No internet service,No internet service,No internet service,No internet service,Month-to-month,No,Electronic check,30.01,1709.26,No,29.98701754385965,0.022982456140351104,1,Loyal,Low,2,1,0,0
Female,0,No,Yes,22,Yes,No,Fiber optic,Yes,No,No,No,Yes,No,Month-to-month,Yes,Mailed check,86.08,2002.48,No,91.02181818181818,-4.941818181818178,3,Developing,High,2,0,0,1
Male,0,Yes,No,33,Yes,No,Fiber optic,No,No,No,No,No,No,Month-to-month,Yes,Electronic check,70.0,2374.9,Yes,71.96666666666667,-1.9666666666666686,1,Established,Medium,2,1,0,0
Female,0,No,Yes,58,Yes,Yes,No,No internet service,No internet service,No internet service,No internet service,No internet service,No internet service,Month-to-month,Yes,Bank transfer,37.87,2164.07,Yes,37.311551724137935,0.5584482758620624,2,Loyal,Low,2,0,0,0
Female,0,Yes,No,31,Yes,No,Fiber optic,No,Yes,No,Yes,Yes,Yes,One year,No,Mailed check,95.54,3014.22,No,97.23290322580644,-1.6929032258064325,5,Established,High,1,0,1,0
Male,0,No,No,55,Yes,Yes,Fiber optic,No,No,No,No,No,No,Two year,Yes,Bank transfer,71.5,3934.77,Yes,71.54127272727273,-0.041272727272726684,2,Loyal,High,0,0,0,0
Female,0,Yes,No,62,Yes,No,No,No internet service,No internet service,No internet service,No internet service,No internet service,No internet service,One year,Yes,Mailed check,27.78,1635.68,No,26.38193548387097,1.3980645161290326,1,Loyal,Low,1,0,0,0
Male,0,No,Yes,68,Yes,Yes,Fiber optic,No,Yes,No,No,No,No,Two year,No,Bank transfer,80.79,5485.82,No,80.67382352941176,0.11617647058824332,3,Loyal,High,0,0,0,0
Male,0,No,No,21,No,No phone service,Fiber optic,No,No,Yes,No,Yes,Yes,Month-to-month,Yes,Electronic check,83.13,1780.21,Yes,84.77190476190476,-1.6419047619047689,3,Developing,High,2,1,0,0
Female,0,Yes,No,35,Yes,No,Fiber optic,Yes,No,No,No,Yes,Yes,Month-to-month,Yes,Bank transfer,91.48,3495.72,No,99.87771428571428,-8.397714285714272,4,Established,High,2,0,0,1
Male,0,Yes,No,28,Yes,No,Fiber optic,Yes,No,Yes,No,Yes,Yes,Month-to-month,No,Credit card,94.19,2739.81,No,97.85035714285713,-3.660357142857137,5,Established,High,2,0,0,1
Male,1,No,No,37,No,No phone service,Fiber optic,No,Yes,No,No,Yes,No,One year,No,Mailed check,75.26,2839.44,No,76.74162162162162,-1.4816216216216134,2,Established,High,1,0,0,0
Male,1,Yes,No,54,Yes,No,Fiber optic,No,No,No,No,Yes,No,Month-to-month,No,Electronic check,77.35,4031.44,No,74.6562962962963,2.69370370370369,2,Loyal,High,2,1,0,0
Female,0,Yes,Yes,24,Yes,Yes,Fiber optic,Yes,No,No,No,Yes,No,Two year,Yes,Bank transfer,86.44,2087.61,No,86.98375,-0.5437500000000028,4,Developing,High,0,0,0,1
Female,0,Yes,No,17,No,No phone service,DSL,No,No,No,No,Yes,No,One year,Yes,Electronic check,49.71,957.6,No,56.32941176470588,-6.61941176470588,1,Developing,Medium,1,1,0,0
Female,0,No,No,20,Yes,No,DSL,No,Yes,Yes,Yes,Yes,Yes,One year,Yes,Mailed check,77.12,1584.63,No,79.23150000000001,-2.1115000000000066,6,Developing,High,1,0,1,0
Male,0,No,No,56,Yes,Yes,Fiber optic,No,No,Yes,Yes,Yes,Yes,Month-to-month,No,Electronic check,108.42,6162.18,No,110.03892857142857,-1.6189285714285688,6,Loyal,Very High,2,1,1,0
Female,0,No,Yes,72,Yes,Yes,DSL,No,No,No,No,No,Yes,One year,Yes,Mailed check,59.07,4292.71,No,59.62097222222222,-0.5509722222222209,3,Loyal,Medium,1,0,0,0
Male,0,No,No,8,No,No phone service,Fiber optic,Yes,Yes,Yes,No,Yes,No,Month-to-month,Yes,Credit card,81.5,733.2,No,91.65,-10.150000000000006,4,New,High,2,0,0,1
Male,0,Yes,No,71,Yes,No,DSL,No,No,Yes,No,No,Yes,Month-to-month,Yes,Electronic check,49.38,3367.71,No,47.432535211267606,1.9474647887323968,3,Loyal,Medium,2,1,0,0
Male,0,Yes,No,3,Yes,Yes,DSL,No,No,Yes,No,No,Yes,One year,Yes,Mailed check,74.08,353.26,No,117.75333333333333,-43.67333333333333,4,New,High,1,0,0,0
Female,0,Yes,No,39,Yes,Yes,No,No internet service,No internet service,No internet service,No internet service,No internet service,No internet service,Month-to-month,Yes,Electronic check,36.98,1506.51,No,38.628461538461536,-1.6484615384615395,2,Established,Low,2,1,0,0
Female,0,Yes,Yes,10,Yes,Yes,Fiber optic,Yes,Yes,Yes,No,Yes,No,Two year,Yes,Electronic check,102.03,1114.2,No,111.42,-9.39,6,New,Very High,0,1,0,1
Male,0,Yes,Yes,69,Yes,Yes,Fiber optic,No,Yes,No,No,No,Yes,One year,No,Bank transfer,95.75,6617.13,No,95.9004347826087,-0.15043478260869847,4,Loyal,High,1,0,0,0
Female,0,No,No,55,No,No phone service,DSL,No,No,No,Yes,Yes,Yes,One year,Yes,Bank transfer,57.5,3205.13,No,58.27509090909091,-0.7750909090909133,3,Loyal,Medium,1,0,1,0
Female,0,Yes,No,26,Yes,No,DSL,Yes,No,No,No,Yes,No,Month-to-month,Yes,Credit card,55.1,1491.03,No,57.347307692307695,-2.247307692307693,3,Established,Medium,2,0,0,1
Male,0,Yes,Yes,50,Yes,Yes,DSL,Yes,Yes,No,No,Yes,Yes,Month-to-month,No,Electronic check,80.56,4013.87,No,80.2774,0.2826000000000022,6,Loyal,High,2,1,0,1
Male,0,Yes,No,62,No,No phone service,DSL,No,Yes,Yes,No,Yes,Yes,Month-to-month,Yes,Electronic check,61.02,3719.47,No,59.99145161290322,1.0285483870967838,4,Loyal,Medium,2,1,0,0
Male,0,Yes,Yes,16,Yes,No,DSL,No,No,Yes,No,Yes,No,One year,No,Mailed check,50.66,721.42,No,45.08875,5.571249999999999,3,Developing,Medium,1,0,0,0
Male,1,Yes,No,46,Yes,Yes,Fiber optic,No,No,Yes,No,No,No,Month-to-month,Yes,Bank transfer,88.01,4038.0,Yes,87.78260869565217,0.22739130434783306,3,Established,High,2,0,0,0
Female,0,Yes,No,22,Yes,No,DSL,Yes,No,No,Yes,No,No,Two year,Yes,Bank transfer,51.55,1064.58,No,48.38999999999999,3.1600000000000037,3,Developing,Medium,0,0,1,1
Female,1,Yes,Yes,52,No,No phone service,Fiber optic,No,Yes,Yes,No,No,No,Two year,Yes,Bank transfer,68.98,3528.88,No,67.86307692307693,1.1169230769230722,2,Loyal,Medium,0,0,0,0
Female,0,No,No,41,No,No phone service,Fiber optic,No,No,No,No,No,No,Month-to-month,Yes,Credit card,65.06,2785.01,No,67.92707317073172,-2.8670731707317145,0,Established,Medium,2,0,0,0
Female,0,No,No,52,Yes,No,DSL,No,Yes,Yes,Yes,Yes,Yes,One year,Yes,Electronic check,66.89,3608.02,No,69.385,-2.4950000000000045,6,Loyal,Medium,1,1,1,0
Male,0,No,No,46,Yes,No,No,No internet service,No internet service,No internet service,No internet service,No internet service,No internet service,Month-to-month,Yes,Credit card,28.31,1273.93,No,27.69413043478261,0.6158695652173876,1,Established,Low,2,0,0,0
Female,0,No,Yes,46,Yes,Yes,Fiber optic,Yes,No,Yes,No,Yes,No,Month-to-month,Yes,Credit card,94.94,4471.3,No,97.20217391304348,-2.2621739130434833,5,Established,High,2,0,0,1
Male,0,No,No,7,Yes,Yes,Fiber optic,No,No,No,No,No,Yes,Month-to-month,Yes,Electronic check,88.21,602.35,Yes,86.05,2.1599999999999966,3,New,High,2,1,0,0
Male,1,No,Yes,62,Yes,No,Fiber optic,No,Yes,No,Yes,No,No,Two year,Yes,Electronic check,82.35,5075.51,No,81.86306451612903,0.4869354838709654,3,Loyal,High,0,1,1,0
Male,0,Yes,Yes,13,Yes,No,Fiber optic,No,No,No,No,Yes,No,Two year,Yes,Bank transfer,79.84,1067.41,No,82.10846153846154,-2.268461538461537,2,Developing,High,0,0,0,0
Female,0,No,No,29,Yes,No,Fiber optic,No,No,No,No,No,No,Month-to-month,Yes,Mailed check,73.52,2072.34,No,71.46000000000001,2.059999999999988,1,Established,High,2,0,0,0
Female,0,Yes,No,37,Yes,Yes,No,No internet service,No internet service,No internet service,No internet service,No internet service,No internet service,Month-to-month,Yes,Electronic check,40.8,1482.64,No,40.07135135135135,0.7286486486486439,2,Established,Medium,2,1,0,0
Male,0,Yes,Yes,62,Yes,No,Fiber optic,No,Yes,No,No,No,No,Month-to-month,No,Mailed check,73.09,4638.87,No,74.82048387096773,-1.7304838709677313,2,Loyal,High,2,0,0,0
Male,0,Yes,No,46,Yes,No,Fiber optic,No,No,Yes,No,No,No,Month-to-month,Yes,Bank transfer,70.95,3290.21,No,71.52630434782608,-0.5763043478260812,2,Established,High,2,0,0,0
Female,0,Yes,No,14,No,No phone service,No,No internet service,No internet service,No internet service,No internet service,No internet service,No internet service,Month-to-month,Yes,Credit card,18.0,282.37,No,20.169285714285714,-2.1692857142857136,0,Developing,Low,2,0,0,0
Female,0,No,No,21,Yes,No,Fiber optic,Yes,No,No,Yes,No,Yes,Two year,Yes,Credit card,89.42,1859.58,No,88.55142857142857,0.8685714285714283,4,Developing,High,0,0,1,1
Male,0,Yes,No,15,Yes,No,No,No internet service,No internet service,No internet service,No internet service,No internet service,No internet service,Two year,Yes,Credit card,26.77,376.07,No,25.07133333333333,1.6986666666666679,1,Developing,Low,0,0,0,0
Male,0,No,No,43,Yes,No,Fiber optic,Yes,No,No,Yes,Yes,Yes,Month-to-month,Yes,Mailed check,91.51,3944.05,Yes,91.72209302325582,-0.21209302325581803,5,Established,High,2,0,1,1
Female,0,No,No,52,Yes,No,Fiber optic,No,No,No,No,No,Yes,Two year,Yes,Credit card,81.22,4285.49,No,82.41326923076923,-1.193269230769232,2,Loyal,High,0,0,0,0
Female,0,Yes,Yes,52,Yes,No,Fiber optic,No,No,Yes,No,No,No,One year,Yes,Electronic check,77.21,4042.31,No,77.73673076923077,-0.526730769230781,2,Loyal,High,1,1,0,0
Male,0,Yes,No,55,No,No phone service,Fiber optic,Yes,No,No,No,No,No,One year,Yes,Mailed check,73.21,4075.16,No,74.09381818181818,-0.8838181818181852,1,Loyal,High,1,0,0,1
Male,0,Yes,No,51,Yes,No,DSL,Yes,No,No,No,No,Yes,Two year,Yes,Credit card,59.03,2866.3,No,56.20196078431373,2.8280392156862746,3,Loyal,Medium,0,0,0,1
Male,0,Yes,No,65,Yes,Yes,Fiber optic,No,No,No,Yes,No,No,Month-to-month,Yes,Credit card,84.14,5388.72,No,82.90338461538462,1.2366153846153765,3,Loyal,High,2,0,1,0
Female,0,No,Yes,66,Yes,No,DSL,No,No,No,No,No,No,Month-to-month,No,Bank transfer,44.32,2876.01,No,43.57590909090909,0.7440909090909074,1,Loyal,Medium,2,0,0,0
Female,0,No,No,20,Yes,Yes,Fiber optic,No,Yes,No,No,Yes,Yes,Month-to-month,No,Electronic check,87.47,1784.16,No,89.208,-1.7379999999999995,5,Developing,High,2,1,0,0
Male,0,No,No,22,Yes,Yes,Fiber optic,Yes,Yes,Yes,No,No,Yes,One year,Yes,Electronic check,96.81,2158.96,No,98.13454545454546,-1.3245454545454578,6,Developing,High,1,1,0,1
Male,0,Yes,No,5,Yes,Yes,No,No internet service,No internet service,No internet service,No internet service,No internet service,No internet service,Month-to-month,No,Bank transfer,32.02,212.03,No,42.406,-10.385999999999996,2,New,Low,2,0,0,0
Male,0,No,Yes,20,Yes,Yes,DSL,No,No,No,No,No,Yes,Month-to-month,Yes,Electronic check,54.55,1063.37,No,53.168499999999995,1.3815000000000026,3,Developing,Medium,2,1,0,0
Female,0,No,Yes,37,Yes,Yes,Fiber optic,No,No,Yes,No,No,Yes,Month-to-month,No,Electronic check,89.66,3325.98,Yes,89.89135135135135,-0.23135135135134988,4,Established,High,2,1,0,0
Female,0,Yes,No,48,Yes,Yes,Fiber optic,No,No,No,Yes,No,No,Month-to-month,No,Credit card,85.65,4252.92,No,88.6025,-2.9525000000000006,3,Established,High,2,0,1,0
Female,0,Yes,Yes,64,Yes,No,Fiber optic,No,No,Yes,No,No,No,Month-to-month,Yes,Electronic check,73.11,4681.68,No,73.15125,-0.041250000000005116,2,Loyal,High,2,1,0,0
Female,0,Yes,No,43,Yes,No,DSL,No,No,No,No,No,Yes,Month-to-month,Yes,Mailed check,54.55,2196.88,No,51.09023255813954,3.459767441860457,2,Established,Medium,2,0,0,0
Male,0,Yes,No,70,Yes,No,Fiber optic,No,No,No,No,No,No,Two year,No,Electronic check,67.68,4776.38,No,68.234,-0.5539999999999878,1,Loyal,Medium,0,1,0,0
Female,0,No,No,40,No,No phone service,Fiber optic,No,No,Yes,Yes,No,Yes,One year,No,Electronic check,78.36,3229.06,No,80.7265,-2.366500000000002,3,Established,High,1,1,1,0
Male,1,No,No,62,Yes,No,DSL,No,No,Yes,No,Yes,No,Month-to-month,Yes,Electronic check,55.57,3536.67,No,57.043064516129036,-1.4730645161290354,3,Loyal,Medium,2,1,0,0
Male,0,Yes,Yes,59,Yes,Yes,Fiber optic,No,No,No,No,Yes,No,Two year,Yes,Electronic check,85.19,5000.0,No,84.7457627118644,0.4442372881355965,3,Loyal,High,0,1,0,0
Male,0,No,No,36,Yes,Yes,DSL,Yes,No,Yes,No,Yes,No,Two year,No,Mailed check,72.32,2582.73,No,71.7425,0.5774999999999864,5,Established,High,0,0,0,1
Male,0,Yes,No,63,Yes,No,Fiber optic,No,No,Yes,No,No,No,Month-to-month,No,Mailed check,81.84,5216.44,No,82.80063492063492,-0.9606349206349165,2,Loyal,High,2,0,0,0
Female,0,Yes,No,63,No,No phone service,No,No internet service,No internet service,No internet service,No internet service,No internet service,No internet service,One year,No,Mailed check,18.0,1145.34,No,18.18,-0.17999999999999972,0,Loyal,Low,1,0,0,0
Male,0,No,No,23,Yes,No,DSL,No,No,No,No,No,Yes,Month-to-month,Yes,Credit card,52.14,1243.0,No,54.04347826086956,-1.9034782608695622,2,Developing,Medium,2,0,0,0
Female,0,No,Yes,16,Yes,No,DSL,No,No,No,No,Yes,No,Month-to-month,Yes,Mailed check,57.5,874.09,No,54.630625,2.869374999999998,2,Developing,Medium,2,0,0,0
Female,0,No,No,9,Yes,Yes,No,No internet service,No internet service,No internet service,No internet service,No internet service,No internet service,One year,Yes,Bank transfer,33.63,331.85,No,36.87222222222223,-3.2422222222222246,2,New,Low,1,0,0,0
Female,0,Yes,No,67,Yes,No,DSL,No,Yes,No,No,No,Yes,Month-to-month,Yes,Bank transfer,60.01,3977.62,No,59.367462686567166,0.6425373134328325,3,Loyal,Medium,2,0,0,0
Female,0,No,No,32,Yes,No,Fiber optic,Yes,No,No,No,Yes,Yes,Month-to-month,Yes,Mailed check,86.98,2766.25,No,86.4453125,0.534687500000004,4,Established,High,2,0,0,1
Male,1,No,Yes,41,Yes,No,Fiber optic,No,No,Yes,Yes,No,No,Month-to-month,No,Electronic check,81.57,3257.79,No,79.45829268292682,2.1117073170731686,3,Established,High,2,1,1,0
Female,0,No,Yes,20,Yes,No,Fiber optic,No,Yes,No,Yes,No,No,Month-to-month,Yes,Credit card,82.39,1582.77,No,79.1385,3.251500000000007,3,Developing,High,2,0,1,0
Female,0,Yes,No,29,Yes,No,Fiber optic,No,No,No,Yes,Yes,Yes,Month-to-month,No,Mailed check,94.21,2617.33,No,90.25275862068965,3.9572413793103465,4,Established,High,2,0,1,0
Female,0,Yes,Yes,29,Yes,Yes,Fiber optic,No,Yes,Yes,No,Yes,Yes,Two year,Yes,Bank transfer,97.94,2714.66,No,93.60896551724137,4.331034482758625,6,Established,High,0,0,0,0
Female,0,No,No,42,Yes,Yes,No,No internet service,No internet service,No internet service,No internet service,No internet service,No internet service,Month-to-month,Yes,Mailed check,36.95,1476.66,No,35.15857142857143,1.7914285714285754,2,Established,Low,2,0,0,0
Male,0,No,No,13,Yes,No,Fiber optic,No,Yes,No,Yes,No,No,Month-to-month,Yes,Credit card,79.43,1066.4,Yes,82.03076923076924,-2.600769230769231,3,Developing,High,2,0,1,0
Female,1,No,No,57,Yes,No,Fiber optic,No,Yes,Yes,No,No,Yes,One year,Yes,Mailed check,80.44,4604.0,No,80.7719298245614,-0.3319298245613993,4,Loyal,High,1,0,0,0
Male,1,No,Yes,29,Yes,Yes,No,No internet service,No internet service,No internet service,No internet service,No internet service,No internet service,Month-to-month,Yes,Mailed check,32.5,1009.17,Yes,34.79896551724138,-2.2989655172413777,2,Established,Low,2,0,0,0
Female,0,No,Yes,18,Yes,Yes,DSL,Yes,Yes,No,No,Yes,Yes,One year,Yes,Mailed check,74.01,1295.39,No,71.96611111111112,2.043888888888887,6,Developing,High,1,0,0,1
Male,0,No,No,2,No,No phone service,No,No internet service,No internet service,No internet service,No internet service,No internet service,No internet service,Month-to-month,Yes,Bank transfer,21.71,18.0,No,9.0,12.71,0,New,Low,2,0,0,0
Female,0,Yes,No,8,No,No phone service,No,No internet service,No internet service,No internet service,No internet service,No internet service,No internet service,Month-to-month,No,Electronic check,18.0,172.03,No,21.50375,-3.50375,0,New,Low,2,1,0,0
Female,0,Yes,No,20,No,No phone service,No,No internet service,No internet service,No internet service,No internet service,No internet service,No internet service,Month-to-month,No,Credit card,20.36,405.51,No,20.2755,0.08449999999999847,0,Developing,Low,2,0,0,0
Female,0,Yes,No,53,Yes,No,DSL,No,No,No,No,Yes,Yes,Month-to-month,Yes,Credit card,60.05,3171.49,No,59.839433962264145,0.2105660377358518,3,Loyal,Medium,2,0,0,0
Male,1,No,No,62,Yes,Yes,Fiber optic,No,No,No,No,Yes,No,One year,Yes,Electronic check,86.59,5281.28,No,85.18193548387096,1.4080645161290448,3,Loyal,High,1,1,0,0
Male,0,Yes,Yes,69,Yes,Yes,No,No internet service,No internet service,No internet service,No internet service,No internet service,No internet service,One year,No,Electronic check,33.09,2253.55,No,32.66014492753624,0.4298550724637664,2,Loyal,Low,1,1,0,0
Female,0,Yes,No,22,Yes,Yes,DSL,No,Yes,Yes,No,Yes,No,Month-to-month,No,Credit card,64.08,1463.64,No,66.52909090909091,-2.4490909090909128,5,Developing,Medium,2,0,0,0
Male,0,No,No,46,No,No phone service,Fiber optic,No,Yes,No,No,Yes,No,Month-to-month,Yes,Electronic check,77.71,3478.1,No,75.61086956521739,2.0991304347826087,2,Established,High,2,1,0,0
Male,0,No,No,20,Yes,No,DSL,Yes,No,Yes,No,Yes,No,Two year,No,Electronic check,60.75,1067.93,No,53.3965,7.353499999999997,4,Developing,Medium,0,1,0,1
Female,1,Yes,No,11,Yes,Yes,DSL,No,Yes,No,No,No,No,Month-to-month,Yes,Electronic check,62.4,697.78,No,63.43454545454545,-1.0345454545454515,3,New,Medium,2,1,0,0
Female,0,Yes,No,40,Yes,Yes,No,No internet service,No internet service,No internet service,No internet service,No internet service,No internet service,Month-to-month,No,Electronic check,34.92,1331.85,No,33.29625,1.6237500000000011,2,Established,Low,2,1,0,0
Male,0,No,No,47,Yes,Yes,No,No internet service,No internet service,No internet service,No internet service,No internet service,No internet service,One year,Yes,Mailed check,35.28,1717.21,No,36.5363829787234,-1.2563829787234013,2,Established,Low,1,0,0,0
Male,1,Yes,No,55,Yes,No,DSL,No,No,Yes,Yes,No,No,Month-to-month,Yes,Bank transfer,58.43,3186.55,No,57.93727272727273,0.49272727272727224,3,Loyal,Medium,2,0,1,0
Male,0,Yes,No,9,Yes,No,DSL,Yes,No,No,No,Yes,Yes,Two year,Yes,Bank transfer,67.58,524.24,No,58.24888888888889,9.331111111111106,4,New,Medium,0,0,0,1
Female,0,Yes,Yes,54,Yes,No,Fiber optic,No,No,Yes,Yes,Yes,Yes,Month-to-month,Yes,Electronic check,93.7,5071.02,No,93.90777777777778,-0.20777777777777828,5,Loyal,High,2,1,1,0
Female,0,Yes,No,22,No,No phone service,DSL,Yes,No,No,No,Yes,Yes,Two year,Yes,Mailed check,55.26,1212.53,No,55.115,0.14499999999999602,3,Developing,Medium,0,0,0,1
Female,0,No,No,21,Yes,No,Fiber optic,Yes,Yes,No,No,Yes,No,Month-to-month,Yes,Electronic check,86.82,1820.14,No,86.67333333333333,0.14666666666666117,4,Developing,High,2,1,0,1
Female,0,Yes,No,3,Yes,No,Fiber optic,No,Yes,No,No,Yes,No,Month-to-month,No,Bank transfer,74.78,137.57,Yes,45.85666666666666,28.92333333333334,3,New,High,2,0,0,0
Male,0,Yes,Yes,15,Yes,Yes,Fiber optic,Yes,No,No,Yes,No,No,Month-to-month,Yes,Mailed check,90.93,1460.21,No,97.34733333333334,-6.417333333333332,4,Developing,High,2,0,1,1
Female,0,Yes,Yes,36,Yes,Yes,Fiber optic,No,Yes,Yes,No,Yes,No,Two year,Yes,Credit card,90.56,3212.15,No,89.22638888888889,1.3336111111111109,5,Established,High,0,0,0,0
Female,1,Yes,No,14,Yes,Yes,DSL,No,Yes,No,No,Yes,No,Month-to-month,No,Credit card,62.95,995.88,No,71.13428571428571,-8.184285714285707,4,Developing,Medium,2,0,0,0
Female,0,Yes,No,24,Yes,No,DSL,Yes,No,Yes,Yes,Yes,Yes,Month-to-month,No,Bank transfer,73.41,1624.22,No,67.67583333333333,5.734166666666667,6,Developing,High,2,0,1,1
Female,1,No,Yes,39,Yes,No,No,No internet service,No internet service,No internet service,No internet service,No internet service,No internet service,Two year,Yes,Mailed check,29.5,1219.46,No,31.26820512820513,-1.7682051282051283,1,Established,Low,0,0,0,0
Male,1,Yes,No,8,Yes,No,DSL,No,Yes,No,No,Yes,Yes,Month-to-month,No,Bank transfer,64.48,555.63,No,69.45375,-4.9737499999999955,4,New,Medium,2,0,0,0
Female,0,Yes,No,64,Yes,No,DSL,Yes,No,No,No,No,No,Month-to-month,No,Mailed check,53.66,3410.0,No,53.28125,0.3787499999999966,2,Loyal,Medium,2,0,0,1
Male,0,Yes,No,23,Yes,Yes,Fiber optic,Yes,Yes,No,No,Yes,No,Month-to-month,Yes,Credit card,96.06,2076.03,No,90.26217391304348,5.797826086956519,5,Developing,High,2,0,0,1
Female,0,No,Yes,55,No,No phone service,DSL,No,No,Yes,No,No,Yes,Two year,Yes,Credit card,46.74,2574.93,No,46.816909090909085,-0.07690909090908349,2,Loyal,Medium,0,0,0,0
Female,0,Yes,No,47,Yes,No,Fiber optic,Yes,No,No,No,Yes,Yes,Month-to-month,No,Credit card,85.76,3882.23,No,82.60063829787234,3.1593617021276685,4,Established,High,2,0,0,1
Female,0,No,No,55,Yes,Yes,No,No internet service,No internet service,No internet service,No internet service,No internet service,No internet service,Month-to-month,Yes,Bank transfer,33.92,1828.6,No,33.24727272727272,0.6727272727272791,2,Loyal,Low,2,0,0,0
Male,0,No,No,21,No,No phone service,DSL,No,Yes,No,No,No,No,Two year,Yes,Bank transfer,45.86,1025.56,No,48.836190476190474,-2.9761904761904745,1,Developing,Medium,0,0,0,0
Female,0,No,No,13,Yes,Yes,Fiber optic,No,Yes,No,No,Yes,Yes,One year,No,Mailed check,98.14,1259.43,No,96.87923076923077,1.2607692307692275,5,Developing,High,1,0,0,0
Female,0,No,Yes,11,Yes,No,DSL,No,No,No,No,No,Yes,Month-to-month,No,Electronic check,55.54,594.39,No,54.03545454545454,1.5045454545454575,2,New,Medium,2,1,0,0
Male,0,Yes,Yes,17,Yes,No,Fiber optic,Yes,No,No,Yes,No,No,One year,No,Bank transfer,78.97,1452.19,No,85.42294117647059,-6.452941176470588,3,Developing,High,1,0,1,1
Male,0,No,No,40,Yes,No,Fiber optic,No,No,No,Yes,Yes,No,Month-to-month,No,Credit card,86.01,3450.39,No,86.25975,-0.2497499999999917,3,Established,High,2,0,1,0
Female,0,No,No,45,Yes,Yes,No,No internet service,No internet service,No internet service,No internet service,No internet service,No internet service,Month-to-month,Yes,Credit card,36.39,1774.08,No,39.424,-3.033999999999999,2,Established,Low,2,0,0,0
Male,0,Yes,Yes,55,Yes,Yes,DSL,No,No,No,No,Yes,Yes,Month-to-month,No,Credit card,64.64,3528.14,No,64.148,0.49200000000000443,4,Loyal,Medium,2,0,0,0
Male,1,No,No,70,No,No phone service,Fiber optic,No,No,Yes,Yes,Yes,No,One year,Yes,Mailed check,77.95,5537.34,No,79.10485714285714,-1.1548571428571393,3,Loyal,High,1,0,1,0
Female,1,Yes,Yes,60,Yes,No,No,No internet service,No internet service,No internet service,No internet service,No internet service,No internet service,One year,No,Bank transfer,31.25,1862.29,No,31.038166666666665,0.21183333333333465,1,Loyal,Low,1,0,0,0
Male,0,No,No,26,Yes,No,Fiber optic,No,No,No,No,No,Yes,Month-to-month,Yes,Bank transfer,83.01,2185.25,No,84.04807692307692,-1.0380769230769147,2,Established,High,2,0,0,0
Female,0,No,No,34,Yes,Yes,Fiber optic,Yes,No,No,Yes,Yes,Yes,Month-to-month,Yes,Mailed check,94.08,3132.01,No,92.1179411764706,1.9620588235294036,6,Established,High,2,0,1,1
Female,0,No,No,69,Yes,No,DSL,Yes,No,No,No,No,No,Month-to-month,Yes,Electronic check,52.06,3611.49,No,52.34043478260869,-0.2804347826086868,2,Loyal,Medium,2,1,0,1
Male,0,Yes,No,52,Yes,No,Fiber optic,No,No,No,Yes,Yes,No,One year,No,Bank transfer,75.58,3954.75,No,76.05288461538461,-0.4728846153846149,3,Loyal,High,1,0,1,0
Female,0,No,No,31,Yes,Yes,Fiber optic,Yes,Yes,Yes,Yes,Yes,Yes,One year,Yes,Electronic check,108.0,3357.37,No,108.30225806451612,-0.30225806451612414,8,Established,Very High,1,1,1,1
Male,0,No,Yes,60,Yes,Yes,DSL,Yes,No,Yes,No,Yes,Yes,One year,Yes,Bank transfer,78.87,4592.81,No,76.54683333333334,2.3231666666666655,6,Loyal,High,1,0,0,1
Male,0,Yes,No,10,Yes,No,Fiber optic,Yes,Yes,Yes,No,No,Yes,Two year,Yes,Credit card,92.46,1006.18,No,100.618,-8.158000000000001,5,New,High,0,0,0,1
Female,0,No,Yes,49,Yes,Yes,Fiber optic,No,Yes,No,No,Yes,No,Two year,No,Bank transfer,85.75,4225.8,No,86.24081632653062,-0.49081632653062,4,Loyal,High,0,0,0,0
Female,0,No,Yes,69,No,No phone service,Fiber optic,No,Yes,Yes,No,No,No,Two year,No,Electronic check,70.24,4881.25,No,70.7427536231884,-0.5027536231884113,2,Loyal,High,0,1,0,0
Female,1,No,No,38,No,No phone service,No,No internet service,No internet service,No internet service,No internet service,No internet service,No internet service,One year,Yes,Mailed check,23.72,1021.78,No,26.888947368421054,-3.1689473684210547,0,Established,Low,1,0,0,0
Male,0,No,No,45,Yes,No,Fiber optic,No,Yes,No,Yes,Yes,Yes,Month-to-month,No,Mailed check,94.32,4237.87,No,94.17488888888889,0.14511111111110608,5,Established,High,2,0,1,0
Female,0,Yes,No,5,Yes,No,Fiber optic,No,Yes,No,No,Yes,No,One year,Yes,Bank transfer,81.99,463.78,No,92.756,-10.766000000000005,3,New,High,1,0,0,0
Female,1,Yes,Yes,44,No,No phone service,Fiber optic,No,Yes,No,No,No,No,Month-to-month,No,Electronic check,71.08,3188.68,Yes,72.47,-1.3900000000000006,1,Established,High,2,1,0,0
Male,0,Yes,Yes,21,Yes,No,Fiber optic,No,No,No,Yes,Yes,No,Month-to-month,Yes,Mailed check,85.11,1764.75,Yes,84.03571428571429,1.0742857142857076,3,Developing,High,2,0,1,0
Male,0,Yes,Yes,72,Yes,Yes,Fiber optic,No,No,Yes,No,No,Yes,Month-to-month,No,Credit card,87.46,6297.16,No,87.46055555555556,-0.0005555555555645242,4,Loyal,High,2,0,0,0
Male,0,Yes,No,24,No,No phone service,DSL,Yes,Yes,No,Yes,No,No,Month-to-month,Yes,Electronic check,55.45,1267.19,No,52.79958333333334,2.650416666666665,3,Developing,Medium,2,1,1,1
Female,1,No,No,23,Yes,Yes,Fiber optic,No,No,No,Yes,No,Yes,One year,No,Bank transfer,87.98,1827.18,No,79.44260869565218,8.537391304347821,4,Developing,High,1,0,1,0
Male,0,Yes,No,29,Yes,No,Fiber optic,Yes,No,No,No,No,Yes,Month-to-month,No,Credit card,82.38,2328.57,No,80.29551724137932,2.0844827586206804,3,Established,High,2,0,0,1
Male,0,No,No,51,Yes,No,Fiber optic,No,No,No,Yes,Yes,No,Month-to-month,No,Credit card,75.13,3720.87,No,72.95823529411764,2.171764705882353,3,Loyal,High,2,0,1,0
Male,0,Yes,No,69,Yes,No,DSL,No,No,No,Yes,No,No,Two year,Yes,Credit card,48.73,3241.9,No,46.984057971014494,1.7459420289855032,2,Loyal,Medium,0,0,1,0
Female,0,Yes,No,25,Yes,Yes,DSL,No,No,No,No,No,No,One year,No,Bank transfer,53.62,1283.59,Yes,51.343599999999995,2.2764000000000024,2,Established,Medium,1,0,0,0
Male,0,No,No,16,Yes,No,Fiber optic,No,Yes,Yes,No,No,No,Month-to-month,No,Mailed check,75.51,1396.97,No,87.310625,-11.800624999999997,3,Developing,High,2,0,0,0
Female,0,No,No,56,Yes,No,DSL,Yes,No,Yes,No,Yes,Yes,Month-to-month,Yes,Mailed check,68.68,3752.53,No,67.00946428571429,1.6705357142857196,5,Loyal,Medium,2,0,0,1
Male,0,Yes,No,39,No,No phone service,Fiber optic,No,Yes,Yes,Yes,No,No,Month-to-month,Yes,Electronic check,70.56,2792.36,No,71.59897435897436,-1.0389743589743574,3,Established,High,2,1,1,0
Female,0,No,No,33,Yes,No,Fiber optic,No,No,No,No,No,Yes,Two year,No,Electronic check,79.81,2482.97,No,75.24151515151515,4.568484848484857,2,Established,High,0,1,0,0
Female,0,Yes,Yes,72,Yes,No,DSL,Yes,No,No,No,No,Yes,Month-to-month,Yes,Bank transfer,63.57,4600.29,No,63.892916666666665,-0.3229166666666643,3,Loyal,Medium,2,0,0,1
Male,0,Yes,Yes,36,Yes,No,No,No internet service,No internet service,No internet service,No internet service,No internet service,No internet service,Two year,No,Electronic check,23.97,916.56,No,25.459999999999997,-1.4899999999999984,1,Established,Low,0,1,0,0
Male,0,Yes,No,45,Yes,Yes,Fiber optic,No,No,No,No,No,No,Month-to-month,No,Electronic check,70.67,3090.56,No,68.67911111111111,1.9908888888888896,2,Established,High,2,1,0,0
Male,0,No,No,71,Yes,Yes,DSL,No,No,No,No,No,Yes,One year,Yes,Credit card,62.16,4360.9,No,61.421126760563375,0.7388732394366215,3,Loyal,Medium,1,0,0,0
Female,0,Yes,No,16,Yes,No,No,No internet service,No internet service,No internet service,No internet service,No internet service,No internet service,Month-to-month,No,Electronic check,28.99,388.71,No,24.294375,4.695625,1,Developing,Low,2,1,0,0
Male,1,No,No,65,Yes,No,Fiber optic,Yes,Yes,Yes,No,No,No,Month-to-month,Yes,Electronic check,86.79,5680.73,No,87.39584615384615,-0.6058461538461444,4,Loyal,High,2,1,0,1
Female,1,No,Yes,70,Yes,No,Fiber optic,No,Yes,Yes,Yes,No,No,Month-to-month,Yes,Bank transfer,87.8,6168.52,No,88.12171428571429,-0.32171428571429317,4,Loyal,High,2,0,1,0
Male,0,Yes,No,34,Yes,No,DSL,No,No,No,No,No,No,Month-to-month,Yes,Electronic check,46.55,1646.05,No,48.41323529411765,-1.8632352941176507,1,Established,Medium,2,1,0,0
Male,0,No,No,25,Yes,No,No,No internet service,No internet service,No internet service,No internet service,No internet service,No internet service,Two year,No,Mailed check,33.46,823.39,No,32.9356,0.5244,1,Established,Low,0,0,0,0
Male,0,Yes,Yes,12,Yes,Yes,DSL,Yes,Yes,Yes,No,Yes,No,One year,No,Electronic check,80.92,847.84,No,70.65333333333334,10.266666666666666,6,New,High,1,1,0,1
Male,0,Yes,No,4,Yes,Yes,Fiber optic,Yes,Yes,Yes,No,Yes,No,Month-to-month,No,Bank transfer,106.65,337.11,Yes,84.2775,22.372500000000002,6,New,Very High,2,0,0,1
Male,0,Yes,No,71,Yes,Yes,No,No internet service,No internet service,No internet service,No internet service,No internet service,No internet service,One year,No,Bank transfer,43.25,2961.36,No,41.70929577464789,1.5407042253521084,2,Loyal,Medium,1,0,0,0
Male,1,Yes,Yes,32,Yes,Yes,No,No internet service,No internet service,No internet service,No internet service,No internet service,No internet service,Month-to-month,Yes,Bank transfer,32.14,958.94,No,29.966875,2.173124999999999,2,Established,Low,2,0,0,0
Female,0,Yes,Yes,49,No,No phone service,Fiber optic,Yes,No,Yes,Yes,No,Yes,Two year,Yes,Electronic check,88.28,4278.16,No,87.30938775510204,0.9706122448979642,4,Loyal,High,0,1,1,1
Female,0,Yes,No,18,Yes,No,DSL,No,Yes,No,Yes,No,Yes,Month-to-month,Yes,Bank transfer,63.76,1109.42,No,61.63444444444445,2.1255555555555503,4,Developing,Medium,2,0,1,0
Female,1,No,No,24,Yes,Yes,DSL,No,No,Yes,No,No,Yes,Month-to-month,No,Electronic check,57.36,1363.87,No,56.82791666666666,0.5320833333333397,4,Developing,Medium,2,1,0,0
Male,0,Yes,No,59,Yes,No,No,No internet service,No internet service,No internet service,No internet service,No internet service,No internet service,Month-to-month,No,Bank transfer,30.07,1623.6,No,27.518644067796608,2.5513559322033927,1,Loyal,Low,2,0,0,0
Male,0,Yes,Yes,48,Yes,Yes,Fiber optic,No,No,No,Yes,No,Yes,Month-to-month,Yes,Electronic check,86.14,4198.97,No,87.47854166666667,-1.3385416666666714,4,Established,High,2,1,1,0
Female,0,No,Yes,16,Yes,No,No,No internet service,No internet service,No internet service,No internet service,No internet service,No internet service,Two year,No,Electronic check,28.0,469.59,No,29.349375,-1.3493749999999984,1,Developing,Low,0,1,0,0
Female,0,Yes,No,1,Yes,No,DSL,No,No,Yes,No,Yes,No,Month-to-month,No,Electronic check,53.44,22.13,Yes,22.13,31.31,3,New,Medium,2,1,0,0
Female,1,No,No,60,Yes,Yes,No,No internet service,No internet service,No internet service,No internet service,No internet service,No internet service,Month-to-month,Yes,Electronic check,40.22,2368.22,No,39.47033333333333,0.7496666666666698,2,Loyal,Medium,2,1,0,0
Female,0,No,Yes,6,Yes,No,DSL,No,Yes,No,No,No,No,Two year,Yes,Electronic check,47.42,241.79,No,40.29833333333333,7.12166666666667,2,New,Medium,0,1,0,0
Female,0,Yes,No,3,Yes,No,DSL,No,No,No,No,No,No,Month-to-month,No,Electronic check,43.05,98.76,No,32.92,10.129999999999995,1,New,Medium,2,1,0,0
Male,0,Yes,Yes,22,No,No phone service,No,No internet service,No internet service,No internet service,No internet service,No internet service,No internet service,Month-to-month,Yes,Credit card,24.56,574.94,No,26.133636363636366,-1.5736363636363677,0,Developing,Low,2,0,0,0
Male,1,Yes,No,67,No,No phone service,Fiber optic,No,Yes,Yes,No,Yes,Yes,One year,Yes,Mailed check,87.1,5822.09,No,86.89686567164179,0.20313432835820322,4,Loyal,High,1,0,0,0
Female,0,Yes,No,47,Yes,Yes,Fiber optic,No,No,Yes,No,No,No,Month-to-month,Yes,Bank transfer,89.18,4213.02,No,89.63872340425533,-0.45872340425532343,3,Established,High,2,0,0,0
Female,0,Yes,No,4,Yes,No,Fiber optic,Yes,No,No,Yes,No,Yes,Two year,Yes,Electronic check,90.55,367.71,No,91.9275,-1.3774999999999977,4,New,High,0,1,1,1
Male,0,No,No,67,Yes,No,No,No internet service,No internet service,No internet service,No internet service,No internet service,No internet service,One year,Yes,Electronic check,32.4,2121.84,No,31.669253731343286,0.7307462686567128,1,Loyal,Low,1,1,0,0
Male,1,No,Yes,68,Yes,Yes,DSL,Yes,No,No,No,Yes,Yes,Month-to-month,No,Credit card,67.83,4482.71,No,65.92220588235294,1.9077941176470574,5,Loyal,Medium,2,0,0,1
Male,0,Yes,No,51,Yes,Yes,DSL,No,No,No,No,No,No,Month-to-month,No,Electronic check,54.39,2882.95,No,56.528431372549015,-2.1384313725490145,2,Loyal,Medium,2,1,0,0
Female,0,No,No,6,Yes,No,Fiber optic,Yes,No,Yes,No,No,No,Month-to-month,No,Credit card,87.31,572.37,Yes,95.395,-8.084999999999994,3,New,High,2,0,0,1
Female,1,Yes,Yes,2,Yes,No,No,No internet service,No internet service,No internet service,No internet service,No internet service,No internet service,Month-to-month,Yes,Bank transfer,23.65,149.32,No,74.66,-51.01,1,New,Low,2,0,0,0
Female,0,No,No,63,No,No phone service,No,No internet service,No internet service,No internet service,No internet service,No internet service,No internet service,One year,Yes,Mailed check,20.04,1221.82,No,19.393968253968254,0.6460317460317455,0,Loyal,Low,1,0,0,0
Male,0,No,Yes,60,Yes,No,Fiber optic,No,No,No,No,Yes,Yes,One year,Yes,Bank transfer,83.6,5042.34,No,84.039,-0.43900000000000716,3,Loyal,High,1,0,0,0
Male,0,Yes,Yes,60,Yes,No,Fiber optic,No,Yes,No,No,Yes,Yes,Month-to-month,Yes,Bank transfer,90.1,5356.49,No,89.27483333333333,0.8251666666666608,4,Loyal,High,2,0,0,0
Male,0,Yes,No,36,No,No phone service,Fiber optic,No,No,No,No,Yes,No,One year,Yes,Credit card,72.05,2645.98,No,73.49944444444445,-1.4494444444444525,1,Established,High,1,0,0,0
Female,0,Yes,No,43,Yes,No,DSL,No,No,No,No,Yes,Yes,Month-to-month,No,Mailed check,60.54,2728.49,No,63.45325581395348,-2.9132558139534837,3,Established,Medium,2,0,0,0
Female,0,No,Yes,13,Yes,No,DSL,No,No,No,No,Yes,Yes,Two year,No,Electronic check,68.11,1006.57,No,77.42846153846155,-9.318461538461548,3,Developing,Medium,0,1,0,0
Male,0,Yes,Yes,3,Yes,Yes,DSL,No,No,No,No,No,No,Month-to-month,No,Bank transfer,43.58,133.45,No,44.48333333333333,-0.9033333333333289,2,New,Medium,2,0,0,0
Male,0,No,Yes,16,Yes,No,DSL,No,No,No,No,Yes,No,Two year,Yes,Electronic check,42.26,734.92,No,45.9325,-3.6724999999999994,2,Developing,Medium,0,1,0,0
Male,0,Yes,No,45,Yes,No,DSL,No,No,Yes,No,No,No,Month-to-month,No,Mailed check,50.0,2291.22,No,50.916,-0.9159999999999968,2,Established,Medium,2,0,0,0
Female,1,Yes,No,29,Yes,No,DSL,No,No,No,No,No,Yes,Month-to-month,No,Bank transfer,58.11,1696.16,Yes,58.48827586206897,-0.3782758620689677,2,Established,Medium,2,0,0,0
Female,0,No,Yes,45,Yes,No,No,No internet service,No internet service,No internet service,No internet service,No internet service,No internet service,Month-to-month,Yes,Electronic check,27.38,1266.39,Yes,28.142000000000003,-0.762000000000004,1,Established,Low,2,1,0,0
Female,0,Yes,No,32,Yes,No,DSL,Yes,Yes,No,No,No,Yes,Two year,Yes,Credit card,61.32,1900.39,No,59.3871875,1.9328124999999972,4,Established,Medium,0,0,0,1
Male,0,Yes,No,41,Yes,No,No,No internet service,No internet service,No internet service,No internet service,No internet service,No internet service,Two year,Yes,Credit card,20.4,713.34,No,17.398536585365854,3.001463414634145,1,Established,Low,0,0,0,0
Male,0,No,No,69,Yes,Yes,No,No internet service,No internet service,No internet service,No internet service,No internet service,No internet service,One year,No,Electronic check,33.78,2365.31,No,34.27985507246377,-0.4998550724637667,2,Loyal,Low,1,1,0,0
Male,0,Yes,No,46,Yes,Yes,Fiber optic,No,No,No,No,No,Yes,Month-to-month,No,Electronic check,81.88,3678.71,No,79.97195652173913,1.9080434782608648,3,Established,High,2,1,0,0
Female,0,No,No,69,Yes,Yes,Fiber optic,No,Yes,No,No,Yes,No,One year,No,Mailed check,88.32,6026.22,No,87.33652173913043,0.9834782608695605,4,Loyal,High,1,0,0,0
Male,0,No,No,70,No,No phone service,DSL,Yes,Yes,Yes,No,No,Yes,Month-to-month,Yes,Electronic check,59.43,4124.78,No,58.92542857142857,0.5045714285714311,4,Loyal,Medium,2,1,0,1
Female,0,Yes,No,45,Yes,No,DSL,No,No,Yes,No,No,No,One year,No,Electronic check,53.76,2539.48,No,56.43288888888889,-2.6728888888888918,2,Established,Medium,1,1,0,0
Male,0,No,Yes,72,Yes,No,Fiber optic,No,Yes,No,No,No,No,Month-to-month,Yes,Credit card,73.26,5269.28,No,73.18444444444444,0.07555555555556737,2,Loyal,High,2,0,0,0
Male,1,Yes,Yes,18,Yes,Yes,Fiber optic,No,No,No,No,No,Yes,Two year,Yes,Electronic check,80.59,1380.01,No,76.66722222222222,3.9227777777777817,3,Developing,High,0,1,0,0
Male,0,No,Yes,38,Yes,No,Fiber optic,Yes,No,No,Yes,No,Yes,One year,No,Electronic check,87.07,3209.97,No,84.4728947368421,2.5971052631579,4,Established,High,1,1,1,1
Male,0,No,No,6,Yes,No,No,No internet service,No internet service,No internet service,No internet service,No internet service,No internet service,Month-to-month,Yes,Mailed check,27.92,153.27,No,25.545,2.375,1,New,Low,2,0,0,0
Male,0,No,Yes,7,No,No phone service,Fiber optic,Yes,Yes,No,No,No,Yes,One year,No,Electronic check,74.1,501.41,No,71.63000000000001,2.4699999999999847,3,New,High,1,1,0,1
Female,0,No,No,10,Yes,No,Fiber optic,No,No,No,Yes,No,No,Month-to-month,Yes,Credit card,76.5,671.51,No,67.151,9.349000000000004,2,New,High,2,0,1,0
Female,0,Yes,Yes,10,Yes,Yes,DSL,No,Yes,Yes,Yes,No,Yes,Month-to-month,No,Credit card,69.94,710.06,No,71.006,-1.0660000000000025,6,New,Medium,2,0,1,0
Male,1,No,No,30,Yes,Yes,No,No internet service,No internet service,No internet service,No internet service,No internet service,No internet service,Month-to-month,Yes,Mailed check,37.61,996.75,No,33.225,4.384999999999998,2,Established,Low,2,0,0,0
Male,1,Yes,Yes,52,Yes,Yes,No,No internet service,No internet service,No internet service,No internet service,No internet service,No internet service,Month-to-month,No,Electronic check,32.89,1624.04,No,31.23153846153846,1.658461538461541,2,Loyal,Low,2,1,0,0
Female,0,No,No,71,Yes,No,Fiber optic,No,No,No,No,No,No,Month-to-month,No,Credit card,65.45,4755.9,No,66.98450704225351,-1.5345070422535088,1,Loyal,Medium,2,0,0,0
Male,1,Yes,No,71,Yes,No,Fiber optic,Yes,No,No,No,No,Yes,One year,Yes,Bank transfer,93.09,6515.77,No,91.77140845070423,1.3185915492957747,3,Loyal,High,1,0,0,1
Female,0,Yes,No,13,Yes,No,Fiber optic,No,No,Yes,No,No,No,One year,No,Mailed check,75.42,969.57,No,74.5823076923077,0.8376923076923077,2,Developing,High,1,0,0,0
Male,0,Yes,No,32,Yes,No,DSL,No,Yes,No,No,No,No,Month-to-month,Yes,Mailed check,55.23,1797.95,Yes,56.1859375,-0.9559375000000045,2,Established,Medium,2,0,0,0
Female,0,Yes,No,32,Yes,No,No,No internet service,No internet service,No internet service,No internet service,No internet service,No internet service,Two year,Yes,Mailed check,27.71,1032.09,No,32.2528125,-4.542812499999997,1,Established,Low,0,0,0,0
Male,0,Yes,No,8,Yes,No,Fiber optic,Yes,No,Yes,No,No,Yes,Two year,No,Electronic check,92.25,859.63,No,107.45375,-15.20375,4,New,High,0,1,0,1
Female,0,Yes,No,3,Yes,Yes,Fiber optic,No,No,No,No,Yes,No,Month-to-month,Yes,Mailed check,86.95,312.7,Yes,104.23333333333333,-17.28333333333333,3,New,High,2,0,0,0
Female,1,No,No,26,Yes,Yes,Fiber optic,Yes,Yes,No,No,No,No,Month-to-month,Yes,Bank transfer,85.9,2147.05,No,82.57884615384616,3.321153846153848,4,Established,High,2,0,0,1
Male,0,No,No,62,No,No phone service,Fiber optic,No,No,Yes,Yes,No,No,Two year,No,Mailed check,75.89,4628.37,No,74.65112903225807,1.2388709677419314,2,Loyal,High,0,0,1,0
Male,0,Yes,No,28,Yes,No,DSL,No,Yes,No,No,No,No,Month-to-month,No,Bank transfer,55.75,1522.49,No,54.37464285714286,1.3753571428571405,2,Established,Medium,2,0,0,0
Female,0,No,No,28,Yes,No,Fiber optic,Yes,No,No,No,No,No,Month-to-month,No,Bank transfer,73.33,2247.91,No,80.2825,-6.952500000000001,2,Established,High,2,0,0,1
Male,0,Yes,No,72,Yes,No,DSL,Yes,No,Yes,No,Yes,Yes,Two year,Yes,Bank transfer,69.94,5075.15,No,70.48819444444445,-0.548194444444448,5,Loyal,Medium,0,0,0,1
Female,1,No,No,28,Yes,No,DSL,Yes,No,No,No,No,Yes,One year,No,Mailed check,66.36,1853.32,No,66.19,0.1700000000000017,3,Established,Medium,1,0,0,1
Female,0,Yes,No,50,Yes,No,DSL,No,No,No,No,Yes,No,Two year,No,Electronic check,53.79,2704.22,No,54.084399999999995,-0.294399999999996,2,Loyal,Medium,0,1,0,0
Female,0,No,Yes,71,Yes,No,Fiber optic,Yes,Yes,No,No,No,No,Two year,No,Bank transfer,84.45,6104.64,No,85.98084507042255,-1.5308450704225436,3,Loyal,High,0,0,0,1
Female,0,Yes,Yes,9,Yes,No,No,No internet service,No internet service,No internet service,No internet service,No internet service,No internet service,Month-to-month,Yes,Credit card,31.31,232.78,No,25.864444444444445,5.445555555555554,1,New,Low,2,0,0,0
Male,0,Yes,No,37,Yes,Yes,DSL,No,Yes,No,No,No,No,One year,No,Electronic check,62.37,2313.25,No,62.520270270270274,-0.15027027027027628,3,Established,Medium,1,1,0,0
Male,0,No,No,25,Yes,Yes,Fiber optic,No,Yes,Yes,Yes,Yes,Yes,One year,No,Credit card,109.99,2731.08,No,109.2432,0.7467999999999932,7,Established,Very High,1,0,1,0
Female,0,No,No,9,Yes,No,Fiber optic,No,No,Yes,No,No,Yes,Month-to-month,No,Credit card,71.1,581.6,No,64.62222222222222,6.477777777777774,3,New,High,2,0,0,0
Female,0,No,No,4,Yes,Yes,No,No internet service,No internet service,No internet service,No internet service,No internet service,No internet service,Month-to-month,No,Bank transfer,32.89,111.14,No,27.785,5.105,2,New,Low,2,0,0,0
Male,0,Yes,No,47,Yes,No,Fiber optic,Yes,No,No,Yes,No,No,Month-to-month,Yes,Electronic check,78.79,3730.77,No,79.37808510638298,-0.5880851063829766,3,Established,High,2,1,1,1
Male,0,Yes,No,48,Yes,No,No,No internet service,No internet service,No internet service,No internet service,No internet service,No internet service,One year,Yes,Bank transfer,29.17,1423.16,No,29.64916666666667,-0.47916666666666785,1,Established,Low,1,0,0,0
Female,0,No,No,41,Yes,No,Fiber optic,No,No,Yes,No,Yes,No,One year,Yes,Mailed check,78.48,3328.92,No,81.19317073170731,-2.713170731707308,3,Established,High,1,0,0,0
Female,0,Yes,Yes,49,No,No phone service,Fiber optic,No,No,Yes,Yes,No,No,Two year,No,Electronic check,71.57,3456.56,Yes,70.54204081632653,1.0279591836734596,2,Loyal,High,0,1,1,0
Female,1,Yes,No,52,Yes,Yes,Fiber optic,Yes,Yes,No,No,Yes,No,Month-to-month,Yes,Electronic check,88.97,4644.79,No,89.32288461538461,-0.35288461538461036,5,Loyal,High,2,1,0,1
Female,1,Yes,No,5,Yes,No,DSL,No,No,No,No,No,No,One year,Yes,Bank transfer,37.92,93.59,No,18.718,19.202,1,New,Low,1,0,0,0
Male,0,Yes,Yes,3,Yes,No,Fiber optic,Yes,Yes,Yes,No,Yes,Yes,Month-to-month,Yes,Mailed check,109.74,322.71,No,107.57,2.1700000000000017,6,New,Very High,2,0,0,1
Male,0,Yes,No,25,Yes,Yes,Fiber optic,No,No,No,No,No,No,Two year,No,Mailed check,75.28,1758.38,No,70.3352,4.944800000000001,2,Established,High,0,0,0,0
Male,1,Yes,No,41,Yes,No,Fiber optic,Yes,No,Yes,No,Yes,Yes,Month-to-month,No,Mailed check,99.1,4100.63,No,100.01536585365854,-0.9153658536585425,5,Established,High,2,0,0,1
Male,0,No,Yes,66,Yes,No,Fiber optic,No,Yes,Yes,No,No,No,One year,Yes,Mailed check,83.59,5661.59,No,85.78166666666667,-2.191666666666663,3,Loyal,High,1,0,0,0
Female,0,No,No,71,Yes,Yes,Fiber optic,No,No,No,No,No,No,Month-to-month,Yes,Mailed check,75.34,5431.22,No,76.49605633802817,-1.156056338028165,2,Loyal,High,2,0,0,0
Male,0,No,No,60,Yes,Yes,Fiber optic,No,Yes,No,No,No,No,Month-to-month,Yes,Mailed check,88.1,5254.35,No,87.5725,0.5274999999999892,3,Loyal,High,2,0,0,0
Male,0,No,No,21,Yes,No,DSL,Yes,No,Yes,No,No,No,Month-to-month,No,Electronic check,52.43,1178.51,Yes,56.11952380952381,-3.6895238095238128,3,Developing,Medium,2,1,0,1
Male,0,Yes,Yes,42,Yes,No,DSL,Yes,No,No,No,No,No,Two year,No,Mailed check,50.7,2010.13,No,47.860238095238095,2.8397619047619074,2,Established,Medium,0,0,0,1
Female,0,No,Yes,9,Yes,No,Fiber optic,Yes,Yes,No,No,Yes,No,Month-to-month,No,Electronic check,89.44,839.54,No,93.28222222222222,-3.842222222222219,4,New,High,2,1,0,1
Male,0,No,No,35,Yes,No,DSL,No,Yes,No,No,No,No,Two year,Yes,Bank transfer,51.13,1992.39,No,56.925428571428576,-5.795428571428573,2,Established,Medium,0,0,0,0
Female,1,No,Yes,8,Yes,No,No,No internet service,No internet service,No internet service,No internet service,No internet service,No internet service,Month-to-month,Yes,Mailed check,27.37,252.8,No,31.6,-4.23,1,New,Low,2,0,0,0
Male,0,Yes,No,72,Yes,Yes,DSL,Yes,No,No,Yes,No,No,Month-to-month,No,Credit card,55.19,3951.82,No,54.88638888888889,0.3036111111111097,4,Loyal,Medium,2,0,1,1
Male,0,No,No,33,Yes,No,DSL,No,No,No,Yes,No,Yes,Month-to-month,Yes,Mailed check,61.08,1988.3,No,60.25151515151515,0.8284848484848482,3,Established,Medium,2,0,1,0
Male,0,No,No,52,Yes,No,Fiber optic,No,No,No,No,No,Yes,Month-to-month,Yes,Electronic check,80.66,4215.79,No,81.07288461538461,-0.41288461538461263,2,Loyal,High,2,1,0,0
Male,0,No,No,8,Yes,Yes,DSL,No,No,No,No,Yes,Yes,Month-to-month,Yes,Electronic check,65.08,516.23,Yes,64.52875,0.551249999999996,4,New,Medium,2,1,0,0
Male,0,No,No,69,Yes,Yes,Fiber optic,No,No,No,Yes,No,No,Month-to-month,Yes,Electronic check,85.74,5876.96,No,85.17333333333333,0.5666666666666629,3,Loyal,High,2,1,1,0
Female,0,No,Yes,38,Yes,No,DSL,No,Yes,No,No,No,No,Month-to-month,Yes,Mailed check,52.0,1962.67,Yes,51.64921052631579,0.350789473684209,2,Established,Medium,2,0,0,0
Male,0,No,Yes,6,No,No phone service,DSL,No,Yes,Yes,No,Yes,No,One year,Yes,Bank transfer,59.42,222.19,No,37.031666666666666,22.388333333333335,3,New,Medium,1,0,0,0
Male,0,No,No,27,Yes,Yes,Fiber optic,No,Yes,No,No,Yes,Yes,Month-to-month,No,Electronic check,99.14,2734.36,Yes,101.2725925925926,-2.1325925925926015,5,Established,High,2,1,0,0
Female,0,No,No,16,Yes,Yes,Fiber optic,No,No,Yes,No,Yes,No,One year,No,Mailed check,87.81,1489.78,No,93.11125,-5.301249999999996,4,Developing,High,1,0,0,0
Female,0,No,Yes,5,No,No phone service,Fiber optic,Yes,No,Yes,No,No,Yes,One year,No,Electronic check,87.39,491.22,No,98.244,-10.854,3,New,High,1,1,0,1
Female,1,Yes,No,3,Yes,Yes,DSL,No,Yes,Yes,No,No,No,Month-to-month,No,Mailed check,59.44,148.94,No,49.64666666666667,9.79333333333333,4,New,Medium,2,0,0,0
Male,0,No,Yes,52,Yes,Yes,Fiber optic,No,No,Yes,Yes,Yes,No,Month-to-month,No,Bank transfer,81.9,4286.31,No,82.42903846153847,-0.5290384615384625,5,Loyal,High,2,0,1,0
Male,0,Yes,No,63,Yes,No,Fiber optic,Yes,No,Yes,Yes,No,No,Month-to-month,Yes,Electronic check,74.52,4726.2,No,75.01904761904761,-0.49904761904761585,4,Loyal,High,2,1,1,1
Male,0,Yes,No,48,Yes,No,DSL,No,Yes,Yes,No,No,No,Month-to-month,Yes,Electronic check,57.78,2748.12,Yes,57.2525,0.5275000000000034,3,Established,Medium,2,1,0,0
Male,0,Yes,No,50,No,No phone service,Fiber optic,Yes,No,No,Yes,No,No,Month-to-month,No,Bank transfer,62.94,3237.74,No,64.75479999999999,-1.814799999999991,2,Loyal,Medium,2,0,1,1
Male,0,Yes,No,3,No,No phone service,Fiber optic,No,No,No,No,No,No,One year,No,Mailed check,59.47,244.17,No,81.39,-21.92,0,New,Medium,1,0,0,0
Male,0,Yes,Yes,13,Yes,No,No,No internet service,No internet service,No internet service,No internet service,No internet service,No internet service,Month-to-month,Yes,Mailed check,32.48,501.12,No,38.54769230769231,-6.067692307692312,1,Developing,Low,2,0,0,0
Female,0,Yes,No,3,Yes,Yes,No,No internet service,No internet service,No internet service,No internet service,No internet service,No internet service,Two year,Yes,Bank transfer,24.95,99.82,Yes,33.27333333333333,-8.323333333333334,2,New,Low,0,0,0,0
Female,0,Yes,No,71,Yes,No,Fiber optic,No,No,No,No,No,No,One year,Yes,Electronic check,69.04,4780.22,No,67.32704225352113,1.712957746478878,1,Loyal,Medium,1,1,0,0
Female,1,No,No,54,Yes,No,DSL,Yes,No,Yes,No,Yes,Yes,Month-to-month,Yes,Credit card,69.7,3584.55,No,66.38055555555556,3.319444444444443,5,Loyal,Medium,2,0,0,1
Male,0,No,Yes,69,Yes,No,Fiber optic,No,No,No,No,No,No,One year,No,Bank transfer,63.84,4364.41,No,63.25231884057971,0.587681159420292,1,Loyal,Medium,1,0,0,0
Female,0,No,No,66,Yes,Yes,Fiber optic,Yes,No,Yes,No,Yes,Yes,Month-to-month,No,Mailed check,102.01,6663.74,No,100.96575757575758,1.0442424242424266,6,Loyal,Very High,2,0,0,1
Female,1,Yes,No,17,Yes,No,No,No internet service,No internet service,No internet service,No internet service,No internet service,No internet service,Month-to-month,Yes,Mailed check,27.23,456.33,No,26.84294117647059,0.38705882352941146,1,Developing,Low,2,0,0,0
Female,0,Yes,Yes,37,Yes,Yes,Fiber optic,No,No,No,No,No,No,Two year,Yes,Mailed check,79.46,2846.26,No,76.92594594594595,2.534054054054039,2,Established,High,0,0,0,0
Male,0,No,Yes,47,Yes,No,DSL,No,Yes,Yes,No,Yes,Yes,Month-to-month,Yes,Bank transfer,69.8,3187.42,No,67.81744680851064,1.9825531914893588,5,Established,Medium,2,0,0,0
Male,0,Yes,Yes,54,Yes,No,No,No internet service,No internet service,No internet service,No internet service,No internet service,No internet service,Month-to-month,Yes,Electronic check,26.04,1241.57,No,22.992037037037036,3.0479629629629628,1,Loyal,Low,2,1,0,0
Male,0,No,No,49,Yes,No,Fiber optic,Yes,Yes,No,No,No,No,Two year,No,Bank transfer,81.45,3878.88,No,79.16081632653061,2.2891836734693953,3,Loyal,High,0,0,0,1
Female,0,No,Yes,33,Yes,No,DSL,No,No,Yes,No,Yes,Yes,Two year,No,Electronic check,70.08,2275.33,No,68.94939393939394,1.1306060606060555,4,Established,High,0,1,0,0
Male,0,Yes,No,1,Yes,Yes,Fiber optic,No,No,No,No,No,Yes,Month-to-month,Yes,Bank transfer,89.52,40.54,No,40.54,48.98,3,New,High,2,0,0,0
Male,0,Yes,No,68,Yes,No,Fiber optic,No,No,Yes,No,No,No,One year,No,Credit card,77.39,5344.09,No,78.58955882352942,-1.199558823529415,2,Loyal,High,1,0,0,0
Male,0,Yes,No,50,No,No phone service,Fiber optic,Yes,Yes,Yes,No,Yes,Yes,One year,Yes,Electronic check,94.29,4686.97,No,93.7394,0.5506000000000029,5,Loyal,High,1,1,0,1
Female,0,No,Yes,61,Yes,No,No,No internet service,No internet service,No internet service,No internet service,No internet service,No internet service,One year,Yes,Mailed check,25.37,1417.64,No,23.240000000000002,2.129999999999999,1,Loyal,Low,1,0,0,0
Female,1,Yes,No,16,Yes,No,DSL,Yes,No,Yes,No,No,No,Month-to-month,No,Mailed check,54.95,854.77,No,53.423125,1.526875000000004,3,Developing,Medium,2,0,0,1
Male,1,No,Yes,8,Yes,No,DSL,No,No,No,No,Yes,No,Two year,Yes,Mailed check,54.87,475.35,No,59.41875,-4.548750000000005,2,New,Medium,0,0,0,0
Female,0,No,Yes,65,Yes,Yes,DSL,No,No,No,No,No,Yes,Month-to-month,No,Electronic check,60.99,3773.52,No,58.054153846153845,2.935846153846157,3,Loyal,Medium,2,1,0,0
Male,0,Yes,No,59,Yes,No,No,No internet service,No internet service,No internet service,No internet service,No internet service,No internet service,Month-to-month,Yes,Bank transfer,30.44,1891.66,No,32.06203389830509,-1.6220338983050873,1,Loyal,Low,2,0,0,0
Male,0,Yes,No,61,Yes,Yes,DSL,No,No,No,No,Yes,Yes,Month-to-month,No,Bank transfer,72.77,4471.28,No,73.29967213114753,-0.5296721311475352,4,Loyal,High,2,0,0,0
Female,0,Yes,No,32,Yes,Yes,Fiber optic,No,No,No,Yes,No,Yes,Month-to-month,Yes,Credit card,88.54,2943.72,No,91.99125,-3.4512499999999875,4,Established,High,2,0,1,0
Male,0,Yes,No,66,Yes,Yes,Fiber optic,Yes,No,No,Yes,Yes,Yes,Month-to-month,Yes,Bank transfer,95.08,6311.85,No,95.63409090909092,-0.5540909090909167,6,Loyal,High,2,0,1,1
Female,0,No,No,17,Yes,Yes,No,No internet service,No internet service,No internet service,No internet service,No internet service,No internet service,Month-to-month,No,Bank transfer,31.44,498.69,No,29.334705882352942,2.105294117647059,2,Developing,Low,2,0,0,0
Male,0,No,Yes,55,Yes,No,DSL,Yes,Yes,No,No,No,Yes,Month-to-month,Yes,Electronic check,63.83,3504.22,No,63.71309090909091,0.11690909090908974,4,Loyal,Medium,2,1,0,1
Female,0,No,No,36,Yes,Yes,DSL,Yes,No,No,No,No,Yes,Two year,No,Electronic check,63.51,2246.23,No,62.39527777777778,1.1147222222222197,4,Established,Medium,0,1,0,1
Female,0,Yes,No,12,Yes,No,No,No internet service,No internet service,No internet service,No internet service,No internet service,No internet service,Month-to-month,Yes,Bank transfer,23.09,341.95,No,28.495833333333334,-5.405833333333334,1,New,Low,2,0,0,0
Female,0,Yes,No,52,Yes,Yes,Fiber optic,Yes,Yes,No,No,No,No,Month-to-month,No,Bank transfer,86.83,4451.31,No,85.60211538461539,1.2278846153846104,4,Loyal,High,2,0,0,1
Female,0,No,Yes,26,No,No phone service,DSL,Yes,No,Yes,Yes,No,Yes,Two year,Yes,Credit card,57.04,1508.71,No,58.027307692307694,-0.9873076923076951,4,Established,Medium,0,0,1,1
Male,0,No,No,12,Yes,Yes,DSL,Yes,Yes,No,No,No,No,Month-to-month,Yes,Mailed check,65.34,874.51,No,72.87583333333333,-7.535833333333329,4,New,Medium,2,0,0,1
Female,0,No,Yes,52,Yes,Yes,No,No internet service,No internet service,No internet service,No internet service,No internet service,No internet service,One year,Yes,Electronic check,41.08,2153.08,No,41.40538461538461,-0.32538461538461405,2,Loyal,Medium,1,1,0,0
Female,1,No,Yes,56,No,No phone service,No,No internet service,No internet service,No internet service,No internet service,No internet service,No internet service,Month-to-month,No,Electronic check,24.67,1386.52,No,24.759285714285713,-0.08928571428571175,0,Loyal,Low,2,1,0,0
Female,0,No,No,24,Yes,Yes,Fiber optic,No,No,Yes,No,No,No,One year,No,Mailed check,78.29,1911.35,No,79.63958333333333,-1.349583333333328,3,Developing,High,1,0,0,0
Female,0,Yes,No,70,Yes,Yes,Fiber optic,Yes,No,No,Yes,No,No,Month-to-month,Yes,Electronic check,84.51,5859.79,No,83.71128571428571,0.798714285714297,4,Loyal,High,2,1,1,1
Female,0,Yes,No,52,Yes,No,Fiber optic,No,No,Yes,No,No,Yes,Month-to-month,Yes,Electronic check,75.84,3768.91,No,72.47903846153847,3.360961538461538,3,Loyal,High,2,1,0,0
Male,0,No,No,2,Yes,Yes,DSL,Yes,No,Yes,No,No,Yes,One year,Yes,Electronic check,74.48,68.73,No,34.365,40.115,5,New,High,1,1,0,1
Male,0,Yes,Yes,25,Yes,No,No,No internet service,No internet service,No internet service,No internet service,No internet service,No internet service,Month-to-month,Yes,Mailed check,28.55,650.26,Yes,26.0104,2.5396,1,Established,Low,2,0,0,0
Female,0,No,No,71,Yes,Yes,DSL,No,Yes,Yes,No,No,Yes,Month-to-month,Yes,Electronic check,76.39,5449.84,No,76.75830985915493,-0.36830985915493386,5,Loyal,High,2,1,0,0
Male,0,Yes,Yes,13,Yes,No,DSL,No,No,No,Yes,Yes,No,Month-to-month,Yes,Credit card,60.43,712.57,No,54.81307692307693,5.616923076923072,3,Developing,Medium,2,0,1,0
Male,0,Yes,No,69,Yes,Yes,DSL,No,No,Yes,Yes,Yes,Yes,One year,No,Credit card,75.22,5127.54,No,74.31217391304348,0.9078260869565185,6,Loyal,High,1,0,1,0
Female,1,Yes,Yes,38,Yes,No,DSL,Yes,No,No,No,No,No,Month-to-month,No,Electronic check,43.9,1727.86,No,45.47,-1.5700000000000003,2,Established,Medium,2,1,0,1
Male,1,No,No,49,Yes,Yes,Fiber optic,Yes,No,Yes,No,Yes,No,One year,No,Bank transfer,95.23,4697.01,No,95.85734693877552,-0.6273469387755171,5,Loyal,High,1,0,0,1
Female,0,No,No,50,Yes,No,Fiber optic,No,No,No,Yes,Yes,Yes,One year,Yes,Mailed check,97.42,4966.69,No,99.3338,-1.9137999999999948,4,Loyal,High,1,0,1,0
Female,0,Yes,Yes,37,Yes,Yes,Fiber optic,No,No,No,No,Yes,Yes,Month-to-month,Yes,Credit card,94.41,3484.3,No,94.17027027027028,0.23972972972971718,4,Established,High,2,0,0,0
Female,0,Yes,No,38,Yes,No,Fiber optic,No,No,Yes,No,No,No,Two year,No,Bank transfer,74.49,2707.73,No,71.25605263157895,3.233947368421042,2,Established,High,0,0,0,0
Female,0,Yes,No,41,No,No phone service,DSL,Yes,Yes,No,No,No,No,Two year,No,Electronic check,51.38,2276.87,No,55.53341463414634,-4.153414634146337,2,Established,Medium,0,1,0,1
Male,0,Yes,Yes,47,Yes,Yes,Fiber optic,No,No,No,Yes,No,Yes,Month-to-month,Yes,Electronic check,91.93,4368.99,No,92.95723404255318,-1.0272340425531752,4,Established,High,2,1,1,0
Male,0,No,No,54,Yes,Yes,Fiber optic,Yes,No,No,Yes,No,No,Month-to-month,No,Credit card,92.08,4924.81,No,91.20018518518519,0.8798148148148073,4,Loyal,High,2,0,1,1
Female,0,Yes,Yes,32,No,No phone service,Fiber optic,Yes,Yes,Yes,No,No,No,Month-to-month,Yes,Credit card,73.58,2423.4,No,75.73125,-2.1512500000000045,3,Established,High,2,0,0,1
Male,0,Yes,No,32,Yes,Yes,DSL,No,No,Yes,No,Yes,No,Two year,Yes,Mailed check,66.74,2151.09,No,67.2215625,-0.48156250000000966,4,Established,Medium,0,0,0,0
Male,0,Yes,No,57,Yes,No,No,No internet service,No internet service,No internet service,No internet service,No internet service,No internet service,Month-to-month,Yes,Mailed check,22.05,1354.18,No,23.757543859649125,-1.7075438596491246,1,Loyal,Low,2,0,0,0
Male,0,No,No,55,Yes,No,DSL,Yes,No,Yes,No,Yes,No,Month-to-month,Yes,Mailed check,55.51,3071.38,No,55.843272727272726,-0.3332727272727283,4,Loyal,Medium,2,0,0,1
Male,0,No,No,47,Yes,No,DSL,No,No,Yes,No,Yes,Yes,Two year,Yes,Bank transfer,67.81,3153.2,No,67.08936170212766,0.7206382978723411,4,Established,Medium,0,0,0,0
Male,0,No,No,34,Yes,Yes,DSL,Yes,Yes,Yes,No,No,No,One year,Yes,Mailed check,72.99,2503.46,No,73.63117647058823,-0.6411764705882348,5,Established,High,1,0,0,1
Female,0,No,No,42,Yes,No,Fiber optic,No,No,Yes,No,No,Yes,Month-to-month,No,Electronic check,82.02,3522.27,No,83.86357142857143,-1.8435714285714369,3,Established,High,2,1,0,0
Male,0,No,No,42,Yes,No,DSL,Yes,Yes,Yes,No,No,Yes,One year,No,Electronic check,67.65,2777.82,No,66.13857142857144,1.5114285714285671,5,Established,Medium,1,1,0,1
Male,1,Yes,No,32,Yes,Yes,DSL,Yes,No,Yes,No,Yes,Yes,One year,No,Mailed check,78.4,2512.86,No,78.526875,-0.1268749999999983,6,Established,High,1,0,0,1
Male,0,No,No,13,Yes,No,Fiber optic,No,Yes,Yes,No,No,No,Month-to-month,Yes,Mailed check,84.62,1003.57,Yes,77.19769230769231,7.422307692307697,3,Developing,High,2,0,0,0
Male,1,No,Yes,39,Yes,Yes,Fiber optic,Yes,Yes,No,No,No,Yes,Month-to-month,No,Credit card,97.59,3844.42,No,98.5748717948718,-0.9848717948717933,5,Established,High,2,0,0,1
Female,0,Yes,Yes,32,Yes,No,DSL,No,Yes,No,No,No,Yes,One year,Yes,Credit card,59.31,1902.04,No,59.43875,-0.1287499999999966,3,Established,Medium,1,0,0,0
Female,0,No,No,4,Yes,No,Fiber optic,No,No,No,No,Yes,Yes,Month-to-month,No,Electronic check,86.75,397.53,Yes,99.3825,-12.632499999999993,3,New,High,2,1,0,0
Female,0,No,No,69,Yes,No,Fiber optic,Yes,Yes,No,No,No,No,Two year,Yes,Credit card,83.29,5827.4,No,84.4550724637681,-1.165072463768098,3,Loyal,High,0,0,0,1
Female,0,No,Yes,49,No,No phone service,DSL,No,No,No,No,Yes,No,Month-to-month,No,Bank transfer,40.71,1941.5,No,39.62244897959184,1.0875510204081635,1,Loyal,Medium,2,0,0,0
Male,0,Yes,No,9,Yes,Yes,DSL,No,No,Yes,Yes,No,Yes,One year,Yes,Bank transfer,72.15,664.22,No,73.80222222222223,-1.6522222222222211,5,New,High,1,0,1,0
Male,0,Yes,Yes,15,Yes,No,Fiber optic,Yes,Yes,No,No,Yes,No,One year,No,Electronic check,81.85,1246.0,No,83.06666666666666,-1.2166666666666686,4,Developing,High,1,1,0,1
Male,0,No,No,42,Yes,No,No,No internet service,No internet service,No internet service,No internet service,No internet service,No internet service,Month-to-month,Yes,Mailed check,32.31,1305.25,No,31.077380952380953,1.2326190476190497,1,Established,Low,2,0,0,0
Male,0,Yes,No,62,Yes,No,Fiber optic,Yes,No,No,No,Yes,No,Month-to-month,Yes,Credit card,85.39,5214.38,No,84.10290322580646,1.287096774193543,3,Loyal,High,2,0,0,1
Male,1,Yes,No,35,No,No phone service,DSL,No,Yes,Yes,No,No,Yes,Two year,Yes,Bank transfer,55.24,2055.61,No,58.73171428571429,-3.4917142857142878,3,Established,Medium,0,0,0,0
Male,1,Yes,No,59,Yes,Yes,No,No internet service,No internet service,No internet service,No internet service,No internet service,No internet service,One year,Yes,Bank transfer,34.26,1987.76,No,33.69084745762712,0.5691525423728763,2,Loyal,Low,1,0,0,0
Male,0,Yes,No,10,Yes,Yes,Fiber optic,No,No,No,No,No,No,Month-to-month,Yes,Electronic check,81.6,782.06,No,78.20599999999999,3.3940000000000055,2,New,High,2,1,0,0
Male,0,No,Yes,39,No,No phone service,Fiber optic,No,Yes,Yes,Yes,No,Yes,Month-to-month,Yes,Electronic check,85.1,3298.53,No,84.57769230769232,0.5223076923076775,4,Established,High,2,1,1,0
Male,1,No,No,60,Yes,No,No,No internet service,No internet service,No internet service,No internet service,No internet service,No internet service,Month-to-month,Yes,Mailed check,29.03,1782.24,No,29.704,-0.6739999999999995,1,Loyal,Low,2,0,0,0
Female,0,No,Yes,61,Yes,Yes,Fiber optic,No,No,Yes,Yes,No,Yes,Month-to-month,No,Bank transfer,95.34,5777.65,No,94.7155737704918,0.6244262295082024,5,Loyal,High,2,0,1,0
Male,0,Yes,No,18,No,No phone service,Fiber optic,No,No,Yes,Yes,Yes,No,Month-to-month,Yes,Credit card,80.64,1388.91,No,77.16166666666668,3.4783333333333246,3,Developing,High,2,0,1,0
Male,0,Yes,No,49,Yes,No,Fiber optic,No,No,Yes,No,No,Yes,Month-to-month,Yes,Mailed check,86.68,4259.53,No,86.92918367346938,-0.24918367346937487,3,Loyal,High,2,0,0,0
Male,0,Yes,Yes,3,Yes,Yes,No,No internet service,No internet service,No internet service,No internet service,No internet service,No internet service,Month-to-month,No,Electronic check,28.56,142.09,Yes,47.36333333333334,-18.803333333333338,2,New,Low,2,1,0,0
Female,0,Yes,Yes,11,Yes,Yes,DSL,No,No,Yes,Yes,Yes,Yes,One year,Yes,Electronic check,76.54,878.49,No,79.86272727272727,-3.3227272727272634,6,New,High,1,1,1,0
