CustomerID,Gender,SeniorCitizen,Partner,Dependents,Tenure,PhoneService,MultipleLines,InternetService,OnlineSecurity,OnlineBackup,DeviceProtection,TechSupport,StreamingTV,StreamingMovies,Contract,PaperlessBilling,PaymentMethod,MonthlyCharges,TotalCharges,Churn
CUST100001,Female,0,Yes,No,61,Yes,Yes,No,No internet service,No internet service,No internet service,No internet service,No internet service,No internet service,One year,No,Mailed check,36.33,2054.28,No
CUST100002,Male,0,No,Yes,33,Yes,Yes,No,No internet service,No internet service,No internet service,No internet service,No internet service,No internet service,Two year,Yes,Mailed check,34.76,1179.14,No
CUST100003,Male,1,Yes,Yes,51,Yes,Yes,No,No internet service,No internet service,No internet service,No internet service,No internet service,No internet service,Month-to-month,No,Credit card,35.64,1766.36,No
CUST100004,Female,0,Yes,No,70,Yes,Yes,Fiber optic,Yes,Yes,No,No,No,Yes,Month-to-month,No,Electronic check,92.6,6493.43,No
CUST100005,Female,0,No,No,4,Yes,No,Fiber optic,Yes,No,No,No,No,Yes,One year,No,Electronic check,78.75,253.24,Yes
CUST100006,Male,0,No,Yes,8,Yes,No,Fiber optic,No,No,No,No,No,No,Month-to-month,Yes,Mailed check,73.81,525.01,Yes
CUST100007,Female,1,No,No,67,No,No phone service,DSL,No,No,No,No,Yes,No,One year,No,Electronic check,44.13,2921.94,No
CUST100008,Male,1,No,No,41,Yes,No,No,No internet service,No internet service,No internet service,No internet service,No internet service,No internet service,One year,Yes,Bank transfer,32.83,1352.58,No
CUST100009,Female,0,No,No,45,Yes,No,Fiber optic,No,No,Yes,No,Yes,Yes,One year,Yes,Mailed check,88.82,4051.82,No
CUST100010,Female,0,No,No,25,Yes,Yes,Fiber optic,Yes,Yes,Yes,No,No,No,Month-to-month,Yes,Credit card,91.92,2239.04,Yes
CUST100011,Male,0,No,Yes,60,Yes,Yes,DSL,No,No,No,Yes,No,Yes,Month-to-month,No,Bank transfer,62.17,3741.26,No
CUST100012,Male,0,No,Yes,47,Yes,No,DSL,No,No,No,No,No,No,Two year,Yes,Mailed check,45.88,2188.77,No
CUST100013,Male,0,Yes,Yes,19,Yes,No,No,No internet service,No internet service,No internet service,No internet service,No internet service,No internet service,Month-to-month,No,Credit card,31.65,562.14,No
CUST100014,Male,0,No,No,47,Yes,Yes,DSL,No,No,No,Yes,No,Yes,Month-to-month,Yes,Electronic check,64.44,3059.03,No
CUST100015,Male,0,No,No,1,Yes,No,DSL,No,No,No,No,No,Yes,Month-to-month,No,Bank transfer,53.79,18.0,No
CUST100016,Male,0,Yes,No,18,Yes,No,Fiber optic,No,No,Yes,No,Yes,Yes,Month-to-month,No,Bank transfer,95.47,1646.18,Yes
CUST100017,Male,0,No,No,15,Yes,No,Fiber optic,No,No,Yes,No,Yes,No,Month-to-month,Yes,Electronic check,77.17,1242.31,Yes
CUST100018,Female,0,No,No,57,Yes,Yes,DSL,No,No,Yes,No,No,No,Month-to-month,Yes,Electronic check,54.24,2912.95,No
CUST100019,Male,0,Yes,Yes,53,Yes,No,DSL,No,No,No,No,Yes,Yes,One year,Yes,Mailed check,61.2,3216.42,No
CUST100020,Female,0,Yes,Yes,7,Yes,Yes,Fiber optic,Yes,Yes,Yes,No,Yes,No,One year,Yes,Mailed check,92.14,650.54,Yes
CUST100021,Male,0,Yes,No,66,Yes,Yes,No,No internet service,No internet service,No internet service,No internet service,No internet service,No internet service,Two year,No,Bank transfer,37.04,2464.17,No
CUST100022,Female,0,Yes,No,59,Yes,No,Fiber optic,No,No,Yes,No,No,Yes,Two year,No,Electronic check,78.79,4671.18,No
CUST100023,Female,0,Yes,No,32,Yes,No,Fiber optic,Yes,No,No,No,No,Yes,Month-to-month,No,Electronic check,80.19,2548.34,No
CUST100024,Male,0,Yes,Yes,16,Yes,Yes,DSL,No,Yes,No,Yes,No,No,Month-to-month,No,Credit card,66.38,1031.68,No
CUST100025,Male,1,Yes,No,31,Yes,Yes,Fiber optic,No,No,No,No,No,No,Two year,No,Electronic check,71.97,2163.21,No
CUST100026,Male,0,Yes,Yes,43,Yes,Yes,Fiber optic,No,Yes,Yes,Yes,Yes,No,Month-to-month,Yes,Credit card,91.02,4037.6,No
CUST100027,Female,1,No,No,46,No,No phone service,No,No internet service,No internet service,No internet service,No internet service,No internet service,No internet service,Month-to-month,No,Bank transfer,18.0,889.52,No
CUST100028,Male,1,No,Yes,26,No,No phone service,Fiber optic,Yes,No,No,Yes,No,Yes,Month-to-month,No,Bank transfer,80.13,2106.8,No
CUST100029,Male,0,Yes,No,8,Yes,No,DSL,No,No,Yes,No,Yes,No,One year,Yes,Electronic check,61.35,485.17,No
CUST100030,Female,0,Yes,Yes,44,Yes,No,DSL,No,No,No,Yes,No,No,Month-to-month,No,Credit card,46.7,2006.99,No
CUST100031,Female,0,Yes,Yes,51,Yes,Yes,No,No internet service,No internet service,No internet service,No internet service,No internet service,No internet service,Month-to-month,No,Credit card,39.24,1997.24,No
CUST100032,Female,0,Yes,No,20,Yes,No,DSL,No,No,Yes,No,No,No,Month-to-month,No,Bank transfer,50.72,937.06,No
CUST100033,Female,0,Yes,No,47,Yes,No,Fiber optic,No,Yes,No,Yes,No,Yes,One year,No,Bank transfer,87.13,4204.74,No
CUST100034,Male,0,Yes,No,41,Yes,No,Fiber optic,Yes,No,No,No,Yes,No,Month-to-month,Yes,Mailed check,85.67,3442.04,No
CUST100035,Male,1,Yes,No,37,No,No phone service,DSL,No,No,No,Yes,Yes,Yes,One year,Yes,Electronic check,49.83,1743.65,No
CUST100036,Female,0,No,No,1,Yes,Yes,Fiber optic,Yes,Yes,Yes,Yes,No,Yes,Month-to-month,Yes,Credit card,106.54,344.51,No
CUST100037,Male,0,Yes,Yes,23,Yes,Yes,Fiber optic,No,Yes,No,No,No,No,Month-to-month,Yes,Electronic check,74.57,1703.69,Yes
CUST100038,Male,0,No,No,27,Yes,Yes,No,No internet service,No internet service,No internet service,No internet service,No internet service,No internet service,Month-to-month,No,Mailed check,28.43,698.31,No
CUST100039,Female,0,Yes,No,61,Yes,Yes,DSL,No,No,Yes,No,No,No,Month-to-month,Yes,Mailed check,52.06,3236.94,No
CUST100040,Male,0,Yes,No,60,Yes,No,DSL,Yes,Yes,No,Yes,No,No,Month-to-month,Yes,Bank transfer,63.24,3687.59,No
CUST100041,Female,0,No,No,63,Yes,Yes,DSL,No,No,No,No,Yes,No,Two year,Yes,Bank transfer,62.48,3880.72,No
CUST100042,Male,0,Yes,No,34,Yes,Yes,DSL,Yes,No,Yes,No,Yes,Yes,Month-to-month,Yes,Bank transfer,80.33,2795.39,No
CUST100043,Male,0,No,Yes,24,No,No phone service,Fiber optic,Yes,Yes,No,No,No,No,Two year,No,Electronic check,71.63,1890.63,No
CUST100044,Female,0,No,No,36,Yes,Yes,Fiber optic,No,Yes,No,No,Yes,No,Month-to-month,No,Electronic check,87.27,3223.67,No
CUST100045,Female,0,No,No,58,Yes,No,DSL,Yes,No,No,Yes,No,Yes,Month-to-month,Yes,Electronic check,64.76,3814.22,No
CUST100046,Male,0,Yes,No,45,No,No phone service,No,No internet service,No internet service,No internet service,No internet service,No internet service,No internet service,One year,Yes,Credit card,19.16,973.79,No
CUST100047,Female,1,No,No,44,Yes,No,DSL,No,Yes,Yes,Yes,No,Yes,Two year,Yes,Electronic check,68.57,2994.28,No
CUST100048,Male,0,Yes,Yes,32,Yes,Yes,Fiber optic,Yes,No,No,No,No,Yes,Month-to-month,No,Credit card,88.44,2712.92,Yes
CUST100049,Male,0,Yes,Yes,51,No,No phone service,No,No internet service,No internet service,No internet service,No internet service,No internet service,No internet service,Month-to-month,Yes,Electronic check,19.5,938.52,No
CUST100050,Male,0,Yes,No,63,Yes,No,Fiber optic,No,No,No,No,Yes,Yes,One year,Yes,Credit card,91.86,5897.14,No
CUST100051,Male,0,No,No,49,Yes,Yes,DSL,No,No,No,Yes,Yes,No,Month-to-month,Yes,Bank transfer,68.34,3253.72,Yes
CUST100052,Female,0,No,No,30,Yes,Yes,No,No internet service,No internet service,No internet service,No internet service,No internet service,No internet service,One year,No,Credit card,36.64,1087.98,No
CUST100053,Female,0,Yes,No,61,Yes,No,Fiber optic,No,Yes,No,No,Yes,No,Two year,Yes,Bank transfer,80.19,4895.29,No
CUST100054,Female,1,Yes,No,68,Yes,No,DSL,No,No,No,No,No,No,Month-to-month,No,Bank transfer,45.97,3159.94,No
CUST100055,Female,0,No,No,58,Yes,No,DSL,No,No,Yes,No,No,No,Two year,Yes,Bank transfer,54.65,3218.24,No
CUST100056,Female,0,No,No,64,Yes,No,No,No internet service,No internet service,No internet service,No internet service,No internet service,No internet service,Month-to-month,No,Electronic check,28.46,1873.79,No
CUST100057,Male,0,Yes,Yes,20,Yes,No,DSL,No,No,Yes,No,Yes,No,Two year,No,Credit card,56.12,1359.45,No
CUST100058,Female,0,Yes,No,31,Yes,No,No,No internet service,No internet service,No internet service,No internet service,No internet service,No internet service,Two year,Yes,Bank transfer,21.06,714.45,No
CUST100059,Male,0,No,No,18,Yes,No,DSL,No,No,Yes,No,No,No,One year,No,Electronic check,49.26,1002.64,No
CUST100060,Male,0,No,Yes,27,Yes,Yes,DSL,Yes,No,No,No,No,No,Two year,Yes,Electronic check,60.47,1637.7,No
CUST100061,Male,0,No,Yes,53,Yes,No,No,No internet service,No internet service,No internet service,No internet service,No internet service,No internet service,Two year,Yes,Mailed check,22.69,1362.8,No
CUST100062,Male,0,Yes,No,49,Yes,No,No,No internet service,No internet service,No internet service,No internet service,No internet service,No internet service,Month-to-month,No,Credit card,33.59,1584.02,No
CUST100063,Female,0,Yes,No,1,Yes,No,DSL,No,Yes,Yes,Yes,No,Yes,Month-to-month,No,Credit card,68.72,150.7,Yes
CUST100064,Male,0,Yes,No,55,No,No phone service,DSL,Yes,Yes,Yes,No,No,No,Month-to-month,No,Electronic check,58.34,3200.81,Yes
CUST100065,Female,0,Yes,No,14,Yes,No,Fiber optic,No,No,Yes,No,No,No,Month-to-month,Yes,Bank transfer,74.41,1121.31,No
CUST100066,Female,0,No,Yes,14,Yes,Yes,Fiber optic,No,Yes,No,No,Yes,No,One year,No,Electronic check,79.92,1163.43,No
CUST100067,Male,0,Yes,No,40,Yes,No,Fiber optic,Yes,No,No,No,No,Yes,Month-to-month,Yes,Electronic check,80.13,3308.54,No
CUST100068,Female,0,No,No,18,Yes,Yes,DSL,No,No,No,No,Yes,Yes,One year,Yes,Credit card,64.05,1193.92,No
CUST100069,Female,0,No,No,70,Yes,Yes,No,No internet service,No internet service,No internet service,No internet service,No internet service,No internet service,Month-to-month,Yes,Electronic check,31.26,2184.92,No
CUST100070,Female,1,No,No,11,Yes,Yes,DSL,No,Yes,No,No,No,No,Month-to-month,No,Mailed check,59.6,736.81,No
CUST100071,Male,0,No,No,11,Yes,No,DSL,Yes,Yes,No,No,No,No,Month-to-month,Yes,Electronic check,52.05,507.37,No
CUST100072,Female,0,No,No,55,No,No phone service,DSL,No,No,No,No,Yes,No,Two year,Yes,Electronic check,38.91,1999.02,No
CUST100073,Female,0,Yes,No,21,Yes,No,DSL,Yes,No,No,Yes,Yes,No,Month-to-month,Yes,Electronic check,60.13,1087.76,No
CUST100074,Female,0,Yes,Yes,52,Yes,Yes,Fiber optic,No,Yes,No,Yes,Yes,Yes,Month-to-month,Yes,Electronic check,103.98,5553.08,No
CUST100075,Male,0,Yes,No,50,Yes,Yes,Fiber optic,Yes,Yes,Yes,No,Yes,No,Month-to-month,Yes,Mailed check,97.58,4900.34,No
CUST100076,Female,0,No,No,14,Yes,No,Fiber optic,No,No,Yes,No,No,No,Two year,No,Credit card,71.01,1033.21,No
CUST100077,Female,0,No,No,42,Yes,Yes,Fiber optic,Yes,No,No,No,No,No,Month-to-month,Yes,Electronic check,79.99,3332.09,Yes
CUST100078,Female,1,Yes,No,39,Yes,No,DSL,Yes,No,No,No,No,No,One year,No,Credit card,54.98,2170.49,No
CUST100079,Male,0,Yes,Yes,7,Yes,Yes,No,No internet service,No internet service,No internet service,No internet service,No internet service,No internet service,Month-to-month,Yes,Bank transfer,36.54,200.0,No
CUST100080,Male,1,Yes,No,56,Yes,Yes,Fiber optic,Yes,Yes,No,No,Yes,Yes,Month-to-month,Yes,Electronic check,102.73,5751.93,Yes
CUST100081,Male,0,Yes,Yes,62,Yes,No,DSL,No,No,Yes,No,Yes,No,One year,Yes,Electronic check,59.48,3544.41,No
CUST100082,Female,0,No,Yes,69,Yes,No,DSL,No,No,No,No,Yes,No,One year,Yes,Electronic check,45.98,3022.78,No
CUST100083,Female,0,Yes,No,7,Yes,Yes,Fiber optic,No,Yes,Yes,No,Yes,No,One year,No,Bank transfer,93.1,547.75,No
CUST100084,Male,0,No,No,13,Yes,Yes,Fiber optic,Yes,Yes,No,No,Yes,No,Month-to-month,Yes,Bank transfer,97.61,1201.53,No
CUST100085,Male,0,No,No,60,Yes,Yes,Fiber optic,No,No,Yes,No,No,No,Two year,No,Electronic check,72.83,4479.95,No
CUST100086,Male,0,Yes,No,22,Yes,Yes,Fiber optic,No,No,Yes,No,Yes,No,Month-to-month,Yes,Electronic check,80.8,1980.92,Yes
CUST100087,Female,0,Yes,Yes,46,Yes,No,DSL,No,No,Yes,No,Yes,No,Two year,Yes,Electronic check,53.26,2542.21,No
CUST100088,Female,0,No,No,26,Yes,No,No,No internet service,No internet service,No internet service,No internet service,No internet service,No internet service,Month-to-month,Yes,Bank transfer,24.57,384.86,No
CUST100089,Male,0,No,No,16,Yes,Yes,DSL,No,No,No,No,No,No,Month-to-month,Yes,Electronic check,52.72,985.62,Yes
CUST100090,Male,0,Yes,No,45,Yes,Yes,DSL,No,Yes,Yes,No,No,No,Month-to-month,No,Mailed check,57.37,2551.46,No
CUST100091,Female,0,Yes,No,15,Yes,Yes,Fiber optic,Yes,No,No,No,No,Yes,One year,Yes,Bank transfer,90.57,1233.88,No
CUST100092,Male,1,No,No,10,Yes,Yes,DSL,No,Yes,No,Yes,Yes,No,One year,No,Bank transfer,78.48,937.63,No
CUST100093,Male,0,No,No,39,Yes,No,Fiber optic,No,No,No,Yes,Yes,Yes,Month-to-month,Yes,Electronic check,86.27,3332.65,No
CUST100094,Female,0,No,No,14,Yes,Yes,DSL,No,No,Yes,No,No,Yes,Month-to-month,Yes,Mailed check,58.92,748.36,No
CUST100095,Male,0,No,No,14,Yes,No,Fiber optic,No,No,No,No,No,No,Month-to-month,No,Mailed check,67.84,907.12,No
CUST100096,Female,1,No,No,57,Yes,No,Fiber optic,Yes,Yes,No,No,No,No,Month-to-month,Yes,Credit card,81.73,4632.97,Yes
CUST100097,Female,0,Yes,No,39,Yes,No,Fiber optic,Yes,No,Yes,No,No,No,Two year,Yes,Mailed check,80.17,3175.81,No
CUST100098,Male,0,No,No,40,Yes,No,Fiber optic,Yes,No,No,Yes,No,Yes,Month-to-month,Yes,Mailed check,89.51,3597.5,No
CUST100099,Male,1,Yes,No,11,Yes,Yes,DSL,No,Yes,Yes,No,No,No,Month-to-month,No,Electronic check,61.45,624.65,No
CUST100100,Female,1,No,No,12,Yes,No,No,No internet service,No internet service,No internet service,No internet service,No internet service,No internet service,Month-to-month,Yes,Bank transfer,28.87,191.09,Yes
CUST100101,Male,0,No,No,29,Yes,No,Fiber optic,Yes,No,No,No,No,No,Month-to-month,Yes,Bank transfer,84.83,2397.71,No
CUST100102,Female,0,No,No,28,Yes,No,Fiber optic,No,No,No,No,No,No,Two year,No,Bank transfer,67.96,1923.01,No
CUST100103,Male,0,Yes,No,33,Yes,Yes,DSL,No,No,No,No,No,No,Month-to-month,Yes,Bank transfer,52.52,1675.0,Yes
CUST100104,Female,0,No,Yes,10,Yes,Yes,DSL,No,No,No,Yes,Yes,No,Two year,Yes,Credit card,66.37,675.46,No
CUST100105,Male,0,No,Yes,65,Yes,Yes,Fiber optic,Yes,Yes,No,No,Yes,No,One year,No,Credit card,103.56,6732.05,No
CUST100106,Male,0,No,No,27,Yes,Yes,Fiber optic,Yes,No,No,Yes,Yes,No,One year,No,Electronic check,96.99,2710.6,No
CUST100107,Male,0,No,No,59,Yes,No,No,No internet service,No internet service,No internet service,No internet service,No internet service,No internet service,Month-to-month,Yes,Electronic check,27.99,1674.41,No
CUST100108,Male,0,Yes,No,29,Yes,No,No,No internet service,No internet service,No internet service,No internet service,No internet service,No internet service,One year,Yes,Credit card,25.72,816.11,Yes
CUST100109,Female,0,Yes,No,34,Yes,No,Fiber optic,No,No,No,No,Yes,Yes,One year,Yes,Bank transfer,88.95,3006.67,No
CUST100110,Male,0,No,No,9,Yes,No,Fiber optic,No,No,Yes,No,No,No,Month-to-month,Yes,Credit card,74.22,799.54,Yes
CUST100111,Female,1,No,No,49,Yes,No,Fiber optic,No,Yes,Yes,Yes,No,No,Two year,Yes,Mailed check,90.67,4406.68,No
CUST100112,Male,0,No,Yes,5,Yes,No,DSL,Yes,Yes,Yes,No,No,No,Month-to-month,No,Credit card,59.52,230.39,No
CUST100113,Male,0,No,Yes,54,Yes,No,Fiber optic,Yes,No,No,No,Yes,No,Month-to-month,No,Electronic check,79.18,4383.03,No
CUST100114,Female,0,Yes,No,64,Yes,No,Fiber optic,No,No,No,No,Yes,Yes,Month-to-month,Yes,Bank transfer,77.74,4925.25,No
CUST100115,Male,0,Yes,Yes,27,Yes,Yes,DSL,Yes,Yes,Yes,Yes,No,No,One year,No,Mailed check,74.62,1927.77,No
CUST100116,Male,0,No,No,64,No,No phone service,DSL,No,No,Yes,Yes,Yes,No,Month-to-month,Yes,Electronic check,47.32,2939.1,No
CUST100117,Female,0,Yes,No,51,Yes,Yes,Fiber optic,No,Yes,No,Yes,No,No,Month-to-month,Yes,Electronic check,91.58,4630.81,No
CUST100118,Female,1,No,No,1,Yes,No,Fiber optic,Yes,Yes,No,No,No,Yes,Month-to-month,No,Electronic check,80.82,59.59,Yes
CUST100119,Female,0,No,Yes,15,Yes,No,DSL,No,No,No,Yes,Yes,No,Month-to-month,Yes,Electronic check,50.28,787.53,No
CUST100120,Female,1,No,No,47,Yes,No,DSL,No,Yes,No,Yes,No,No,Month-to-month,Yes,Credit card,55.38,2664.65,No
CUST100121,Female,1,Yes,No,51,Yes,No,DSL,No,No,Yes,No,No,Yes,Two year,Yes,Credit card,61.39,3133.35,No
CUST100122,Male,1,No,No,7,No,No phone service,No,No internet service,No internet service,No internet service,No internet service,No internet service,No internet service,Month-to-month,Yes,Credit card,19.09,209.59,No
CUST100123,Male,0,Yes,No,50,Yes,No,No,No internet service,No internet service,No internet service,No internet service,No internet service,No internet service,Two year,No,Credit card,30.62,1596.33,No
CUST100124,Female,1,Yes,No,59,Yes,Yes,No,No internet service,No internet service,No internet service,No internet service,No internet service,No internet service,One year,Yes,Credit card,35.84,2040.66,No
CUST100125,Male,0,Yes,No,7,Yes,No,No,No internet service,No internet service,No internet service,No internet service,No internet service,No internet service,One year,Yes,Credit card,30.3,134.07,No
CUST100126,Male,0,Yes,No,64,Yes,No,DSL,No,No,No,No,No,No,Two year,No,Electronic check,51.87,3284.13,No
CUST100127,Female,0,No,No,39,Yes,No,DSL,No,No,Yes,No,No,Yes,Month-to-month,Yes,Electronic check,54.75,1963.43,No
CUST100128,Male,0,No,Yes,45,Yes,No,Fiber optic,No,No,Yes,No,No,Yes,One year,No,Credit card,82.19,3705.09,No
CUST100129,Male,0,Yes,Yes,4,Yes,Yes,Fiber optic,No,No,Yes,Yes,No,No,Month-to-month,Yes,Mailed check,78.76,297.07,Yes
CUST100130,Male,0,No,No,45,Yes,Yes,Fiber optic,No,No,Yes,No,No,No,Month-to-month,Yes,Bank transfer,87.04,4047.31,No
CUST100131,Male,0,Yes,No,33,Yes,Yes,DSL,No,Yes,No,No,Yes,No,Month-to-month,No,Mailed check,63.21,2173.99,No
CUST100132,Male,0,No,No,27,Yes,No,No,No internet service,No internet service,No internet service,No internet service,No internet service,No internet service,One year,No,Electronic check,27.79,726.49,No
CUST100133,Female,1,No,No,57,Yes,No,DSL,No,No,No,No,No,Yes,Two year,Yes,Electronic check,51.27,3000.7,No
CUST100134,Male,0,No,No,18,Yes,No,Fiber optic,Yes,No,No,No,No,Yes,Month-to-month,No,Bank transfer,78.85,1406.43,No
CUST100135,Male,0,Yes,Yes,5,Yes,No,No,No internet service,No internet service,No internet service,No internet service,No internet service,No internet service,One year,Yes,Mailed check,30.59,190.73,No
CUST100136,Female,0,Yes,No,36,Yes,Yes,Fiber optic,Yes,Yes,No,No,No,Yes,Month-to-month,Yes,Mailed check,95.84,3295.88,No
CUST100137,Male,0,Yes,Yes,54,Yes,Yes,Fiber optic,No,No,Yes,No,No,No,Month-to-month,Yes,Bank transfer,79.36,4240.91,No
CUST100138,Female,0,No,No,10,Yes,No,Fiber optic,Yes,No,Yes,No,No,No,Month-to-month,Yes,Mailed check,86.51,878.41,Yes
CUST100139,Female,0,No,No,71,Yes,Yes,Fiber optic,No,No,No,Yes,No,Yes,One year,Yes,Mailed check,91.99,6510.13,No
CUST100140,Female,0,Yes,No,49,Yes,No,No,No internet service,No internet service,No internet service,No internet service,No internet service,No internet service,Month-to-month,No,Bank transfer,34.02,1770.66,No
CUST100141,Male,0,Yes,No,68,Yes,No,Fiber optic,No,Yes,No,Yes,Yes,No,Month-to-month,Yes,Mailed check,79.11,5408.35,No
CUST100142,Female,0,No,No,34,Yes,Yes,Fiber optic,No,No,Yes,Yes,Yes,No,Month-to-month,Yes,Credit card,91.06,3145.22,Yes
CUST100143,Female,0,Yes,No,9,No,No phone service,No,No internet service,No internet service,No internet service,No internet service,No internet service,No internet service,One year,No,Mailed check,23.46,228.52,No
CUST100144,Female,1,No,Yes,13,Yes,No,Fiber optic,Yes,No,No,Yes,No,Yes,Two year,Yes,Credit card,81.68,1063.43,Yes
CUST100145,Male,0,No,No,37,Yes,Yes,Fiber optic,No,No,No,No,No,No,Month-to-month,Yes,Credit card,74.93,2846.28,No
CUST100146,Male,1,Yes,No,43,Yes,Yes,Fiber optic,No,No,No,No,No,No,One year,No,Credit card,72.47,3259.31,No
CUST100147,Female,0,Yes,Yes,53,Yes,No,DSL,No,No,Yes,No,No,No,One year,Yes,Bank transfer,52.19,2598.98,No
CUST100148,Female,0,Yes,No,58,Yes,No,Fiber optic,No,No,No,No,No,Yes,Month-to-month,Yes,Bank transfer,75.23,4282.66,No
CUST100149,Male,0,Yes,Yes,55,Yes,Yes,No,No internet service,No internet service,No internet service,No internet service,No internet service,No internet service,Month-to-month,No,Mailed check,30.56,1685.59,No
CUST100150,Female,1,No,No,43,Yes,Yes,DSL,Yes,No,No,No,No,Yes,Two year,No,Mailed check,71.54,3184.12,No
CUST100151,Male,1,No,Yes,2,Yes,Yes,DSL,No,Yes,No,No,No,No,Month-to-month,Yes,Electronic check,60.22,183.5,No
CUST100152,Female,0,Yes,No,39,Yes,No,DSL,No,No,No,Yes,No,Yes,Month-to-month,No,Electronic check,60.14,2280.29,Yes
CUST100153,Male,0,No,Yes,59,Yes,Yes,Fiber optic,Yes,No,Yes,Yes,No,No,Two year,No,Electronic check,92.41,5420.99,No
CUST100154,Female,0,Yes,No,62,Yes,No,DSL,No,No,Yes,No,No,Yes,Two year,Yes,Bank transfer,61.05,3845.39,No
CUST100155,Female,0,Yes,Yes,61,Yes,Yes,Fiber optic,No,No,No,No,No,Yes,One year,No,Electronic check,85.85,5188.99,No
CUST100156,Male,1,No,No,1,Yes,No,DSL,No,No,No,Yes,No,No,Two year,Yes,Bank transfer,43.36,66.07,No
CUST100157,Female,0,No,Yes,32,Yes,Yes,DSL,Yes,Yes,No,No,No,No,Month-to-month,No,Electronic check,70.46,2200.33,No
CUST100158,Male,0,No,No,45,Yes,Yes,DSL,No,No,Yes,No,No,No,One year,Yes,Electronic check,64.8,2955.11,No
CUST100159,Male,0,Yes,No,18,Yes,No,DSL,No,Yes,No,Yes,Yes,Yes,Month-to-month,Yes,Mailed check,67.98,1274.58,No
CUST100160,Male,0,No,Yes,30,No,No phone service,No,No internet service,No internet service,No internet service,No internet service,No internet service,No internet service,Two year,Yes,Credit card,18.0,324.69,No
CUST100161,Male,1,Yes,No,8,Yes,No,No,No internet service,No internet service,No internet service,No internet service,No internet service,No internet service,Month-to-month,Yes,Mailed check,23.46,331.59,No
CUST100162,Male,0,No,No,14,Yes,No,Fiber optic,No,No,No,No,Yes,Yes,Month-to-month,Yes,Credit card,79.6,1267.01,Yes
CUST100163,Female,0,No,No,1,Yes,No,No,No internet service,No internet service,No internet service,No internet service,No internet service,No internet service,Month-to-month,No,Electronic check,29.02,18.0,Yes
CUST100164,Female,0,No,No,71,Yes,No,DSL,No,No,No,No,No,Yes,One year,Yes,Mailed check,51.2,3616.93,No
CUST100165,Female,0,Yes,Yes,62,Yes,No,No,No internet service,No internet service,No internet service,No internet service,No internet service,No internet service,Month-to-month,Yes,Electronic check,25.4,1444.27,No
CUST100166,Male,0,Yes,No,30,Yes,No,Fiber optic,No,Yes,No,Yes,Yes,No,One year,No,Electronic check,89.35,2510.04,No
CUST100167,Female,1,No,Yes,1,Yes,Yes,Fiber optic,Yes,Yes,Yes,Yes,No,Yes,Month-to-month,No,Electronic check,103.41,168.27,Yes
CUST100168,Female,0,Yes,No,25,Yes,No,Fiber optic,Yes,Yes,Yes,No,Yes,No,Month-to-month,Yes,Electronic check,95.69,2537.22,No
CUST100169,Female,0,No,No,32,Yes,No,Fiber optic,No,No,No,No,No,Yes,One year,Yes,Bank transfer,76.67,2451.6,No
CUST100170,Female,0,Yes,No,13,Yes,Yes,DSL,No,Yes,No,No,Yes,Yes,Month-to-month,No,Bank transfer,78.66,1147.56,No
CUST100171,Female,0,No,Yes,48,Yes,Yes,DSL,No,No,Yes,No,No,No,One year,Yes,Electronic check,66.87,3156.8,No
CUST100172,Female,0,Yes,No,72,Yes,Yes,Fiber optic,No,No,No,No,Yes,Yes,Two year,Yes,Credit card,91.86,6497.95,No
CUST100173,Male,0,No,Yes,61,No,No phone service,Fiber optic,No,No,No,Yes,Yes,No,One year,No,Bank transfer,72.64,4399.88,No
CUST100174,Male,0,Yes,No,62,Yes,No,No,No internet service,No internet service,No internet service,No internet service,No internet service,No internet service,Month-to-month,Yes,Electronic check,27.65,1651.65,No
CUST100175,Male,0,Yes,No,60,Yes,Yes,DSL,Yes,Yes,No,No,Yes,Yes,Month-to-month,No,Mailed check,81.15,4903.33,No
CUST100176,Female,0,No,Yes,6,Yes,No,Fiber optic,No,No,Yes,No,No,No,Two year,Yes,Electronic check,78.4,557.39,No
CUST100177,Male,0,Yes,Yes,40,Yes,No,Fiber optic,No,Yes,No,No,Yes,Yes,One year,No,Credit card,81.29,3159.26,No
CUST100178,Female,0,No,No,41,Yes,Yes,DSL,No,No,No,No,No,No,One year,Yes,Mailed check,55.14,2152.41,No
CUST100179,Male,0,No,Yes,8,Yes,No,DSL,Yes,No,Yes,No,Yes,No,Month-to-month,No,Electronic check,61.36,561.2,No
CUST100180,Male,0,No,No,11,Yes,No,Fiber optic,No,Yes,No,No,Yes,No,One year,No,Electronic check,83.02,885.21,Yes
CUST100181,Male,0,No,No,41,Yes,No,Fiber optic,No,Yes,Yes,Yes,Yes,Yes,Month-to-month,Yes,Electronic check,98.91,4117.63,No
CUST100182,Female,1,No,No,52,No,No phone service,DSL,No,Yes,No,No,No,No,One year,Yes,Mailed check,41.32,2082.8,No
CUST100183,Female,0,Yes,Yes,16,Yes,No,DSL,Yes,Yes,Yes,Yes,No,No,Two year,Yes,Bank transfer,59.24,895.23,No
CUST100184,Male,0,No,Yes,35,Yes,Yes,DSL,Yes,Yes,No,No,No,Yes,Two year,No,Credit card,63.56,2306.62,No
CUST100185,Female,0,Yes,Yes,6,No,No phone service,No,No internet service,No internet service,No internet service,No internet service,No internet service,No internet service,Month-to-month,Yes,Electronic check,18.8,178.51,No
CUST100186,Female,0,No,No,8,Yes,Yes,No,No internet service,No internet service,No internet service,No internet service,No internet service,No internet service,Two year,No,Electronic check,34.37,386.34,No
CUST100187,Female,0,Yes,No,42,Yes,No,DSL,No,Yes,No,No,No,Yes,Month-to-month,Yes,Electronic check,57.65,2404.56,No
CUST100188,Female,0,No,Yes,41,Yes,Yes,Fiber optic,No,No,Yes,No,Yes,Yes,Month-to-month,Yes,Mailed check,96.97,4079.34,No
CUST100189,Female,0,Yes,Yes,55,Yes,No,No,No internet service,No internet service,No internet service,No internet service,No internet service,No internet service,One year,Yes,Bank transfer,24.63,1390.28,No
CUST100190,Female,0,Yes,No,66,Yes,No,DSL,Yes,No,Yes,Yes,No,Yes,Month-to-month,Yes,Credit card,62.32,4145.53,No
CUST100191,Male,1,Yes,No,14,Yes,No,DSL,No,No,Yes,No,No,Yes,Month-to-month,Yes,Bank transfer,61.87,797.87,Yes
CUST100192,Male,0,Yes,No,25,Yes,No,DSL,Yes,Yes,Yes,Yes,Yes,No,One year,Yes,Electronic check,75.16,1931.85,No
CUST100193,Male,1,Yes,No,62,Yes,Yes,DSL,No,Yes,No,No,Yes,Yes,One year,Yes,Credit card,69.11,4264.48,No
CUST100194,Female,1,Yes,Yes,4,Yes,No,No,No internet service,No internet service,No internet service,No internet service,No internet service,No internet service,One year,Yes,Credit card,31.4,274.47,No
CUST100195,Male,1,Yes,No,60,Yes,Yes,No,No internet service,No internet service,No internet service,No internet service,No internet service,No internet service,Month-to-month,Yes,Electronic check,30.9,1853.87,No
CUST100196,Female,0,No,No,69,Yes,Yes,Fiber optic,No,Yes,No,No,Yes,No,One year,No,Credit card,89.83,6183.73,No
CUST100197,Female,0,Yes,No,8,Yes,Yes,DSL,Yes,No,Yes,No,Yes,Yes,Month-to-month,No,Bank transfer,77.88,725.26,Yes
CUST100198,Female,0,No,No,11,Yes,No,No,No internet service,No internet service,No internet service,No internet service,No internet service,No internet service,Month-to-month,Yes,Bank transfer,25.39,286.02,No
CUST100199,Female,0,Yes,No,50,No,No phone service,DSL,No,No,No,Yes,Yes,Yes,Month-to-month,No,Mailed check,58.91,2877.36,No
CUST100200,Male,1,No,No,35,Yes,No,DSL,No,No,Yes,No,No,No,One year,Yes,Electronic check,45.74,1478.38,No
CUST100201,Female,0,Yes,No,72,Yes,Yes,DSL,No,No,Yes,No,No,No,Month-to-month,No,Credit card,57.83,4092.16,No
CUST100202,Male,0,No,No,40,Yes,Yes,No,No internet service,No internet service,No internet service,No internet service,No internet service,No internet service,Month-to-month,No,Mailed check,34.84,1247.5,No
CUST100203,Female,0,No,No,48,Yes,Yes,Fiber optic,No,Yes,Yes,Yes,No,No,Two year,Yes,Credit card,87.52,4193.45,No
CUST100204,Male,0,No,No,18,Yes,No,Fiber optic,Yes,Yes,No,No,No,No,Two year,Yes,Electronic check,82.48,1553.39,No
CUST100205,Female,0,Yes,No,24,Yes,No,Fiber optic,No,No,Yes,No,No,Yes,One year,No,Mailed check,86.45,2029.29,No
CUST100206,Female,0,Yes,No,13,Yes,Yes,DSL,No,No,No,No,Yes,Yes,One year,No,Bank transfer,66.7,1069.67,No
CUST100207,Male,1,Yes,Yes,11,Yes,No,Fiber optic,No,No,No,No,No,No,Two year,Yes,Bank transfer,70.28,659.69,No
CUST100208,Male,0,Yes,Yes,9,Yes,No,No,No internet service,No internet service,No internet service,No internet service,No internet service,No internet service,One year,No,Mailed check,26.83,283.87,No
CUST100209,Female,0,Yes,No,65,Yes,Yes,No,No internet service,No internet service,No internet service,No internet service,No internet service,No internet service,Month-to-month,Yes,Bank transfer,34.58,2282.51,No
CUST100210,Male,0,No,Yes,6,Yes,Yes,Fiber optic,No,No,Yes,No,No,Yes,One year,No,Bank transfer,86.9,487.54,No
CUST100211,Female,1,Yes,No,38,Yes,Yes,DSL,No,Yes,Yes,No,Yes,No,Two year,No,Bank transfer,69.97,2646.4,No
CUST100212,Male,0,No,Yes,37,Yes,No,No,No internet service,No internet service,No internet service,No internet service,No internet service,No internet service,One year,No,Electronic check,26.9,1128.32,No
CUST100213,Male,0,Yes,No,5,Yes,Yes,Fiber optic,Yes,Yes,No,No,Yes,Yes,Month-to-month,No,Bank transfer,107.47,623.19,Yes
CUST100214,Female,0,Yes,No,61,Yes,No,DSL,No,No,No,Yes,No,No,Two year,No,Mailed check,50.01,3125.46,No
CUST100215,Male,1,Yes,Yes,37,Yes,No,DSL,No,No,Yes,Yes,No,Yes,One year,Yes,Credit card,59.09,2111.5,No
CUST100216,Female,0,Yes,Yes,10,Yes,Yes,DSL,Yes,No,No,No,No,No,Month-to-month,Yes,Bank transfer,50.97,549.35,No
CUST100217,Female,0,No,No,10,No,No phone service,Fiber optic,No,No,Yes,No,Yes,Yes,Two year,Yes,Mailed check,84.91,914.43,No
CUST100218,Female,1,No,No,51,Yes,Yes,Fiber optic,No,No,No,Yes,No,No,One year,Yes,Electronic check,87.65,4539.38,No
CUST100219,Female,0,No,No,45,Yes,No,DSL,No,No,Yes,No,No,No,Two year,Yes,Electronic check,46.19,1966.81,No
CUST100220,Male,0,Yes,Yes,30,Yes,Yes,DSL,Yes,No,Yes,Yes,Yes,Yes,Two year,No,Electronic check,84.32,2556.85,No
CUST100221,Female,0,Yes,Yes,30,Yes,No,Fiber optic,Yes,Yes,No,No,No,No,Month-to-month,Yes,Bank transfer,81.99,2486.2,No
CUST100222,Female,0,No,Yes,3,Yes,Yes,Fiber optic,Yes,No,No,No,Yes,No,One year,No,Credit card,88.93,356.37,No
CUST100223,Male,0,Yes,Yes,3,No,No phone service,DSL,No,No,No,Yes,No,No,Month-to-month,No,Credit card,38.4,94.09,No
CUST100224,Female,0,Yes,No,39,Yes,Yes,DSL,No,Yes,Yes,No,No,Yes,Two year,No,Bank transfer,71.89,2711.42,No
CUST100225,Male,0,No,Yes,27,Yes,No,No,No internet service,No internet service,No internet service,No internet service,No internet service,No internet service,Two year,Yes,Bank transfer,33.14,818.9,No
CUST100226,Female,0,Yes,Yes,19,Yes,No,No,No internet service,No internet service,No internet service,No internet service,No internet service,No internet service,Two year,No,Bank transfer,33.5,665.56,No
CUST100227,Male,0,Yes,No,28,Yes,Yes,Fiber optic,No,Yes,Yes,Yes,No,No,One year,Yes,Mailed check,93.95,2723.56,No
CUST100228,Male,0,Yes,No,44,Yes,No,Fiber optic,No,No,No,No,No,No,One year,Yes,Bank transfer,73.36,3198.55,No
CUST100229,Male,0,No,No,22,No,No phone service,No,No internet service,No internet service,No internet service,No internet service,No internet service,No internet service,Month-to-month,No,Mailed check,18.0,419.42,No
CUST100230,Female,1,Yes,No,26,Yes,No,DSL,Yes,Yes,No,No,Yes,Yes,Month-to-month,Yes,Mailed check,72.31,1716.16,No
CUST100231,Female,0,No,No,21,Yes,No,No,No internet service,No internet service,No internet service,No internet service,No internet service,No internet service,Month-to-month,No,Credit card,30.37,467.32,No
CUST100232,Male,0,Yes,Yes,48,No,No phone service,Fiber optic,No,Yes,No,Yes,No,No,Two year,No,Mailed check,70.59,3426.41,No
CUST100233,Female,0,Yes,Yes,4,Yes,No,Fiber optic,No,No,Yes,No,No,No,One year,Yes,Electronic check,75.26,337.7,No
CUST100234,Male,0,Yes,No,67,Yes,Yes,Fiber optic,Yes,No,Yes,No,No,No,One year,Yes,Mailed check,84.79,5738.13,No
CUST100235,Female,0,No,No,40,Yes,No,DSL,No,Yes,No,No,Yes,No,Month-to-month,No,Credit card,51.7,1900.77,No
CUST100236,Male,0,Yes,No,18,Yes,No,Fiber optic,No,Yes,No,No,No,No,One year,No,Electronic check,77.37,1509.04,No
CUST100237,Male,0,No,No,55,Yes,No,Fiber optic,No,No,No,No,No,No,Month-to-month,Yes,Credit card,77.47,4216.02,No
CUST100238,Female,0,Yes,No,68,Yes,No,DSL,No,No,Yes,Yes,Yes,No,Two year,Yes,Credit card,59.43,3992.77,No
CUST100239,Female,0,Yes,No,5,No,No phone service,Fiber optic,No,Yes,Yes,No,No,Yes,Two year,Yes,Mailed check,79.23,449.52,No
CUST100240,Male,0,Yes,No,15,Yes,Yes,No,No internet service,No internet service,No internet service,No internet service,No internet service,No internet service,Month-to-month,No,Electronic check,29.62,450.86,Yes
CUST100241,Female,0,Yes,No,11,No,No phone service,No,No internet service,No internet service,No internet service,No internet service,No internet service,No internet service,One year,No,Electronic check,20.84,364.67,Yes
CUST100242,Male,1,Yes,Yes,6,Yes,No,Fiber optic,Yes,No,Yes,No,No,No,Month-to-month,Yes,Electronic check,77.38,521.85,Yes
CUST100243,Female,0,No,Yes,54,Yes,Yes,DSL,No,No,Yes,No,No,No,Month-to-month,Yes,Mailed check,57.37,3221.35,No
CUST100244,Male,0,No,No,14,Yes,Yes,Fiber optic,No,Yes,Yes,No,No,No,One year,No,Bank transfer,90.91,1239.38,No
CUST100245,Male,0,No,No,28,Yes,Yes,DSL,No,No,No,No,Yes,No,One year,Yes,Credit card,61.12,1809.48,No
CUST100246,Female,0,No,Yes,59,Yes,No,No,No internet service,No internet service,No internet service,No internet service,No internet service,No internet service,Month-to-month,Yes,Electronic check,27.47,1443.05,No
CUST100247,Male,0,No,No,45,Yes,No,Fiber optic,No,Yes,Yes,Yes,No,Yes,Month-to-month,No,Mailed check,88.23,3963.61,No
CUST100248,Female,0,No,No,49,No,No phone service,No,No internet service,No internet service,No internet service,No internet service,No internet service,No internet service,Month-to-month,No,Mailed check,22.73,1006.24,Yes
CUST100249,Male,0,Yes,No,8,Yes,Yes,DSL,Yes,No,Yes,Yes,No,No,Month-to-month,Yes,Mailed check,63.51,518.6,Yes
CUST100250,Female,0,No,No,70,Yes,Yes,No,No internet service,No internet service,No internet service,No internet service,No internet service,No internet service,Month-to-month,No,Mailed check,40.28,2834.35,No
CUST100251,Female,0,No,No,6,Yes,Yes,No,No internet service,No internet service,No internet service,No internet service,No internet service,No internet service,Month-to-month,Yes,Credit card,35.42,289.09,No
CUST100252,Female,0,Yes,Yes,52,Yes,No,Fiber optic,Yes,No,No,No,No,No,Two year,Yes,Mailed check,70.85,3704.7,No
CUST100253,Female,0,No,No,47,Yes,No,No,No internet service,No internet service,No internet service,No internet service,No internet service,No internet service,Month-to-month,No,Electronic check,21.93,972.36,No
CUST100254,Female,0,No,Yes,30,Yes,No,Fiber optic,No,No,No,No,No,Yes,Month-to-month,Yes,Bank transfer,75.67,2233.62,Yes
CUST100255,Male,1,Yes,No,61,Yes,Yes,DSL,No,No,No,No,No,No,Month-to-month,No,Electronic check,51.56,3161.67,No
CUST100256,Female,0,No,No,65,Yes,No,DSL,Yes,No,Yes,Yes,No,No,Month-to-month,Yes,Credit card,62.82,4031.91,No
CUST100257,Male,1,Yes,Yes,6,Yes,No,DSL,Yes,Yes,Yes,No,No,No,One year,Yes,Credit card,56.89,436.92,No
CUST100258,Female,0,Yes,Yes,69,Yes,No,DSL,No,No,No,Yes,Yes,Yes,Month-to-month,No,Electronic check,68.14,4671.99,No
CUST100259,Female,0,Yes,No,18,Yes,No,Fiber optic,Yes,No,Yes,No,No,No,Month-to-month,Yes,Mailed check,69.87,1339.94,No
CUST100260,Male,0,No,No,57,Yes,No,DSL,No,No,No,No,Yes,No,Two year,Yes,Credit card,53.33,2985.88,No
CUST100261,Male,0,Yes,No,60,Yes,No,DSL,No,Yes,No,Yes,Yes,No,One year,Yes,Mailed check,60.1,3656.14,No
CUST100262,Female,1,No,No,41,Yes,Yes,DSL,No,No,No,Yes,Yes,No,Month-to-month,Yes,Mailed check,65.37,2663.51,No
CUST100263,Female,0,Yes,No,63,Yes,No,Fiber optic,Yes,Yes,No,No,No,Yes,Month-to-month,Yes,Credit card,91.82,5878.07,No
CUST100264,Male,0,Yes,No,60,Yes,No,No,No internet service,No internet service,No internet service,No internet service,No internet service,No internet service,Two year,Yes,Electronic check,31.62,2050.42,No
CUST100265,Male,0,No,No,38,Yes,No,Fiber optic,No,Yes,No,No,No,No,One year,Yes,Mailed check,76.33,2917.29,No
CUST100266,Male,1,Yes,Yes,13,Yes,Yes,Fiber optic,No,No,No,Yes,No,No,Two year,Yes,Electronic check,87.31,1287.23,No
CUST100267,Female,0,No,Yes,32,Yes,No,No,No internet service,No internet service,No internet service,No internet service,No internet service,No internet service,Month-to-month,Yes,Electronic check,33.48,1059.22,Yes
CUST100268,Female,0,Yes,No,65,Yes,Yes,Fiber optic,Yes,No,No,No,Yes,No,One year,Yes,Credit card,95.14,6200.14,No
CUST100269,Male,1,No,No,15,Yes,No,Fiber optic,No,Yes,Yes,No,No,No,Month-to-month,Yes,Bank transfer,77.57,1155.09,Yes
CUST100270,Male,1,No,Yes,72,Yes,No,Fiber optic,No,No,No,No,Yes,Yes,Month-to-month,No,Bank transfer,86.98,6182.35,No
CUST100271,Female,0,Yes,No,14,Yes,Yes,No,No internet service,No internet service,No internet service,No internet service,No internet service,No internet service,One year,No,Electronic check,38.07,650.13,No
CUST100272,Female,0,Yes,Yes,48,Yes,No,DSL,No,No,No,Yes,No,No,One year,Yes,Credit card,51.03,2462.03,No
CUST100273,Female,1,Yes,No,47,Yes,No,Fiber optic,No,No,No,No,No,Yes,Month-to-month,No,Electronic check,81.13,3779.58,No
CUST100274,Male,0,No,Yes,15,Yes,No,Fiber optic,Yes,No,Yes,No,No,No,Month-to-month,No,Mailed check,80.14,1144.95,Yes
CUST100275,Female,0,No,No,35,Yes,Yes,DSL,Yes,No,No,No,No,No,One year,No,Electronic check,52.04,1972.92,No
CUST100276,Female,0,Yes,Yes,11,Yes,No,Fiber optic,No,Yes,No,No,No,No,Month-to-month,No,Mailed check,80.08,869.45,Yes
CUST100277,Female,0,Yes,No,27,Yes,No,No,No internet service,No internet service,No internet service,No internet service,No internet service,No internet service,Month-to-month,Yes,Mailed check,25.55,677.59,No
CUST100278,Male,0,No,Yes,70,Yes,No,No,No internet service,No internet service,No internet service,No internet service,No internet service,No internet service,Month-to-month,No,Mailed check,20.98,1550.76,No
CUST100279,Female,0,Yes,No,4,Yes,No,No,No internet service,No internet service,No internet service,No internet service,No internet service,No internet service,Month-to-month,No,Mailed check,40.76,286.88,No
CUST100280,Female,0,No,No,63,Yes,No,Fiber optic,No,No,No,No,Yes,Yes,Two year,Yes,Mailed check,79.67,4978.06,No
CUST100281,Female,0,No,Yes,49,Yes,Yes,Fiber optic,Yes,No,No,No,No,No,Month-to-month,Yes,Bank transfer,84.56,4193.48,No
CUST100282,Female,0,Yes,No,54,Yes,No,No,No internet service,No internet service,No internet service,No internet service,No internet service,No internet service,Month-to-month,Yes,Mailed check,23.76,1332.92,No
CUST100283,Male,0,Yes,No,21,Yes,Yes,DSL,No,No,No,Yes,No,No,One year,Yes,Credit card,56.31,1168.55,No
CUST100284,Female,0,Yes,No,69,Yes,Yes,DSL,No,Yes,No,No,No,No,Month-to-month,Yes,Electronic check,55.2,3778.21,No
CUST100285,Female,0,Yes,No,19,Yes,Yes,Fiber optic,No,Yes,No,Yes,No,No,One year,Yes,Electronic check,83.02,1528.76,No
CUST100286,Male,0,No,No,37,Yes,No,Fiber optic,Yes,No,Yes,Yes,Yes,No,Month-to-month,Yes,Electronic check,95.47,3615.59,Yes
CUST100287,Female,0,No,No,3,Yes,No,Fiber optic,No,Yes,No,Yes,No,Yes,Two year,Yes,Electronic check,96.09,308.5,No
CUST100288,Male,0,No,No,64,No,No phone service,No,No internet service,No internet service,No internet service,No internet service,No internet service,No internet service,One year,No,Mailed check,20.02,1287.65,No
CUST100289,Male,1,No,No,51,Yes,Yes,DSL,No,Yes,Yes,No,No,No,One year,Yes,Electronic check,55.9,2793.81,No
CUST100290,Female,0,Yes,Yes,12,Yes,Yes,No,No internet service,No internet service,No internet service,No internet service,No internet service,No internet service,Month-to-month,Yes,Electronic check,30.82,453.11,No
CUST100291,Male,0,No,No,48,Yes,Yes,Fiber optic,No,Yes,Yes,No,Yes,No,Two year,Yes,Electronic check,90.66,4377.08,No
CUST100292,Female,0,Yes,Yes,14,Yes,No,No,No internet service,No internet service,No internet service,No internet service,No internet service,No internet service,One year,Yes,Mailed check,28.4,328.11,No
CUST100293,Male,0,Yes,No,32,No,No phone service,Fiber optic,No,No,No,No,No,No,Month-to-month,Yes,Bank transfer,60.33,1902.83,Yes
CUST100294,Female,1,Yes,Yes,37,Yes,No,Fiber optic,Yes,No,No,No,Yes,No,Month-to-month,No,Mailed check,90.46,3407.94,No
CUST100295,Male,1,No,Yes,68,No,No phone service,Fiber optic,No,Yes,No,No,Yes,Yes,Month-to-month,No,Credit card,80.61,5340.65,No
CUST100296,Male,0,No,No,24,Yes,No,Fiber optic,No,No,No,Yes,Yes,No,Month-to-month,Yes,Electronic check,85.23,2042.73,No
CUST100297,Male,0,Yes,No,1,Yes,No,DSL,No,No,Yes,No,No,Yes,Month-to-month,No,Mailed check,57.32,124.21,No
CUST100298,Female,0,No,Yes,32,Yes,Yes,DSL,Yes,No,Yes,No,No,No,Two year,Yes,Electronic check,62.84,2030.75,No
CUST100299,Female,0,Yes,No,67,No,No phone service,DSL,Yes,Yes,No,No,No,Yes,Two year,Yes,Credit card,53.56,3647.6,No
CUST100300,Female,0,Yes,No,58,Yes,Yes,Fiber optic,No,Yes,Yes,Yes,No,No,Month-to-month,Yes,Electronic check,91.98,5167.91,No
CUST100301,Female,1,Yes,No,5,Yes,Yes,Fiber optic,No,Yes,Yes,Yes,Yes,Yes,Two year,Yes,Credit card,104.01,416.03,No
CUST100302,Male,0,No,No,4,Yes,No,Fiber optic,Yes,No,No,Yes,No,No,One year,Yes,Bank transfer,80.15,392.32,No
CUST100303,Female,0,Yes,Yes,55,Yes,No,Fiber optic,Yes,No,No,Yes,Yes,No,Month-to-month,Yes,Mailed check,84.78,4695.18,No
CUST100304,Male,0,Yes,Yes,52,Yes,Yes,DSL,No,No,Yes,No,No,Yes,Two year,Yes,Mailed check,74.07,3830.41,No
CUST100305,Male,0,Yes,No,41,Yes,No,DSL,No,No,Yes,Yes,No,Yes,One year,No,Mailed check,64.57,2669.56,No
CUST100306,Female,0,No,Yes,7,Yes,Yes,Fiber optic,No,No,No,Yes,Yes,No,One year,Yes,Electronic check,91.32,687.57,No
CUST100307,Female,0,No,No,21,Yes,No,Fiber optic,No,No,No,No,No,No,Month-to-month,No,Credit card,69.32,1416.89,Yes
CUST100308,Male,0,Yes,No,62,Yes,Yes,Fiber optic,No,Yes,Yes,No,No,Yes,Month-to-month,No,Credit card,88.1,5406.81,No
CUST100309,Female,0,No,No,11,Yes,Yes,Fiber optic,No,No,No,No,No,No,Two year,Yes,Electronic check,71.6,680.93,No
CUST100310,Female,0,Yes,Yes,15,Yes,No,No,No internet service,No internet service,No internet service,No internet service,No internet service,No internet service,Month-to-month,Yes,Electronic check,27.3,525.93,Yes
CUST100311,Male,0,Yes,No,33,Yes,Yes,No,No internet service,No internet service,No internet service,No internet service,No internet service,No internet service,Month-to-month,Yes,Electronic check,34.17,1133.49,No
CUST100312,Male,1,No,No,53,Yes,Yes,Fiber optic,No,Yes,No,No,No,Yes,Month-to-month,Yes,Bank transfer,90.56,4921.49,Yes
CUST100313,Female,0,No,Yes,60,Yes,No,DSL,Yes,No,No,No,No,Yes,Month-to-month,No,Mailed check,58.74,3417.26,No
CUST100314,Female,0,Yes,Yes,43,Yes,No,DSL,No,Yes,No,Yes,No,No,Month-to-month,Yes,Bank transfer,54.12,2337.59,No
CUST100315,Female,0,No,Yes,36,Yes,No,Fiber optic,No,No,No,No,Yes,No,Two year,Yes,Electronic check,87.6,3058.42,No
CUST100316,Male,0,Yes,No,28,Yes,No,Fiber optic,No,No,Yes,No,No,No,Month-to-month,No,Credit card,76.39,2279.64,No
CUST100317,Male,0,No,No,4,Yes,Yes,DSL,No,No,No,Yes,No,Yes,Two year,No,Electronic check,63.23,470.92,No
CUST100318,Male,0,No,No,20,Yes,No,DSL,No,No,No,No,Yes,Yes,One year,Yes,Electronic check,58.5,1270.31,Yes
CUST100319,Male,0,No,Yes,16,No,No phone service,No,No internet service,No internet service,No internet service,No internet service,No internet service,No internet service,Month-to-month,Yes,Credit card,22.89,276.71,No
CUST100320,Male,1,Yes,No,5,Yes,Yes,DSL,No,Yes,No,Yes,No,Yes,Month-to-month,Yes,Bank transfer,69.1,253.0,Yes
CUST100321,Female,0,No,Yes,54,Yes,Yes,Fiber optic,No,No,No,No,No,Yes,Month-to-month,Yes,Mailed check,87.81,4733.98,No
CUST100322,Female,0,No,Yes,26,No,No phone service,No,No internet service,No internet service,No internet service,No internet service,No internet service,No internet service,Two year,Yes,Credit card,19.66,522.3,No
CUST100323,Male,0,Yes,Yes,37,Yes,No,Fiber optic,No,No,No,No,No,No,One year,Yes,Electronic check,68.46,2574.6,No
CUST100324,Male,1,Yes,No,15,Yes,Yes,DSL,Yes,Yes,No,No,No,No,Month-to-month,Yes,Electronic check,57.25,896.72,Yes
CUST100325,Male,1,No,No,43,Yes,No,No,No internet service,No internet service,No internet service,No internet service,No internet service,No internet service,Two year,No,Electronic check,32.16,1384.28,No
CUST100326,Female,0,Yes,No,10,Yes,Yes,Fiber optic,No,No,No,Yes,Yes,No,Two year,Yes,Electronic check,84.65,828.29,Yes
CUST100327,Female,0,No,No,49,Yes,No,DSL,Yes,No,Yes,Yes,No,No,Month-to-month,No,Bank transfer,64.0,3070.32,No
CUST100328,Female,0,Yes,Yes,54,Yes,No,Fiber optic,No,No,Yes,No,No,Yes,One year,Yes,Mailed check,79.61,4353.17,No
CUST100329,Female,0,No,No,23,Yes,Yes,DSL,No,Yes,No,Yes,Yes,No,One year,Yes,Mailed check,73.44,1498.81,No
CUST100330,Male,0,Yes,Yes,16,Yes,Yes,Fiber optic,No,Yes,No,No,Yes,No,One year,No,Bank transfer,94.13,1514.04,No
CUST100331,Male,0,No,No,57,Yes,No,No,No internet service,No internet service,No internet service,No internet service,No internet service,No internet service,Month-to-month,Yes,Electronic check,24.99,1442.62,No
CUST100332,Female,0,No,No,17,Yes,Yes,Fiber optic,No,No,No,No,Yes,Yes,Month-to-month,Yes,Electronic check,87.64,1472.15,Yes
CUST100333,Female,0,Yes,Yes,13,Yes,No,No,No internet service,No internet service,No internet service,No internet service,No internet service,No internet service,Month-to-month,No,Mailed check,36.87,544.46,No
CUST100334,Male,0,No,Yes,25,No,No phone service,Fiber optic,No,Yes,Yes,No,No,Yes,Month-to-month,Yes,Bank transfer,80.84,2099.79,Yes
CUST100335,Female,0,No,Yes,70,Yes,No,No,No internet service,No internet service,No internet service,No internet service,No internet service,No internet service,Month-to-month,No,Mailed check,30.89,2178.65,No
CUST100336,Male,0,Yes,Yes,34,No,No phone service,Fiber optic,Yes,No,No,No,No,No,One year,Yes,Credit card,61.59,2279.15,No
CUST100337,Male,0,Yes,No,19,Yes,No,DSL,Yes,No,No,No,No,Yes,Month-to-month,Yes,Credit card,53.93,969.0,No
CUST100338,Female,0,No,Yes,37,Yes,No,No,No internet service,No internet service,No internet service,No internet service,No internet service,No internet service,Month-to-month,No,Credit card,28.85,1030.4,No
CUST100339,Female,0,No,No,26,Yes,No,No,No internet service,No internet service,No internet service,No internet service,No internet service,No internet service,One year,Yes,Bank transfer,26.48,655.24,No
CUST100340,Male,0,Yes,No,48,Yes,Yes,Fiber optic,Yes,Yes,Yes,No,No,Yes,Month-to-month,Yes,Bank transfer,94.98,4649.36,No
CUST100341,Male,0,No,No,32,Yes,No,Fiber optic,No,No,No,No,No,No,Month-to-month,No,Credit card,71.12,2304.91,No
CUST100342,Female,0,Yes,No,43,Yes,Yes,DSL,No,No,No,Yes,Yes,Yes,One year,Yes,Bank transfer,65.17,2648.49,Yes
CUST100343,Male,0,Yes,No,32,Yes,Yes,DSL,No,No,Yes,No,No,No,Two year,No,Mailed check,59.21,1868.39,No
CUST100344,Male,0,No,Yes,35,Yes,No,DSL,No,No,Yes,No,No,No,Month-to-month,Yes,Electronic check,47.4,1611.05,Yes
CUST100345,Male,0,Yes,Yes,33,Yes,Yes,Fiber optic,No,No,No,No,No,No,Two year,No,Credit card,79.83,2769.82,No
CUST100346,Female,0,Yes,No,29,Yes,Yes,DSL,Yes,No,Yes,No,No,Yes,Two year,Yes,Mailed check,70.4,1976.92,No
CUST100347,Male,0,Yes,No,70,Yes,No,DSL,No,Yes,No,Yes,No,Yes,One year,Yes,Credit card,65.11,4556.39,No
CUST100348,Male,0,Yes,No,20,Yes,Yes,No,No internet service,No internet service,No internet service,No internet service,No internet service,No internet service,Two year,No,Credit card,40.36,681.25,Yes
CUST100349,Female,0,Yes,Yes,58,Yes,No,Fiber optic,Yes,Yes,Yes,No,No,Yes,Month-to-month,No,Mailed check,89.33,5193.74,No
CUST100350,Female,0,No,No,52,Yes,No,No,No internet service,No internet service,No internet service,No internet service,No internet service,No internet service,Month-to-month,Yes,Mailed check,24.08,1402.73,No
CUST100351,Male,0,No,No,39,Yes,No,DSL,No,No,Yes,No,Yes,No,Two year,No,Electronic check,62.81,2382.95,No
CUST100352,Female,0,No,No,23,Yes,Yes,DSL,Yes,No,No,Yes,Yes,Yes,Month-to-month,Yes,Mailed check,83.77,2001.25,No
CUST100353,Female,0,No,Yes,35,Yes,No,Fiber optic,Yes,Yes,Yes,No,No,No,Month-to-month,Yes,Bank transfer,90.13,3138.07,No
CUST100354,Female,0,Yes,Yes,62,No,No phone service,Fiber optic,No,Yes,Yes,No,No,No,Month-to-month,No,Electronic check,62.68,3884.59,No
CUST100355,Male,0,Yes,No,14,Yes,No,Fiber optic,No,No,Yes,No,Yes,No,Month-to-month,No,Mailed check,84.41,1231.37,No
CUST100356,Male,1,No,No,43,Yes,Yes,No,No internet service,No internet service,No internet service,No internet service,No internet service,No internet service,Month-to-month,Yes,Mailed check,31.26,1243.67,No
CUST100357,Female,0,Yes,Yes,56,Yes,No,DSL,No,No,Yes,Yes,No,No,Month-to-month,No,Electronic check,59.58,3275.14,No
CUST100358,Male,0,Yes,Yes,46,No,No phone service,Fiber optic,Yes,Yes,Yes,Yes,Yes,No,Two year,No,Electronic check,87.99,3975.07,No
CUST100359,Female,0,No,No,11,Yes,No,Fiber optic,No,No,Yes,No,Yes,No,Month-to-month,No,Electronic check,80.66,1022.53,No
CUST100360,Male,0,No,No,37,Yes,Yes,DSL,No,No,No,No,No,No,Two year,Yes,Credit card,51.43,1987.26,No
CUST100361,Male,0,No,No,14,Yes,Yes,Fiber optic,No,Yes,Yes,No,No,No,Month-to-month,Yes,Electronic check,84.6,1263.42,Yes
CUST100362,Male,0,Yes,No,67,Yes,Yes,Fiber optic,No,No,No,No,Yes,No,Month-to-month,No,Electronic check,78.88,5365.79,No
CUST100363,Female,0,Yes,Yes,26,Yes,No,DSL,No,Yes,No,No,Yes,Yes,Two year,No,Mailed check,63.47,1714.93,No
CUST100364,Male,0,Yes,Yes,31,Yes,No,Fiber optic,No,Yes,Yes,No,No,Yes,Month-to-month,Yes,Bank transfer,87.53,2583.59,No
CUST100365,Female,0,No,No,62,Yes,Yes,Fiber optic,No,No,No,Yes,No,Yes,Month-to-month,Yes,Bank transfer,94.98,5841.05,No
CUST100366,Male,0,Yes,No,31,Yes,Yes,Fiber optic,Yes,No,No,Yes,Yes,Yes,Two year,No,Mailed check,103.05,3177.18,No
CUST100367,Female,0,Yes,Yes,14,Yes,Yes,No,No internet service,No internet service,No internet service,No internet service,No internet service,No internet service,Month-to-month,No,Bank transfer,33.84,484.33,Yes
CUST100368,Female,0,Yes,No,65,Yes,No,Fiber optic,No,No,No,No,Yes,Yes,Month-to-month,Yes,Bank transfer,82.55,5284.38,No
CUST100369,Female,1,No,Yes,47,Yes,No,Fiber optic,Yes,No,No,No,Yes,Yes,Two year,Yes,Credit card,77.06,3510.98,No
CUST100370,Male,0,No,Yes,44,No,No phone service,No,No internet service,No internet service,No internet service,No internet service,No internet service,No internet service,Month-to-month,No,Bank transfer,18.43,726.65,No
CUST100371,Female,0,Yes,No,6,Yes,No,Fiber optic,Yes,Yes,Yes,No,No,Yes,One year,Yes,Bank transfer,92.54,494.56,No
CUST100372,Male,0,Yes,Yes,33,Yes,Yes,DSL,No,Yes,Yes,No,No,No,Month-to-month,No,Electronic check,60.55,1968.73,No
CUST100373,Female,0,Yes,Yes,34,Yes,No,DSL,No,Yes,No,No,No,No,Month-to-month,No,Mailed check,48.89,1696.34,No
CUST100374,Female,0,Yes,No,19,Yes,No,DSL,Yes,No,Yes,No,No,No,Month-to-month,Yes,Credit card,46.07,863.01,No
CUST100375,Male,0,No,No,41,Yes,No,DSL,No,Yes,No,Yes,Yes,Yes,One year,No,Electronic check,64.44,2739.52,No
CUST100376,Female,0,Yes,No,18,Yes,Yes,Fiber optic,No,No,No,Yes,No,Yes,Month-to-month,Yes,Electronic check,84.6,1572.48,No
CUST100377,Male,0,No,No,34,No,No phone service,Fiber optic,No,No,No,No,No,No,Two year,Yes,Bank transfer,59.11,1984.85,No
CUST100378,Male,0,No,Yes,58,Yes,No,No,No internet service,No internet service,No internet service,No internet service,No internet service,No internet service,One year,No,Credit card,18.0,1079.94,No
CUST100379,Female,0,No,No,53,Yes,Yes,Fiber optic,No,No,Yes,No,No,Yes,Month-to-month,Yes,Electronic check,88.24,4668.45,Yes
CUST100380,Female,0,No,No,21,Yes,Yes,DSL,No,No,No,No,Yes,No,Month-to-month,Yes,Credit card,59.64,1205.29,No
CUST100381,Female,0,Yes,Yes,15,Yes,No,No,No internet service,No internet service,No internet service,No internet service,No internet service,No internet service,One year,Yes,Electronic check,29.64,449.29,No
CUST100382,Male,0,Yes,No,1,Yes,No,Fiber optic,No,Yes,No,No,No,No,One year,No,Credit card,73.28,106.48,Yes
CUST100383,Male,0,Yes,No,25,Yes,Yes,DSL,Yes,No,No,Yes,No,No,Month-to-month,Yes,Credit card,66.3,1737.78,No
CUST100384,Female,0,No,No,2,No,No phone service,DSL,No,No,Yes,No,No,No,Two year,Yes,Bank transfer,50.14,276.71,No
CUST100385,Female,0,Yes,No,10,No,No phone service,Fiber optic,Yes,No,No,No,Yes,Yes,Month-to-month,Yes,Credit card,75.37,855.54,Yes
CUST100386,Female,0,Yes,No,71,Yes,Yes,Fiber optic,No,No,No,No,No,Yes,Two year,Yes,Credit card,79.01,5529.9,No
CUST100387,Female,0,Yes,No,62,Yes,Yes,Fiber optic,No,No,No,No,No,Yes,Two year,Yes,Credit card,85.34,5163.43,No
CUST100388,Male,1,Yes,Yes,41,Yes,No,No,No internet service,No internet service,No internet service,No internet service,No internet service,No internet service,Month-to-month,No,Mailed check,30.34,1347.43,No
CUST100389,Male,0,No,No,56,Yes,Yes,Fiber optic,No,No,Yes,No,No,No,Month-to-month,Yes,Mailed check,77.12,4308.79,No
CUST100390,Female,0,No,No,36,Yes,No,No,No internet service,No internet service,No internet service,No internet service,No internet service,No internet service,Month-to-month,Yes,Electronic check,34.75,1194.66,No
CUST100391,Male,0,No,No,44,Yes,Yes,Fiber optic,No,Yes,No,No,Yes,No,Month-to-month,Yes,Electronic check,85.23,3880.65,Yes
CUST100392,Female,1,No,No,67,Yes,Yes,Fiber optic,No,No,Yes,No,No,No,Two year,No,Bank transfer,81.02,5413.31,No
CUST100393,Female,0,Yes,Yes,6,Yes,Yes,DSL,No,No,No,Yes,Yes,No,Month-to-month,Yes,Electronic check,67.67,397.17,No
CUST100394,Male,0,Yes,Yes,26,Yes,Yes,Fiber optic,No,Yes,Yes,No,Yes,No,One year,No,Credit card,99.74,2542.14,No
CUST100395,Male,1,Yes,No,9,No,No phone service,Fiber optic,Yes,No,No,No,No,No,Two year,Yes,Electronic check,63.02,404.46,No
CUST100396,Male,0,No,No,58,Yes,Yes,Fiber optic,No,No,No,Yes,Yes,No,Two year,No,Electronic check,91.96,5259.87,No
CUST100397,Female,1,No,Yes,60,Yes,No,Fiber optic,No,Yes,Yes,No,No,No,Month-to-month,Yes,Electronic check,79.56,4722.72,No
CUST100398,Female,0,Yes,No,52,Yes,No,Fiber optic,Yes,No,Yes,No,No,No,Two year,No,Electronic check,74.13,3723.57,No
CUST100399,Female,0,No,No,44,Yes,No,Fiber optic,No,No,Yes,No,No,Yes,Month-to-month,Yes,Electronic check,79.55,3506.57,No
CUST100400,Female,0,Yes,No,35,Yes,No,Fiber optic,No,Yes,No,Yes,Yes,No,Month-to-month,No,Bank transfer,82.18,2897.65,No
CUST100401,Male,0,Yes,Yes,2,Yes,Yes,Fiber optic,No,No,No,Yes,No,Yes,Month-to-month,No,Electronic check,91.73,256.24,Yes
CUST100402,Male,1,No,No,56,Yes,No,No,No internet service,No internet service,No internet service,No internet service,No internet service,No internet service,One year,Yes,Credit card,22.3,1188.27,No
CUST100403,Female,0,No,No,65,Yes,Yes,Fiber optic,No,No,Yes,Yes,Yes,Yes,Month-to-month,Yes,Mailed check,102.74,6528.31,No
CUST100404,Male,1,No,No,70,Yes,No,Fiber optic,No,No,No,No,No,No,Month-to-month,No,Bank transfer,69.94,4869.59,No
CUST100405,Female,0,No,Yes,25,No,No phone service,Fiber optic,No,No,No,No,No,No,Month-to-month,Yes,Bank transfer,63.32,1482.92,No
CUST100406,Male,0,Yes,No,15,Yes,No,Fiber optic,No,Yes,No,Yes,Yes,Yes,Two year,Yes,Electronic check,93.98,1407.59,No
CUST100407,Female,1,No,No,48,Yes,No,No,No internet service,No internet service,No internet service,No internet service,No internet service,No internet service,One year,Yes,Electronic check,24.47,1243.97,No
CUST100408,Female,0,No,No,2,No,No phone service,No,No internet service,No internet service,No internet service,No internet service,No internet service,No internet service,One year,Yes,Credit card,21.5,18.0,No
CUST100409,Male,1,Yes,No,5,Yes,No,Fiber optic,No,No,No,No,No,Yes,One year,No,Bank transfer,77.49,381.71,No
CUST100410,Female,0,Yes,Yes,60,Yes,Yes,No,No internet service,No internet service,No internet service,No internet service,No internet service,No internet service,Month-to-month,No,Electronic check,32.91,1810.67,No
CUST100411,Female,0,No,No,69,Yes,Yes,Fiber optic,Yes,No,No,No,Yes,Yes,Month-to-month,Yes,Bank transfer,106.22,7298.05,No
CUST100412,Female,0,Yes,Yes,30,Yes,Yes,No,No internet service,No internet service,No internet service,No internet service,No internet service,No internet service,Month-to-month,No,Electronic check,30.25,1035.85,No
CUST100413,Female,0,Yes,Yes,37,Yes,No,No,No internet service,No internet service,No internet service,No internet service,No internet service,No internet service,Month-to-month,Yes,Electronic check,30.0,1154.64,No
CUST100414,Female,0,No,No,40,Yes,No,Fiber optic,No,Yes,Yes,Yes,Yes,No,Two year,No,Electronic check,94.35,3711.49,No
CUST100415,Female,0,No,Yes,10,Yes,Yes,No,No internet service,No internet service,No internet service,No internet service,No internet service,No internet service,Month-to-month,Yes,Bank transfer,33.83,248.5,No
CUST100416,Male,0,No,No,17,Yes,No,Fiber optic,No,No,No,Yes,No,Yes,One year,No,Mailed check,82.97,1408.45,No
CUST100417,Male,0,No,No,22,Yes,Yes,Fiber optic,No,No,No,No,No,Yes,Two year,No,Mailed check,85.77,1927.65,No
CUST100418,Female,1,Yes,No,61,Yes,No,Fiber optic,Yes,Yes,No,No,Yes,Yes,Two year,Yes,Electronic check,93.69,5653.69,No
CUST100419,Female,0,No,Yes,32,No,No phone service,Fiber optic,No,No,No,No,No,Yes,Month-to-month,Yes,Electronic check,66.75,2120.48,No
CUST100420,Male,0,Yes,No,52,No,No phone service,Fiber optic,No,Yes,No,No,Yes,No,Two year,Yes,Electronic check,73.66,3675.85,No
CUST100421,Male,1,No,No,15,Yes,Yes,DSL,No,Yes,No,No,No,No,One year,Yes,Mailed check,55.56,898.42,Yes
CUST100422,Male,0,Yes,No,69,Yes,No,Fiber optic,No,No,No,Yes,No,Yes,Month-to-month,No,Credit card,87.47,5966.93,No
CUST100423,Male,0,No,Yes,64,Yes,Yes,Fiber optic,No,No,Yes,No,Yes,No,One year,No,Bank transfer,92.49,5970.07,No
CUST100424,Male,0,No,Yes,35,Yes,Yes,Fiber optic,No,Yes,No,No,No,Yes,Month-to-month,No,Electronic check,89.29,3153.02,No
CUST100425,Female,0,No,No,17,Yes,Yes,DSL,Yes,No,No,Yes,No,No,Two year,No,Electronic check,60.01,1057.14,No
CUST100426,Female,0,Yes,Yes,71,Yes,No,DSL,No,No,No,No,Yes,Yes,One year,Yes,Electronic check,58.72,4148.42,No
CUST100427,Male,0,Yes,No,59,Yes,No,Fiber optic,Yes,Yes,No,No,Yes,No,One year,No,Credit card,84.62,5124.19,No
CUST100428,Male,0,Yes,Yes,37,Yes,No,Fiber optic,Yes,No,Yes,No,Yes,Yes,Two year,Yes,Mailed check,93.59,3410.76,No
CUST100429,Female,0,Yes,Yes,20,Yes,No,DSL,Yes,Yes,Yes,No,No,Yes,One year,No,Credit card,61.56,1364.03,No
CUST100430,Male,0,No,No,45,No,No phone service,DSL,No,No,No,No,No,Yes,Month-to-month,No,Mailed check,42.75,1944.05,No
CUST100431,Female,0,Yes,No,27,Yes,No,Fiber optic,Yes,No,No,No,Yes,Yes,Month-to-month,No,Bank transfer,84.59,2293.82,Yes
CUST100432,Male,0,No,No,49,Yes,No,DSL,No,Yes,No,Yes,Yes,No,Two year,Yes,Bank transfer,60.17,2929.88,No
CUST100433,Male,0,Yes,No,60,Yes,Yes,DSL,No,Yes,No,No,Yes,No,One year,Yes,Bank transfer,72.3,4346.97,No
CUST100434,Female,1,Yes,No,36,Yes,Yes,Fiber optic,No,Yes,No,No,No,No,Two year,Yes,Mailed check,80.69,2905.63,No
CUST100435,Female,0,No,No,4,Yes,No,Fiber optic,No,No,Yes,Yes,Yes,Yes,Month-to-month,Yes,Electronic check,94.75,518.43,No
CUST100436,Female,0,Yes,Yes,41,Yes,No,No,No internet service,No internet service,No internet service,No internet service,No internet service,No internet service,Month-to-month,No,Mailed check,27.08,1013.14,No
CUST100437,Male,0,Yes,No,62,Yes,No,DSL,No,No,Yes,No,Yes,No,Two year,Yes,Credit card,60.5,3735.46,No
CUST100438,Male,0,Yes,No,17,Yes,No,DSL,Yes,No,No,No,No,No,One year,Yes,Electronic check,49.42,764.43,No
CUST100439,Female,0,Yes,No,70,No,No phone service,DSL,No,No,Yes,No,Yes,No,Month-to-month,No,Bank transfer,47.78,3298.57,No
CUST100440,Female,0,No,No,27,Yes,Yes,Fiber optic,Yes,No,Yes,No,No,No,Month-to-month,Yes,Credit card,84.24,2275.88,No
CUST100441,Male,1,Yes,No,50,Yes,No,DSL,No,Yes,No,Yes,Yes,No,Two year,Yes,Mailed check,60.02,3121.38,No
CUST100442,Female,0,Yes,No,51,Yes,Yes,DSL,No,No,No,No,Yes,Yes,One year,Yes,Mailed check,73.01,3762.12,No
CUST100443,Female,0,No,No,14,No,No phone service,Fiber optic,No,No,Yes,No,No,No,Month-to-month,Yes,Electronic check,68.52,882.76,Yes
CUST100444,Female,0,Yes,No,3,Yes,Yes,Fiber optic,No,Yes,No,No,No,No,Month-to-month,Yes,Bank transfer,79.53,215.11,No
CUST100445,Male,0,No,No,69,Yes,No,Fiber optic,Yes,Yes,Yes,No,No,Yes,Month-to-month,Yes,Credit card,95.35,6671.35,No
CUST100446,Male,0,Yes,No,51,Yes,Yes,Fiber optic,Yes,No,No,No,No,No,Month-to-month,Yes,Credit card,86.59,4369.33,No
CUST100447,Female,0,No,Yes,46,Yes,No,No,No internet service,No internet service,No internet service,No internet service,No internet service,No internet service,Month-to-month,Yes,Electronic check,25.14,1167.26,No
CUST100448,Male,0,Yes,No,22,Yes,Yes,Fiber optic,No,Yes,No,Yes,No,Yes,Month-to-month,Yes,Credit card,92.82,2074.75,No
CUST100449,Male,1,Yes,Yes,8,Yes,Yes,DSL,Yes,Yes,Yes,No,Yes,Yes,Two year,No,Mailed check,82.03,638.69,No
CUST100450,Female,1,No,No,20,Yes,No,Fiber optic,No,No,No,No,No,No,Month-to-month,Yes,Bank transfer,66.92,1265.37,No
CUST100451,Male,0,No,No,40,Yes,Yes,DSL,Yes,No,No,No,No,Yes,Two year,Yes,Electronic check,63.02,2540.92,No
CUST100452,Male,0,No,Yes,50,Yes,Yes,DSL,Yes,Yes,Yes,No,No,No,Month-to-month,Yes,Electronic check,66.02,3485.41,No
CUST100453,Female,0,No,Yes,23,Yes,No,Fiber optic,No,No,No,No,No,No,Month-to-month,Yes,Bank transfer,69.41,1559.15,No
CUST100454,Female,1,Yes,No,16,No,No phone service,DSL,Yes,No,No,No,Yes,No,Month-to-month,Yes,Mailed check,62.24,953.0,Yes
CUST100455,Male,0,No,No,18,Yes,Yes,DSL,No,Yes,No,No,Yes,No,Month-to-month,Yes,Credit card,61.39,1164.34,Yes
CUST100456,Male,0,No,No,70,Yes,Yes,Fiber optic,Yes,Yes,No,No,Yes,No,One year,No,Electronic check,88.11,6358.37,No
CUST100457,Female,0,Yes,Yes,46,Yes,No,No,No internet service,No internet service,No internet service,No internet service,No internet service,No internet service,Two year,Yes,Credit card,31.91,1399.85,No
CUST100458,Male,0,Yes,No,72,Yes,Yes,DSL,Yes,Yes,No,No,No,No,One year,Yes,Mailed check,63.73,4494.0,No
CUST100459,Male,0,Yes,No,1,Yes,No,Fiber optic,Yes,No,No,Yes,No,No,One year,Yes,Electronic check,78.77,142.47,No
CUST100460,Female,1,No,No,33,Yes,No,No,No internet service,No internet service,No internet service,No internet service,No internet service,No internet service,Two year,Yes,Electronic check,31.46,1103.72,No
CUST100461,Male,0,Yes,Yes,33,Yes,Yes,DSL,No,No,No,No,Yes,Yes,One year,Yes,Bank transfer,62.11,1971.54,No
CUST100462,Female,1,Yes,No,29,Yes,No,Fiber optic,No,Yes,No,No,Yes,No,One year,No,Credit card,83.26,2390.76,No
CUST100463,Male,0,No,No,29,Yes,No,DSL,No,Yes,No,Yes,No,No,One year,No,Electronic check,55.25,1509.59,No
CUST100464,Female,0,No,No,6,Yes,No,No,No internet service,No internet service,No internet service,No internet service,No internet service,No internet service,Month-to-month,Yes,Mailed check,28.14,139.49,No
CUST100465,Female,0,Yes,No,3,Yes,Yes,DSL,Yes,No,Yes,Yes,No,Yes,Month-to-month,Yes,Mailed check,75.2,202.52,No
CUST100466,Male,0,No,No,57,Yes,No,DSL,No,No,No,No,No,Yes,One year,Yes,Bank transfer,62.54,3640.9,No
CUST100467,Female,0,Yes,No,32,Yes,Yes,No,No internet service,No internet service,No internet service,No internet service,No internet service,No internet service,One year,Yes,Bank transfer,32.99,1153.62,No
CUST100468,Male,0,No,Yes,12,Yes,No,Fiber optic,No,Yes,No,No,Yes,Yes,Month-to-month,No,Credit card,85.63,1019.89,Yes
CUST100469,Female,0,Yes,Yes,26,Yes,Yes,DSL,Yes,No,No,Yes,No,No,Two year,Yes,Electronic check,65.14,1813.84,No
CUST100470,Male,0,Yes,No,68,Yes,No,Fiber optic,No,Yes,Yes,Yes,Yes,No,Month-to-month,No,Electronic check,96.09,6610.87,No
CUST100471,Male,0,No,Yes,34,Yes,Yes,No,No internet service,No internet service,No internet service,No internet service,No internet service,No internet service,One year,No,Electronic check,29.59,900.48,No
CUST100472,Male,0,Yes,No,72,Yes,No,Fiber optic,Yes,No,No,Yes,Yes,Yes,Two year,Yes,Credit card,95.56,6970.93,No
CUST100473,Female,0,No,No,12,Yes,No,DSL,No,No,No,No,Yes,Yes,Month-to-month,No,Mailed check,55.33,728.67,No
CUST100474,Female,1,Yes,No,9,Yes,Yes,DSL,No,No,No,Yes,No,No,Two year,No,Electronic check,52.58,626.97,No
CUST100475,Male,0,No,Yes,41,Yes,Yes,No,No internet service,No internet service,No internet service,No internet service,No internet service,No internet service,Two year,No,Bank transfer,34.11,1419.85,No
CUST100476,Male,0,No,Yes,50,Yes,Yes,DSL,No,Yes,Yes,No,No,No,One year,No,Bank transfer,60.35,3159.34,No
CUST100477,Male,0,No,No,71,Yes,No,DSL,No,No,Yes,No,Yes,No,Two year,Yes,Mailed check,52.84,3613.0,No
CUST100478,Female,0,No,No,34,Yes,No,DSL,No,No,Yes,No,Yes,Yes,One year,No,Electronic check,61.6,2058.95,No
CUST100479,Male,0,No,Yes,15,Yes,Yes,DSL,No,No,No,No,No,Yes,Month-to-month,Yes,Bank transfer,57.92,710.3,No
CUST100480,Female,1,Yes,No,39,Yes,No,Fiber optic,Yes,No,No,Yes,No,No,One year,No,Bank transfer,82.48,3192.08,No
CUST100481,Female,0,Yes,Yes,23,No,No phone service,Fiber optic,No,No,No,Yes,Yes,No,Month-to-month,Yes,Electronic check,70.07,1624.9,No
CUST100482,Male,0,No,Yes,13,No,No phone service,DSL,No,No,Yes,No,No,Yes,Month-to-month,Yes,Electronic check,50.29,651.73,No
CUST100483,Female,0,No,No,7,Yes,Yes,DSL,No,No,No,No,Yes,No,Month-to-month,No,Electronic check,52.62,442.82,Yes
CUST100484,Male,0,No,No,53,Yes,No,DSL,Yes,Yes,Yes,No,Yes,No,Month-to-month,No,Bank transfer,67.12,3755.62,No
CUST100485,Female,0,No,No,47,Yes,No,DSL,Yes,No,No,Yes,Yes,Yes,One year,No,Electronic check,72.94,3399.46,No
CUST100486,Female,0,Yes,No,12,Yes,No,DSL,Yes,Yes,No,No,Yes,No,Two year,Yes,Electronic check,61.09,834.84,No
CUST100487,Female,0,No,No,41,Yes,No,Fiber optic,No,Yes,No,No,Yes,Yes,Two year,No,Mailed check,91.14,3793.61,No
CUST100488,Male,0,No,Yes,64,No,No phone service,DSL,Yes,No,Yes,Yes,No,No,Month-to-month,Yes,Credit card,45.33,2930.94,No
CUST100489,Male,0,No,No,59,Yes,No,DSL,No,No,Yes,Yes,No,No,One year,No,Mailed check,51.54,3109.37,No
CUST100490,Male,0,No,Yes,33,Yes,Yes,Fiber optic,No,No,Yes,No,Yes,Yes,One year,Yes,Mailed check,98.25,3214.98,No
CUST100491,Male,0,No,No,5,Yes,Yes,Fiber optic,No,No,Yes,No,No,No,Month-to-month,Yes,Mailed check,84.53,507.19,Yes
CUST100492,Male,0,No,No,46,Yes,Yes,Fiber optic,No,No,No,Yes,No,No,One year,Yes,Bank transfer,89.47,4000.22,No
CUST100493,Male,0,Yes,No,38,Yes,No,No,No internet service,No internet service,No internet service,No internet service,No internet service,No internet service,Month-to-month,Yes,Credit card,30.82,1183.86,No
CUST100494,Male,0,No,Yes,67,No,No phone service,DSL,No,Yes,No,No,No,Yes,Two year,No,Credit card,54.64,3636.43,No
CUST100495,Female,0,Yes,No,40,Yes,Yes,DSL,No,Yes,Yes,Yes,No,Yes,Month-to-month,Yes,Mailed check,71.16,3045.51,Yes
CUST100496,Female,0,Yes,No,54,Yes,Yes,DSL,No,No,No,No,Yes,No,Two year,No,Mailed check,59.98,3152.82,No
CUST100497,Female,0,Yes,No,39,Yes,No,DSL,No,Yes,Yes,Yes,No,Yes,Two year,Yes,Electronic check,62.48,2476.23,No
CUST100498,Female,0,Yes,No,39,Yes,No,No,No internet service,No internet service,No internet service,No internet service,No internet service,No internet service,One year,Yes,Bank transfer,32.34,1362.45,No
CUST100499,Male,1,Yes,No,23,Yes,No,Fiber optic,No,No,No,Yes,No,No,Month-to-month,No,Bank transfer,73.84,1653.52,No
CUST100500,Female,0,No,No,29,Yes,No,Fiber optic,Yes,No,No,Yes,No,No,Month-to-month,Yes,Mailed check,81.94,2379.36,Yes
CUST100501,Female,0,No,No,22,Yes,Yes,No,No internet service,No internet service,No internet service,No internet service,No internet service,No internet service,Two year,Yes,Mailed check,25.81,527.29,No
CUST100502,Male,0,No,No,34,No,No phone service,No,No internet service,No internet service,No internet service,No internet service,No internet service,No internet service,Month-to-month,Yes,Electronic check,18.0,577.36,No
CUST100503,Male,0,Yes,No,69,Yes,No,Fiber optic,No,No,No,No,No,Yes,Month-to-month,Yes,Bank transfer,84.05,5934.61,No
CUST100504,Male,0,Yes,No,25,Yes,No,No,No internet service,No internet service,No internet service,No internet service,No internet service,No internet service,Two year,Yes,Electronic check,41.83,894.92,Yes
CUST100505,Female,0,No,No,34,Yes,Yes,Fiber optic,No,No,No,No,Yes,No,One year,No,Mailed check,85.41,2926.18,No
CUST100506,Female,0,No,No,69,Yes,No,DSL,No,Yes,No,No,No,No,One year,Yes,Electronic check,57.19,3779.43,No
CUST100507,Male,0,No,No,11,Yes,Yes,Fiber optic,No,No,No,Yes,No,Yes,Month-to-month,Yes,Electronic check,86.06,1023.09,No
CUST100508,Female,0,No,No,19,Yes,Yes,No,No internet service,No internet service,No internet service,No internet service,No internet service,No internet service,Month-to-month,Yes,Electronic check,28.7,514.78,No
CUST100509,Female,0,No,No,36,Yes,Yes,Fiber optic,No,No,Yes,Yes,No,No,Two year,No,Bank transfer,93.6,3231.79,No
CUST100510,Female,0,No,No,30,Yes,No,Fiber optic,No,No,No,No,Yes,Yes,Month-to-month,No,Bank transfer,83.46,2492.26,Yes
CUST100511,Male,0,No,No,25,Yes,No,No,No internet service,No internet service,No internet service,No internet service,No internet service,No internet service,Month-to-month,Yes,Mailed check,27.15,582.4,No
CUST100512,Male,1,No,No,57,Yes,Yes,Fiber optic,Yes,No,No,Yes,No,No,Month-to-month,No,Mailed check,93.66,5418.34,No
CUST100513,Male,0,No,No,36,Yes,Yes,Fiber optic,No,No,No,No,Yes,No,One year,Yes,Credit card,82.62,3057.83,No
CUST100514,Male,0,Yes,Yes,27,No,No phone service,DSL,No,Yes,No,No,Yes,No,Month-to-month,Yes,Credit card,45.29,1131.7,No
CUST100515,Male,0,Yes,Yes,35,Yes,No,DSL,No,No,Yes,No,No,No,Two year,Yes,Bank transfer,45.45,1634.67,No
CUST100516,Female,0,Yes,Yes,64,Yes,No,DSL,No,Yes,No,No,Yes,Yes,Month-to-month,No,Bank transfer,64.98,4107.37,No
CUST100517,Male,1,No,No,71,Yes,No,No,No internet service,No internet service,No internet service,No internet service,No internet service,No internet service,Month-to-month,Yes,Credit card,31.49,2213.0,No
CUST100518,Female,0,No,No,18,Yes,No,No,No internet service,No internet service,No internet service,No internet service,No internet service,No internet service,Two year,No,Bank transfer,26.85,643.08,No
CUST100519,Female,0,Yes,No,3,No,No phone service,DSL,Yes,No,Yes,Yes,Yes,Yes,Two year,Yes,Electronic check,66.55,170.0,No
CUST100520,Male,0,No,Yes,3,Yes,Yes,DSL,Yes,Yes,No,No,Yes,No,One year,Yes,Mailed check,66.89,318.29,No
CUST100521,Female,0,Yes,No,33,Yes,No,DSL,No,No,No,No,No,No,Two year,No,Electronic check,43.93,1591.56,No
CUST100522,Female,0,Yes,No,46,Yes,No,Fiber optic,No,Yes,No,No,No,Yes,Month-to-month,Yes,Credit card,88.28,4036.19,No
CUST100523,Female,0,No,No,4,No,No phone service,Fiber optic,Yes,Yes,No,No,No,No,Month-to-month,No,Bank transfer,71.45,309.19,Yes
CUST100524,Male,0,Yes,Yes,37,Yes,No,Fiber optic,No,Yes,Yes,Yes,No,Yes,Month-to-month,Yes,Credit card,88.9,3252.38,Yes
CUST100525,Female,0,Yes,Yes,29,Yes,No,DSL,Yes,Yes,Yes,No,Yes,No,Month-to-month,Yes,Electronic check,74.57,2164.82,No
CUST100526,Female,0,Yes,Yes,68,Yes,Yes,DSL,Yes,Yes,No,No,No,No,One year,Yes,Mailed check,61.87,4260.94,No
CUST100527,Male,0,Yes,No,44,Yes,No,No,No internet service,No internet service,No internet service,No internet service,No internet service,No internet service,Two year,No,Bank transfer,27.29,1195.17,No
CUST100528,Female,1,No,No,31,Yes,No,Fiber optic,No,No,No,Yes,No,No,Month-to-month,Yes,Credit card,73.96,2325.39,Yes
CUST100529,Male,0,No,Yes,43,Yes,No,DSL,Yes,No,Yes,No,Yes,Yes,Month-to-month,No,Credit card,63.48,2675.33,No
CUST100530,Male,0,No,No,10,Yes,Yes,DSL,No,Yes,No,Yes,No,No,Two year,Yes,Electronic check,61.29,542.43,No
CUST100531,Male,0,No,Yes,35,No,No phone service,DSL,Yes,Yes,No,No,No,Yes,One year,Yes,Credit card,55.79,1924.57,No
CUST100532,Female,0,Yes,No,24,Yes,Yes,DSL,No,No,No,No,No,Yes,Month-to-month,No,Credit card,58.26,1411.03,No
CUST100533,Female,0,No,Yes,14,Yes,No,DSL,No,No,No,Yes,No,Yes,Month-to-month,Yes,Credit card,61.89,971.16,No
CUST100534,Female,0,Yes,Yes,29,Yes,No,Fiber optic,Yes,Yes,No,No,Yes,Yes,Month-to-month,No,Bank transfer,89.95,2595.34,No
CUST100535,Male,1,Yes,Yes,47,Yes,No,DSL,No,Yes,No,No,No,Yes,Month-to-month,No,Credit card,59.09,2811.54,No
CUST100536,Female,0,No,No,42,Yes,No,Fiber optic,No,No,No,Yes,Yes,No,Month-to-month,Yes,Electronic check,79.88,3281.11,No
CUST100537,Female,0,Yes,No,70,Yes,No,Fiber optic,Yes,Yes,Yes,No,Yes,No,Month-to-month,Yes,Electronic check,95.69,6768.49,No
CUST100538,Female,0,Yes,No,20,Yes,No,DSL,Yes,No,No,No,No,Yes,Month-to-month,No,Electronic check,64.06,1251.48,No
CUST100539,Male,0,Yes,Yes,51,Yes,Yes,Fiber optic,No,No,No,Yes,No,No,Month-to-month,Yes,Mailed check,86.83,4412.0,No
CUST100540,Female,0,No,No,40,Yes,No,No,No internet service,No internet service,No internet service,No internet service,No internet service,No internet service,Month-to-month,Yes,Credit card,28.24,1135.93,No
CUST100541,Male,0,Yes,No,63,Yes,No,DSL,No,No,Yes,No,Yes,Yes,Month-to-month,Yes,Bank transfer,64.8,4040.35,No
CUST100542,Female,1,Yes,No,66,Yes,Yes,Fiber optic,No,No,No,Yes,No,Yes,Month-to-month,No,Mailed check,88.53,5755.6,No
CUST100543,Female,0,No,Yes,51,Yes,No,DSL,Yes,No,No,Yes,No,No,Two year,Yes,Credit card,51.64,2671.5,No
CUST100544,Female,0,Yes,No,31,Yes,Yes,DSL,No,No,Yes,No,Yes,Yes,One year,No,Mailed check,75.54,2415.77,No
CUST100545,Male,0,No,No,39,Yes,No,DSL,No,Yes,No,No,Yes,Yes,Month-to-month,Yes,Mailed check,56.44,2095.83,No
CUST100546,Female,1,Yes,No,47,Yes,No,Fiber optic,No,No,Yes,No,Yes,No,Month-to-month,No,Bank transfer,80.35,3797.79,Yes
CUST100547,Female,0,No,No,59,Yes,No,Fiber optic,Yes,No,No,No,No,Yes,One year,Yes,Mailed check,88.4,5235.74,No
CUST100548,Male,0,No,No,17,Yes,Yes,Fiber optic,No,Yes,Yes,No,Yes,No,Month-to-month,No,Bank transfer,87.4,1458.34,No
CUST100549,Male,1,No,No,63,Yes,No,DSL,No,No,No,No,Yes,Yes,One year,Yes,Credit card,61.85,3868.71,No
CUST100550,Male,0,No,Yes,58,Yes,No,Fiber optic,No,No,No,No,Yes,Yes,Two year,Yes,Mailed check,86.97,5131.23,No
CUST100551,Male,1,Yes,Yes,7,Yes,No,DSL,No,No,Yes,No,Yes,No,Month-to-month,Yes,Mailed check,55.65,564.37,No
CUST100552,Female,0,No,No,20,Yes,No,DSL,No,No,No,No,No,Yes,Month-to-month,No,Mailed check,48.74,1080.08,No
CUST100553,Male,0,No,Yes,17,No,No phone service,Fiber optic,No,No,No,Yes,No,No,Month-to-month,No,Credit card,60.2,1067.99,No
CUST100554,Female,0,No,No,42,Yes,No,DSL,No,Yes,No,No,No,Yes,One year,Yes,Mailed check,56.04,2449.49,No
CUST100555,Male,0,No,Yes,16,No,No phone service,Fiber optic,No,Yes,Yes,No,No,No,Month-to-month,No,Credit card,68.78,1139.53,No
CUST100556,Male,0,No,Yes,22,Yes,Yes,Fiber optic,Yes,Yes,No,Yes,No,No,One year,No,Bank transfer,86.14,1841.39,No
CUST100557,Male,0,No,Yes,14,No,No phone service,Fiber optic,Yes,No,No,No,No,Yes,Month-to-month,Yes,Electronic check,77.88,1120.54,No
CUST100558,Male,0,Yes,No,5,No,No phone service,Fiber optic,No,No,No,No,Yes,No,One year,Yes,Mailed check,65.45,220.8,No
CUST100559,Male,0,No,No,34,Yes,Yes,DSL,No,No,No,No,Yes,No,One year,Yes,Electronic check,61.73,2040.34,No
CUST100560,Male,0,No,No,24,No,No phone service,DSL,No,No,No,No,No,No,Month-to-month,Yes,Electronic check,34.44,902.73,No
CUST100561,Male,0,No,No,37,Yes,No,Fiber optic,No,No,No,No,No,Yes,Two year,Yes,Electronic check,79.05,2910.49,No
CUST100562,Female,0,Yes,No,16,Yes,Yes,DSL,No,No,No,No,Yes,Yes,Two year,No,Bank transfer,67.74,1018.29,No
CUST100563,Female,0,No,No,21,Yes,Yes,DSL,Yes,No,Yes,No,Yes,No,Month-to-month,No,Bank transfer,74.06,1507.68,Yes
CUST100564,Female,1,No,No,65,Yes,No,Fiber optic,No,No,No,No,Yes,No,Two year,No,Mailed check,70.52,4486.66,No
CUST100565,Male,0,No,No,58,Yes,Yes,Fiber optic,Yes,Yes,Yes,Yes,No,No,Two year,No,Mailed check,93.85,5469.65,No
CUST100566,Female,0,Yes,Yes,20,Yes,Yes,Fiber optic,No,No,No,Yes,No,Yes,Month-to-month,Yes,Mailed check,92.6,1818.25,Yes
CUST100567,Female,0,Yes,No,12,Yes,No,DSL,No,Yes,No,No,Yes,No,One year,No,Credit card,55.31,644.41,No
CUST100568,Female,0,Yes,No,71,Yes,No,DSL,No,Yes,No,No,No,No,One year,No,Credit card,49.35,3537.24,No
CUST100569,Male,0,Yes,Yes,50,Yes,Yes,DSL,Yes,No,No,Yes,Yes,No,One year,Yes,Bank transfer,72.1,3632.46,No
CUST100570,Male,0,No,No,36,Yes,Yes,DSL,No,Yes,No,No,No,No,Two year,Yes,Electronic check,56.72,1947.19,No
CUST100571,Male,0,Yes,No,51,Yes,No,Fiber optic,No,Yes,Yes,Yes,No,No,Month-to-month,Yes,Credit card,85.35,4260.77,No
CUST100572,Female,1,No,Yes,16,Yes,No,DSL,Yes,Yes,No,No,Yes,No,Month-to-month,No,Credit card,62.43,993.35,No
CUST100573,Female,0,Yes,No,31,No,No phone service,DSL,No,No,Yes,No,Yes,No,Month-to-month,No,Electronic check,48.56,1557.45,Yes
CUST100574,Female,0,Yes,Yes,29,Yes,No,No,No internet service,No internet service,No internet service,No internet service,No internet service,No internet service,One year,Yes,Mailed check,22.4,596.14,No
CUST100575,Female,1,No,Yes,52,Yes,No,Fiber optic,Yes,No,Yes,No,No,Yes,Month-to-month,Yes,Electronic check,85.04,4379.75,No
CUST100576,Female,1,Yes,No,14,Yes,No,DSL,No,Yes,No,No,Yes,No,Month-to-month,No,Bank transfer,60.08,852.42,Yes
CUST100577,Male,0,Yes,No,36,Yes,Yes,Fiber optic,No,Yes,No,No,No,No,Month-to-month,Yes,Mailed check,80.64,2912.91,No
CUST100578,Male,0,Yes,No,61,Yes,Yes,Fiber optic,No,No,No,Yes,Yes,No,One year,No,Electronic check,90.88,5539.6,No
CUST100579,Male,0,No,No,15,Yes,No,No,No internet service,No internet service,No internet service,No internet service,No internet service,No internet service,Month-to-month,No,Electronic check,26.6,429.75,No
CUST100580,Female,0,No,No,9,No,No phone service,No,No internet service,No internet service,No internet service,No internet service,No internet service,No internet service,Month-to-month,No,Mailed check,21.85,124.13,No
CUST100581,Female,0,Yes,No,60,Yes,No,Fiber optic,No,Yes,Yes,No,No,Yes,Month-to-month,Yes,Bank transfer,84.45,5188.13,No
CUST100582,Male,0,No,No,63,No,No phone service,DSL,No,No,No,No,Yes,Yes,Month-to-month,No,Mailed check,47.25,2952.77,No
CUST100583,Female,0,Yes,Yes,32,Yes,No,Fiber optic,No,No,No,No,Yes,Yes,Month-to-month,No,Electronic check,87.38,2930.62,No
CUST100584,Female,0,No,No,4,Yes,Yes,DSL,No,No,No,Yes,Yes,Yes,Month-to-month,Yes,Bank transfer,67.52,95.97,No
CUST100585,Female,0,Yes,No,39,Yes,Yes,Fiber optic,Yes,No,No,No,Yes,Yes,One year,No,Credit card,93.14,3496.94,No
CUST100586,Male,0,No,No,22,No,No phone service,No,No internet service,No internet service,No internet service,No internet service,No internet service,No internet service,Month-to-month,Yes,Electronic check,19.95,432.26,No
CUST100587,Male,0,No,No,43,Yes,No,DSL,Yes,No,Yes,No,No,No,Month-to-month,No,Mailed check,48.7,2174.17,No
CUST100588,Female,0,Yes,Yes,11,Yes,Yes,No,No internet service,No internet service,No internet service,No internet service,No internet service,No internet service,One year,No,Mailed check,32.62,377.5,No
CUST100589,Male,0,Yes,No,58,No,No phone service,Fiber optic,No,No,No,No,Yes,Yes,Month-to-month,No,Electronic check,73.28,4241.62,No
CUST100590,Male,1,Yes,No,50,Yes,No,DSL,No,No,No,Yes,No,Yes,Month-to-month,No,Credit card,56.83,2864.31,No
CUST100591,Male,1,Yes,No,47,Yes,No,No,No internet service,No internet service,No internet service,No internet service,No internet service,No internet service,Month-to-month,No,Credit card,26.95,1264.97,No
CUST100592,Male,1,Yes,No,37,Yes,No,Fiber optic,No,Yes,No,No,Yes,No,Month-to-month,No,Mailed check,80.01,3117.37,No
CUST100593,Female,1,Yes,No,16,Yes,No,Fiber optic,No,Yes,No,No,Yes,Yes,Month-to-month,Yes,Mailed check,88.21,1370.18,Yes
CUST100594,Male,1,No,No,68,Yes,No,Fiber optic,No,Yes,No,No,Yes,No,Two year,No,Electronic check,87.75,6068.96,No
CUST100595,Female,0,Yes,No,20,Yes,Yes,DSL,No,No,Yes,No,No,Yes,Month-to-month,No,Bank transfer,74.3,1426.78,No
CUST100596,Male,0,No,No,27,Yes,No,DSL,No,No,Yes,No,Yes,Yes,One year,No,Electronic check,66.92,1783.32,Yes
CUST100597,Male,0,Yes,Yes,67,Yes,No,Fiber optic,Yes,Yes,Yes,No,No,Yes,Two year,Yes,Mailed check,90.61,5993.2,No
CUST100598,Male,0,No,Yes,3,No,No phone service,No,No internet service,No internet service,No internet service,No internet service,No internet service,No internet service,Month-to-month,No,Electronic check,18.0,122.22,No
CUST100599,Male,0,Yes,No,10,Yes,Yes,Fiber optic,No,No,Yes,No,No,Yes,One year,Yes,Bank transfer,85.95,956.53,No
CUST100600,Male,0,No,No,55,Yes,No,No,No internet service,No internet service,No internet service,No internet service,No internet service,No internet service,Month-to-month,Yes,Credit card,26.96,1468.89,No
CUST100601,Male,1,Yes,Yes,27,Yes,No,No,No internet service,No internet service,No internet service,No internet service,No internet service,No internet service,One year,No,Electronic check,32.43,919.24,No
CUST100602,Male,0,Yes,Yes,42,Yes,Yes,DSL,No,Yes,No,No,Yes,No,Two year,Yes,Bank transfer,60.79,2563.4,No
CUST100603,Male,1,No,No,42,Yes,No,Fiber optic,Yes,No,Yes,Yes,No,Yes,Month-to-month,Yes,Credit card,93.33,3967.39,No
CUST100604,Female,0,No,No,60,Yes,Yes,Fiber optic,No,No,Yes,Yes,No,No,Two year,Yes,Electronic check,84.81,5183.21,No
CUST100605,Male,0,No,No,45,Yes,No,Fiber optic,No,Yes,No,Yes,No,No,Month-to-month,Yes,Credit card,83.74,3676.88,No
CUST100606,Male,0,Yes,No,31,No,No phone service,Fiber optic,Yes,Yes,No,No,No,Yes,One year,Yes,Bank transfer,77.39,2314.6,No
CUST100607,Female,0,Yes,No,40,Yes,No,Fiber optic,Yes,Yes,No,No,No,Yes,Month-to-month,Yes,Mailed check,83.86,3310.32,No
CUST100608,Male,0,No,No,54,Yes,No,No,No internet service,No internet service,No internet service,No internet service,No internet service,No internet service,Month-to-month,No,Bank transfer,25.12,1321.27,No
CUST100609,Male,0,No,No,28,Yes,No,No,No internet service,No internet service,No internet service,No internet service,No internet service,No internet service,Month-to-month,Yes,Electronic check,34.83,992.04,Yes
CUST100610,Male,1,No,Yes,13,Yes,Yes,Fiber optic,No,No,No,No,No,No,Two year,No,Electronic check,76.69,997.89,Yes
CUST100611,Male,0,Yes,No,36,Yes,No,Fiber optic,No,No,No,No,No,No,One year,Yes,Mailed check,74.24,2656.62,No
CUST100612,Female,0,Yes,Yes,72,Yes,No,Fiber optic,No,Yes,No,No,No,No,Two year,Yes,Bank transfer,76.27,5485.52,No
CUST100613,Male,0,No,Yes,9,Yes,No,No,No internet service,No internet service,No internet service,No internet service,No internet service,No internet service,Month-to-month,Yes,Credit card,30.3,290.46,No
CUST100614,Female,0,No,Yes,13,Yes,Yes,Fiber optic,No,Yes,No,No,No,Yes,Month-to-month,Yes,Mailed check,87.37,1074.46,No
CUST100615,Male,0,Yes,Yes,72,Yes,No,No,No internet service,No internet service,No internet service,No internet service,No internet service,No internet service,Month-to-month,No,Electronic check,27.42,1804.9,No
CUST100616,Male,0,No,No,60,Yes,No,No,No internet service,No internet service,No internet service,No internet service,No internet service,No internet service,Month-to-month,No,Electronic check,23.63,1345.35,No
CUST100617,Female,0,No,No,9,Yes,No,DSL,No,Yes,No,No,No,No,Month-to-month,No,Credit card,46.84,510.23,No
CUST100618,Female,0,Yes,No,16,Yes,Yes,No,No internet service,No internet service,No internet service,No internet service,No internet service,No internet service,Two year,No,Electronic check,33.92,335.56,No
CUST100619,Female,0,Yes,No,50,Yes,No,Fiber optic,No,Yes,No,No,Yes,No,Two year,Yes,Credit card,80.5,4115.72,No
CUST100620,Female,0,No,No,57,Yes,Yes,DSL,No,Yes,Yes,No,No,No,Month-to-month,Yes,Electronic check,62.28,3504.59,No
CUST100621,Female,0,Yes,Yes,53,Yes,No,DSL,No,No,No,Yes,Yes,No,Month-to-month,No,Electronic check,60.94,3297.94,No
CUST100622,Female,0,No,No,63,No,No phone service,Fiber optic,No,No,Yes,No,No,Yes,One year,Yes,Electronic check,81.27,5038.31,No
CUST100623,Female,0,No,No,37,Yes,Yes,DSL,No,No,Yes,No,No,No,One year,No,Mailed check,53.89,1793.37,No
CUST100624,Female,0,Yes,No,64,Yes,Yes,DSL,Yes,Yes,No,No,No,Yes,One year,Yes,Mailed check,71.37,4498.99,No
CUST100625,Male,0,No,No,43,Yes,No,Fiber optic,Yes,No,No,No,Yes,No,Month-to-month,Yes,Credit card,79.49,3407.52,No
CUST100626,Female,0,Yes,Yes,35,Yes,Yes,DSL,Yes,Yes,Yes,No,No,Yes,Month-to-month,Yes,Mailed check,68.22,2418.66,No
CUST100627,Female,0,Yes,No,46,Yes,No,Fiber optic,No,Yes,Yes,Yes,No,Yes,Month-to-month,Yes,Electronic check,101.29,4546.25,No
CUST100628,Female,0,No,No,31,Yes,Yes,Fiber optic,No,Yes,No,No,No,No,Two year,Yes,Bank transfer,81.55,2558.23,No
CUST100629,Male,0,No,No,44,Yes,Yes,DSL,Yes,No,No,No,Yes,No,One year,Yes,Mailed check,63.32,2788.28,No
CUST100630,Female,1,Yes,Yes,61,Yes,No,Fiber optic,Yes,Yes,No,No,No,Yes,Two year,No,Bank transfer,90.41,5465.64,No
CUST100631,Male,0,No,No,69,No,No phone service,DSL,No,No,No,No,Yes,Yes,Month-to-month,Yes,Bank transfer,61.46,4250.09,No
CUST100632,Female,1,No,No,42,No,No phone service,No,No internet service,No internet service,No internet service,No internet service,No internet service,No internet service,Month-to-month,Yes,Credit card,21.07,892.1,No
CUST100633,Female,0,No,No,1,Yes,No,Fiber optic,No,Yes,No,No,Yes,No,Month-to-month,No,Bank transfer,92.0,134.14,Yes
CUST100634,Female,0,No,No,45,Yes,No,No,No internet service,No internet service,No internet service,No internet service,No internet service,No internet service,Two year,No,Mailed check,27.79,1266.62,No
CUST100635,Female,0,Yes,Yes,19,No,No phone service,Fiber optic,No,Yes,Yes,No,No,Yes,Month-to-month,Yes,Mailed check,82.93,1584.1,No
CUST100636,Male,0,Yes,No,17,Yes,No,No,No internet service,No internet service,No internet service,No internet service,No internet service,No internet service,One year,Yes,Mailed check,24.63,576.94,No
CUST100637,Female,1,No,Yes,64,Yes,No,Fiber optic,No,Yes,Yes,No,No,No,Month-to-month,Yes,Mailed check,76.68,4751.89,Yes
CUST100638,Female,0,Yes,Yes,33,Yes,Yes,Fiber optic,No,Yes,No,No,No,Yes,Month-to-month,No,Electronic check,90.11,2869.4,Yes
CUST100639,Male,0,No,Yes,57,Yes,No,DSL,No,Yes,Yes,No,Yes,No,Month-to-month,Yes,Electronic check,68.18,3973.46,No
CUST100640,Male,0,Yes,No,27,Yes,No,Fiber optic,No,Yes,No,Yes,No,No,Month-to-month,No,Credit card,77.9,1985.99,Yes
CUST100641,Male,0,Yes,No,44,No,No phone service,Fiber optic,No,Yes,No,No,No,No,Two year,Yes,Credit card,70.63,3179.45,No
CUST100642,Male,0,Yes,Yes,48,No,No phone service,Fiber optic,No,No,No,No,Yes,No,Two year,No,Electronic check,70.42,3405.72,No
CUST100643,Male,1,Yes,Yes,65,No,No phone service,DSL,No,No,No,No,No,Yes,One year,Yes,Credit card,43.82,2743.71,No
CUST100644,Female,0,Yes,No,15,Yes,No,Fiber optic,Yes,No,Yes,Yes,No,No,Month-to-month,No,Credit card,87.83,1396.69,No
CUST100645,Male,0,No,No,41,Yes,No,Fiber optic,No,Yes,Yes,No,No,No,One year,Yes,Electronic check,76.78,3243.05,No
CUST100646,Female,0,No,Yes,30,Yes,No,Fiber optic,Yes,Yes,No,No,Yes,Yes,Month-to-month,No,Credit card,98.07,2944.6,No
CUST100647,Female,0,Yes,No,34,Yes,Yes,Fiber optic,No,No,Yes,No,No,No,One year,Yes,Credit card,81.04,2747.45,No
CUST100648,Male,0,Yes,Yes,62,Yes,No,Fiber optic,No,No,No,Yes,Yes,No,One year,Yes,Bank transfer,84.88,5366.36,No
CUST100649,Male,1,No,No,10,No,No phone service,Fiber optic,Yes,Yes,No,No,No,No,Month-to-month,Yes,Bank transfer,72.83,592.42,No
CUST100650,Male,0,Yes,Yes,40,Yes,Yes,Fiber optic,No,No,No,No,No,Yes,Month-to-month,Yes,Electronic check,84.35,3429.59,No
CUST100651,Female,0,Yes,No,28,Yes,Yes,Fiber optic,No,No,No,Yes,No,Yes,Month-to-month,Yes,Bank transfer,75.45,1997.26,No
CUST100652,Male,0,No,No,65,Yes,Yes,Fiber optic,Yes,Yes,No,No,No,Yes,Month-to-month,Yes,Bank transfer,91.73,6008.89,No
CUST100653,Female,0,No,No,16,Yes,No,DSL,No,No,No,No,No,Yes,Two year,Yes,Mailed check,49.02,773.99,No
CUST100654,Male,0,No,No,17,Yes,Yes,DSL,No,Yes,Yes,No,Yes,No,One year,No,Electronic check,72.21,1224.84,No
CUST100655,Male,0,No,No,7,Yes,No,Fiber optic,Yes,No,No,No,No,Yes,Month-to-month,Yes,Bank transfer,81.07,699.21,No
CUST100656,Male,0,No,No,32,Yes,Yes,Fiber optic,No,Yes,No,Yes,No,No,Month-to-month,No,Credit card,80.31,2444.66,No
CUST100657,Male,0,No,No,1,Yes,Yes,DSL,No,No,No,No,No,No,One year,Yes,Credit card,55.26,112.76,No
CUST100658,Male,0,Yes,No,37,Yes,No,Fiber optic,No,Yes,Yes,No,No,No,Month-to-month,No,Electronic check,79.34,2929.88,No
CUST100659,Female,1,Yes,No,17,Yes,No,DSL,Yes,No,No,Yes,No,No,Month-to-month,Yes,Mailed check,55.76,955.92,No
CUST100660,Female,0,Yes,Yes,29,Yes,Yes,Fiber optic,Yes,Yes,No,No,No,Yes,One year,No,Electronic check,95.84,2848.03,Yes
CUST100661,Female,1,Yes,Yes,44,Yes,No,DSL,Yes,No,No,No,No,No,Month-to-month,No,Bank transfer,52.01,2353.06,No
CUST100662,Male,1,No,Yes,50,Yes,Yes,Fiber optic,No,No,Yes,Yes,No,Yes,Month-to-month,Yes,Electronic check,102.05,5152.34,No
CUST100663,Female,0,Yes,No,5,Yes,No,Fiber optic,Yes,Yes,Yes,Yes,No,Yes,Month-to-month,Yes,Credit card,100.64,433.57,Yes
CUST100664,Female,0,Yes,Yes,11,Yes,Yes,No,No internet service,No internet service,No internet service,No internet service,No internet service,No internet service,Month-to-month,Yes,Bank transfer,35.28,437.51,No
CUST100665,Male,0,Yes,Yes,23,Yes,No,No,No internet service,No internet service,No internet service,No internet service,No internet service,No internet service,Two year,No,Mailed check,29.32,735.23,No
CUST100666,Male,0,No,No,38,Yes,Yes,Fiber optic,No,No,Yes,Yes,No,No,Two year,No,Bank transfer,86.14,3313.57,No
CUST100667,Male,0,No,Yes,64,Yes,No,Fiber optic,No,No,No,No,No,Yes,Two year,Yes,Electronic check,75.06,4854.4,No
CUST100668,Male,0,No,No,10,Yes,No,Fiber optic,No,Yes,No,No,No,Yes,Two year,Yes,Electronic check,85.53,863.04,No
CUST100669,Male,0,Yes,No,5,Yes,Yes,No,No internet service,No internet service,No internet service,No internet service,No internet service,No internet service,Month-to-month,Yes,Electronic check,41.46,114.35,No
CUST100670,Female,0,Yes,Yes,46,Yes,No,Fiber optic,Yes,No,Yes,No,Yes,Yes,Month-to-month,Yes,Bank transfer,93.34,4261.27,No
CUST100671,Male,1,No,No,71,Yes,Yes,DSL,No,No,Yes,No,Yes,No,One year,Yes,Credit card,67.18,4732.45,No
CUST100672,Male,0,No,Yes,60,Yes,No,No,No internet service,No internet service,No internet service,No internet service,No internet service,No internet service,Month-to-month,No,Electronic check,24.37,1464.53,No
CUST100673,Male,0,No,No,41,Yes,No,DSL,No,No,No,No,No,No,Two year,No,Bank transfer,48.59,1960.37,No
CUST100674,Female,1,No,No,2,Yes,Yes,No,No internet service,No internet service,No internet service,No internet service,No internet service,No internet service,Month-to-month,Yes,Electronic check,31.3,207.1,No
CUST100675,Male,0,Yes,Yes,42,Yes,Yes,DSL,Yes,No,Yes,No,Yes,Yes,Month-to-month,Yes,Mailed check,77.82,3304.88,No
CUST100676,Male,0,No,Yes,33,Yes,No,Fiber optic,No,No,Yes,No,No,No,One year,Yes,Bank transfer,76.78,2529.12,No
CUST100677,Male,1,No,No,33,Yes,Yes,No,No internet service,No internet service,No internet service,No internet service,No internet service,No internet service,Two year,No,Credit card,40.28,1351.92,No
CUST100678,Female,0,No,No,36,Yes,No,Fiber optic,Yes,Yes,No,No,Yes,Yes,One year,Yes,Credit card,85.77,3121.74,No
CUST100679,Male,0,No,Yes,41,Yes,Yes,Fiber optic,No,Yes,No,Yes,Yes,Yes,One year,Yes,Bank transfer,107.42,4577.88,No
CUST100680,Male,0,Yes,No,52,Yes,Yes,DSL,No,No,No,No,Yes,Yes,Month-to-month,Yes,Mailed check,71.86,3772.9,No
CUST100681,Male,1,Yes,No,14,Yes,No,DSL,No,No,No,Yes,No,No,One year,Yes,Electronic check,53.13,711.72,No
CUST100682,Female,0,No,No,6,Yes,No,DSL,No,No,No,No,No,No,One year,No,Electronic check,44.78,186.85,No
CUST100683,Male,0,Yes,Yes,4,Yes,No,Fiber optic,Yes,No,Yes,No,Yes,Yes,Month-to-month,Yes,Credit card,98.28,411.51,No
CUST100684,Male,0,Yes,Yes,30,Yes,Yes,Fiber optic,No,No,No,No,No,Yes,One year,Yes,Bank transfer,91.56,2911.02,No
CUST100685,Female,0,Yes,No,37,Yes,No,DSL,No,Yes,Yes,Yes,No,No,Month-to-month,No,Mailed check,59.94,2205.42,No
CUST100686,Male,0,No,Yes,57,Yes,Yes,Fiber optic,No,Yes,No,No,Yes,Yes,Month-to-month,Yes,Electronic check,101.84,5730.29,Yes
CUST100687,Female,0,Yes,Yes,32,Yes,Yes,No,No internet service,No internet service,No internet service,No internet service,No internet service,No internet service,Two year,Yes,Electronic check,38.97,1326.54,No
CUST100688,Male,1,Yes,Yes,39,Yes,Yes,No,No internet service,No internet service,No internet service,No internet service,No internet service,No internet service,Month-to-month,No,Bank transfer,40.02,1570.52,No
CUST100689,Female,0,No,Yes,71,Yes,No,Fiber optic,No,No,No,Yes,No,No,One year,Yes,Mailed check,78.15,5418.21,No
CUST100690,Male,0,No,No,54,No,No phone service,No,No internet service,No internet service,No internet service,No internet service,No internet service,No internet service,Month-to-month,No,Credit card,20.1,1102.18,No
CUST100691,Male,0,No,Yes,50,Yes,Yes,Fiber optic,No,No,Yes,No,Yes,Yes,Two year,No,Mailed check,91.3,4656.31,No
CUST100692,Male,0,No,No,27,Yes,No,Fiber optic,Yes,Yes,No,No,Yes,Yes,Month-to-month,No,Credit card,92.1,2318.72,No
CUST100693,Male,0,Yes,Yes,11,Yes,Yes,Fiber optic,No,No,Yes,No,No,Yes,Month-to-month,Yes,Electronic check,91.77,1066.97,Yes
CUST100694,Male,0,No,No,67,Yes,No,No,No internet service,No internet service,No internet service,No internet service,No internet service,No internet service,Two year,No,Electronic check,27.24,1725.0,No
CUST100695,Female,0,No,No,40,Yes,Yes,DSL,Yes,No,Yes,No,No,No,One year,Yes,Electronic check,55.4,2199.74,No
CUST100696,Female,0,Yes,No,6,No,No phone service,DSL,No,No,No,Yes,No,No,Month-to-month,Yes,Electronic check,40.66,206.07,Yes
CUST100697,Male,0,No,No,35,Yes,Yes,No,No internet service,No internet service,No internet service,No internet service,No internet service,No internet service,Month-to-month,Yes,Credit card,30.59,1159.59,No
CUST100698,Male,0,Yes,No,7,Yes,No,Fiber optic,No,No,No,No,No,Yes,Month-to-month,Yes,Credit card,78.06,626.29,Yes
CUST100699,Female,0,Yes,Yes,71,Yes,No,Fiber optic,No,Yes,No,No,No,Yes,Two year,Yes,Mailed check,85.48,5960.78,No
CUST100700,Female,1,Yes,No,39,Yes,No,Fiber optic,Yes,No,No,No,Yes,No,One year,Yes,Mailed check,82.91,3074.26,Yes
CUST100701,Male,0,Yes,No,57,Yes,Yes,Fiber optic,No,No,No,No,Yes,No,Two year,No,Mailed check,78.1,4330.57,No
CUST100702,Male,1,No,Yes,34,No,No phone service,DSL,No,Yes,No,No,No,No,Two year,No,Bank transfer,41.51,1445.39,No
CUST100703,Female,1,Yes,No,2,Yes,Yes,Fiber optic,Yes,No,No,Yes,Yes,Yes,Month-to-month,Yes,Electronic check,96.86,18.0,Yes
CUST100704,Female,0,No,Yes,46,Yes,Yes,DSL,No,Yes,No,No,No,No,One year,No,Mailed check,57.48,2592.56,No
CUST100705,Female,1,Yes,No,48,No,No phone service,DSL,Yes,No,Yes,Yes,No,Yes,One year,No,Electronic check,63.1,3103.23,No
CUST100706,Male,0,Yes,No,17,Yes,No,No,No internet service,No internet service,No internet service,No internet service,No internet service,No internet service,Two year,Yes,Credit card,28.45,531.55,No
CUST100707,Female,0,Yes,No,52,Yes,Yes,DSL,No,Yes,Yes,No,No,Yes,One year,No,Mailed check,70.19,3514.15,No
CUST100708,Male,0,Yes,No,17,Yes,No,DSL,No,No,No,Yes,Yes,No,Month-to-month,No,Bank transfer,64.38,1110.31,No
CUST100709,Female,0,No,No,50,Yes,No,DSL,No,No,Yes,No,No,No,Two year,Yes,Credit card,47.49,2297.89,No
CUST100710,Female,0,No,No,54,Yes,No,No,No internet service,No internet service,No internet service,No internet service,No internet service,No internet service,One year,Yes,Electronic check,32.55,1706.04,No
CUST100711,Male,0,Yes,No,10,Yes,No,No,No internet service,No internet service,No internet service,No internet service,No internet service,No internet service,Two year,No,Electronic check,26.88,223.03,No
CUST100712,Male,0,No,No,22,Yes,Yes,DSL,No,No,Yes,No,No,No,Month-to-month,No,Electronic check,68.11,1462.05,No
CUST100713,Male,0,No,No,12,Yes,Yes,Fiber optic,No,No,Yes,No,No,No,Month-to-month,Yes,Bank transfer,83.19,991.38,Yes
CUST100714,Male,0,No,No,53,Yes,Yes,Fiber optic,Yes,No,No,No,No,No,One year,No,Mailed check,74.86,3908.62,No
CUST100715,Male,0,Yes,No,17,Yes,No,Fiber optic,No,No,Yes,No,No,Yes,One year,Yes,Electronic check,80.56,1313.75,Yes
CUST100716,Male,0,Yes,Yes,47,Yes,Yes,DSL,No,No,No,Yes,No,No,Month-to-month,Yes,Electronic check,52.98,2561.47,No
CUST100717,Male,0,No,No,31,No,No phone service,DSL,No,No,No,No,Yes,No,Month-to-month,Yes,Bank transfer,53.59,1661.64,Yes
CUST100718,Female,0,No,No,6,Yes,No,Fiber optic,No,No,No,No,No,No,One year,Yes,Bank transfer,67.2,315.95,No
CUST100719,Female,0,Yes,No,64,Yes,Yes,DSL,Yes,Yes,Yes,No,No,No,Two year,Yes,Electronic check,73.05,4683.31,No
CUST100720,Male,0,No,No,52,Yes,No,Fiber optic,Yes,No,No,Yes,No,No,Month-to-month,Yes,Credit card,83.86,4241.79,No
CUST100721,Female,0,Yes,No,19,Yes,No,DSL,Yes,No,No,No,No,No,Month-to-month,Yes,Mailed check,46.39,890.56,No
CUST100722,Male,0,No,No,64,Yes,No,No,No internet service,No internet service,No internet service,No internet service,No internet service,No internet service,Month-to-month,Yes,Electronic check,21.96,1450.25,No
CUST100723,Male,0,Yes,No,52,Yes,No,Fiber optic,No,No,No,No,Yes,No,Month-to-month,No,Electronic check,80.99,4276.03,Yes
CUST100724,Female,0,No,Yes,59,No,No phone service,Fiber optic,Yes,No,No,No,No,No,Month-to-month,Yes,Bank transfer,65.67,3908.29,No
CUST100725,Male,0,Yes,No,13,Yes,No,Fiber optic,Yes,No,Yes,Yes,No,Yes,Month-to-month,Yes,Bank transfer,92.08,1110.47,No
CUST100726,Female,0,Yes,No,1,Yes,No,DSL,Yes,Yes,Yes,No,Yes,Yes,One year,Yes,Mailed check,75.68,30.42,No
CUST100727,Male,0,No,No,5,Yes,No,DSL,No,Yes,No,No,No,Yes,Month-to-month,No,Electronic check,46.33,322.81,No
CUST100728,Female,0,Yes,No,39,Yes,No,Fiber optic,No,Yes,Yes,No,No,Yes,Month-to-month,No,Mailed check,86.72,3356.92,No
CUST100729,Female,0,No,Yes,57,Yes,Yes,Fiber optic,Yes,No,No,Yes,No,Yes,Two year,No,Mailed check,98.59,5612.7,No
CUST100730,Male,0,No,No,66,Yes,No,No,No internet service,No internet service,No internet service,No internet service,No internet service,No internet service,Month-to-month,Yes,Mailed check,20.97,1438.23,No
CUST100731,Male,0,Yes,No,70,Yes,Yes,Fiber optic,Yes,No,No,Yes,No,Yes,One year,Yes,Mailed check,97.27,6929.53,No
CUST100732,Female,0,Yes,No,44,Yes,Yes,Fiber optic,No,No,Yes,No,No,No,Month-to-month,No,Mailed check,81.13,3563.63,No
CUST100733,Male,0,No,No,46,Yes,Yes,DSL,No,No,No,No,No,Yes,Two year,Yes,Electronic check,55.45,2519.49,No
CUST100734,Male,0,No,No,21,Yes,No,DSL,Yes,No,No,Yes,Yes,No,Two year,Yes,Electronic check,64.39,1503.78,No
CUST100735,Female,0,No,No,1,Yes,No,DSL,No,No,Yes,Yes,No,No,Month-to-month,No,Electronic check,55.93,213.25,No
CUST100736,Male,0,Yes,Yes,15,Yes,No,No,No internet service,No internet service,No internet service,No internet service,No internet service,No internet service,One year,Yes,Bank transfer,33.45,504.74,No
CUST100737,Male,1,No,Yes,5,Yes,No,Fiber optic,Yes,No,Yes,Yes,Yes,Yes,One year,Yes,Mailed check,96.77,485.38,No
CUST100738,Female,0,No,No,50,Yes,No,Fiber optic,Yes,Yes,No,No,No,No,Month-to-month,No,Bank transfer,85.16,4330.6,No
CUST100739,Male,0,No,Yes,37,Yes,No,Fiber optic,Yes,No,Yes,No,No,No,One year,Yes,Electronic check,79.85,2989.48,No
CUST100740,Male,0,Yes,Yes,56,Yes,No,DSL,Yes,No,No,No,No,Yes,Month-to-month,Yes,Mailed check,59.73,3347.15,No
CUST100741,Male,1,Yes,Yes,11,Yes,Yes,DSL,No,No,No,Yes,No,Yes,Month-to-month,No,Electronic check,63.59,758.51,No
CUST100742,Male,0,No,No,66,Yes,No,DSL,No,No,No,No,Yes,No,Two year,Yes,Electronic check,49.16,3192.81,No
CUST100743,Male,1,No,No,52,Yes,No,DSL,Yes,Yes,No,No,No,No,Month-to-month,Yes,Bank transfer,59.78,3197.64,No
CUST100744,Female,0,Yes,Yes,66,Yes,Yes,Fiber optic,No,No,No,No,No,No,Month-to-month,Yes,Electronic check,76.82,5123.21,No
CUST100745,Male,0,No,Yes,47,Yes,Yes,DSL,No,Yes,Yes,No,Yes,No,Month-to-month,Yes,Electronic check,68.68,3264.23,No
CUST100746,Female,0,Yes,No,25,Yes,Yes,Fiber optic,No,Yes,Yes,No,No,Yes,Two year,No,Mailed check,97.98,2440.88,No
CUST100747,Male,0,Yes,No,46,Yes,Yes,No,No internet service,No internet service,No internet service,No internet service,No internet service,No internet service,Month-to-month,Yes,Electronic check,40.99,1835.84,No
CUST100748,Female,0,Yes,Yes,44,Yes,No,No,No internet service,No internet service,No internet service,No internet service,No internet service,No internet service,Month-to-month,No,Credit card,25.87,997.05,No
CUST100749,Female,1,Yes,No,14,Yes,No,DSL,No,No,Yes,No,No,Yes,One year,No,Credit card,64.57,762.95,No
CUST100750,Female,0,Yes,Yes,8,Yes,No,Fiber optic,Yes,No,Yes,No,No,Yes,One year,No,Mailed check,83.87,537.16,No
CUST100751,Male,1,Yes,No,47,Yes,No,DSL,No,No,Yes,No,No,No,Month-to-month,Yes,Electronic check,51.85,2534.78,No
CUST100752,Female,0,Yes,Yes,7,Yes,No,DSL,Yes,Yes,No,Yes,No,No,Two year,Yes,Mailed check,64.45,398.56,No
CUST100753,Female,0,No,No,8,Yes,No,Fiber optic,Yes,Yes,Yes,No,No,No,Month-to-month,No,Mailed check,71.23,473.08,Yes
CUST100754,Male,0,No,Yes,6,No,No phone service,Fiber optic,Yes,No,Yes,No,No,No,One year,Yes,Mailed check,68.09,401.3,Yes
CUST100755,Male,0,No,No,45,Yes,Yes,Fiber optic,No,Yes,No,No,No,No,One year,Yes,Electronic check,80.28,3536.56,No
CUST100756,Female,0,Yes,Yes,67,Yes,Yes,No,No internet service,No internet service,No internet service,No internet service,No internet service,No internet service,Month-to-month,No,Electronic check,36.07,2385.27,Yes
CUST100757,Male,0,No,No,36,No,No phone service,DSL,No,No,Yes,No,No,No,Two year,Yes,Electronic check,43.0,1592.44,No
CUST100758,Female,0,Yes,No,11,Yes,No,No,No internet service,No internet service,No internet service,No internet service,No internet service,No internet service,Month-to-month,No,Mailed check,18.12,172.98,No
CUST100759,Female,0,No,Yes,37,Yes,Yes,DSL,No,Yes,No,Yes,Yes,Yes,Month-to-month,Yes,Bank transfer,75.42,2764.27,No
CUST100760,Male,0,No,No,35,Yes,No,No,No internet service,No internet service,No internet service,No internet service,No internet service,No internet service,Month-to-month,Yes,Credit card,21.72,758.57,No
CUST100761,Female,0,Yes,No,43,Yes,No,Fiber optic,No,No,Yes,No,No,No,Month-to-month,Yes,Electronic check,72.51,3006.06,No
CUST100762,Male,0,Yes,Yes,32,Yes,No,DSL,Yes,Yes,No,No,No,No,Two year,No,Bank transfer,54.59,1770.01,No
CUST100763,Male,0,No,Yes,39,Yes,Yes,Fiber optic,No,No,No,No,No,No,Month-to-month,Yes,Electronic check,77.82,3149.08,Yes
CUST100764,Male,0,No,No,24,Yes,No,DSL,Yes,No,No,No,No,No,Two year,No,Electronic check,49.16,1150.52,No
CUST100765,Female,0,No,Yes,66,Yes,No,Fiber optic,Yes,No,No,No,No,No,Month-to-month,No,Bank transfer,75.08,4963.15,No
CUST100766,Male,0,No,No,39,Yes,No,DSL,No,No,Yes,No,Yes,No,Two year,Yes,Electronic check,55.79,2108.86,No
CUST100767,Male,0,No,No,23,Yes,No,No,No internet service,No internet service,No internet service,No internet service,No internet service,No internet service,Two year,Yes,Credit card,29.28,615.72,No
CUST100768,Female,0,Yes,No,1,Yes,Yes,DSL,No,No,No,No,Yes,No,Month-to-month,Yes,Credit card,54.73,133.41,Yes
CUST100769,Female,1,No,No,49,Yes,No,No,No internet service,No internet service,No internet service,No internet service,No internet service,No internet service,Month-to-month,No,Electronic check,27.68,1369.19,No
CUST100770,Female,0,Yes,No,28,Yes,Yes,DSL,No,No,No,No,No,Yes,One year,No,Electronic check,55.38,1603.65,No
CUST100771,Male,1,Yes,No,18,Yes,Yes,Fiber optic,No,Yes,No,No,Yes,No,Month-to-month,Yes,Electronic check,87.34,1593.49,No
CUST100772,Male,0,Yes,No,35,Yes,Yes,No,No internet service,No internet service,No internet service,No internet service,No internet service,No internet service,Month-to-month,No,Credit card,35.78,1239.76,No
CUST100773,Female,0,No,No,35,Yes,Yes,DSL,Yes,No,Yes,No,No,No,One year,No,Electronic check,59.35,2174.28,No
CUST100774,Male,0,No,Yes,58,No,No phone service,DSL,No,No,Yes,Yes,No,No,Two year,Yes,Bank transfer,47.43,2608.09,No
CUST100775,Male,0,Yes,No,40,Yes,Yes,Fiber optic,No,No,No,Yes,Yes,Yes,One year,Yes,Electronic check,94.51,3715.73,No
CUST100776,Male,0,Yes,No,51,Yes,Yes,Fiber optic,No,No,Yes,No,No,Yes,Two year,Yes,Bank transfer,97.16,4924.78,No
CUST100777,Female,0,Yes,No,47,Yes,Yes,No,No internet service,No internet service,No internet service,No internet service,No internet service,No internet service,Month-to-month,Yes,Electronic check,36.34,1711.61,No
CUST100778,Female,0,No,No,62,Yes,No,DSL,No,No,Yes,No,Yes,No,One year,Yes,Credit card,59.92,3691.2,No
CUST100779,Female,0,No,No,1,Yes,No,No,No internet service,No internet service,No internet service,No internet service,No internet service,No internet service,Month-to-month,No,Bank transfer,24.42,41.15,No
CUST100780,Male,0,Yes,No,28,Yes,No,No,No internet service,No internet service,No internet service,No internet service,No internet service,No internet service,One year,Yes,Electronic check,18.0,613.55,No
CUST100781,Male,0,Yes,No,52,Yes,No,Fiber optic,No,No,No,No,No,No,One year,No,Electronic check,67.48,3416.88,Yes
CUST100782,Male,0,No,Yes,11,Yes,No,DSL,No,Yes,No,No,No,No,One year,No,Mailed check,44.41,610.4,No
CUST100783,Female,0,Yes,No,32,Yes,Yes,DSL,No,No,No,No,No,No,Two year,Yes,Mailed check,53.79,1703.86,No
CUST100784,Female,0,Yes,Yes,29,Yes,No,No,No internet service,No internet service,No internet service,No internet service,No internet service,No internet service,Month-to-month,No,Credit card,28.99,856.2,No
CUST100785,Female,0,Yes,No,59,No,No phone service,Fiber optic,No,No,Yes,Yes,Yes,Yes,One year,No,Mailed check,86.72,5118.42,No
CUST100786,Male,0,Yes,No,70,No,No phone service,Fiber optic,No,No,Yes,Yes,No,No,Month-to-month,Yes,Credit card,71.6,5034.32,No
CUST100787,Female,0,Yes,No,8,Yes,No,No,No internet service,No internet service,No internet service,No internet service,No internet service,No internet service,Month-to-month,Yes,Electronic check,24.34,290.96,No
CUST100788,Male,0,No,No,16,No,No phone service,DSL,Yes,Yes,No,No,Yes,No,Month-to-month,Yes,Credit card,51.96,739.47,No
CUST100789,Male,0,Yes,No,56,Yes,Yes,Fiber optic,No,No,No,Yes,No,No,Two year,No,Credit card,83.54,4620.76,No
CUST100790,Female,0,Yes,No,13,Yes,No,Fiber optic,No,No,Yes,No,No,No,Month-to-month,No,Bank transfer,82.85,1127.22,No
CUST100791,Female,0,No,No,36,Yes,No,No,No internet service,No internet service,No internet service,No internet service,No internet service,No internet service,One year,Yes,Credit card,28.86,974.83,No
CUST100792,Female,0,No,No,68,Yes,No,Fiber optic,Yes,Yes,Yes,No,No,Yes,One year,Yes,Mailed check,93.35,6198.29,No
CUST100793,Male,0,Yes,No,71,Yes,No,Fiber optic,No,No,No,No,Yes,Yes,Two year,Yes,Bank transfer,91.49,6547.47,No
CUST100794,Male,0,Yes,Yes,69,Yes,No,DSL,No,No,No,No,No,Yes,One year,No,Electronic check,52.83,3583.59,No
CUST100795,Female,0,No,Yes,10,Yes,No,No,No internet service,No internet service,No internet service,No internet service,No internet service,No internet service,Month-to-month,Yes,Electronic check,24.14,311.78,Yes
CUST100796,Female,1,Yes,Yes,11,Yes,Yes,Fiber optic,Yes,No,No,Yes,No,No,Month-to-month,Yes,Mailed check,88.41,936.63,No
CUST100797,Male,0,No,No,13,Yes,No,Fiber optic,Yes,Yes,Yes,No,No,Yes,One year,No,Credit card,98.53,1372.15,No
CUST100798,Female,0,Yes,Yes,56,No,No phone service,No,No internet service,No internet service,No internet service,No internet service,No internet service,No internet service,Month-to-month,Yes,Credit card,23.5,1336.36,No
CUST100799,Female,0,Yes,No,13,Yes,No,DSL,No,Yes,Yes,No,No,No,Month-to-month,Yes,Bank transfer,56.78,682.28,No
CUST100800,Female,0,Yes,No,31,Yes,Yes,Fiber optic,No,No,No,No,No,No,Month-to-month,Yes,Credit card,69.28,2049.68,No
CUST100801,Female,1,No,No,59,Yes,No,No,No internet service,No internet service,No internet service,No internet service,No internet service,No internet service,Month-to-month,Yes,Credit card,21.81,1268.18,No
CUST100802,Female,0,Yes,No,36,Yes,Yes,Fiber optic,No,Yes,Yes,No,No,Yes,Two year,No,Bank transfer,95.33,3436.34,No
CUST100803,Male,0,Yes,No,68,No,No phone service,No,No internet service,No internet service,No internet service,No internet service,No internet service,No internet service,Two year,No,Electronic check,18.59,1212.81,No
CUST100804,Male,1,Yes,No,36,Yes,No,No,No internet service,No internet service,No internet service,No internet service,No internet service,No internet service,One year,Yes,Mailed check,27.61,890.53,No
CUST100805,Male,0,No,No,28,Yes,No,Fiber optic,No,Yes,Yes,No,No,Yes,Month-to-month,Yes,Mailed check,90.89,2526.61,No
CUST100806,Male,0,Yes,Yes,70,No,No phone service,DSL,No,Yes,Yes,Yes,Yes,Yes,Two year,No,Bank transfer,61.97,4460.82,No
CUST100807,Male,0,No,No,40,Yes,No,No,No internet service,No internet service,No internet service,No internet service,No internet service,No internet service,One year,Yes,Bank transfer,25.5,1039.84,No
CUST100808,Female,0,No,Yes,14,Yes,No,Fiber optic,Yes,No,Yes,No,Yes,Yes,Two year,No,Credit card,98.8,1331.41,Yes
CUST100809,Female,0,Yes,Yes,46,Yes,No,Fiber optic,No,Yes,No,No,Yes,Yes,Month-to-month,No,Credit card,83.99,3875.26,No
CUST100810,Male,0,No,No,56,Yes,No,Fiber optic,No,Yes,No,No,Yes,Yes,Month-to-month,No,Mailed check,93.64,5294.2,No
CUST100811,Female,1,No,No,61,Yes,Yes,DSL,No,Yes,No,Yes,No,No,One year,No,Credit card,64.41,3854.89,No
CUST100812,Male,1,Yes,No,1,Yes,No,DSL,No,No,Yes,Yes,No,No,Two year,No,Mailed check,55.5,34.91,No
CUST100813,Male,0,Yes,Yes,8,Yes,Yes,Fiber optic,Yes,Yes,Yes,Yes,No,Yes,Month-to-month,No,Bank transfer,104.59,824.95,No
CUST100814,Female,0,Yes,No,46,Yes,No,Fiber optic,No,No,Yes,No,No,No,Month-to-month,No,Mailed check,76.47,3485.49,No
CUST100815,Male,0,Yes,Yes,54,Yes,No,Fiber optic,Yes,No,Yes,Yes,Yes,Yes,One year,Yes,Credit card,101.63,5389.37,No
CUST100816,Male,0,No,Yes,47,Yes,Yes,DSL,No,No,No,No,No,No,Two year,Yes,Credit card,44.85,2160.85,No
CUST100817,Female,0,No,No,28,Yes,Yes,Fiber optic,No,Yes,No,No,Yes,No,One year,No,Bank transfer,94.07,2465.49,No
CUST100818,Female,0,No,No,55,No,No phone service,Fiber optic,No,No,No,No,No,Yes,Two year,Yes,Electronic check,69.98,3796.16,No
CUST100819,Male,0,Yes,No,42,Yes,No,DSL,No,No,No,No,No,No,One year,Yes,Mailed check,50.61,2067.49,No
CUST100820,Male,0,Yes,Yes,67,Yes,Yes,Fiber optic,No,No,No,No,Yes,No,Two year,No,Credit card,85.79,5703.2,No
CUST100821,Female,0,Yes,Yes,27,Yes,No,Fiber optic,No,No,Yes,Yes,Yes,No,Month-to-month,Yes,Credit card,95.73,2701.5,Yes
CUST100822,Male,0,No,Yes,55,Yes,No,Fiber optic,No,No,No,No,Yes,No,Month-to-month,Yes,Credit card,74.15,4053.53,No
CUST100823,Female,0,Yes,No,11,Yes,Yes,Fiber optic,No,No,Yes,No,Yes,No,One year,Yes,Bank transfer,95.47,1135.42,No
CUST100824,Male,0,No,No,53,Yes,Yes,No,No internet service,No internet service,No internet service,No internet service,No internet service,No internet service,One year,Yes,Bank transfer,31.55,1682.83,No
CUST100825,Male,0,No,No,53,Yes,Yes,DSL,No,No,No,No,Yes,No,Month-to-month,No,Electronic check,62.18,3331.35,No
CUST100826,Female,1,Yes,No,19,Yes,No,DSL,Yes,Yes,No,Yes,No,Yes,Month-to-month,Yes,Bank transfer,72.25,1349.08,No
CUST100827,Male,0,No,No,5,No,No phone service,DSL,No,No,No,Yes,No,Yes,One year,Yes,Mailed check,50.07,308.2,No
CUST100828,Male,1,No,Yes,72,Yes,No,Fiber optic,Yes,No,No,No,Yes,No,Two year,Yes,Credit card,74.21,5293.85,No
CUST100829,Male,0,No,Yes,6,Yes,No,No,No internet service,No internet service,No internet service,No internet service,No internet service,No internet service,Month-to-month,Yes,Electronic check,28.54,135.64,No
CUST100830,Female,0,Yes,No,34,Yes,No,Fiber optic,No,Yes,No,No,No,No,Two year,Yes,Credit card,73.12,2444.47,No
CUST100831,Female,1,Yes,Yes,1,No,No phone service,No,No internet service,No internet service,No internet service,No internet service,No internet service,No internet service,Month-to-month,Yes,Mailed check,23.61,18.0,No
CUST100832,Female,0,No,No,31,Yes,Yes,Fiber optic,No,Yes,No,No,Yes,No,Month-to-month,Yes,Electronic check,85.44,2646.93,No
CUST100833,Female,0,Yes,No,60,Yes,No,DSL,Yes,No,Yes,No,No,No,Month-to-month,No,Bank transfer,53.82,3298.63,No
CUST100834,Female,0,No,No,37,Yes,Yes,DSL,No,Yes,Yes,No,Yes,Yes,Month-to-month,Yes,Bank transfer,74.31,2722.41,No
CUST100835,Male,0,Yes,No,18,No,No phone service,Fiber optic,No,No,No,Yes,No,No,Month-to-month,Yes,Bank transfer,65.75,1119.6,Yes
CUST100836,Male,0,No,No,29,Yes,No,Fiber optic,No,No,Yes,No,Yes,Yes,One year,No,Bank transfer,89.34,2746.85,No
CUST100837,Male,0,No,Yes,7,Yes,Yes,Fiber optic,No,Yes,No,No,Yes,Yes,One year,Yes,Mailed check,98.29,656.84,No
CUST100838,Female,1,Yes,No,43,Yes,No,Fiber optic,Yes,No,Yes,No,No,No,Month-to-month,Yes,Electronic check,81.97,3583.21,No
CUST100839,Female,0,Yes,No,1,No,No phone service,Fiber optic,Yes,Yes,No,Yes,No,Yes,Two year,Yes,Credit card,78.89,79.27,No
CUST100840,Male,0,No,Yes,26,Yes,No,Fiber optic,No,No,No,No,No,No,Two year,No,Credit card,66.54,1816.11,No
CUST100841,Female,0,Yes,Yes,5,Yes,No,Fiber optic,No,No,Yes,Yes,No,No,Month-to-month,Yes,Bank transfer,77.65,384.12,Yes
CUST100842,Male,0,No,Yes,18,Yes,No,Fiber optic,No,No,No,No,Yes,No,Month-to-month,Yes,Electronic check,75.6,1356.91,No
CUST100843,Male,0,No,Yes,5,Yes,Yes,No,No internet service,No internet service,No internet service,No internet service,No internet service,No internet service,Month-to-month,Yes,Bank transfer,31.54,153.09,Yes
CUST100844,Female,0,Yes,Yes,67,Yes,No,DSL,No,No,Yes,Yes,No,Yes,One year,Yes,Electronic check,60.0,3999.59,No
CUST100845,Female,0,No,Yes,56,Yes,Yes,No,No internet service,No internet service,No internet service,No internet service,No internet service,No internet service,Month-to-month,Yes,Credit card,40.19,2255.6,No
CUST100846,Female,0,Yes,No,67,Yes,Yes,DSL,No,No,No,No,No,No,One year,Yes,Electronic check,54.23,3571.79,No
CUST100847,Female,0,No,No,50,Yes,Yes,DSL,No,Yes,Yes,No,No,No,One year,No,Electronic check,58.58,2968.65,No
CUST100848,Female,0,Yes,No,36,Yes,Yes,No,No internet service,No internet service,No internet service,No internet service,No internet service,No internet service,One year,No,Electronic check,36.6,1534.64,No
CUST100849,Male,0,Yes,No,13,Yes,Yes,No,No internet service,No internet service,No internet service,No internet service,No internet service,No internet service,Month-to-month,Yes,Bank transfer,33.35,358.77,No
CUST100850,Male,0,Yes,No,70,No,No phone service,No,No internet service,No internet service,No internet service,No internet service,No internet service,No internet service,Month-to-month,No,Bank transfer,27.39,1942.59,No
CUST100851,Male,0,No,No,67,Yes,No,DSL,No,Yes,No,No,No,No,Month-to-month,Yes,Bank transfer,48.48,3249.44,No
CUST100852,Male,0,No,No,30,Yes,No,DSL,Yes,Yes,No,Yes,No,Yes,Two year,Yes,Mailed check,66.02,1890.04,No
CUST100853,Male,0,No,No,17,Yes,No,Fiber optic,No,Yes,Yes,Yes,No,Yes,One year,Yes,Credit card,90.82,1606.42,No
CUST100854,Female,0,Yes,No,28,Yes,No,No,No internet service,No internet service,No internet service,No internet service,No internet service,No internet service,One year,Yes,Mailed check,23.58,624.76,No
CUST100855,Female,0,No,No,29,Yes,No,Fiber optic,Yes,No,Yes,No,No,No,One year,Yes,Electronic check,81.85,2318.62,No
CUST100856,Male,0,No,No,67,Yes,No,DSL,No,No,No,No,No,Yes,Month-to-month,No,Bank transfer,53.19,3673.13,No
CUST100857,Female,0,No,Yes,5,Yes,Yes,Fiber optic,No,No,No,No,No,Yes,Month-to-month,Yes,Mailed check,85.36,399.5,No
CUST100858,Female,0,Yes,Yes,46,Yes,Yes,DSL,No,No,No,No,No,Yes,Month-to-month,Yes,Bank transfer,60.11,2858.45,No
CUST100859,Male,0,No,No,56,Yes,Yes,DSL,No,No,Yes,No,Yes,No,Month-to-month,Yes,Mailed check,65.74,3724.66,No
CUST100860,Male,0,Yes,Yes,55,Yes,Yes,Fiber optic,No,No,No,Yes,No,No,Month-to-month,No,Bank transfer,88.49,4874.55,No
CUST100861,Male,0,Yes,Yes,14,Yes,No,DSL,No,Yes,No,No,No,No,Month-to-month,Yes,Electronic check,53.2,795.71,No
CUST100862,Male,0,No,Yes,30,Yes,No,Fiber optic,No,No,Yes,No,Yes,Yes,One year,No,Mailed check,81.82,2517.49,No
CUST100863,Female,0,Yes,No,25,Yes,No,Fiber optic,No,No,No,No,Yes,No,Month-to-month,Yes,Mailed check,78.25,1942.23,No
CUST100864,Male,0,Yes,No,30,No,No phone service,Fiber optic,No,No,Yes,Yes,No,No,Month-to-month,Yes,Bank transfer,76.67,2270.65,No
CUST100865,Male,0,No,No,7,Yes,No,Fiber optic,No,Yes,Yes,No,No,Yes,Month-to-month,Yes,Electronic check,77.73,612.72,Yes
CUST100866,Male,0,No,Yes,6,Yes,Yes,No,No internet service,No internet service,No internet service,No internet service,No internet service,No internet service,Month-to-month,Yes,Electronic check,30.35,404.37,No
CUST100867,Male,0,Yes,No,2,Yes,No,Fiber optic,Yes,Yes,No,No,No,No,Month-to-month,No,Electronic check,82.4,35.1,Yes
CUST100868,Male,0,No,No,70,No,No phone service,No,No internet service,No internet service,No internet service,No internet service,No internet service,No internet service,Month-to-month,No,Mailed check,23.88,1582.4,No
CUST100869,Female,0,Yes,No,31,Yes,No,Fiber optic,No,No,No,Yes,Yes,Yes,Month-to-month,Yes,Electronic check,89.69,2703.33,No
CUST100870,Female,0,Yes,No,17,Yes,No,Fiber optic,No,No,No,No,No,No,Two year,Yes,Bank transfer,71.75,1193.79,No
CUST100871,Female,1,Yes,Yes,58,No,No phone service,No,No internet service,No internet service,No internet service,No internet service,No internet service,No internet service,Month-to-month,Yes,Electronic check,25.48,1399.86,No
CUST100872,Female,0,No,No,36,Yes,No,DSL,No,No,No,Yes,No,No,Month-to-month,Yes,Mailed check,48.94,1810.81,No
CUST100873,Female,1,Yes,Yes,27,Yes,No,DSL,No,No,No,No,No,Yes,Month-to-month,Yes,Mailed check,49.23,1213.38,No
CUST100874,Female,0,Yes,No,9,Yes,No,No,No internet service,No internet service,No internet service,No internet service,No internet service,No internet service,Month-to-month,Yes,Mailed check,26.99,208.72,No
CUST100875,Male,0,No,No,28,Yes,No,Fiber optic,Yes,No,No,No,No,No,Month-to-month,Yes,Bank transfer,75.7,2079.97,Yes
CUST100876,Male,0,No,No,47,Yes,No,DSL,Yes,No,Yes,No,Yes,No,Month-to-month,Yes,Bank transfer,64.26,3099.78,No
CUST100877,Male,0,No,Yes,45,Yes,No,No,No internet service,No internet service,No internet service,No internet service,No internet service,No internet service,Two year,Yes,Bank transfer,31.09,1395.15,No
CUST100878,Male,1,No,No,29,Yes,No,DSL,Yes,No,No,No,Yes,Yes,Two year,Yes,Mailed check,71.66,1971.02,No
CUST100879,Male,0,Yes,No,45,No,No phone service,Fiber optic,No,No,No,No,No,No,One year,Yes,Mailed check,62.74,2847.02,No
CUST100880,Male,1,Yes,No,56,Yes,Yes,Fiber optic,No,Yes,No,No,Yes,Yes,Month-to-month,No,Electronic check,90.99,5021.33,No
CUST100881,Female,0,Yes,Yes,67,Yes,No,Fiber optic,No,No,Yes,Yes,No,Yes,Month-to-month,Yes,Mailed check,83.91,5526.57,No
CUST100882,Male,1,No,No,39,Yes,Yes,Fiber optic,No,No,Yes,No,No,Yes,Month-to-month,No,Credit card,89.55,3581.15,No
CUST100883,Female,1,Yes,Yes,17,Yes,Yes,DSL,Yes,No,Yes,No,No,No,One year,No,Electronic check,68.82,1135.45,No
CUST100884,Female,0,Yes,Yes,10,No,No phone service,No,No internet service,No internet service,No internet service,No internet service,No internet service,No internet service,Month-to-month,Yes,Electronic check,22.62,265.45,No
CUST100885,Male,0,Yes,No,12,Yes,No,No,No internet service,No internet service,No internet service,No internet service,No internet service,No internet service,One year,Yes,Bank transfer,24.44,255.18,No
CUST100886,Male,0,Yes,No,1,Yes,No,DSL,No,No,No,No,No,No,Month-to-month,No,Bank transfer,43.4,63.12,No
CUST100887,Female,0,No,Yes,41,Yes,No,Fiber optic,Yes,No,No,Yes,Yes,No,Month-to-month,Yes,Credit card,85.83,3630.94,Yes
CUST100888,Female,1,No,No,16,Yes,No,Fiber optic,No,Yes,Yes,No,Yes,No,Month-to-month,Yes,Electronic check,87.3,1411.88,Yes
CUST100889,Female,0,Yes,No,17,Yes,No,DSL,No,No,No,No,Yes,Yes,Month-to-month,Yes,Credit card,58.91,972.62,No
CUST100890,Female,0,No,No,53,Yes,No,No,No internet service,No internet service,No internet service,No internet service,No internet service,No internet service,One year,Yes,Bank transfer,24.5,1193.08,No
CUST100891,Female,0,No,No,24,Yes,Yes,No,No internet service,No internet service,No internet service,No internet service,No internet service,No internet service,One year,Yes,Bank transfer,31.99,838.92,No
CUST100892,Male,0,Yes,No,60,Yes,No,DSL,Yes,Yes,No,Yes,Yes,No,Month-to-month,Yes,Mailed check,67.7,4100.47,No
CUST100893,Male,1,Yes,No,10,Yes,Yes,No,No internet service,No internet service,No internet service,No internet service,No internet service,No internet service,Month-to-month,Yes,Electronic check,35.84,384.38,Yes
CUST100894,Male,0,No,Yes,25,Yes,No,No,No internet service,No internet service,No internet service,No internet service,No internet service,No internet service,Two year,No,Electronic check,24.11,596.34,No
CUST100895,Male,0,Yes,Yes,4,Yes,No,Fiber optic,No,No,Yes,No,Yes,Yes,Month-to-month,No,Bank transfer,90.29,451.04,No
CUST100896,Male,1,No,No,39,Yes,Yes,No,No internet service,No internet service,No internet service,No internet service,No internet service,No internet service,One year,No,Electronic check,42.26,1613.09,No
CUST100897,Male,0,No,Yes,9,Yes,No,DSL,No,No,Yes,Yes,No,No,Month-to-month,No,Electronic check,56.83,555.55,No
CUST100898,Female,0,No,No,18,Yes,Yes,No,No internet service,No internet service,No internet service,No internet service,No internet service,No internet service,One year,Yes,Electronic check,36.09,795.0,No
CUST100899,Female,0,No,No,53,Yes,Yes,DSL,No,Yes,No,No,No,No,One year,Yes,Credit card,52.51,2789.47,No
CUST100900,Male,0,No,Yes,64,Yes,Yes,Fiber optic,Yes,No,No,No,Yes,No,Month-to-month,No,Electronic check,91.95,5857.83,No
CUST100901,Female,0,Yes,Yes,40,Yes,No,Fiber optic,No,No,No,No,No,No,Month-to-month,No,Mailed check,67.68,2662.79,No
CUST100902,Female,0,Yes,No,70,Yes,Yes,DSL,No,No,No,No,No,No,Month-to-month,No,Bank transfer,57.28,3964.15,No
CUST100903,Female,0,No,No,55,Yes,No,Fiber optic,Yes,No,No,No,No,Yes,Month-to-month,No,Credit card,89.21,4909.48,No
CUST100904,Male,1,No,No,55,Yes,No,Fiber optic,No,Yes,No,No,Yes,Yes,One year,Yes,Credit card,86.29,4878.31,No
CUST100905,Female,1,No,Yes,72,Yes,No,Fiber optic,No,No,Yes,Yes,No,Yes,Month-to-month,Yes,Mailed check,84.41,6112.15,No
CUST100906,Male,0,No,No,7,Yes,No,Fiber optic,No,No,No,No,Yes,No,Month-to-month,Yes,Electronic check,79.13,570.25,Yes
CUST100907,Female,0,Yes,Yes,17,Yes,No,DSL,Yes,Yes,No,No,Yes,Yes,One year,Yes,Electronic check,64.92,1115.26,No
CUST100908,Female,0,No,No,32,Yes,Yes,DSL,No,Yes,No,No,No,Yes,Two year,Yes,Electronic check,65.4,1968.73,No
CUST100909,Female,0,No,Yes,45,No,No phone service,DSL,No,No,Yes,Yes,Yes,No,Month-to-month,Yes,Mailed check,53.84,2415.05,No
CUST100910,Female,0,No,Yes,72,Yes,No,No,No internet service,No internet service,No internet service,No internet service,No internet service,No internet service,One year,No,Mailed check,27.68,1918.85,No
CUST100911,Male,0,No,No,8,Yes,Yes,Fiber optic,Yes,No,Yes,No,No,No,Month-to-month,Yes,Mailed check,78.92,751.77,Yes
CUST100912,Female,0,Yes,Yes,17,No,No phone service,Fiber optic,No,No,Yes,No,No,No,One year,Yes,Mailed check,69.03,1103.73,Yes
CUST100913,Female,0,No,No,22,Yes,No,Fiber optic,No,No,No,No,No,Yes,Month-to-month,Yes,Bank transfer,86.83,1803.47,Yes
CUST100914,Male,0,Yes,Yes,49,Yes,Yes,Fiber optic,No,Yes,Yes,No,No,Yes,One year,No,Electronic check,92.34,4386.89,No
CUST100915,Male,0,Yes,Yes,69,Yes,Yes,DSL,No,No,No,No,Yes,No,Month-to-month,No,Credit card,54.24,3680.61,No
CUST100916,Female,0,No,Yes,68,Yes,Yes,DSL,No,Yes,No,Yes,No,No,Month-to-month,No,Credit card,66.2,4269.24,No
CUST100917,Male,0,No,No,54,Yes,Yes,Fiber optic,Yes,Yes,No,Yes,Yes,No,Two year,Yes,Electronic check,95.53,5173.54,Yes
CUST100918,Male,0,No,No,56,Yes,No,DSL,No,No,No,No,Yes,No,Month-to-month,Yes,Mailed check,53.12,2993.52,No
CUST100919,Female,0,Yes,Yes,30,Yes,Yes,No,No internet service,No internet service,No internet service,No internet service,No internet service,No internet service,Month-to-month,Yes,Credit card,32.16,877.65,No
CUST100920,Male,1,Yes,No,44,Yes,No,DSL,No,Yes,No,No,No,No,Month-to-month,Yes,Credit card,45.28,2061.33,No
CUST100921,Male,1,Yes,No,13,Yes,Yes,Fiber optic,Yes,No,No,No,Yes,Yes,One year,No,Mailed check,97.24,1250.71,No
CUST100922,Male,0,No,No,37,Yes,No,Fiber optic,No,No,Yes,Yes,No,Yes,Month-to-month,No,Electronic check,84.24,3104.61,Yes
CUST100923,Female,0,No,No,22,Yes,No,Fiber optic,No,No,No,Yes,No,Yes,One year,No,Credit card,75.6,1732.59,Yes
CUST100924,Female,0,No,No,67,No,No phone service,No,No internet service,No internet service,No internet service,No internet service,No internet service,No internet service,Month-to-month,No,Bank transfer,21.17,1508.88,No
CUST100925,Female,0,Yes,No,27,Yes,No,Fiber optic,No,No,Yes,No,No,No,One year,Yes,Bank transfer,86.49,2253.8,No
CUST100926,Male,0,No,No,29,Yes,No,DSL,No,Yes,No,No,Yes,Yes,Two year,Yes,Electronic check,69.07,1887.94,No
CUST100927,Male,0,No,No,30,Yes,Yes,Fiber optic,Yes,Yes,Yes,Yes,No,No,Month-to-month,Yes,Credit card,96.85,2875.11,No
CUST100928,Female,1,Yes,No,65,Yes,Yes,DSL,Yes,Yes,Yes,Yes,No,No,Month-to-month,No,Mailed check,85.13,5657.44,No
CUST100929,Female,1,No,Yes,68,Yes,No,DSL,No,No,Yes,No,Yes,Yes,Month-to-month,No,Mailed check,57.97,3880.06,No
CUST100930,Male,0,No,No,32,No,No phone service,Fiber optic,No,No,No,No,No,No,Month-to-month,No,Bank transfer,64.3,2135.06,No
CUST100931,Male,0,Yes,No,72,Yes,Yes,DSL,Yes,Yes,Yes,Yes,No,No,One year,No,Mailed check,80.33,5705.84,No
CUST100932,Male,0,Yes,No,55,Yes,No,DSL,No,Yes,Yes,No,No,No,Two year,No,Mailed check,51.93,2843.86,No
CUST100933,Female,1,No,No,61,No,No phone service,Fiber optic,No,No,Yes,Yes,Yes,Yes,Two year,Yes,Bank transfer,87.21,5273.83,No
CUST100934,Male,0,No,No,66,Yes,No,Fiber optic,No,Yes,No,Yes,Yes,No,Two year,Yes,Bank transfer,84.48,5608.63,No
CUST100935,Female,0,No,No,24,Yes,No,No,No internet service,No internet service,No internet service,No internet service,No internet service,No internet service,Month-to-month,No,Credit card,26.64,651.21,No
CUST100936,Male,0,No,No,40,Yes,No,DSL,No,No,No,No,Yes,No,One year,Yes,Mailed check,54.64,2114.03,No
CUST100937,Female,0,Yes,No,21,Yes,Yes,Fiber optic,Yes,No,Yes,Yes,No,No,Month-to-month,No,Electronic check,84.94,1745.09,No
CUST100938,Female,0,No,No,23,Yes,Yes,Fiber optic,No,No,Yes,No,Yes,No,Two year,Yes,Electronic check,84.97,1869.0,No
CUST100939,Female,0,No,No,34,Yes,No,No,No internet service,No internet service,No internet service,No internet service,No internet service,No internet service,One year,No,Mailed check,28.15,975.49,No
CUST100940,Male,0,Yes,Yes,4,Yes,No,Fiber optic,No,No,No,No,No,No,Month-to-month,No,Electronic check,62.98,170.54,Yes
CUST100941,Male,0,No,No,16,Yes,No,Fiber optic,Yes,No,No,No,No,No,One year,No,Bank transfer,73.53,1184.12,No
CUST100942,Female,0,Yes,Yes,59,Yes,Yes,Fiber optic,Yes,Yes,No,No,No,No,One year,Yes,Mailed check,80.91,4805.47,No
CUST100943,Male,0,Yes,No,12,Yes,Yes,DSL,No,Yes,No,No,No,No,Two year,Yes,Mailed check,52.14,678.45,No
CUST100944,Female,0,Yes,No,45,Yes,No,DSL,No,No,No,No,Yes,No,One year,No,Electronic check,56.69,2604.91,No
CUST100945,Female,1,No,No,56,No,No phone service,Fiber optic,No,Yes,Yes,No,Yes,No,Two year,No,Mailed check,79.4,4473.28,No
CUST100946,Female,0,Yes,Yes,19,Yes,No,DSL,No,No,Yes,No,No,No,Month-to-month,Yes,Electronic check,50.13,865.93,No
CUST100947,Male,0,Yes,No,33,Yes,Yes,DSL,Yes,Yes,No,No,No,Yes,Month-to-month,Yes,Bank transfer,68.24,2182.55,No
CUST100948,Female,0,No,Yes,64,Yes,No,Fiber optic,No,No,No,Yes,No,No,One year,Yes,Electronic check,76.26,4810.91,No
CUST100949,Male,0,Yes,No,61,Yes,Yes,DSL,No,No,No,No,Yes,No,Month-to-month,No,Credit card,58.09,3538.28,No
CUST100950,Female,0,No,Yes,67,Yes,No,DSL,No,Yes,No,Yes,Yes,No,Month-to-month,Yes,Mailed check,59.99,4106.6,No
CUST100951,Female,0,No,No,46,Yes,Yes,Fiber optic,Yes,Yes,No,No,No,No,Two year,Yes,Bank transfer,91.18,4138.49,Yes
CUST100952,Female,0,Yes,No,64,Yes,No,No,No internet service,No internet service,No internet service,No internet service,No internet service,No internet service,Two year,Yes,Credit card,25.54,1609.84,No
CUST100953,Male,0,Yes,No,29,No,No phone service,Fiber optic,Yes,Yes,Yes,No,No,No,Two year,Yes,Credit card,82.36,2484.47,No
CUST100954,Female,0,No,No,44,Yes,No,DSL,Yes,Yes,Yes,No,Yes,Yes,Month-to-month,No,Credit card,72.78,3092.69,No
CUST100955,Male,1,Yes,Yes,49,Yes,No,DSL,No,Yes,Yes,No,No,No,Month-to-month,No,Electronic check,59.0,3012.68,No
CUST100956,Male,0,Yes,No,71,No,No phone service,No,No internet service,No internet service,No internet service,No internet service,No internet service,No internet service,Two year,Yes,Electronic check,21.03,1542.9,No
CUST100957,Female,1,No,Yes,27,Yes,Yes,Fiber optic,No,No,No,Yes,No,Yes,Month-to-month,Yes,Bank transfer,91.25,2407.72,No
CUST100958,Male,1,No,No,63,Yes,No,Fiber optic,Yes,No,No,No,Yes,No,Month-to-month,No,Mailed check,83.16,5211.79,No
CUST100959,Male,0,No,No,37,Yes,No,DSL,Yes,Yes,No,Yes,Yes,No,Month-to-month,No,Bank transfer,70.85,2757.25,No
CUST100960,Female,0,No,No,8,Yes,Yes,DSL,No,No,No,No,Yes,No,Two year,Yes,Bank transfer,65.82,486.54,No
CUST100961,Female,0,No,Yes,48,Yes,Yes,DSL,No,No,No,No,No,Yes,Month-to-month,No,Electronic check,56.48,2768.37,No
CUST100962,Female,0,No,No,71,Yes,No,No,No internet service,No internet service,No internet service,No internet service,No internet service,No internet service,Month-to-month,No,Electronic check,33.96,2574.34,No
CUST100963,Male,0,No,No,33,Yes,No,No,No internet service,No internet service,No internet service,No internet service,No internet service,No internet service,Month-to-month,Yes,Bank transfer,26.81,881.37,No
CUST100964,Female,0,No,Yes,40,Yes,No,DSL,No,No,No,No,No,Yes,Month-to-month,No,Bank transfer,45.75,1829.24,No
CUST100965,Male,0,No,No,67,Yes,No,Fiber optic,No,Yes,Yes,No,No,No,One year,Yes,Credit card,82.74,5720.39,No
CUST100966,Male,0,Yes,Yes,67,Yes,Yes,No,No internet service,No internet service,No internet service,No internet service,No internet service,No internet service,One year,Yes,Bank transfer,38.32,2480.35,No
CUST100967,Male,0,Yes,Yes,29,Yes,Yes,No,No internet service,No internet service,No internet service,No internet service,No internet service,No internet service,One year,No,Electronic check,37.01,1071.8,No
CUST100968,Female,0,Yes,No,55,Yes,Yes,Fiber optic,No,Yes,No,No,No,No,Month-to-month,No,Electronic check,80.64,4469.28,No
CUST100969,Male,0,No,Yes,46,Yes,No,DSL,Yes,Yes,Yes,No,Yes,No,Month-to-month,Yes,Mailed check,64.24,2831.6,No
CUST100970,Female,1,Yes,Yes,47,Yes,Yes,No,No internet service,No internet service,No internet service,No internet service,No internet service,No internet service,Month-to-month,No,Mailed check,32.88,1452.4,No
CUST100971,Female,0,Yes,No,52,No,No phone service,DSL,No,Yes,No,No,No,No,Two year,No,Bank transfer,43.66,2224.64,No
CUST100972,Female,0,No,No,24,Yes,Yes,DSL,No,Yes,Yes,No,Yes,No,Month-to-month,No,Bank transfer,68.9,1686.25,No
CUST100973,Female,0,Yes,Yes,22,Yes,Yes,DSL,Yes,No,No,No,No,No,Month-to-month,No,Credit card,53.82,1145.27,No
CUST100974,Female,0,Yes,Yes,2,Yes,No,Fiber optic,No,No,Yes,No,No,No,Month-to-month,No,Mailed check,73.96,140.95,Yes
CUST100975,Female,0,Yes,No,62,Yes,No,DSL,No,Yes,Yes,Yes,Yes,Yes,Two year,No,Electronic check,71.67,4506.07,No
CUST100976,Female,0,Yes,No,20,Yes,No,Fiber optic,No,No,Yes,Yes,Yes,No,One year,Yes,Mailed check,84.31,1734.31,Yes
CUST100977,Female,0,No,No,49,No,No phone service,No,No internet service,No internet service,No internet service,No internet service,No internet service,No internet service,Month-to-month,Yes,Electronic check,22.91,958.6,No
CUST100978,Male,1,Yes,No,50,Yes,No,Fiber optic,Yes,No,Yes,No,No,No,One year,No,Electronic check,75.25,3777.08,No
CUST100979,Female,1,Yes,No,51,Yes,No,No,No internet service,No internet service,No internet service,No internet service,No internet service,No internet service,Month-to-month,No,Mailed check,29.32,1539.2,No
CUST100980,Male,0,No,No,63,Yes,No,No,No internet service,No internet service,No internet service,No internet service,No internet service,No internet service,One year,Yes,Mailed check,25.84,1621.39,No
CUST100981,Male,0,Yes,No,63,Yes,Yes,Fiber optic,No,Yes,No,Yes,No,No,Two year,No,Electronic check,88.08,5591.08,No
CUST100982,Male,0,Yes,Yes,1,Yes,No,Fiber optic,No,Yes,Yes,No,Yes,No,One year,Yes,Bank transfer,83.3,144.86,No
CUST100983,Male,0,No,Yes,61,Yes,No,No,No internet service,No internet service,No internet service,No internet service,No internet service,No internet service,Two year,No,Bank transfer,27.11,1679.67,No
CUST100984,Male,0,No,Yes,15,Yes,No,Fiber optic,No,No,No,No,No,No,Month-to-month,Yes,Electronic check,66.56,990.71,Yes
CUST100985,Male,0,No,No,47,No,No phone service,DSL,No,Yes,Yes,No,No,Yes,Month-to-month,No,Bank transfer,56.16,2659.65,No
CUST100986,Male,0,No,No,49,Yes,No,No,No internet service,No internet service,No internet service,No internet service,No internet service,No internet service,One year,No,Electronic check,20.68,827.15,No
CUST100987,Male,0,No,No,4,Yes,No,Fiber optic,No,No,Yes,Yes,Yes,Yes,One year,No,Mailed check,93.61,487.32,No
CUST100988,Female,0,Yes,Yes,21,Yes,No,No,No internet service,No internet service,No internet service,No internet service,No internet service,No internet service,Month-to-month,Yes,Bank transfer,22.7,582.55,No
CUST100989,Female,0,No,No,66,Yes,Yes,Fiber optic,No,No,No,No,Yes,Yes,Month-to-month,Yes,Mailed check,88.36,5931.93,No
CUST100990,Male,0,No,No,11,Yes,No,DSL,Yes,Yes,Yes,No,No,Yes,Month-to-month,Yes,Bank transfer,66.62,743.07,No
CUST100991,Female,0,Yes,Yes,17,Yes,No,Fiber optic,No,Yes,No,Yes,Yes,Yes,Month-to-month,Yes,Mailed check,96.82,1691.66,Yes
CUST100992,Male,0,No,No,6,Yes,Yes,Fiber optic,No,Yes,Yes,Yes,Yes,No,Two year,Yes,Electronic check,92.2,564.41,No
CUST100993,Female,1,Yes,No,13,Yes,No,Fiber optic,No,Yes,No,Yes,Yes,Yes,Month-to-month,No,Mailed check,86.47,1149.92,No
CUST100994,Female,0,No,No,46,Yes,Yes,No,No internet service,No internet service,No internet service,No internet service,No internet service,No internet service,Two year,Yes,Mailed check,39.44,1923.68,No
CUST100995,Male,0,No,No,61,Yes,Yes,Fiber optic,No,No,No,Yes,No,No,Month-to-month,Yes,Electronic check,80.57,4773.15,No
CUST100996,Male,0,No,No,43,Yes,No,DSL,Yes,No,Yes,No,No,No,One year,No,Mailed check,48.98,2141.28,No
CUST100997,Male,0,Yes,Yes,21,Yes,Yes,Fiber optic,No,No,No,Yes,Yes,No,Two year,No,Electronic check,87.27,1765.98,Yes
CUST100998,Female,0,No,No,62,Yes,Yes,DSL,No,No,No,No,Yes,No,One year,Yes,Mailed check,58.04,3506.32,No
CUST100999,Male,0,No,Yes,27,No,No phone service,Fiber optic,Yes,Yes,No,No,No,No,Two year,No,Bank transfer,69.63,1869.86,No
CUST101000,Male,1,Yes,No,23,Yes,No,DSL,Yes,No,No,No,No,Yes,Month-to-month,Yes,Bank transfer,58.85,1253.33,No
CUST101001,Male,0,Yes,No,37,Yes,No,DSL,No,No,Yes,No,No,Yes,Month-to-month,Yes,Credit card,51.15,1792.18,No
CUST101002,Male,0,No,No,10,Yes,Yes,No,No internet service,No internet service,No internet service,No internet service,No internet service,No internet service,One year,Yes,Bank transfer,35.1,218.08,Yes
CUST101003,Male,0,Yes,No,26,Yes,No,DSL,No,No,No,No,No,No,One year,Yes,Credit card,44.05,1106.74,No
CUST101004,Male,0,No,Yes,58,Yes,Yes,Fiber optic,No,No,No,Yes,No,No,One year,No,Mailed check,81.66,4778.82,No
CUST101005,Female,0,No,Yes,44,Yes,Yes,Fiber optic,No,Yes,Yes,No,Yes,No,One year,No,Bank transfer,97.47,4354.71,No
CUST101006,Male,0,Yes,No,72,Yes,Yes,DSL,Yes,Yes,Yes,No,No,No,Month-to-month,Yes,Bank transfer,71.93,5337.2,No
CUST101007,Male,0,No,Yes,56,Yes,No,No,No internet service,No internet service,No internet service,No internet service,No internet service,No internet service,Month-to-month,No,Credit card,34.24,1885.05,No
CUST101008,Male,0,Yes,No,26,Yes,No,DSL,No,No,No,No,Yes,No,Two year,No,Bank transfer,45.26,1240.58,No
CUST101009,Male,0,No,Yes,56,Yes,Yes,Fiber optic,No,Yes,No,No,No,No,Month-to-month,Yes,Credit card,83.32,4680.33,No
CUST101010,Male,0,No,No,63,Yes,No,Fiber optic,Yes,Yes,Yes,Yes,Yes,No,One year,Yes,Mailed check,99.98,6310.81,No
CUST101011,Female,1,Yes,No,46,Yes,No,Fiber optic,No,No,No,Yes,No,No,One year,Yes,Credit card,72.53,3366.28,No
CUST101012,Male,0,No,No,55,Yes,Yes,DSL,No,No,Yes,No,Yes,Yes,Two year,Yes,Mailed check,71.76,4010.9,Yes
CUST101013,Female,1,Yes,No,37,Yes,No,No,No internet service,No internet service,No internet service,No internet service,No internet service,No internet service,Two year,Yes,Electronic check,33.19,1266.28,No
CUST101014,Female,1,No,No,66,Yes,No,No,No internet service,No internet service,No internet service,No internet service,No internet service,No internet service,Month-to-month,Yes,Electronic check,27.04,1752.97,Yes
CUST101015,Male,1,Yes,Yes,18,Yes,No,Fiber optic,Yes,Yes,Yes,No,No,Yes,Two year,Yes,Mailed check,97.05,1793.67,No
CUST101016,Male,0,No,No,31,Yes,No,Fiber optic,No,Yes,No,Yes,No,No,Month-to-month,Yes,Electronic check,79.65,2418.82,Yes
CUST101017,Female,0,No,No,19,Yes,No,Fiber optic,No,Yes,No,Yes,No,Yes,Month-to-month,Yes,Electronic check,88.69,1732.09,No
CUST101018,Female,0,Yes,Yes,8,Yes,Yes,Fiber optic,Yes,Yes,Yes,Yes,No,No,Two year,Yes,Mailed check,100.56,813.78,No
CUST101019,Female,0,No,No,45,Yes,No,Fiber optic,No,No,No,No,No,No,Month-to-month,Yes,Bank transfer,65.49,2797.56,No
CUST101020,Female,0,Yes,No,9,Yes,Yes,DSL,Yes,Yes,Yes,No,No,No,Month-to-month,Yes,Electronic check,69.57,615.06,No
CUST101021,Female,0,No,No,17,Yes,Yes,Fiber optic,No,No,No,No,Yes,Yes,One year,Yes,Bank transfer,88.94,1586.52,Yes
CUST101022,Female,1,Yes,No,55,Yes,No,DSL,Yes,No,Yes,No,No,Yes,Two year,Yes,Bank transfer,67.73,3715.03,No
CUST101023,Male,0,No,No,18,Yes,Yes,DSL,Yes,Yes,Yes,No,Yes,No,Month-to-month,Yes,Bank transfer,73.65,1344.02,Yes
CUST101024,Male,0,Yes,Yes,63,Yes,No,Fiber optic,No,No,Yes,No,No,Yes,One year,Yes,Bank transfer,80.59,5038.87,No
CUST101025,Male,0,Yes,Yes,4,Yes,No,DSL,No,No,No,No,Yes,Yes,Month-to-month,Yes,Electronic check,56.55,204.28,No
CUST101026,Female,0,No,Yes,33,Yes,Yes,Fiber optic,No,Yes,Yes,Yes,No,Yes,Month-to-month,No,Credit card,98.72,3333.64,No
CUST101027,Female,0,No,No,5,Yes,No,Fiber optic,Yes,Yes,No,Yes,Yes,Yes,One year,No,Credit card,101.12,471.13,No
CUST101028,Female,0,No,Yes,5,Yes,Yes,DSL,No,No,No,No,No,No,Month-to-month,No,Mailed check,53.23,174.08,No
CUST101029,Male,0,No,No,57,Yes,No,DSL,No,No,Yes,No,No,Yes,One year,No,Electronic check,66.81,3633.75,No
CUST101030,Female,0,Yes,No,5,Yes,Yes,DSL,No,Yes,Yes,No,No,No,One year,No,Mailed check,61.18,244.97,Yes
CUST101031,Female,0,No,No,65,Yes,Yes,Fiber optic,No,No,Yes,Yes,No,No,Two year,Yes,Credit card,83.5,5339.6,No
CUST101032,Female,0,Yes,Yes,44,Yes,No,DSL,No,No,No,No,Yes,Yes,Two year,No,Credit card,59.47,2497.78,No
CUST101033,Male,0,Yes,Yes,35,Yes,No,Fiber optic,Yes,No,No,No,No,Yes,Month-to-month,Yes,Credit card,83.36,2831.72,Yes
CUST101034,Female,0,No,No,67,No,No phone service,Fiber optic,No,No,No,Yes,No,Yes,One year,Yes,Credit card,68.9,4537.06,No
CUST101035,Female,0,No,No,28,Yes,Yes,Fiber optic,No,No,No,No,No,No,One year,Yes,Bank transfer,82.24,2218.09,No
CUST101036,Male,0,Yes,No,29,Yes,No,DSL,No,Yes,No,No,No,Yes,Month-to-month,Yes,Electronic check,56.97,1762.79,No
CUST101037,Male,0,Yes,No,30,Yes,Yes,DSL,No,Yes,Yes,No,Yes,No,One year,No,Electronic check,76.78,2171.39,No
CUST101038,Female,0,No,No,47,No,No phone service,DSL,No,No,No,No,No,No,One year,Yes,Electronic check,43.34,2083.2,No
CUST101039,Female,0,Yes,Yes,62,Yes,Yes,DSL,No,No,Yes,No,Yes,No,Month-to-month,Yes,Electronic check,67.64,4236.51,No
CUST101040,Male,0,Yes,No,40,Yes,Yes,No,No internet service,No internet service,No internet service,No internet service,No internet service,No internet service,Month-to-month,No,Electronic check,34.91,1445.59,No
CUST101041,Male,1,Yes,Yes,21,Yes,Yes,DSL,No,No,No,No,Yes,Yes,Month-to-month,No,Mailed check,62.95,1318.13,No
CUST101042,Male,0,Yes,No,65,Yes,Yes,DSL,No,Yes,Yes,Yes,No,Yes,Month-to-month,Yes,Bank transfer,72.48,4812.44,No
CUST101043,Female,1,Yes,Yes,44,No,No phone service,No,No internet service,No internet service,No internet service,No internet service,No internet service,No internet service,Two year,Yes,Electronic check,18.0,792.05,No
CUST101044,Female,0,No,Yes,60,Yes,No,No,No internet service,No internet service,No internet service,No internet service,No internet service,No internet service,Month-to-month,No,Credit card,23.52,1394.32,No
CUST101045,Male,0,Yes,Yes,32,Yes,Yes,Fiber optic,No,No,No,No,No,No,One year,Yes,Credit card,78.15,2594.09,No
CUST101046,Female,0,Yes,No,15,No,No phone service,Fiber optic,No,No,No,No,No,No,One year,Yes,Electronic check,63.3,935.6,No
CUST101047,Female,0,No,No,69,Yes,Yes,DSL,Yes,No,Yes,Yes,No,Yes,Month-to-month,Yes,Electronic check,68.77,4617.86,No
CUST101048,Male,1,No,Yes,49,Yes,No,No,No internet service,No internet service,No internet service,No internet service,No internet service,No internet service,Month-to-month,Yes,Mailed check,26.05,1316.53,No
CUST101049,Male,0,No,No,23,Yes,No,Fiber optic,Yes,Yes,No,No,Yes,No,Month-to-month,Yes,Credit card,83.76,2013.27,Yes
CUST101050,Female,1,No,Yes,62,Yes,Yes,Fiber optic,Yes,No,No,Yes,No,No,Month-to-month,No,Bank transfer,92.83,5778.9,No
CUST101051,Male,1,No,Yes,1,Yes,No,DSL,No,No,No,Yes,Yes,Yes,Month-to-month,Yes,Electronic check,56.61,27.64,No
CUST101052,Female,0,No,No,67,Yes,No,Fiber optic,Yes,No,No,No,Yes,Yes,Month-to-month,Yes,Bank transfer,96.67,6497.8,No
CUST101053,Male,0,No,Yes,42,Yes,No,Fiber optic,No,No,Yes,No,Yes,No,One year,Yes,Credit card,84.32,3596.07,No
CUST101054,Male,0,No,No,43,Yes,No,DSL,No,Yes,Yes,No,No,No,One year,Yes,Electronic check,45.76,1885.08,No
CUST101055,Female,0,No,No,1,Yes,Yes,Fiber optic,Yes,No,No,Yes,No,No,Month-to-month,No,Bank transfer,84.44,18.0,No
CUST101056,Male,0,Yes,Yes,13,Yes,Yes,DSL,Yes,No,Yes,No,Yes,No,Month-to-month,No,Mailed check,71.79,922.3,No
CUST101057,Female,0,No,No,52,Yes,No,Fiber optic,Yes,Yes,No,No,No,Yes,Two year,Yes,Electronic check,84.28,4465.56,No
CUST101058,Male,1,No,No,41,Yes,Yes,DSL,No,No,No,No,No,No,Month-to-month,No,Credit card,51.91,2037.4,No
CUST101059,Female,0,Yes,No,10,Yes,Yes,No,No internet service,No internet service,No internet service,No internet service,No internet service,No internet service,One year,Yes,Electronic check,44.1,338.57,No
CUST101060,Female,0,No,No,48,Yes,No,Fiber optic,No,Yes,Yes,No,No,Yes,Month-to-month,Yes,Credit card,85.31,4111.08,No
CUST101061,Male,0,Yes,Yes,54,Yes,No,Fiber optic,Yes,Yes,No,No,No,No,Two year,Yes,Bank transfer,75.67,4067.6,No
CUST101062,Male,0,Yes,Yes,20,No,No phone service,Fiber optic,No,No,No,No,Yes,Yes,Month-to-month,Yes,Electronic check,79.66,1537.79,No
CUST101063,Female,1,No,No,50,No,No phone service,Fiber optic,No,Yes,Yes,No,No,Yes,Month-to-month,No,Bank transfer,73.39,3762.56,No
CUST101064,Male,0,Yes,No,71,Yes,Yes,DSL,No,Yes,No,No,Yes,Yes,One year,No,Electronic check,74.81,5257.8,No
CUST101065,Male,1,Yes,No,35,Yes,No,Fiber optic,No,No,Yes,No,No,No,Month-to-month,No,Electronic check,77.34,2735.6,No
CUST101066,Female,0,Yes,No,17,Yes,No,DSL,Yes,Yes,Yes,No,No,No,One year,Yes,Electronic check,68.3,1228.27,No
CUST101067,Male,1,No,No,70,Yes,Yes,Fiber optic,Yes,Yes,Yes,No,Yes,No,Month-to-month,No,Credit card,100.66,7029.58,No
CUST101068,Male,0,Yes,Yes,66,Yes,Yes,No,No internet service,No internet service,No internet service,No internet service,No internet service,No internet service,Month-to-month,Yes,Credit card,34.06,2315.3,No
CUST101069,Female,0,No,No,33,No,No phone service,DSL,No,No,No,No,No,No,Month-to-month,Yes,Electronic check,37.88,1303.49,Yes
CUST101070,Female,0,No,No,31,Yes,Yes,No,No internet service,No internet service,No internet service,No internet service,No internet service,No internet service,One year,Yes,Mailed check,43.55,1364.73,No
CUST101071,Male,0,No,No,61,Yes,No,No,No internet service,No internet service,No internet service,No internet service,No internet service,No internet service,Two year,No,Credit card,28.25,1693.28,No
CUST101072,Female,0,No,Yes,1,Yes,Yes,Fiber optic,No,Yes,No,No,No,Yes,Month-to-month,No,Bank transfer,88.14,202.65,No
CUST101073,Male,0,No,No,23,Yes,No,DSL,No,No,No,Yes,No,No,Two year,No,Electronic check,50.74,1239.6,No
CUST101074,Male,0,Yes,No,40,Yes,No,Fiber optic,No,Yes,Yes,No,No,No,Two year,No,Mailed check,81.9,3335.09,No
CUST101075,Female,0,No,No,48,Yes,No,No,No internet service,No internet service,No internet service,No internet service,No internet service,No internet service,Month-to-month,No,Mailed check,26.49,1276.13,No
CUST101076,Female,0,No,No,46,Yes,Yes,Fiber optic,No,No,No,Yes,Yes,No,Month-to-month,No,Electronic check,84.87,3860.88,No
CUST101077,Male,0,Yes,No,27,Yes,Yes,DSL,No,No,Yes,Yes,No,No,Month-to-month,Yes,Mailed check,60.31,1473.59,No
CUST101078,Female,0,Yes,No,63,Yes,No,DSL,No,No,No,No,No,No,Month-to-month,No,Bank transfer,42.46,2716.89,No
CUST101079,Female,0,No,No,47,Yes,Yes,Fiber optic,Yes,No,Yes,No,No,No,One year,Yes,Bank transfer,86.39,4033.67,No
CUST101080,Male,0,Yes,Yes,39,Yes,No,DSL,Yes,No,No,No,Yes,Yes,Month-to-month,Yes,Mailed check,62.55,2457.16,No
CUST101081,Male,0,No,No,68,Yes,No,DSL,Yes,Yes,No,No,Yes,Yes,Month-to-month,No,Bank transfer,69.28,4908.41,No
CUST101082,Male,0,Yes,Yes,7,Yes,No,Fiber optic,No,Yes,No,No,Yes,Yes,One year,Yes,Mailed check,88.39,718.78,No
CUST101083,Male,0,No,No,52,Yes,Yes,Fiber optic,No,Yes,No,Yes,No,Yes,Month-to-month,No,Bank transfer,95.05,4978.41,Yes
CUST101084,Male,0,Yes,No,67,Yes,Yes,DSL,Yes,Yes,No,Yes,Yes,No,Two year,No,Electronic check,71.15,4758.98,No
CUST101085,Female,1,No,No,48,Yes,No,No,No internet service,No internet service,No internet service,No internet service,No internet service,No internet service,One year,No,Mailed check,34.81,1733.34,No
CUST101086,Male,0,Yes,No,41,Yes,No,DSL,No,No,No,No,No,Yes,Month-to-month,Yes,Mailed check,57.98,2449.61,No
CUST101087,Male,0,Yes,No,27,Yes,Yes,DSL,No,Yes,Yes,No,No,Yes,Month-to-month,No,Mailed check,72.16,1917.33,No
CUST101088,Male,0,Yes,No,20,Yes,No,DSL,Yes,Yes,No,No,No,Yes,Month-to-month,No,Bank transfer,65.94,1297.87,No
CUST101089,Male,0,Yes,No,40,Yes,No,DSL,No,No,No,Yes,Yes,Yes,Two year,No,Mailed check,60.46,2437.17,No
CUST101090,Female,0,No,No,65,Yes,No,Fiber optic,No,No,No,No,No,No,Month-to-month,Yes,Mailed check,67.66,4337.37,No
CUST101091,Male,0,No,Yes,34,Yes,No,DSL,No,No,Yes,Yes,Yes,No,Two year,No,Mailed check,61.11,2022.81,No
CUST101092,Female,0,Yes,No,9,Yes,No,No,No internet service,No internet service,No internet service,No internet service,No internet service,No internet service,Two year,Yes,Bank transfer,22.32,110.68,No
CUST101093,Male,0,No,No,35,Yes,Yes,No,No internet service,No internet service,No internet service,No internet service,No internet service,No internet service,Month-to-month,Yes,Bank transfer,33.49,1311.51,No
CUST101094,Female,0,Yes,Yes,8,No,No phone service,DSL,No,Yes,No,No,No,No,One year,No,Bank transfer,52.09,308.84,No
CUST101095,Female,0,Yes,No,68,Yes,No,Fiber optic,No,No,Yes,No,Yes,Yes,One year,Yes,Credit card,89.43,5976.28,No
CUST101096,Female,1,No,No,39,Yes,No,Fiber optic,Yes,No,No,No,No,Yes,Month-to-month,Yes,Bank transfer,88.12,3254.09,No
CUST101097,Male,1,No,No,16,Yes,No,No,No internet service,No internet service,No internet service,No internet service,No internet service,No internet service,Two year,No,Electronic check,33.85,591.08,No
CUST101098,Male,1,No,No,45,Yes,No,DSL,Yes,Yes,No,Yes,Yes,No,Month-to-month,No,Credit card,64.23,2814.59,No
CUST101099,Female,1,Yes,No,39,Yes,Yes,Fiber optic,No,No,No,No,Yes,Yes,Two year,No,Electronic check,91.15,3615.45,No
CUST101100,Female,0,Yes,No,37,Yes,No,DSL,No,No,No,No,Yes,No,One year,Yes,Bank transfer,51.41,1898.26,No
CUST101101,Female,0,No,No,43,Yes,Yes,DSL,No,No,Yes,No,Yes,No,Month-to-month,No,Credit card,68.73,3057.2,No
CUST101102,Female,0,Yes,Yes,67,Yes,No,No,No internet service,No internet service,No internet service,No internet service,No internet service,No internet service,Month-to-month,Yes,Electronic check,29.88,1933.94,No
CUST101103,Male,0,Yes,No,62,Yes,No,DSL,No,Yes,No,Yes,Yes,Yes,Month-to-month,Yes,Electronic check,76.66,4757.62,No
CUST101104,Female,0,No,Yes,19,Yes,No,Fiber optic,Yes,No,No,No,No,Yes,Month-to-month,Yes,Electronic check,82.83,1662.67,No
CUST101105,Female,1,No,Yes,18,Yes,No,DSL,No,Yes,No,Yes,Yes,No,One year,Yes,Credit card,66.31,1290.77,No
CUST101106,Female,0,Yes,No,72,Yes,Yes,No,No internet service,No internet service,No internet service,No internet service,No internet service,No internet service,Month-to-month,No,Mailed check,32.43,2421.87,No
CUST101107,Female,0,Yes,Yes,47,Yes,No,Fiber optic,No,No,Yes,Yes,No,No,Two year,Yes,Bank transfer,74.14,3528.93,No
CUST101108,Male,0,No,No,2,Yes,Yes,DSL,Yes,Yes,Yes,Yes,No,Yes,Month-to-month,No,Electronic check,82.68,163.31,Yes
CUST101109,Male,0,Yes,No,39,Yes,No,Fiber optic,No,No,Yes,No,Yes,No,Month-to-month,Yes,Electronic check,82.59,3267.74,No
CUST101110,Female,0,Yes,Yes,9,Yes,Yes,DSL,No,Yes,No,No,No,Yes,Month-to-month,Yes,Electronic check,67.21,500.12,Yes
CUST101111,Male,0,Yes,No,3,Yes,No,DSL,No,No,Yes,No,Yes,No,Month-to-month,No,Credit card,63.66,160.79,No
CUST101112,Female,0,No,No,14,No,No phone service,Fiber optic,No,Yes,No,Yes,No,Yes,One year,Yes,Electronic check,80.35,1237.73,No
CUST101113,Female,0,No,No,19,Yes,Yes,No,No internet service,No internet service,No internet service,No internet service,No internet service,No internet service,Month-to-month,Yes,Credit card,38.32,801.89,No
CUST101114,Female,1,Yes,No,6,Yes,No,Fiber optic,No,No,Yes,No,Yes,Yes,One year,Yes,Bank transfer,93.09,460.96,No
CUST101115,Female,0,Yes,No,61,Yes,No,DSL,Yes,No,No,Yes,Yes,No,Month-to-month,Yes,Credit card,62.41,3835.17,No
CUST101116,Female,0,No,Yes,32,Yes,Yes,DSL,No,Yes,No,Yes,Yes,Yes,Month-to-month,No,Mailed check,74.6,2315.06,Yes
CUST101117,Male,0,No,Yes,40,Yes,No,Fiber optic,Yes,Yes,Yes,No,No,Yes,Month-to-month,Yes,Mailed check,99.91,3973.63,No
CUST101118,Male,0,No,No,63,Yes,No,DSL,No,Yes,Yes,Yes,Yes,No,Month-to-month,Yes,Electronic check,69.54,4499.55,No
CUST101119,Male,0,Yes,Yes,61,Yes,No,Fiber optic,No,Yes,No,No,No,Yes,Month-to-month,Yes,Mailed check,83.15,4926.58,No
CUST101120,Female,1,No,No,60,No,No phone service,Fiber optic,No,No,No,No,Yes,Yes,One year,No,Bank transfer,72.07,4222.0,No
CUST101121,Female,0,No,No,15,Yes,Yes,No,No internet service,No internet service,No internet service,No internet service,No internet service,No internet service,Month-to-month,No,Electronic check,35.99,551.94,No
CUST101122,Female,0,No,No,54,Yes,Yes,Fiber optic,No,No,No,No,Yes,Yes,Month-to-month,Yes,Credit card,92.29,5021.23,No
CUST101123,Female,0,Yes,No,72,Yes,Yes,No,No internet service,No internet service,No internet service,No internet service,No internet service,No internet service,Month-to-month,Yes,Electronic check,31.25,2225.91,No
CUST101124,Female,0,No,No,1,Yes,No,Fiber optic,No,No,No,No,Yes,No,Month-to-month,Yes,Electronic check,79.95,172.64,Yes
CUST101125,Male,0,Yes,Yes,63,Yes,Yes,Fiber optic,Yes,No,No,No,Yes,No,Two year,No,Bank transfer,87.98,5524.44,No
CUST101126,Male,0,Yes,No,63,Yes,Yes,DSL,No,No,No,No,No,Yes,Two year,Yes,Mailed check,51.16,3244.79,No
CUST101127,Male,1,Yes,No,61,Yes,Yes,Fiber optic,No,No,No,Yes,Yes,No,One year,Yes,Electronic check,86.9,5305.53,No
CUST101128,Male,0,No,No,29,Yes,No,DSL,No,No,Yes,No,No,No,Month-to-month,No,Credit card,54.87,1570.82,No
CUST101129,Male,0,Yes,No,15,Yes,Yes,DSL,No,No,No,No,Yes,No,Month-to-month,No,Electronic check,56.41,905.89,Yes
CUST101130,Male,0,No,No,53,Yes,No,Fiber optic,Yes,Yes,No,No,No,Yes,Month-to-month,Yes,Mailed check,96.67,5058.91,Yes
CUST101131,Female,0,Yes,Yes,45,Yes,Yes,DSL,No,No,No,No,No,Yes,Two year,Yes,Electronic check,61.91,2889.39,No
CUST101132,Male,1,Yes,No,53,Yes,No,No,No internet service,No internet service,No internet service,No internet service,No internet service,No internet service,Month-to-month,Yes,Electronic check,36.95,2035.56,No
CUST101133,Male,0,Yes,No,19,Yes,No,No,No internet service,No internet service,No internet service,No internet service,No internet service,No internet service,Month-to-month,Yes,Mailed check,23.59,526.67,No
CUST101134,Male,0,No,Yes,13,Yes,No,Fiber optic,No,No,No,No,Yes,Yes,One year,No,Credit card,79.16,1211.63,No
CUST101135,Male,0,Yes,No,65,Yes,No,Fiber optic,No,Yes,Yes,Yes,No,No,One year,No,Mailed check,84.04,5496.32,No
CUST101136,Female,0,Yes,Yes,38,Yes,No,DSL,No,No,Yes,Yes,Yes,Yes,Month-to-month,No,Electronic check,64.93,2477.27,No
CUST101137,Male,0,Yes,Yes,62,Yes,Yes,DSL,Yes,No,Yes,Yes,Yes,No,Month-to-month,Yes,Electronic check,73.17,4574.0,No
CUST101138,Female,0,Yes,Yes,67,Yes,No,DSL,No,No,No,No,No,No,Two year,No,Credit card,52.35,3474.59,No
CUST101139,Male,0,No,No,34,Yes,No,Fiber optic,Yes,Yes,No,No,Yes,No,Month-to-month,Yes,Electronic check,85.77,2909.34,No
CUST101140,Male,0,Yes,Yes,19,Yes,No,No,No internet service,No internet service,No internet service,No internet service,No internet service,No internet service,Two year,Yes,Bank transfer,21.63,344.44,No
CUST101141,Male,0,Yes,Yes,65,Yes,No,DSL,No,No,Yes,No,No,Yes,Month-to-month,Yes,Electronic check,59.21,3957.4,No
CUST101142,Female,0,No,No,52,Yes,No,DSL,No,No,No,No,No,Yes,Two year,Yes,Electronic check,58.29,2950.64,No
CUST101143,Male,0,Yes,No,48,Yes,Yes,DSL,Yes,No,Yes,No,Yes,No,Two year,Yes,Electronic check,62.52,2935.55,No
CUST101144,Male,0,Yes,Yes,69,Yes,No,Fiber optic,No,Yes,Yes,No,No,No,Month-to-month,Yes,Electronic check,74.6,5130.42,No
CUST101145,Female,0,Yes,Yes,18,Yes,Yes,DSL,Yes,No,No,Yes,No,Yes,One year,Yes,Mailed check,70.22,1175.75,No
CUST101146,Female,0,Yes,No,26,Yes,No,Fiber optic,No,Yes,Yes,No,No,No,Month-to-month,Yes,Mailed check,75.21,1903.39,No
CUST101147,Male,0,No,No,3,Yes,Yes,DSL,No,Yes,Yes,No,No,Yes,Month-to-month,Yes,Credit card,69.33,179.6,No
CUST101148,Male,0,Yes,No,28,Yes,No,DSL,No,No,Yes,No,No,No,Month-to-month,No,Electronic check,56.76,1652.93,No
CUST101149,Male,0,Yes,Yes,33,Yes,No,Fiber optic,No,No,No,No,No,No,One year,Yes,Mailed check,68.49,2144.4,No
CUST101150,Male,1,No,No,33,Yes,Yes,No,No internet service,No internet service,No internet service,No internet service,No internet service,No internet service,Month-to-month,Yes,Mailed check,36.83,1173.68,No
CUST101151,Female,0,Yes,No,11,Yes,No,DSL,No,Yes,No,No,No,Yes,Month-to-month,No,Electronic check,60.12,685.33,No
CUST101152,Male,0,No,Yes,59,Yes,No,DSL,No,No,Yes,No,No,No,Two year,Yes,Electronic check,47.83,2862.02,No
CUST101153,Female,0,No,Yes,36,Yes,Yes,DSL,No,No,No,No,No,No,Two year,Yes,Electronic check,48.78,1963.61,No
CUST101154,Male,0,Yes,No,32,Yes,No,Fiber optic,No,No,No,No,Yes,No,Month-to-month,Yes,Electronic check,80.98,2708.41,Yes
CUST101155,Female,0,Yes,No,63,Yes,Yes,Fiber optic,No,No,Yes,No,No,No,Month-to-month,No,Mailed check,82.2,5310.77,No
CUST101156,Male,0,Yes,Yes,36,Yes,Yes,Fiber optic,No,No,Yes,No,No,No,Month-to-month,Yes,Electronic check,82.84,2859.42,No
CUST101157,Female,0,Yes,No,65,Yes,No,Fiber optic,Yes,Yes,Yes,No,No,Yes,Month-to-month,No,Mailed check,91.86,5997.7,No
CUST101158,Male,0,Yes,No,17,No,No phone service,No,No internet service,No internet service,No internet service,No internet service,No internet service,No internet service,Two year,Yes,Mailed check,19.49,381.65,No
CUST101159,Female,1,No,No,62,Yes,No,DSL,Yes,Yes,No,No,Yes,Yes,Two year,No,Mailed check,70.78,4290.55,No
CUST101160,Female,0,Yes,Yes,72,Yes,Yes,DSL,No,No,No,No,Yes,No,Month-to-month,No,Electronic check,55.53,3979.29,No
CUST101161,Male,0,Yes,No,55,Yes,Yes,Fiber optic,No,No,No,No,No,No,Month-to-month,No,Mailed check,78.56,4385.73,No
CUST101162,Female,1,Yes,No,65,No,No phone service,Fiber optic,No,No,No,No,No,No,Month-to-month,No,Mailed check,57.99,3838.88,No
CUST101163,Male,1,No,No,54,Yes,Yes,DSL,Yes,No,No,No,Yes,No,Month-to-month,No,Credit card,74.3,4114.28,No
CUST101164,Male,0,No,No,44,Yes,No,No,No internet service,No internet service,No internet service,No internet service,No internet service,No internet service,Month-to-month,Yes,Electronic check,30.45,1350.39,No
CUST101165,Male,0,Yes,No,55,No,No phone service,Fiber optic,Yes,No,No,No,No,No,Month-to-month,Yes,Electronic check,68.13,3703.94,No
CUST101166,Female,0,No,No,70,Yes,No,No,No internet service,No internet service,No internet service,No internet service,No internet service,No internet service,Month-to-month,No,Credit card,23.74,1710.4,No
CUST101167,Female,0,Yes,No,44,Yes,No,No,No internet service,No internet service,No internet service,No internet service,No internet service,No internet service,Month-to-month,Yes,Electronic check,32.42,1442.74,No
CUST101168,Female,0,No,No,50,Yes,No,Fiber optic,No,No,No,No,Yes,No,Two year,Yes,Electronic check,75.1,3792.59,No
CUST101169,Male,0,No,No,6,Yes,No,No,No internet service,No internet service,No internet service,No internet service,No internet service,No internet service,One year,Yes,Credit card,30.42,33.7,No
CUST101170,Male,0,No,No,70,Yes,Yes,Fiber optic,No,No,No,No,Yes,No,Month-to-month,No,Mailed check,81.33,5693.67,No
CUST101171,Male,0,Yes,No,56,Yes,No,Fiber optic,No,No,Yes,No,Yes,No,Month-to-month,No,Bank transfer,74.34,4197.28,No
CUST101172,Male,0,Yes,No,12,Yes,No,Fiber optic,Yes,No,Yes,Yes,Yes,Yes,Two year,No,Electronic check,105.17,1262.51,No
CUST101173,Female,0,No,Yes,21,Yes,No,No,No internet service,No internet service,No internet service,No internet service,No internet service,No internet service,Month-to-month,Yes,Electronic check,30.32,626.33,Yes
CUST101174,Female,0,Yes,Yes,17,Yes,Yes,Fiber optic,Yes,Yes,No,No,Yes,No,Two year,No,Electronic check,92.43,1560.81,No
CUST101175,Female,0,Yes,No,24,Yes,Yes,Fiber optic,Yes,Yes,Yes,No,No,No,Month-to-month,Yes,Bank transfer,99.86,2326.67,No
CUST101176,Female,1,No,No,64,Yes,Yes,DSL,Yes,Yes,Yes,No,No,No,Two year,No,Mailed check,67.93,4416.56,No
CUST101177,Female,0,No,No,34,Yes,Yes,No,No internet service,No internet service,No internet service,No internet service,No internet service,No internet service,Month-to-month,Yes,Bank transfer,39.84,1331.09,No
CUST101178,Female,0,No,No,31,Yes,Yes,Fiber optic,No,Yes,No,No,Yes,No,Two year,No,Credit card,82.47,2355.7,No
CUST101179,Female,0,No,No,57,Yes,Yes,Fiber optic,Yes,No,No,No,No,Yes,Month-to-month,No,Credit card,87.69,4949.48,No
CUST101180,Female,0,No,Yes,27,Yes,Yes,Fiber optic,No,No,No,Yes,No,No,Two year,Yes,Electronic check,80.83,2121.29,No
CUST101181,Male,0,Yes,Yes,64,Yes,Yes,Fiber optic,No,No,No,No,No,No,One year,Yes,Mailed check,73.05,4649.2,No
CUST101182,Male,0,No,Yes,55,No,No phone service,DSL,Yes,No,No,No,No,No,Month-to-month,Yes,Bank transfer,39.46,2118.52,No
CUST101183,Male,0,No,Yes,19,Yes,No,Fiber optic,Yes,No,Yes,No,No,Yes,One year,Yes,Bank transfer,87.59,1655.45,No
CUST101184,Female,0,No,No,46,Yes,No,DSL,Yes,No,Yes,No,Yes,Yes,Month-to-month,No,Credit card,69.3,3203.61,No
CUST101185,Female,0,Yes,No,35,Yes,No,DSL,No,No,No,No,Yes,Yes,Month-to-month,No,Bank transfer,59.22,2009.38,No
CUST101186,Female,0,Yes,Yes,25,Yes,Yes,DSL,No,No,No,Yes,Yes,No,Month-to-month,No,Bank transfer,62.96,1578.16,No
CUST101187,Female,0,No,No,66,No,No phone service,Fiber optic,Yes,Yes,No,No,Yes,No,One year,No,Electronic check,83.08,5536.44,No
CUST101188,Male,1,Yes,No,29,Yes,No,DSL,Yes,No,No,No,No,No,Two year,Yes,Mailed check,46.02,1306.07,No
CUST101189,Male,0,Yes,No,9,Yes,No,Fiber optic,Yes,No,No,No,Yes,No,Month-to-month,Yes,Bank transfer,82.22,792.74,Yes
CUST101190,Female,0,No,No,30,Yes,Yes,No,No internet service,No internet service,No internet service,No internet service,No internet service,No internet service,One year,Yes,Bank transfer,33.2,1101.87,No
CUST101191,Female,0,Yes,Yes,38,Yes,Yes,Fiber optic,No,Yes,No,No,Yes,No,Two year,No,Bank transfer,86.88,3226.03,No
CUST101192,Female,0,Yes,No,10,Yes,Yes,No,No internet service,No internet service,No internet service,No internet service,No internet service,No internet service,One year,No,Mailed check,26.29,286.55,No
CUST101193,Female,0,Yes,Yes,54,Yes,Yes,Fiber optic,No,No,No,No,Yes,Yes,Month-to-month,No,Mailed check,90.84,5068.21,No
CUST101194,Male,0,Yes,Yes,17,Yes,Yes,DSL,No,No,No,No,No,No,Month-to-month,Yes,Credit card,50.54,878.42,No
CUST101195,Male,0,No,Yes,7,Yes,No,Fiber optic,Yes,Yes,Yes,No,No,No,Month-to-month,No,Electronic check,86.11,536.67,Yes
CUST101196,Male,0,Yes,No,39,Yes,Yes,Fiber optic,Yes,No,Yes,No,No,No,Month-to-month,Yes,Bank transfer,99.29,3911.4,Yes
CUST101197,Male,0,Yes,Yes,12,No,No phone service,No,No internet service,No internet service,No internet service,No internet service,No internet service,No internet service,Month-to-month,Yes,Bank transfer,20.69,234.84,No
CUST101198,Male,0,Yes,No,57,No,No phone service,DSL,No,No,No,Yes,No,No,One year,No,Mailed check,44.86,2455.73,No
CUST101199,Male,0,Yes,Yes,5,Yes,No,No,No internet service,No internet service,No internet service,No internet service,No internet service,No internet service,One year,No,Mailed check,24.87,110.78,No
CUST101200,Male,0,Yes,Yes,31,Yes,Yes,Fiber optic,No,Yes,No,No,No,No,One year,Yes,Mailed check,82.7,2472.04,No
CUST101201,Male,1,Yes,No,4,No,No phone service,No,No internet service,No internet service,No internet service,No internet service,No internet service,No internet service,Month-to-month,Yes,Credit card,19.55,18.0,No
CUST101202,Female,0,No,No,28,Yes,Yes,DSL,No,No,No,No,No,No,Month-to-month,Yes,Electronic check,49.69,1460.72,Yes
CUST101203,Male,0,Yes,Yes,68,Yes,Yes,Fiber optic,No,No,No,No,Yes,Yes,One year,No,Credit card,87.36,5753.27,No
CUST101204,Male,0,Yes,No,47,Yes,Yes,DSL,No,No,No,No,Yes,Yes,Month-to-month,No,Bank transfer,68.9,3350.05,No
CUST101205,Male,0,Yes,Yes,39,Yes,Yes,No,No internet service,No internet service,No internet service,No internet service,No internet service,No internet service,Two year,No,Mailed check,32.31,1305.58,No
CUST101206,Male,0,Yes,No,12,Yes,Yes,DSL,Yes,Yes,Yes,No,No,Yes,Month-to-month,Yes,Electronic check,71.23,974.33,Yes
CUST101207,Male,0,Yes,Yes,23,Yes,No,Fiber optic,No,No,No,No,No,No,Month-to-month,Yes,Electronic check,75.27,1864.44,No
CUST101208,Male,0,Yes,No,28,Yes,No,Fiber optic,No,Yes,No,Yes,No,Yes,One year,Yes,Electronic check,93.12,2697.28,No
CUST101209,Female,0,Yes,No,42,Yes,Yes,Fiber optic,No,No,No,No,Yes,No,One year,No,Electronic check,80.28,3337.51,No
CUST101210,Male,0,Yes,Yes,15,Yes,Yes,Fiber optic,No,No,No,Yes,No,No,Month-to-month,No,Electronic check,86.23,1243.85,Yes
CUST101211,Male,1,No,Yes,72,Yes,Yes,Fiber optic,No,No,No,No,No,Yes,One year,Yes,Credit card,77.44,5584.77,No
CUST101212,Male,0,Yes,No,47,No,No phone service,DSL,No,Yes,Yes,No,No,Yes,Month-to-month,No,Bank transfer,51.19,2485.45,Yes
CUST101213,Female,1,No,No,23,Yes,No,Fiber optic,Yes,No,Yes,Yes,No,Yes,Month-to-month,No,Credit card,87.14,2155.67,No
CUST101214,Male,0,No,No,9,Yes,Yes,Fiber optic,No,No,No,No,No,No,Month-to-month,No,Mailed check,74.99,594.55,Yes
CUST101215,Female,1,Yes,No,43,Yes,No,Fiber optic,No,No,No,No,No,No,One year,No,Bank transfer,69.99,3074.49,No
CUST101216,Female,0,Yes,Yes,33,Yes,No,DSL,Yes,No,Yes,No,No,Yes,One year,Yes,Credit card,57.97,1916.21,No
CUST101217,Male,0,Yes,No,49,Yes,No,Fiber optic,Yes,No,No,No,No,No,Month-to-month,Yes,Electronic check,73.25,3592.63,No
CUST101218,Male,0,Yes,Yes,43,Yes,Yes,No,No internet service,No internet service,No internet service,No internet service,No internet service,No internet service,One year,Yes,Bank transfer,31.21,1394.06,No
CUST101219,Male,1,No,No,47,Yes,Yes,No,No internet service,No internet service,No internet service,No internet service,No internet service,No internet service,One year,Yes,Credit card,35.93,1482.75,No
CUST101220,Female,0,Yes,Yes,61,Yes,Yes,No,No internet service,No internet service,No internet service,No internet service,No internet service,No internet service,Month-to-month,No,Credit card,35.46,2165.35,No
CUST101221,Male,0,No,No,38,Yes,No,Fiber optic,Yes,Yes,Yes,Yes,Yes,No,Month-to-month,Yes,Mailed check,102.55,3797.97,No
CUST101222,Male,0,Yes,Yes,53,Yes,No,DSL,Yes,No,No,No,No,No,Month-to-month,Yes,Credit card,44.0,2390.79,No
CUST101223,Male,1,No,No,26,Yes,No,Fiber optic,No,No,No,Yes,Yes,Yes,Month-to-month,No,Mailed check,93.52,2456.56,Yes
CUST101224,Male,0,No,No,68,No,No phone service,DSL,No,Yes,Yes,Yes,No,Yes,Two year,No,Electronic check,64.54,4524.24,No
CUST101225,Female,0,Yes,No,30,Yes,Yes,Fiber optic,Yes,Yes,No,No,No,Yes,Two year,Yes,Electronic check,91.83,2874.51,No
CUST101226,Male,0,No,No,49,Yes,No,DSL,No,No,Yes,No,Yes,No,Month-to-month,Yes,Mailed check,56.51,2720.78,No
CUST101227,Female,1,No,No,72,Yes,Yes,No,No internet service,No internet service,No internet service,No internet service,No internet service,No internet service,Month-to-month,Yes,Electronic check,36.3,2635.71,No
CUST101228,Male,0,Yes,No,26,Yes,No,DSL,No,No,No,No,No,No,Month-to-month,Yes,Electronic check,50.01,1429.29,No
CUST101229,Female,0,Yes,Yes,8,Yes,No,DSL,No,Yes,No,Yes,No,No,Month-to-month,Yes,Electronic check,47.78,420.66,No
CUST101230,Female,0,Yes,No,17,Yes,Yes,No,No internet service,No internet service,No internet service,No internet service,No internet service,No internet service,Month-to-month,Yes,Credit card,33.14,621.35,No
CUST101231,Male,1,Yes,No,18,Yes,No,DSL,No,Yes,No,No,Yes,Yes,Month-to-month,No,Credit card,66.73,1333.44,No
CUST101232,Male,1,No,No,5,No,No phone service,DSL,Yes,No,No,No,Yes,No,Month-to-month,No,Credit card,50.26,370.95,Yes
CUST101233,Male,0,Yes,No,40,Yes,No,Fiber optic,Yes,No,No,Yes,Yes,Yes,Month-to-month,No,Mailed check,94.09,3781.43,No
CUST101234,Male,0,Yes,No,20,Yes,No,No,No internet service,No internet service,No internet service,No internet service,No internet service,No internet service,Month-to-month,Yes,Credit card,21.47,517.8,No
CUST101235,Male,0,No,No,7,Yes,Yes,DSL,No,No,No,No,Yes,Yes,Month-to-month,Yes,Mailed check,65.0,530.09,Yes
CUST101236,Female,1,Yes,No,10,Yes,No,Fiber optic,Yes,Yes,No,Yes,No,Yes,Month-to-month,Yes,Mailed check,90.43,1042.81,Yes
CUST101237,Female,0,No,No,20,Yes,Yes,DSL,No,No,No,Yes,No,Yes,Month-to-month,No,Mailed check,61.43,1240.38,No
CUST101238,Female,0,Yes,No,27,Yes,Yes,Fiber optic,Yes,No,No,No,No,No,Month-to-month,No,Electronic check,86.43,2438.67,Yes
CUST101239,Female,0,No,No,71,Yes,Yes,DSL,Yes,No,No,No,No,No,Month-to-month,No,Bank transfer,56.5,3983.43,No
CUST101240,Female,0,No,No,51,Yes,Yes,Fiber optic,No,No,Yes,No,Yes,No,Two year,Yes,Mailed check,85.57,4406.22,No
CUST101241,Male,0,Yes,No,52,Yes,Yes,Fiber optic,No,No,Yes,Yes,Yes,No,Month-to-month,Yes,Credit card,101.83,5371.9,No
CUST101242,Male,0,No,No,50,Yes,No,No,No internet service,No internet service,No internet service,No internet service,No internet service,No internet service,One year,Yes,Electronic check,29.79,1550.15,No
CUST101243,Male,1,Yes,No,58,Yes,No,Fiber optic,No,No,Yes,No,Yes,Yes,Month-to-month,No,Electronic check,89.64,5229.73,No
CUST101244,Female,0,No,No,23,Yes,No,Fiber optic,No,No,No,No,No,No,Month-to-month,No,Mailed check,69.47,1601.37,Yes
CUST101245,Male,0,No,No,8,Yes,Yes,Fiber optic,No,Yes,Yes,No,No,Yes,Month-to-month,Yes,Electronic check,91.3,793.42,Yes
CUST101246,Male,0,Yes,No,37,Yes,No,DSL,No,No,No,Yes,No,No,One year,No,Credit card,47.64,1809.9,No
CUST101247,Male,0,No,No,1,No,No phone service,DSL,No,No,No,No,No,Yes,Two year,Yes,Mailed check,40.31,54.89,Yes
CUST101248,Female,1,No,No,16,Yes,No,Fiber optic,No,No,No,No,Yes,No,Month-to-month,Yes,Mailed check,75.66,1270.4,Yes
CUST101249,Female,0,No,Yes,55,Yes,No,DSL,No,No,Yes,No,Yes,No,Month-to-month,Yes,Bank transfer,51.94,2742.53,No
CUST101250,Male,0,No,No,37,Yes,No,DSL,No,No,No,No,Yes,No,One year,No,Mailed check,56.6,2133.67,No
CUST101251,Female,0,No,No,50,No,No phone service,Fiber optic,No,Yes,Yes,No,Yes,Yes,Month-to-month,No,Electronic check,83.3,4033.88,No
CUST101252,Female,0,Yes,No,37,Yes,No,DSL,No,No,Yes,No,Yes,No,Month-to-month,Yes,Mailed check,61.43,2207.44,Yes
CUST101253,Female,0,No,No,40,Yes,Yes,DSL,No,No,Yes,No,No,Yes,Two year,No,Electronic check,61.66,2497.89,No
CUST101254,Male,0,No,Yes,22,Yes,Yes,Fiber optic,No,Yes,No,No,No,Yes,Month-to-month,Yes,Bank transfer,90.54,1992.67,Yes
CUST101255,Male,0,Yes,Yes,16,Yes,No,Fiber optic,No,Yes,Yes,No,No,Yes,Month-to-month,No,Credit card,81.38,1171.49,No
CUST101256,Female,0,Yes,No,19,Yes,No,DSL,No,Yes,Yes,No,Yes,Yes,Month-to-month,Yes,Electronic check,67.44,1134.86,No
CUST101257,Female,0,Yes,No,58,Yes,No,Fiber optic,No,No,Yes,No,No,No,Month-to-month,Yes,Bank transfer,72.91,4205.49,No
CUST101258,Male,0,Yes,No,71,No,No phone service,DSL,No,No,No,No,No,Yes,Two year,No,Bank transfer,46.0,3124.3,No
CUST101259,Male,1,Yes,Yes,6,Yes,No,No,No internet service,No internet service,No internet service,No internet service,No internet service,No internet service,Month-to-month,Yes,Mailed check,22.97,31.19,No
CUST101260,Male,0,Yes,No,39,Yes,No,Fiber optic,No,No,Yes,Yes,No,No,Month-to-month,No,Mailed check,85.8,3301.49,No
CUST101261,Female,1,No,No,34,Yes,Yes,Fiber optic,No,No,Yes,No,Yes,No,Month-to-month,No,Mailed check,88.9,3094.5,No
CUST101262,Male,0,Yes,No,41,Yes,No,Fiber optic,Yes,Yes,No,No,Yes,No,Month-to-month,No,Mailed check,86.74,3464.34,No
CUST101263,Female,0,Yes,Yes,17,Yes,Yes,Fiber optic,Yes,No,No,No,Yes,No,Month-to-month,Yes,Mailed check,83.18,1242.59,No
CUST101264,Male,0,No,No,1,Yes,Yes,Fiber optic,No,No,No,No,Yes,Yes,Month-to-month,No,Electronic check,92.22,200.34,No
CUST101265,Female,0,Yes,No,15,Yes,No,Fiber optic,No,No,No,No,Yes,No,Month-to-month,Yes,Mailed check,81.38,1289.37,Yes
CUST101266,Female,0,Yes,No,14,Yes,No,No,No internet service,No internet service,No internet service,No internet service,No internet service,No internet service,Month-to-month,Yes,Bank transfer,24.26,368.8,No
CUST101267,Female,0,No,No,4,Yes,No,No,No internet service,No internet service,No internet service,No internet service,No internet service,No internet service,One year,Yes,Mailed check,25.58,99.64,No
CUST101268,Female,0,No,No,26,Yes,No,Fiber optic,Yes,No,Yes,No,Yes,No,Month-to-month,No,Credit card,85.94,2401.86,No
CUST101269,Male,0,No,No,50,Yes,Yes,No,No internet service,No internet service,No internet service,No internet service,No internet service,No internet service,Two year,Yes,Electronic check,33.71,1711.28,No
CUST101270,Female,0,Yes,No,70,No,No phone service,DSL,Yes,No,Yes,No,Yes,No,Month-to-month,Yes,Mailed check,51.17,3588.78,No
CUST101271,Female,1,Yes,No,48,Yes,No,Fiber optic,No,Yes,No,No,Yes,No,Month-to-month,No,Bank transfer,83.58,3997.68,No
CUST101272,Female,1,No,No,13,Yes,No,Fiber optic,Yes,No,Yes,No,Yes,No,Two year,No,Mailed check,91.68,1226.73,No
CUST101273,Male,0,No,No,27,No,No phone service,DSL,No,No,No,No,No,No,Two year,Yes,Credit card,37.71,959.74,No
CUST101274,Male,0,No,No,22,Yes,No,No,No internet service,No internet service,No internet service,No internet service,No internet service,No internet service,Month-to-month,Yes,Electronic check,24.38,625.51,Yes
CUST101275,Male,0,No,No,16,Yes,Yes,No,No internet service,No internet service,No internet service,No internet service,No internet service,No internet service,Month-to-month,No,Mailed check,30.52,592.62,No
CUST101276,Male,0,Yes,No,72,No,No phone service,No,No internet service,No internet service,No internet service,No internet service,No internet service,No internet service,Two year,No,Bank transfer,29.68,2238.91,No
CUST101277,Male,0,Yes,No,48,Yes,No,Fiber optic,No,No,Yes,No,No,Yes,Month-to-month,No,Bank transfer,80.23,3847.37,No
CUST101278,Male,0,No,No,35,Yes,No,Fiber optic,No,Yes,Yes,Yes,Yes,No,Month-to-month,Yes,Bank transfer,94.01,3320.5,Yes
CUST101279,Female,0,No,Yes,32,Yes,Yes,Fiber optic,No,No,No,No,Yes,No,Month-to-month,Yes,Credit card,77.34,2368.89,No
CUST101280,Male,1,Yes,No,23,Yes,Yes,DSL,Yes,No,Yes,No,No,Yes,Two year,No,Electronic check,66.97,1440.06,No
CUST101281,Male,0,No,No,31,Yes,No,No,No internet service,No internet service,No internet service,No internet service,No internet service,No internet service,One year,No,Bank transfer,32.3,1062.97,No
CUST101282,Male,0,Yes,No,46,Yes,No,DSL,Yes,No,No,No,No,No,Month-to-month,No,Bank transfer,47.47,2256.86,No
CUST101283,Female,1,No,No,67,Yes,Yes,No,No internet service,No internet service,No internet service,No internet service,No internet service,No internet service,Two year,Yes,Bank transfer,31.69,1983.79,No
CUST101284,Male,0,Yes,Yes,36,Yes,No,Fiber optic,No,Yes,Yes,Yes,No,No,Month-to-month,Yes,Electronic check,86.43,3008.76,Yes
CUST101285,Female,0,No,No,14,Yes,No,DSL,No,No,No,No,No,Yes,One year,Yes,Credit card,50.36,630.56,No
CUST101286,Female,1,Yes,No,69,Yes,Yes,DSL,Yes,No,No,No,Yes,No,Month-to-month,Yes,Bank transfer,67.17,4662.43,No
CUST101287,Male,1,No,No,23,Yes,No,Fiber optic,Yes,Yes,Yes,Yes,Yes,Yes,One year,No,Electronic check,101.35,2296.61,No
CUST101288,Female,0,No,Yes,6,Yes,Yes,DSL,No,Yes,Yes,No,Yes,No,Month-to-month,No,Electronic check,69.58,324.38,No
CUST101289,Female,0,Yes,Yes,40,Yes,No,No,No internet service,No internet service,No internet service,No internet service,No internet service,No internet service,Month-to-month,Yes,Bank transfer,30.59,1198.48,No
CUST101290,Male,0,No,No,57,Yes,Yes,DSL,No,No,No,No,No,Yes,Month-to-month,No,Credit card,58.15,3288.16,No
CUST101291,Female,0,No,No,19,Yes,No,Fiber optic,No,No,Yes,No,No,No,Two year,Yes,Mailed check,69.97,1402.09,Yes
CUST101292,Male,0,No,No,21,Yes,No,DSL,Yes,No,No,No,No,Yes,Month-to-month,Yes,Credit card,56.25,1159.97,No
CUST101293,Female,0,Yes,Yes,21,No,No phone service,DSL,No,No,Yes,No,No,Yes,Month-to-month,Yes,Mailed check,46.02,1083.34,No
CUST101294,Female,0,No,No,59,Yes,No,DSL,Yes,No,Yes,No,No,No,Month-to-month,No,Mailed check,54.01,3023.04,No
CUST101295,Male,0,No,Yes,69,Yes,Yes,No,No internet service,No internet service,No internet service,No internet service,No internet service,No internet service,One year,No,Bank transfer,35.02,2452.95,No
CUST101296,Male,0,No,No,62,No,No phone service,Fiber optic,No,No,No,No,No,No,One year,Yes,Electronic check,62.02,4013.21,No
CUST101297,Female,0,Yes,Yes,17,Yes,No,No,No internet service,No internet service,No internet service,No internet service,No internet service,No internet service,Month-to-month,Yes,Electronic check,31.61,526.53,No
CUST101298,Male,0,No,No,62,Yes,No,Fiber optic,No,No,No,No,No,No,Month-to-month,Yes,Bank transfer,66.86,4123.0,No
CUST101299,Male,0,Yes,Yes,23,Yes,No,DSL,Yes,No,Yes,No,Yes,No,One year,Yes,Electronic check,62.91,1393.91,No
CUST101300,Female,0,Yes,No,63,Yes,No,DSL,Yes,No,No,No,No,No,Month-to-month,Yes,Electronic check,56.47,3441.15,No
CUST101301,Male,0,Yes,No,72,Yes,Yes,Fiber optic,Yes,Yes,No,No,Yes,No,Month-to-month,No,Electronic check,95.3,6946.27,No
CUST101302,Female,0,Yes,No,52,Yes,No,DSL,No,No,No,Yes,No,Yes,Month-to-month,No,Electronic check,61.77,3148.88,No
CUST101303,Male,0,Yes,Yes,69,Yes,No,DSL,Yes,No,Yes,No,No,Yes,Month-to-month,Yes,Electronic check,62.77,4403.63,No
CUST101304,Male,0,Yes,No,11,Yes,No,Fiber optic,No,No,Yes,No,Yes,Yes,Two year,No,Mailed check,92.21,1045.64,No
CUST101305,Male,0,No,No,48,Yes,Yes,DSL,No,No,No,No,No,No,One year,Yes,Credit card,52.26,2561.1,No
CUST101306,Male,0,No,Yes,4,Yes,Yes,Fiber optic,No,No,No,No,Yes,No,Month-to-month,Yes,Bank transfer,78.36,237.87,No
CUST101307,Female,0,Yes,Yes,47,Yes,No,Fiber optic,No,Yes,No,No,Yes,Yes,Two year,No,Bank transfer,91.58,4331.67,No
CUST101308,Female,0,No,No,25,No,No phone service,Fiber optic,No,No,Yes,No,No,Yes,Month-to-month,Yes,Electronic check,75.47,1887.12,Yes
CUST101309,Female,1,No,No,70,Yes,No,Fiber optic,No,No,No,No,No,Yes,Two year,Yes,Electronic check,77.15,5415.76,No
CUST101310,Male,0,No,No,36,Yes,Yes,Fiber optic,No,Yes,Yes,No,No,No,Month-to-month,Yes,Credit card,83.21,2794.48,No
CUST101311,Male,0,No,Yes,55,Yes,No,Fiber optic,No,No,Yes,No,No,No,Two year,No,Bank transfer,81.22,4509.14,No
CUST101312,Female,0,No,No,22,Yes,Yes,DSL,No,Yes,No,Yes,Yes,No,Two year,Yes,Credit card,73.18,1788.6,No
CUST101313,Male,0,No,No,6,No,No phone service,DSL,Yes,Yes,No,No,No,Yes,Two year,Yes,Mailed check,52.46,212.68,No
CUST101314,Male,0,No,No,54,Yes,No,DSL,No,No,Yes,No,No,No,Month-to-month,No,Bank transfer,56.69,3136.97,No
CUST101315,Male,0,No,No,16,Yes,No,Fiber optic,No,No,No,No,Yes,No,Two year,Yes,Mailed check,82.47,1300.67,No
CUST101316,Female,0,Yes,No,53,Yes,No,Fiber optic,No,No,No,Yes,Yes,Yes,One year,No,Electronic check,88.19,4591.12,No
CUST101317,Male,0,No,No,34,Yes,Yes,Fiber optic,No,No,No,No,No,No,Month-to-month,Yes,Credit card,73.57,2445.16,No
CUST101318,Male,0,No,No,70,Yes,Yes,DSL,No,Yes,No,No,No,No,Month-to-month,Yes,Electronic check,59.88,4308.3,No
CUST101319,Female,0,No,Yes,26,Yes,No,DSL,No,Yes,No,No,No,No,One year,No,Mailed check,50.22,1328.86,No
CUST101320,Female,1,No,No,29,Yes,Yes,DSL,No,Yes,Yes,No,Yes,No,Two year,Yes,Electronic check,80.77,2332.27,No
CUST101321,Female,0,Yes,No,54,Yes,Yes,No,No internet service,No internet service,No internet service,No internet service,No internet service,No internet service,One year,Yes,Bank transfer,30.87,1541.11,No
CUST101322,Female,0,Yes,No,57,Yes,No,DSL,No,No,No,No,Yes,No,Month-to-month,Yes,Credit card,59.26,3421.83,No
CUST101323,Male,0,No,No,10,Yes,Yes,Fiber optic,No,No,Yes,No,No,No,One year,Yes,Mailed check,80.37,890.07,No
CUST101324,Male,0,No,No,54,Yes,No,DSL,No,No,Yes,No,Yes,No,Month-to-month,No,Credit card,57.06,3105.39,No
CUST101325,Male,0,No,Yes,36,Yes,No,Fiber optic,No,Yes,No,No,No,No,Month-to-month,Yes,Electronic check,71.63,2487.32,No
CUST101326,Female,0,No,No,72,Yes,Yes,Fiber optic,Yes,No,No,No,No,Yes,One year,No,Credit card,89.47,6483.97,No
CUST101327,Male,0,No,No,46,Yes,Yes,DSL,Yes,No,No,Yes,Yes,Yes,One year,Yes,Bank transfer,73.51,3530.27,No
CUST101328,Female,0,No,No,56,Yes,Yes,Fiber optic,No,No,No,No,Yes,No,One year,No,Credit card,83.07,4639.16,No
CUST101329,Male,1,Yes,No,25,Yes,No,Fiber optic,No,No,No,No,No,Yes,Month-to-month,No,Bank transfer,71.95,1881.61,No
CUST101330,Female,0,No,Yes,21,Yes,Yes,Fiber optic,No,No,Yes,No,No,No,Month-to-month,Yes,Mailed check,74.01,1536.44,Yes
CUST101331,Female,0,Yes,Yes,57,Yes,No,No,No internet service,No internet service,No internet service,No internet service,No internet service,No internet service,One year,No,Mailed check,27.09,1529.81,No
CUST101332,Male,0,No,Yes,2,No,No phone service,No,No internet service,No internet service,No internet service,No internet service,No internet service,No internet service,Month-to-month,No,Credit card,25.21,66.85,No
CUST101333,Female,0,Yes,No,42,Yes,Yes,Fiber optic,No,No,No,No,No,Yes,Two year,No,Credit card,84.98,3540.3,No
CUST101334,Male,0,No,No,70,Yes,No,No,No internet service,No internet service,No internet service,No internet service,No internet service,No internet service,Two year,Yes,Bank transfer,27.3,1874.45,No
CUST101335,Male,0,Yes,No,72,Yes,Yes,No,No internet service,No internet service,No internet service,No internet service,No internet service,No internet service,Two year,Yes,Bank transfer,45.43,3272.47,No
CUST101336,Male,0,Yes,No,52,Yes,No,Fiber optic,No,No,No,No,No,No,Two year,Yes,Mailed check,60.69,3233.16,No
CUST101337,Male,0,No,No,36,Yes,No,Fiber optic,No,Yes,No,No,Yes,No,Month-to-month,Yes,Electronic check,83.1,2998.26,Yes
CUST101338,Female,0,No,No,59,Yes,Yes,Fiber optic,Yes,Yes,No,Yes,Yes,No,Month-to-month,Yes,Electronic check,95.45,5628.69,No
CUST101339,Male,0,Yes,No,2,Yes,No,Fiber optic,No,Yes,Yes,No,Yes,No,Two year,No,Bank transfer,87.14,190.05,No
CUST101340,Female,0,No,No,58,Yes,No,Fiber optic,No,No,Yes,No,No,Yes,Month-to-month,Yes,Bank transfer,78.83,4699.02,No
CUST101341,Male,0,Yes,Yes,14,Yes,Yes,No,No internet service,No internet service,No internet service,No internet service,No internet service,No internet service,Two year,Yes,Bank transfer,32.28,373.21,No
CUST101342,Female,0,Yes,No,53,Yes,No,No,No internet service,No internet service,No internet service,No internet service,No internet service,No internet service,Month-to-month,No,Mailed check,29.06,1593.91,No
CUST101343,Female,0,Yes,No,26,Yes,Yes,DSL,Yes,Yes,Yes,No,Yes,No,Two year,Yes,Mailed check,74.22,1997.09,No
CUST101344,Male,0,No,No,55,Yes,No,Fiber optic,Yes,No,Yes,No,No,No,Month-to-month,No,Electronic check,77.04,4224.09,Yes
CUST101345,Female,1,No,No,44,Yes,Yes,Fiber optic,No,No,No,No,Yes,No,Two year,No,Electronic check,78.59,3556.31,No
CUST101346,Male,0,No,Yes,67,Yes,Yes,No,No internet service,No internet service,No internet service,No internet service,No internet service,No internet service,Month-to-month,No,Electronic check,38.02,2622.49,No
CUST101347,Male,0,No,No,57,Yes,Yes,Fiber optic,Yes,No,Yes,No,Yes,Yes,One year,Yes,Bank transfer,100.01,5767.52,No
CUST101348,Male,0,No,Yes,66,Yes,No,DSL,No,No,Yes,Yes,No,No,Two year,Yes,Bank transfer,51.03,3266.28,No
CUST101349,Male,0,No,No,11,Yes,Yes,DSL,Yes,Yes,Yes,No,No,No,Month-to-month,Yes,Credit card,61.16,629.94,No
CUST101350,Male,0,No,Yes,28,Yes,No,DSL,No,No,No,Yes,Yes,Yes,Month-to-month,No,Electronic check,66.06,1796.3,No
CUST101351,Female,0,Yes,No,32,Yes,Yes,DSL,Yes,Yes,No,Yes,No,No,Month-to-month,Yes,Credit card,66.71,2192.64,No
CUST101352,Female,0,Yes,No,3,Yes,No,DSL,No,Yes,No,Yes,No,No,One year,Yes,Bank transfer,56.63,242.05,No
CUST101353,Female,0,Yes,Yes,2,Yes,No,DSL,Yes,No,No,No,No,No,One year,Yes,Electronic check,61.1,102.01,No
CUST101354,Male,0,No,No,3,Yes,No,No,No internet service,No internet service,No internet service,No internet service,No internet service,No internet service,One year,Yes,Bank transfer,31.19,73.62,No
CUST101355,Female,0,No,Yes,56,Yes,No,Fiber optic,No,No,No,Yes,No,No,Month-to-month,No,Credit card,74.82,4367.64,No
CUST101356,Female,0,Yes,No,33,Yes,No,Fiber optic,Yes,Yes,Yes,No,Yes,No,Month-to-month,Yes,Mailed check,85.24,2829.02,No
CUST101357,Female,0,No,No,55,Yes,No,Fiber optic,Yes,No,Yes,No,No,No,Two year,Yes,Bank transfer,86.47,4792.58,No
CUST101358,Female,0,No,No,61,Yes,Yes,DSL,Yes,No,No,Yes,Yes,Yes,One year,Yes,Electronic check,77.26,4694.19,No
CUST101359,Female,0,Yes,No,3,Yes,No,Fiber optic,Yes,Yes,No,No,No,No,Month-to-month,No,Electronic check,89.75,375.9,No
CUST101360,Female,0,Yes,No,62,Yes,No,No,No internet service,No internet service,No internet service,No internet service,No internet service,No internet service,Month-to-month,No,Electronic check,24.72,1565.77,No
CUST101361,Female,0,Yes,No,17,Yes,No,Fiber optic,No,No,No,No,Yes,Yes,Month-to-month,Yes,Electronic check,78.81,1354.41,No
CUST101362,Female,0,Yes,No,30,No,No phone service,Fiber optic,No,No,No,No,No,No,One year,No,Bank transfer,67.72,2049.62,No
CUST101363,Female,0,No,No,70,No,No phone service,DSL,No,No,No,Yes,No,No,One year,Yes,Electronic check,43.97,3045.01,No
CUST101364,Female,0,No,No,22,Yes,Yes,Fiber optic,No,No,Yes,No,No,No,One year,No,Bank transfer,86.96,1837.72,No
CUST101365,Male,1,Yes,Yes,68,Yes,No,Fiber optic,Yes,Yes,No,Yes,No,No,One year,Yes,Credit card,80.09,5446.81,No
CUST101366,Female,0,Yes,Yes,37,Yes,Yes,Fiber optic,No,No,Yes,Yes,Yes,No,Two year,Yes,Credit card,89.04,3418.91,No
CUST101367,Female,0,Yes,No,1,Yes,No,Fiber optic,No,No,No,Yes,Yes,Yes,Month-to-month,Yes,Electronic check,84.88,61.94,No
CUST101368,Female,0,Yes,No,60,Yes,Yes,Fiber optic,Yes,No,No,Yes,Yes,Yes,Month-to-month,Yes,Electronic check,89.88,5477.3,No
CUST101369,Male,0,Yes,Yes,4,No,No phone service,DSL,Yes,Yes,No,No,No,Yes,Month-to-month,No,Mailed check,52.91,180.43,No
CUST101370,Male,0,No,No,46,Yes,No,DSL,Yes,No,No,No,No,No,Two year,No,Electronic check,43.51,1851.48,No
CUST101371,Male,0,No,No,34,Yes,No,Fiber optic,No,Yes,No,Yes,Yes,Yes,Month-to-month,Yes,Mailed check,94.3,3164.46,No
CUST101372,Female,0,No,No,11,Yes,No,DSL,No,No,No,No,Yes,No,Month-to-month,Yes,Mailed check,52.61,448.93,No
CUST101373,Female,0,Yes,No,38,Yes,No,Fiber optic,No,No,No,No,Yes,Yes,One year,No,Bank transfer,80.42,3115.92,No
CUST101374,Female,0,No,No,27,Yes,No,No,No internet service,No internet service,No internet service,No internet service,No internet service,No internet service,Month-to-month,Yes,Electronic check,30.04,664.47,No
CUST101375,Male,1,Yes,No,8,Yes,No,Fiber optic,No,Yes,Yes,No,Yes,No,Month-to-month,No,Electronic check,87.64,707.8,Yes
CUST101376,Male,0,Yes,Yes,40,Yes,Yes,DSL,No,Yes,No,Yes,Yes,Yes,One year,No,Credit card,82.32,3232.82,No
CUST101377,Male,0,No,Yes,4,Yes,Yes,Fiber optic,No,Yes,No,No,Yes,No,Two year,Yes,Credit card,96.39,335.82,No
CUST101378,Male,1,No,Yes,39,No,No phone service,Fiber optic,No,No,Yes,No,No,No,Month-to-month,No,Bank transfer,67.53,2703.13,No
CUST101379,Male,0,Yes,No,17,Yes,Yes,Fiber optic,Yes,No,No,No,Yes,No,Month-to-month,No,Mailed check,90.73,1533.05,Yes
CUST101380,Male,0,Yes,No,60,Yes,Yes,No,No internet service,No internet service,No internet service,No internet service,No internet service,No internet service,Two year,No,Bank transfer,37.33,2237.49,No
CUST101381,Male,0,No,No,69,Yes,No,Fiber optic,No,Yes,No,No,No,Yes,One year,Yes,Electronic check,89.71,6182.61,No
CUST101382,Female,1,No,Yes,68,Yes,Yes,DSL,No,No,No,No,No,No,One year,Yes,Credit card,47.36,3188.96,No
CUST101383,Female,0,No,No,68,Yes,No,Fiber optic,Yes,Yes,No,No,No,No,Month-to-month,Yes,Electronic check,77.72,5221.29,No
CUST101384,Male,0,Yes,No,8,Yes,No,No,No internet service,No internet service,No internet service,No internet service,No internet service,No internet service,Month-to-month,Yes,Bank transfer,22.48,46.56,No
CUST101385,Female,1,Yes,No,37,Yes,No,Fiber optic,No,No,No,No,Yes,Yes,Month-to-month,Yes,Electronic check,81.48,3045.46,Yes
CUST101386,Female,0,Yes,No,17,Yes,No,No,No internet service,No internet service,No internet service,No internet service,No internet service,No internet service,Month-to-month,Yes,Bank transfer,26.45,473.79,No
CUST101387,Male,1,Yes,No,7,Yes,No,Fiber optic,Yes,Yes,No,No,No,No,One year,Yes,Bank transfer,76.49,627.05,No
CUST101388,Female,1,No,No,29,Yes,Yes,No,No internet service,No internet service,No internet service,No internet service,No internet service,No internet service,One year,No,Bank transfer,36.67,1095.75,No
CUST101389,Male,1,No,No,31,No,No phone service,Fiber optic,Yes,No,Yes,No,No,Yes,Two year,No,Mailed check,81.01,2475.42,No
CUST101390,Male,0,Yes,Yes,22,Yes,Yes,No,No internet service,No internet service,No internet service,No internet service,No internet service,No internet service,Month-to-month,Yes,Bank transfer,34.97,756.64,No
CUST101391,Female,0,No,No,9,Yes,Yes,No,No internet service,No internet service,No internet service,No internet service,No internet service,No internet service,Month-to-month,Yes,Bank transfer,36.29,372.52,No
CUST101392,Male,0,No,No,30,Yes,No,No,No internet service,No internet service,No internet service,No internet service,No internet service,No internet service,One year,Yes,Bank transfer,35.1,1141.18,No
CUST101393,Male,0,No,No,12,Yes,No,No,No internet service,No internet service,No internet service,No internet service,No internet service,No internet service,Month-to-month,No,Mailed check,29.44,321.28,No
CUST101394,Male,0,Yes,No,3,Yes,No,Fiber optic,No,No,No,Yes,Yes,No,Month-to-month,Yes,Mailed check,76.67,318.71,Yes
CUST101395,Female,1,Yes,Yes,33,Yes,Yes,Fiber optic,No,No,Yes,Yes,No,No,Month-to-month,Yes,Bank transfer,83.83,2760.53,No
CUST101396,Male,0,Yes,No,5,Yes,No,Fiber optic,No,Yes,Yes,No,Yes,No,Month-to-month,Yes,Electronic check,83.52,364.77,No
CUST101397,Male,0,Yes,No,70,Yes,Yes,Fiber optic,Yes,No,No,No,Yes,No,Month-to-month,No,Bank transfer,94.66,6575.24,No
CUST101398,Male,0,Yes,No,61,Yes,No,Fiber optic,Yes,No,No,No,No,No,Month-to-month,No,Electronic check,72.98,4429.1,No
CUST101399,Female,0,Yes,No,67,Yes,Yes,Fiber optic,No,Yes,No,No,No,No,Two year,Yes,Bank transfer,77.88,5217.12,No
CUST101400,Female,0,Yes,No,8,Yes,No,Fiber optic,Yes,Yes,Yes,No,Yes,Yes,Month-to-month,Yes,Mailed check,94.43,847.54,No
CUST101401,Male,0,Yes,No,34,Yes,No,Fiber optic,No,No,Yes,No,No,No,One year,No,Credit card,72.7,2622.97,No
CUST101402,Female,0,No,No,60,Yes,Yes,No,No internet service,No internet service,No internet service,No internet service,No internet service,No internet service,One year,No,Electronic check,32.54,1935.46,No
CUST101403,Female,0,No,No,42,Yes,No,Fiber optic,No,No,No,No,No,No,Month-to-month,Yes,Mailed check,66.94,2701.06,Yes
CUST101404,Female,0,Yes,No,23,Yes,Yes,Fiber optic,No,No,No,No,No,Yes,Month-to-month,Yes,Electronic check,87.5,1965.32,No
CUST101405,Female,0,No,Yes,60,Yes,No,No,No internet service,No internet service,No internet service,No internet service,No internet service,No internet service,Month-to-month,Yes,Credit card,26.83,1585.88,No
CUST101406,Female,0,Yes,No,23,Yes,Yes,Fiber optic,Yes,No,Yes,No,No,Yes,Month-to-month,Yes,Electronic check,93.68,2177.1,Yes
CUST101407,Female,0,Yes,No,71,Yes,Yes,Fiber optic,Yes,No,Yes,No,Yes,No,Month-to-month,No,Mailed check,96.99,6742.8,No
CUST101408,Male,1,No,No,8,Yes,Yes,Fiber optic,No,No,No,Yes,No,No,Two year,Yes,Electronic check,85.29,767.01,No
CUST101409,Female,0,Yes,No,51,No,No phone service,Fiber optic,No,No,Yes,Yes,No,No,Month-to-month,Yes,Credit card,69.55,3475.28,No
CUST101410,Female,0,Yes,No,1,Yes,No,Fiber optic,No,No,Yes,No,No,Yes,Month-to-month,Yes,Electronic check,86.82,111.53,Yes
CUST101411,Female,0,Yes,No,66,Yes,No,DSL,No,No,No,Yes,No,No,Two year,Yes,Bank transfer,50.91,3350.4,No
CUST101412,Male,0,Yes,Yes,26,No,No phone service,DSL,No,Yes,Yes,No,Yes,No,One year,Yes,Electronic check,52.64,1315.35,No
CUST101413,Female,1,No,No,2,Yes,No,No,No internet service,No internet service,No internet service,No internet service,No internet service,No internet service,One year,Yes,Mailed check,31.64,170.73,No
CUST101414,Male,0,Yes,Yes,61,Yes,No,No,No internet service,No internet service,No internet service,No internet service,No internet service,No internet service,Month-to-month,Yes,Electronic check,29.57,1767.95,No
CUST101415,Male,0,Yes,No,70,Yes,Yes,Fiber optic,No,Yes,Yes,No,Yes,No,Two year,Yes,Mailed check,95.17,6585.67,No
CUST101416,Male,0,Yes,No,67,Yes,Yes,No,No internet service,No internet service,No internet service,No internet service,No internet service,No internet service,One year,No,Electronic check,33.55,2290.62,No
CUST101417,Male,0,No,Yes,35,Yes,No,Fiber optic,Yes,Yes,No,No,No,No,One year,No,Credit card,79.99,2870.2,No
CUST101418,Female,0,Yes,No,5,Yes,No,DSL,No,Yes,Yes,Yes,Yes,No,One year,No,Mailed check,65.08,309.73,No
CUST101419,Male,0,No,No,17,No,No phone service,Fiber optic,No,Yes,No,No,No,No,Month-to-month,Yes,Bank transfer,66.15,1139.39,No
CUST101420,Female,0,No,No,3,No,No phone service,DSL,No,Yes,Yes,No,Yes,Yes,Two year,Yes,Electronic check,60.32,258.06,No
CUST101421,Male,0,Yes,No,4,Yes,No,DSL,No,No,No,No,Yes,Yes,Two year,No,Electronic check,60.98,227.26,No
CUST101422,Male,1,No,No,12,No,No phone service,No,No internet service,No internet service,No internet service,No internet service,No internet service,No internet service,One year,No,Credit card,26.15,294.25,Yes
CUST101423,Male,0,Yes,No,41,Yes,No,Fiber optic,No,No,Yes,No,Yes,No,Month-to-month,Yes,Bank transfer,81.3,3396.41,No
CUST101424,Male,1,Yes,No,56,No,No phone service,DSL,Yes,No,No,No,No,Yes,One year,No,Bank transfer,53.14,2964.11,No
CUST101425,Female,0,Yes,No,43,Yes,No,Fiber optic,Yes,No,No,Yes,Yes,No,Month-to-month,No,Bank transfer,87.53,3702.11,Yes
CUST101426,Male,0,Yes,No,15,Yes,No,Fiber optic,Yes,No,Yes,Yes,No,No,One year,Yes,Electronic check,89.59,1343.73,No
CUST101427,Male,0,No,No,44,Yes,Yes,Fiber optic,No,Yes,Yes,Yes,Yes,Yes,Month-to-month,No,Credit card,112.81,4886.83,No
CUST101428,Male,0,No,No,17,Yes,Yes,Fiber optic,No,No,No,No,No,Yes,One year,No,Mailed check,81.95,1387.93,No
CUST101429,Female,0,Yes,No,34,Yes,No,Fiber optic,No,No,Yes,Yes,Yes,No,Two year,No,Credit card,80.17,2803.37,No
CUST101430,Male,1,Yes,No,65,Yes,No,Fiber optic,Yes,No,No,No,No,Yes,Month-to-month,No,Bank transfer,77.02,4908.97,Yes
CUST101431,Female,0,No,No,10,Yes,No,Fiber optic,Yes,No,Yes,Yes,Yes,No,One year,Yes,Electronic check,95.94,956.0,No
CUST101432,Female,0,Yes,No,63,No,No phone service,No,No internet service,No internet service,No internet service,No internet service,No internet service,No internet service,Two year,Yes,Mailed check,21.27,1387.87,No
CUST101433,Female,0,Yes,No,20,Yes,No,Fiber optic,No,Yes,No,Yes,Yes,No,Month-to-month,Yes,Credit card,83.09,1657.2,No
CUST101434,Male,0,No,No,49,Yes,Yes,No,No internet service,No internet service,No internet service,No internet service,No internet service,No internet service,Month-to-month,Yes,Electronic check,41.41,2140.69,No
CUST101435,Female,0,No,No,19,No,No phone service,No,No internet service,No internet service,No internet service,No internet service,No internet service,No internet service,Month-to-month,Yes,Mailed check,18.73,360.59,No
CUST101436,Female,0,No,No,12,Yes,No,DSL,No,No,No,No,Yes,Yes,Two year,Yes,Bank transfer,58.56,734.12,No
CUST101437,Female,0,Yes,No,33,Yes,No,DSL,Yes,No,Yes,No,No,No,Month-to-month,No,Electronic check,54.83,1920.36,No
CUST101438,Male,0,Yes,No,28,Yes,No,Fiber optic,Yes,No,Yes,No,No,No,Month-to-month,Yes,Electronic check,85.06,2423.2,No
CUST101439,Female,0,Yes,No,37,Yes,Yes,No,No internet service,No internet service,No internet service,No internet service,No internet service,No internet service,Month-to-month,Yes,Bank transfer,31.94,1180.64,No
CUST101440,Male,0,No,No,18,Yes,No,DSL,No,No,Yes,No,Yes,Yes,Month-to-month,No,Credit card,70.12,1227.89,Yes
CUST101441,Male,0,Yes,No,71,Yes,Yes,DSL,Yes,No,No,No,Yes,Yes,Month-to-month,Yes,Mailed check,74.25,5259.76,No
CUST101442,Male,0,Yes,No,49,Yes,No,Fiber optic,No,No,No,No,No,Yes,One year,Yes,Credit card,82.46,4068.22,No
CUST101443,Male,0,Yes,No,61,Yes,No,No,No internet service,No internet service,No internet service,No internet service,No internet service,No internet service,Month-to-month,Yes,Electronic check,31.06,1833.13,No
CUST101444,Female,0,No,Yes,57,Yes,No,DSL,No,No,Yes,Yes,Yes,Yes,One year,Yes,Electronic check,71.41,4175.91,No
CUST101445,Female,0,No,Yes,53,Yes,No,Fiber optic,No,No,No,No,No,Yes,One year,Yes,Electronic check,79.79,4413.26,No
CUST101446,Female,1,No,No,11,Yes,No,DSL,No,Yes,No,No,No,Yes,Two year,Yes,Mailed check,58.37,643.09,No
CUST101447,Male,0,Yes,No,43,Yes,Yes,No,No internet service,No internet service,No internet service,No internet service,No internet service,No internet service,Month-to-month,Yes,Bank transfer,32.18,1247.07,No
CUST101448,Male,0,No,Yes,65,Yes,No,Fiber optic,No,No,No,Yes,No,Yes,One year,Yes,Electronic check,84.65,5564.62,No
CUST101449,Male,1,Yes,No,7,Yes,No,Fiber optic,No,No,Yes,No,No,No,One year,Yes,Mailed check,74.71,531.79,No
CUST101450,Female,0,Yes,No,34,Yes,Yes,No,No internet service,No internet service,No internet service,No internet service,No internet service,No internet service,Month-to-month,No,Bank transfer,40.05,1415.37,No
CUST101451,Female,0,Yes,No,14,Yes,Yes,Fiber optic,Yes,No,Yes,No,Yes,No,Month-to-month,Yes,Bank transfer,98.91,1382.4,No
CUST101452,Female,1,Yes,No,58,Yes,No,No,No internet service,No internet service,No internet service,No internet service,No internet service,No internet service,Month-to-month,No,Bank transfer,30.34,1836.0,No
CUST101453,Female,1,Yes,No,68,Yes,No,DSL,No,No,Yes,No,No,No,One year,No,Bank transfer,54.97,3680.83,No
CUST101454,Female,0,No,No,4,Yes,No,DSL,No,Yes,Yes,No,No,No,Month-to-month,Yes,Credit card,57.97,265.65,No
CUST101455,Male,0,Yes,No,58,Yes,No,Fiber optic,Yes,Yes,Yes,Yes,Yes,No,Two year,No,Bank transfer,99.01,5768.48,No
CUST101456,Female,0,Yes,No,26,Yes,No,DSL,No,No,No,Yes,No,No,Two year,Yes,Credit card,48.47,1292.83,No
CUST101457,Male,1,No,Yes,70,Yes,No,No,No internet service,No internet service,No internet service,No internet service,No internet service,No internet service,One year,Yes,Credit card,29.01,2093.81,No
CUST101458,Female,1,No,No,2,Yes,No,Fiber optic,No,Yes,No,No,No,No,Two year,Yes,Credit card,76.78,227.62,No
CUST101459,Female,0,Yes,No,14,Yes,Yes,DSL,Yes,Yes,Yes,No,No,No,One year,No,Electronic check,69.47,882.26,No
CUST101460,Male,0,No,Yes,52,No,No phone service,Fiber optic,Yes,No,No,No,No,Yes,Month-to-month,No,Mailed check,75.09,3968.84,No
CUST101461,Male,0,Yes,No,57,No,No phone service,Fiber optic,Yes,No,No,Yes,Yes,No,Month-to-month,No,Mailed check,79.84,4565.99,No
CUST101462,Female,0,Yes,Yes,6,Yes,No,Fiber optic,No,No,No,No,No,No,Two year,Yes,Electronic check,78.33,454.81,No
CUST101463,Female,0,No,No,12,Yes,Yes,DSL,No,No,No,No,Yes,No,Month-to-month,Yes,Mailed check,60.54,749.47,Yes
CUST101464,Female,0,No,No,25,Yes,No,No,No internet service,No internet service,No internet service,No internet service,No internet service,No internet service,Two year,Yes,Electronic check,30.97,793.69,No
CUST101465,Male,0,Yes,No,3,Yes,No,Fiber optic,No,Yes,No,No,No,Yes,Month-to-month,No,Bank transfer,82.13,254.45,No
CUST101466,Female,0,Yes,No,57,Yes,Yes,No,No internet service,No internet service,No internet service,No internet service,No internet service,No internet service,Month-to-month,Yes,Credit card,36.37,1932.42,No
CUST101467,Male,0,Yes,No,49,Yes,No,Fiber optic,No,No,No,No,No,Yes,One year,No,Mailed check,73.63,3619.22,No
CUST101468,Female,0,Yes,No,54,Yes,No,Fiber optic,No,No,Yes,No,Yes,No,Two year,No,Credit card,79.72,4289.11,No
CUST101469,Male,0,No,Yes,34,Yes,Yes,DSL,No,Yes,Yes,No,Yes,Yes,Two year,No,Bank transfer,75.11,2581.53,No
CUST101470,Female,0,No,No,47,No,No phone service,Fiber optic,No,Yes,No,No,No,Yes,Month-to-month,Yes,Credit card,68.48,3214.41,No
CUST101471,Male,1,No,No,42,Yes,Yes,DSL,No,No,No,Yes,No,No,Month-to-month,Yes,Electronic check,58.57,2630.2,No
CUST101472,Male,0,Yes,Yes,50,Yes,No,No,No internet service,No internet service,No internet service,No internet service,No internet service,No internet service,One year,Yes,Credit card,24.51,1209.71,No
CUST101473,Female,0,No,Yes,33,Yes,Yes,DSL,No,Yes,Yes,No,No,Yes,Two year,Yes,Electronic check,65.78,2048.76,No
CUST101474,Female,0,Yes,No,47,No,No phone service,Fiber optic,No,No,No,No,Yes,Yes,Month-to-month,Yes,Credit card,84.7,3973.13,No
CUST101475,Male,0,Yes,Yes,47,Yes,Yes,Fiber optic,No,No,Yes,No,No,Yes,One year,Yes,Electronic check,93.71,4368.82,No
CUST101476,Female,0,Yes,No,47,Yes,No,Fiber optic,No,No,No,No,No,Yes,Month-to-month,Yes,Electronic check,85.32,4026.71,No
CUST101477,Female,0,Yes,Yes,63,Yes,Yes,Fiber optic,No,Yes,No,No,No,Yes,One year,Yes,Electronic check,88.87,5562.87,No
CUST101478,Female,0,No,No,26,Yes,Yes,Fiber optic,No,No,No,Yes,No,Yes,Month-to-month,Yes,Bank transfer,87.95,2337.45,No
CUST101479,Female,0,No,No,64,Yes,No,Fiber optic,No,Yes,Yes,Yes,No,No,Two year,No,Credit card,86.77,5552.22,No
CUST101480,Female,0,No,No,3,Yes,Yes,No,No internet service,No internet service,No internet service,No internet service,No internet service,No internet service,Month-to-month,No,Bank transfer,36.73,138.54,Yes
CUST101481,Female,0,No,No,36,Yes,Yes,Fiber optic,No,No,Yes,No,Yes,No,One year,No,Bank transfer,87.85,3280.45,No
CUST101482,Female,0,No,Yes,32,Yes,Yes,Fiber optic,No,Yes,No,No,No,No,One year,No,Electronic check,79.19,2539.49,Yes
CUST101483,Female,0,No,No,63,Yes,No,No,No internet service,No internet service,No internet service,No internet service,No internet service,No internet service,Month-to-month,No,Credit card,30.62,1822.4,No
CUST101484,Female,0,No,No,4,Yes,Yes,DSL,No,No,No,Yes,No,Yes,Month-to-month,Yes,Mailed check,58.91,197.26,No
CUST101485,Female,0,No,No,16,No,No phone service,DSL,Yes,No,No,Yes,Yes,No,One year,No,Credit card,57.57,810.93,No
CUST101486,Male,0,No,No,34,No,No phone service,DSL,No,Yes,No,No,No,No,One year,Yes,Bank transfer,42.04,1382.2,No
CUST101487,Female,0,Yes,Yes,59,Yes,Yes,Fiber optic,No,Yes,No,No,No,No,One year,No,Mailed check,85.36,4755.09,No
CUST101488,Female,0,No,No,34,Yes,Yes,Fiber optic,Yes,No,No,Yes,Yes,Yes,One year,No,Mailed check,105.54,3655.47,No
CUST101489,Female,1,Yes,No,47,Yes,Yes,DSL,No,Yes,Yes,Yes,Yes,No,Month-to-month,Yes,Bank transfer,77.54,3525.63,Yes
CUST101490,Male,1,Yes,Yes,13,No,No phone service,DSL,Yes,Yes,No,No,No,No,Two year,No,Credit card,43.57,624.11,No
CUST101491,Female,1,No,No,68,Yes,Yes,DSL,No,No,Yes,No,Yes,No,Month-to-month,No,Bank transfer,59.22,3975.65,No
CUST101492,Female,0,Yes,Yes,57,Yes,No,Fiber optic,No,Yes,Yes,Yes,Yes,Yes,One year,Yes,Credit card,92.91,5274.21,No
CUST101493,Female,0,Yes,No,4,Yes,No,DSL,No,No,Yes,No,No,No,Two year,Yes,Credit card,49.21,326.97,No
CUST101494,Female,0,Yes,No,51,Yes,Yes,Fiber optic,Yes,Yes,No,No,No,No,Two year,Yes,Electronic check,81.27,4119.75,No
CUST101495,Female,0,Yes,No,10,Yes,Yes,No,No internet service,No internet service,No internet service,No internet service,No internet service,No internet service,Month-to-month,No,Mailed check,34.94,271.6,No
CUST101496,Female,0,No,Yes,41,Yes,No,Fiber optic,No,No,No,Yes,No,No,Month-to-month,No,Bank transfer,71.53,2892.66,No
CUST101497,Male,0,No,Yes,52,Yes,No,No,No internet service,No internet service,No internet service,No internet service,No internet service,No internet service,One year,No,Electronic check,25.81,1242.58,No
CUST101498,Male,0,Yes,No,67,Yes,Yes,No,No internet service,No internet service,No internet service,No internet service,No internet service,No internet service,Month-to-month,No,Credit card,35.04,2415.66,No
CUST101499,Female,0,No,Yes,6,Yes,No,Fiber optic,No,Yes,No,No,Yes,No,One year,No,Electronic check,83.63,545.82,No
CUST101500,Male,0,No,No,21,Yes,No,Fiber optic,Yes,No,Yes,No,No,Yes,Month-to-month,No,Bank transfer,83.86,1737.02,No
CUST101501,Male,0,No,No,50,Yes,Yes,No,No internet service,No internet service,No internet service,No internet service,No internet service,No internet service,Month-to-month,Yes,Mailed check,33.34,1728.43,No
CUST101502,Female,0,Yes,No,19,Yes,No,Fiber optic,No,No,Yes,Yes,No,No,Month-to-month,Yes,Credit card,81.46,1595.57,No
CUST101503,Female,1,Yes,No,52,Yes,No,Fiber optic,No,Yes,No,No,Yes,Yes,One year,No,Mailed check,88.55,4582.5,No
CUST101504,Female,0,Yes,Yes,14,Yes,No,DSL,Yes,No,No,Yes,No,No,One year,No,Bank transfer,55.43,795.51,No
CUST101505,Male,0,Yes,Yes,12,Yes,No,Fiber optic,No,No,Yes,No,No,Yes,Month-to-month,Yes,Electronic check,84.76,998.06,Yes
CUST101506,Female,0,No,No,40,No,No phone service,No,No internet service,No internet service,No internet service,No internet service,No internet service,No internet service,Month-to-month,Yes,Credit card,18.0,667.17,No
CUST101507,Male,0,Yes,No,50,Yes,No,Fiber optic,No,No,Yes,No,No,No,Month-to-month,No,Mailed check,78.35,3713.16,No
CUST101508,Female,0,No,No,15,Yes,Yes,Fiber optic,No,Yes,No,No,No,No,One year,Yes,Bank transfer,91.16,1344.31,No
CUST101509,Male,0,No,No,63,Yes,No,Fiber optic,No,Yes,No,No,No,No,One year,No,Credit card,76.15,4796.16,No
CUST101510,Male,0,Yes,No,63,Yes,Yes,No,No internet service,No internet service,No internet service,No internet service,No internet service,No internet service,Two year,Yes,Mailed check,33.23,1981.16,No
CUST101511,Female,0,Yes,No,6,Yes,No,Fiber optic,Yes,Yes,Yes,No,No,Yes,Two year,Yes,Electronic check,86.23,583.78,No
CUST101512,Female,0,No,No,22,Yes,No,Fiber optic,Yes,Yes,No,No,Yes,Yes,Month-to-month,Yes,Electronic check,92.03,2005.62,Yes
CUST101513,Male,1,No,No,41,Yes,No,Fiber optic,Yes,No,No,No,No,Yes,Two year,Yes,Mailed check,83.47,3454.73,No
CUST101514,Female,0,Yes,No,36,Yes,No,Fiber optic,Yes,No,No,No,No,No,Month-to-month,Yes,Electronic check,74.54,2704.09,No
CUST101515,Female,0,No,No,19,Yes,No,No,No internet service,No internet service,No internet service,No internet service,No internet service,No internet service,Month-to-month,No,Electronic check,27.79,517.82,No
CUST101516,Male,0,No,No,39,Yes,No,DSL,Yes,No,Yes,Yes,Yes,No,Month-to-month,Yes,Electronic check,67.57,2587.77,No
CUST101517,Female,0,No,No,70,Yes,Yes,No,No internet service,No internet service,No internet service,No internet service,No internet service,No internet service,One year,No,Mailed check,33.02,2252.72,No
CUST101518,Female,0,Yes,Yes,23,Yes,Yes,DSL,No,Yes,Yes,No,No,Yes,One year,Yes,Mailed check,69.77,1467.27,No
CUST101519,Female,0,No,No,16,Yes,Yes,No,No internet service,No internet service,No internet service,No internet service,No internet service,No internet service,Month-to-month,Yes,Mailed check,31.77,623.6,No
CUST101520,Female,0,No,No,54,Yes,Yes,Fiber optic,No,No,No,Yes,No,No,Two year,No,Bank transfer,82.4,4473.82,No
CUST101521,Male,0,Yes,No,42,No,No phone service,Fiber optic,No,No,No,Yes,No,No,Two year,No,Bank transfer,67.63,2760.92,No
CUST101522,Male,0,No,Yes,50,Yes,No,Fiber optic,Yes,No,Yes,No,No,Yes,Two year,No,Mailed check,92.59,4672.73,No
CUST101523,Female,0,No,No,47,Yes,No,Fiber optic,No,No,Yes,No,No,No,Month-to-month,Yes,Credit card,71.93,3285.92,No
CUST101524,Female,1,Yes,No,55,Yes,Yes,Fiber optic,No,Yes,Yes,No,No,No,Two year,No,Mailed check,89.94,4992.84,No
CUST101525,Male,0,No,No,53,Yes,Yes,DSL,Yes,Yes,No,No,No,No,One year,No,Credit card,66.39,3551.19,No
CUST101526,Female,1,No,No,44,Yes,Yes,DSL,Yes,Yes,No,No,No,Yes,One year,No,Mailed check,69.0,2981.99,No
CUST101527,Female,0,No,No,33,No,No phone service,DSL,Yes,No,No,No,No,Yes,Month-to-month,Yes,Mailed check,47.33,1433.14,No
CUST101528,Female,0,No,No,34,Yes,No,Fiber optic,Yes,No,No,No,No,No,Two year,No,Bank transfer,80.35,2689.76,No
CUST101529,Female,0,Yes,No,20,Yes,No,Fiber optic,Yes,No,No,No,No,No,One year,Yes,Electronic check,69.8,1401.98,No
CUST101530,Male,1,Yes,No,33,Yes,Yes,DSL,Yes,No,Yes,No,Yes,No,One year,No,Credit card,66.75,2075.21,No
CUST101531,Female,0,Yes,No,44,Yes,No,Fiber optic,No,No,No,No,Yes,Yes,Two year,Yes,Bank transfer,79.71,3449.42,No
CUST101532,Female,0,No,No,52,Yes,No,DSL,Yes,Yes,Yes,No,Yes,No,Month-to-month,Yes,Electronic check,65.3,3497.76,No
CUST101533,Male,0,Yes,Yes,56,Yes,Yes,Fiber optic,No,Yes,Yes,No,Yes,Yes,One year,Yes,Mailed check,100.06,5595.31,No
CUST101534,Female,0,No,No,28,Yes,No,Fiber optic,Yes,No,Yes,No,Yes,No,Month-to-month,Yes,Bank transfer,92.93,2811.37,No
CUST101535,Male,0,Yes,No,53,Yes,No,Fiber optic,No,No,No,Yes,No,Yes,Month-to-month,Yes,Electronic check,80.32,4289.69,Yes
CUST101536,Female,0,Yes,No,32,Yes,Yes,DSL,No,No,Yes,No,Yes,No,Month-to-month,Yes,Electronic check,73.41,2331.5,No
CUST101537,Female,0,No,No,26,Yes,Yes,No,No internet service,No internet service,No internet service,No internet service,No internet service,No internet service,Month-to-month,Yes,Credit card,38.6,929.45,Yes
CUST101538,Female,1,No,No,12,Yes,No,Fiber optic,Yes,No,No,No,No,No,Month-to-month,No,Mailed check,72.98,782.02,Yes
CUST101539,Male,0,Yes,No,20,Yes,No,Fiber optic,Yes,Yes,No,No,No,No,Month-to-month,Yes,Electronic check,78.03,1570.51,No
CUST101540,Male,0,Yes,No,49,Yes,No,DSL,No,No,Yes,No,No,Yes,Month-to-month,Yes,Electronic check,58.78,2839.53,No
CUST101541,Female,0,Yes,No,16,Yes,Yes,Fiber optic,Yes,Yes,No,No,Yes,No,One year,Yes,Bank transfer,94.31,1481.08,No
CUST101542,Female,0,Yes,No,6,Yes,No,No,No internet service,No internet service,No internet service,No internet service,No internet service,No internet service,Month-to-month,Yes,Mailed check,23.34,152.87,No
CUST101543,Female,0,Yes,No,20,No,No phone service,Fiber optic,No,No,No,No,No,No,Month-to-month,Yes,Bank transfer,59.08,1124.95,Yes
CUST101544,Male,1,No,No,72,Yes,No,DSL,No,No,Yes,No,No,No,Month-to-month,Yes,Credit card,44.81,3293.24,No
CUST101545,Female,0,Yes,No,11,Yes,Yes,Fiber optic,No,Yes,No,Yes,Yes,No,Month-to-month,No,Electronic check,101.03,1131.62,Yes
CUST101546,Male,0,Yes,Yes,11,Yes,No,Fiber optic,No,Yes,No,No,No,Yes,Month-to-month,Yes,Electronic check,82.56,859.09,No
CUST101547,Male,0,Yes,No,30,Yes,No,DSL,Yes,Yes,No,No,Yes,No,Two year,Yes,Electronic check,61.75,1869.34,No
CUST101548,Male,0,Yes,No,28,Yes,No,Fiber optic,No,No,Yes,No,No,Yes,One year,Yes,Mailed check,79.32,2036.21,No
CUST101549,Female,0,No,No,67,Yes,Yes,Fiber optic,Yes,No,No,Yes,No,No,Month-to-month,No,Electronic check,84.77,5709.16,No
CUST101550,Female,0,Yes,Yes,18,Yes,Yes,No,No internet service,No internet service,No internet service,No internet service,No internet service,No internet service,Month-to-month,Yes,Mailed check,29.14,552.75,Yes
CUST101551,Female,1,Yes,No,31,Yes,Yes,Fiber optic,No,Yes,Yes,No,Yes,Yes,Month-to-month,No,Credit card,101.65,2985.39,Yes
CUST101552,Male,0,No,No,21,No,No phone service,Fiber optic,No,No,Yes,No,No,Yes,One year,Yes,Electronic check,77.1,1469.41,No
CUST101553,Male,0,No,No,18,Yes,No,No,No internet service,No internet service,No internet service,No internet service,No internet service,No internet service,Two year,No,Credit card,34.27,590.82,No
CUST101554,Male,0,No,No,24,Yes,No,Fiber optic,No,Yes,No,No,No,No,Month-to-month,Yes,Credit card,78.17,1824.27,No
CUST101555,Female,0,No,No,19,Yes,No,DSL,Yes,No,Yes,Yes,No,No,Month-to-month,Yes,Mailed check,63.99,1210.41,Yes
CUST101556,Female,1,No,Yes,52,Yes,No,Fiber optic,No,Yes,No,No,No,No,One year,No,Credit card,79.66,4145.82,No
CUST101557,Male,0,No,No,57,Yes,No,Fiber optic,No,Yes,No,Yes,Yes,No,Month-to-month,No,Bank transfer,86.38,5045.35,No
CUST101558,Male,1,No,No,13,Yes,Yes,Fiber optic,No,No,Yes,Yes,No,No,Month-to-month,Yes,Mailed check,81.64,1031.85,Yes
CUST101559,Male,0,Yes,Yes,36,Yes,Yes,No,No internet service,No internet service,No internet service,No internet service,No internet service,No internet service,One year,Yes,Mailed check,38.11,1419.85,No
CUST101560,Male,0,No,Yes,19,Yes,No,Fiber optic,No,No,Yes,No,Yes,No,One year,Yes,Electronic check,79.14,1465.22,Yes
CUST101561,Female,1,No,Yes,63,Yes,No,No,No internet service,No internet service,No internet service,No internet service,No internet service,No internet service,Month-to-month,Yes,Mailed check,27.64,1771.66,No
CUST101562,Female,0,No,Yes,8,Yes,Yes,DSL,No,No,No,No,Yes,No,Two year,Yes,Credit card,55.95,413.65,No
CUST101563,Female,0,Yes,No,30,Yes,No,DSL,Yes,No,Yes,No,No,Yes,Month-to-month,No,Bank transfer,67.61,1922.16,No
CUST101564,Male,0,No,No,24,Yes,Yes,DSL,No,No,No,Yes,No,Yes,Month-to-month,Yes,Mailed check,68.4,1591.65,No
CUST101565,Male,0,Yes,No,27,Yes,No,Fiber optic,Yes,Yes,No,Yes,No,No,One year,Yes,Bank transfer,79.39,2173.11,No
CUST101566,Female,0,No,No,68,Yes,No,DSL,No,No,Yes,No,No,No,One year,Yes,Credit card,51.41,3402.3,No
CUST101567,Male,0,Yes,No,39,Yes,Yes,DSL,No,Yes,Yes,Yes,No,No,One year,No,Electronic check,72.16,2819.71,No
CUST101568,Male,0,No,No,28,Yes,Yes,No,No internet service,No internet service,No internet service,No internet service,No internet service,No internet service,One year,Yes,Electronic check,34.49,990.54,No
CUST101569,Male,1,No,No,59,Yes,No,DSL,No,No,No,Yes,No,Yes,One year,Yes,Electronic check,57.94,3444.57,No
CUST101570,Male,0,Yes,No,56,Yes,No,DSL,No,No,Yes,No,No,No,Two year,Yes,Credit card,54.87,3131.09,No
CUST101571,Female,0,Yes,No,11,Yes,Yes,Fiber optic,No,Yes,No,Yes,Yes,No,One year,No,Mailed check,92.94,1184.15,No
CUST101572,Female,0,Yes,No,34,Yes,No,DSL,Yes,No,No,Yes,Yes,No,Month-to-month,No,Electronic check,62.66,2027.65,No
CUST101573,Male,0,No,No,30,Yes,No,DSL,No,Yes,Yes,No,Yes,Yes,One year,Yes,Bank transfer,73.14,2162.89,No
CUST101574,Male,0,No,No,33,Yes,No,DSL,No,Yes,Yes,No,No,Yes,Month-to-month,Yes,Mailed check,58.97,1940.52,No
CUST101575,Female,0,No,No,26,Yes,No,DSL,No,No,Yes,No,No,No,One year,Yes,Electronic check,48.27,1213.79,No
CUST101576,Female,0,Yes,No,60,Yes,Yes,No,No internet service,No internet service,No internet service,No internet service,No internet service,No internet service,Month-to-month,Yes,Credit card,28.16,1782.25,No
CUST101577,Male,0,No,Yes,72,Yes,Yes,Fiber optic,Yes,No,No,No,Yes,No,Month-to-month,Yes,Bank transfer,97.03,7084.85,No
CUST101578,Male,0,No,No,2,Yes,Yes,Fiber optic,Yes,Yes,No,Yes,Yes,Yes,One year,No,Electronic check,106.47,391.16,No
CUST101579,Female,0,Yes,No,62,Yes,Yes,Fiber optic,No,No,No,No,Yes,No,One year,Yes,Credit card,88.2,5456.26,No
CUST101580,Male,0,Yes,No,63,Yes,Yes,Fiber optic,Yes,Yes,No,Yes,No,No,Month-to-month,Yes,Electronic check,87.23,5402.73,No
CUST101581,Female,0,Yes,No,27,Yes,No,No,No internet service,No internet service,No internet service,No internet service,No internet service,No internet service,Month-to-month,Yes,Electronic check,32.96,870.77,No
CUST101582,Female,0,Yes,Yes,35,Yes,No,Fiber optic,No,No,No,No,Yes,No,Two year,Yes,Mailed check,75.82,2575.59,No
CUST101583,Male,0,Yes,No,8,Yes,Yes,DSL,No,Yes,Yes,No,No,No,Two year,No,Electronic check,68.51,613.77,No
CUST101584,Female,0,Yes,No,26,Yes,No,DSL,No,Yes,Yes,No,Yes,No,Month-to-month,No,Bank transfer,62.19,1676.58,No
CUST101585,Male,0,Yes,No,18,Yes,No,DSL,Yes,Yes,No,Yes,Yes,No,Month-to-month,Yes,Electronic check,63.66,1206.91,Yes
CUST101586,Female,1,Yes,No,66,Yes,No,No,No internet service,No internet service,No internet service,No internet service,No internet service,No internet service,Month-to-month,No,Electronic check,32.35,2301.65,No
CUST101587,Male,0,Yes,Yes,8,Yes,No,Fiber optic,Yes,No,No,Yes,Yes,Yes,Month-to-month,No,Credit card,94.24,754.57,No
CUST101588,Female,0,No,Yes,25,Yes,Yes,DSL,Yes,No,No,Yes,No,No,Month-to-month,No,Electronic check,58.31,1405.82,No
CUST101589,Male,0,No,No,35,Yes,No,DSL,Yes,Yes,No,No,No,No,Two year,Yes,Mailed check,49.42,1725.64,No
CUST101590,Female,0,Yes,Yes,71,Yes,Yes,No,No internet service,No internet service,No internet service,No internet service,No internet service,No internet service,Month-to-month,Yes,Electronic check,36.66,2524.72,No
CUST101591,Male,0,No,No,59,Yes,No,Fiber optic,No,Yes,No,No,Yes,No,Month-to-month,No,Credit card,81.89,4775.85,Yes
CUST101592,Female,0,No,No,68,Yes,Yes,DSL,Yes,No,No,Yes,No,No,Month-to-month,Yes,Electronic check,63.82,4340.38,No
CUST101593,Female,0,Yes,No,23,Yes,No,No,No internet service,No internet service,No internet service,No internet service,No internet service,No internet service,Month-to-month,Yes,Electronic check,28.94,704.69,No
CUST101594,Female,0,Yes,No,20,Yes,Yes,Fiber optic,Yes,Yes,No,No,Yes,Yes,Month-to-month,Yes,Credit card,100.43,1941.49,No
CUST101595,Male,0,Yes,Yes,42,Yes,Yes,Fiber optic,No,No,Yes,Yes,No,No,Month-to-month,No,Electronic check,88.52,3612.36,No
CUST101596,Female,0,No,No,25,Yes,Yes,Fiber optic,Yes,No,No,No,Yes,Yes,Month-to-month,No,Credit card,98.88,2528.63,No
CUST101597,Male,0,Yes,No,2,Yes,No,Fiber optic,Yes,No,No,Yes,Yes,No,One year,No,Bank transfer,86.41,102.28,No
CUST101598,Male,0,Yes,Yes,59,No,No phone service,DSL,No,No,No,Yes,No,No,Month-to-month,Yes,Credit card,45.08,2671.23,No
CUST101599,Male,0,No,No,7,Yes,Yes,No,No internet service,No internet service,No internet service,No internet service,No internet service,No internet service,One year,No,Electronic check,37.29,352.1,No
CUST101600,Male,1,No,No,15,No,No phone service,Fiber optic,Yes,Yes,No,Yes,No,No,Two year,No,Credit card,81.28,1283.59,No
CUST101601,Female,0,Yes,Yes,68,Yes,Yes,Fiber optic,No,No,No,Yes,No,No,Month-to-month,No,Electronic check,73.07,5015.77,No
CUST101602,Male,0,No,Yes,53,Yes,Yes,Fiber optic,No,No,Yes,No,No,No,Month-to-month,No,Electronic check,80.28,4341.52,No
CUST101603,Male,0,Yes,No,47,Yes,No,No,No internet service,No internet service,No internet service,No internet service,No internet service,No internet service,Two year,Yes,Bank transfer,30.2,1438.07,No
CUST101604,Female,0,No,No,10,Yes,Yes,DSL,No,Yes,No,No,Yes,No,Month-to-month,No,Electronic check,73.38,644.88,No
CUST101605,Female,1,No,No,19,Yes,No,DSL,Yes,Yes,Yes,No,No,No,Month-to-month,Yes,Mailed check,65.72,1445.14,Yes
CUST101606,Male,0,No,No,15,Yes,No,Fiber optic,No,No,No,No,No,Yes,One year,Yes,Bank transfer,81.81,1262.27,No
CUST101607,Female,0,Yes,No,47,Yes,Yes,DSL,No,Yes,No,No,No,Yes,One year,Yes,Electronic check,75.63,3592.29,No
CUST101608,Male,0,Yes,Yes,37,Yes,No,Fiber optic,No,No,No,Yes,No,No,Two year,No,Electronic check,74.66,2776.11,No
CUST101609,Female,1,No,No,26,No,No phone service,Fiber optic,No,No,No,Yes,No,No,Month-to-month,Yes,Mailed check,75.28,1820.79,No
CUST101610,Female,0,Yes,No,54,No,No phone service,DSL,No,No,No,No,Yes,No,Month-to-month,Yes,Mailed check,47.73,2507.33,No
CUST101611,Male,0,No,No,57,Yes,Yes,DSL,No,No,Yes,Yes,No,Yes,Month-to-month,No,Mailed check,66.08,3897.39,No
CUST101612,Female,0,Yes,No,54,Yes,Yes,Fiber optic,No,Yes,No,No,Yes,No,Month-to-month,Yes,Bank transfer,82.16,4282.29,No
CUST101613,Male,0,Yes,No,8,Yes,No,DSL,No,Yes,Yes,Yes,Yes,Yes,Month-to-month,Yes,Mailed check,74.09,583.01,No
CUST101614,Male,0,Yes,Yes,44,Yes,No,DSL,No,No,No,No,No,Yes,Month-to-month,No,Mailed check,55.65,2469.89,No
CUST101615,Female,0,Yes,No,16,No,No phone service,Fiber optic,No,No,No,No,Yes,No,Month-to-month,No,Electronic check,67.94,1058.71,No
CUST101616,Female,0,No,Yes,20,Yes,No,DSL,No,No,No,No,No,No,Month-to-month,Yes,Electronic check,46.47,1090.98,Yes
CUST101617,Male,0,Yes,No,71,Yes,No,Fiber optic,No,No,Yes,No,No,Yes,Month-to-month,Yes,Electronic check,89.67,6243.28,No
CUST101618,Male,1,No,Yes,30,Yes,Yes,No,No internet service,No internet service,No internet service,No internet service,No internet service,No internet service,Month-to-month,No,Bank transfer,35.18,996.97,No
CUST101619,Female,0,No,No,57,Yes,Yes,Fiber optic,No,Yes,Yes,No,No,No,One year,Yes,Electronic check,94.86,5432.55,No
CUST101620,Male,0,No,Yes,18,No,No phone service,Fiber optic,Yes,No,Yes,No,Yes,Yes,Month-to-month,No,Bank transfer,89.09,1635.14,Yes
CUST101621,Female,1,No,No,71,No,No phone service,Fiber optic,No,No,Yes,No,Yes,No,One year,No,Electronic check,78.26,5564.28,No
CUST101622,Female,0,No,Yes,20,Yes,No,No,No internet service,No internet service,No internet service,No internet service,No internet service,No internet service,Month-to-month,Yes,Electronic check,27.1,563.43,No
CUST101623,Male,1,No,No,14,Yes,Yes,No,No internet service,No internet service,No internet service,No internet service,No internet service,No internet service,Month-to-month,Yes,Electronic check,34.71,434.68,No
CUST101624,Female,0,Yes,No,24,No,No phone service,No,No internet service,No internet service,No internet service,No internet service,No internet service,No internet service,Two year,Yes,Mailed check,20.07,454.28,No
CUST101625,Male,1,No,No,13,Yes,Yes,DSL,No,No,Yes,No,Yes,Yes,Two year,Yes,Bank transfer,71.65,847.25,No
CUST101626,Male,0,No,No,44,Yes,Yes,DSL,Yes,Yes,No,Yes,No,No,Month-to-month,No,Bank transfer,70.6,3138.09,No
CUST101627,Male,0,Yes,No,11,Yes,No,DSL,No,No,Yes,No,No,No,Month-to-month,No,Credit card,56.16,481.34,Yes
CUST101628,Male,0,No,No,15,Yes,No,DSL,Yes,No,Yes,Yes,No,Yes,Two year,No,Mailed check,77.85,1058.26,No
CUST101629,Female,0,Yes,No,51,Yes,No,DSL,No,No,No,No,No,No,Month-to-month,No,Electronic check,43.2,2273.22,No
CUST101630,Female,1,No,Yes,4,No,No phone service,No,No internet service,No internet service,No internet service,No internet service,No internet service,No internet service,Month-to-month,Yes,Credit card,19.99,32.48,No
CUST101631,Male,0,Yes,No,32,No,No phone service,DSL,No,Yes,No,No,Yes,No,Month-to-month,No,Bank transfer,53.98,1920.12,No
CUST101632,Male,0,No,No,50,Yes,Yes,DSL,Yes,No,No,No,No,Yes,Month-to-month,Yes,Electronic check,65.25,3225.2,No
CUST101633,Female,0,Yes,No,33,No,No phone service,No,No internet service,No internet service,No internet service,No internet service,No internet service,No internet service,One year,Yes,Electronic check,18.0,557.15,No
CUST101634,Male,0,No,No,2,Yes,Yes,No,No internet service,No internet service,No internet service,No internet service,No internet service,No internet service,One year,Yes,Mailed check,38.18,181.6,Yes
CUST101635,Female,0,Yes,No,12,Yes,Yes,DSL,Yes,Yes,Yes,Yes,No,No,Month-to-month,Yes,Mailed check,69.79,915.67,No
CUST101636,Male,0,No,No,70,Yes,No,DSL,No,Yes,No,No,No,No,Month-to-month,No,Bank transfer,51.78,3608.86,No
CUST101637,Female,0,Yes,No,56,Yes,Yes,No,No internet service,No internet service,No internet service,No internet service,No internet service,No internet service,Month-to-month,No,Electronic check,41.88,2337.83,No
CUST101638,Male,1,No,No,26,No,No phone service,No,No internet service,No internet service,No internet service,No internet service,No internet service,No internet service,One year,No,Credit card,22.82,673.65,No
CUST101639,Female,0,Yes,Yes,63,Yes,No,Fiber optic,No,No,Yes,No,No,Yes,Two year,Yes,Mailed check,84.52,5340.85,No
CUST101640,Female,0,Yes,No,1,No,No phone service,Fiber optic,No,Yes,Yes,No,No,Yes,Month-to-month,Yes,Bank transfer,84.97,58.18,Yes
CUST101641,Male,0,Yes,No,4,Yes,No,Fiber optic,No,No,No,Yes,Yes,No,One year,Yes,Electronic check,81.5,311.22,No
CUST101642,Female,0,No,Yes,64,Yes,Yes,Fiber optic,No,No,No,No,Yes,No,Month-to-month,No,Bank transfer,85.37,5621.44,No
CUST101643,Female,0,Yes,No,49,Yes,Yes,DSL,Yes,Yes,No,No,Yes,Yes,One year,Yes,Credit card,76.29,3713.22,No
CUST101644,Male,0,No,No,44,Yes,Yes,Fiber optic,No,No,No,Yes,No,Yes,Month-to-month,No,Electronic check,92.14,4028.93,No
CUST101645,Female,0,Yes,No,25,Yes,No,No,No internet service,No internet service,No internet service,No internet service,No internet service,No internet service,Month-to-month,Yes,Mailed check,22.67,563.46,No
CUST101646,Female,0,No,No,59,Yes,No,Fiber optic,No,Yes,No,No,Yes,No,Month-to-month,Yes,Electronic check,78.45,4633.37,No
CUST101647,Female,0,Yes,No,44,Yes,Yes,DSL,No,No,No,No,No,Yes,Two year,Yes,Mailed check,60.13,2586.42,No
CUST101648,Male,0,Yes,No,32,Yes,No,Fiber optic,No,No,Yes,Yes,Yes,No,Month-to-month,No,Credit card,89.41,2988.86,No
CUST101649,Male,0,Yes,No,28,Yes,Yes,Fiber optic,Yes,No,Yes,No,No,No,Month-to-month,No,Bank transfer,94.62,2620.12,Yes
CUST101650,Male,0,Yes,No,26,Yes,No,DSL,Yes,No,No,No,No,No,Two year,Yes,Bank transfer,47.43,1273.43,No
CUST101651,Female,0,Yes,Yes,42,Yes,Yes,Fiber optic,No,No,Yes,No,No,No,One year,Yes,Electronic check,81.74,3564.73,No
CUST101652,Female,0,Yes,No,48,No,No phone service,DSL,Yes,Yes,Yes,Yes,No,Yes,Month-to-month,No,Credit card,66.02,3142.62,No
CUST101653,Female,0,No,No,58,Yes,No,No,No internet service,No internet service,No internet service,No internet service,No internet service,No internet service,Month-to-month,No,Bank transfer,23.4,1389.76,No
CUST101654,Male,0,No,Yes,30,Yes,Yes,DSL,No,Yes,Yes,No,No,No,Two year,Yes,Electronic check,60.0,1702.51,No
CUST101655,Female,0,Yes,No,19,Yes,No,No,No internet service,No internet service,No internet service,No internet service,No internet service,No internet service,Month-to-month,No,Credit card,20.82,334.28,No
CUST101656,Female,0,No,No,41,Yes,No,Fiber optic,Yes,No,No,No,Yes,No,Month-to-month,Yes,Electronic check,84.22,3465.24,No
CUST101657,Male,1,Yes,No,43,Yes,No,No,No internet service,No internet service,No internet service,No internet service,No internet service,No internet service,Month-to-month,Yes,Electronic check,24.78,1034.78,No
CUST101658,Male,0,Yes,No,21,Yes,Yes,No,No internet service,No internet service,No internet service,No internet service,No internet service,No internet service,Month-to-month,No,Credit card,39.91,899.7,No
CUST101659,Male,0,Yes,No,6,Yes,Yes,No,No internet service,No internet service,No internet service,No internet service,No internet service,No internet service,One year,No,Electronic check,36.67,180.28,No
CUST101660,Female,0,Yes,No,24,Yes,Yes,No,No internet service,No internet service,No internet service,No internet service,No internet service,No internet service,Two year,Yes,Electronic check,34.23,802.11,No
CUST101661,Male,0,Yes,No,6,Yes,No,Fiber optic,No,No,No,No,Yes,Yes,Month-to-month,No,Electronic check,81.0,437.59,Yes
CUST101662,Male,0,No,No,6,Yes,Yes,DSL,No,Yes,Yes,Yes,Yes,Yes,Two year,Yes,Credit card,83.54,591.66,No
CUST101663,Female,1,No,No,70,Yes,No,DSL,Yes,No,Yes,Yes,Yes,Yes,One year,Yes,Electronic check,73.98,5164.36,No
CUST101664,Male,0,No,No,57,Yes,No,Fiber optic,Yes,No,No,No,Yes,No,One year,No,Mailed check,84.16,4746.97,No
CUST101665,Male,0,Yes,Yes,3,Yes,No,Fiber optic,No,Yes,No,No,Yes,No,Month-to-month,No,Electronic check,86.62,191.75,Yes
CUST101666,Female,0,Yes,No,26,Yes,No,Fiber optic,Yes,Yes,No,No,No,No,Month-to-month,Yes,Mailed check,76.96,1915.36,No
CUST101667,Male,0,No,No,19,Yes,No,DSL,Yes,No,No,No,Yes,Yes,One year,No,Electronic check,63.27,1258.67,Yes
CUST101668,Male,0,Yes,No,71,Yes,Yes,Fiber optic,No,Yes,No,No,No,Yes,One year,Yes,Credit card,94.12,6677.37,No
CUST101669,Male,0,Yes,No,32,Yes,No,DSL,No,No,No,Yes,No,Yes,Month-to-month,Yes,Bank transfer,63.56,2270.56,No
CUST101670,Male,0,Yes,No,19,Yes,No,DSL,No,No,No,No,No,No,Month-to-month,No,Credit card,42.14,758.26,No
CUST101671,Male,1,Yes,No,46,Yes,No,Fiber optic,No,Yes,Yes,Yes,Yes,Yes,Month-to-month,Yes,Bank transfer,95.64,4276.5,No
CUST101672,Male,0,No,Yes,35,Yes,Yes,Fiber optic,No,Yes,No,No,Yes,No,Month-to-month,Yes,Electronic check,85.6,2980.1,No
CUST101673,Female,1,Yes,No,14,Yes,No,No,No internet service,No internet service,No internet service,No internet service,No internet service,No internet service,Month-to-month,No,Electronic check,28.95,587.4,No
CUST101674,Male,0,Yes,No,22,Yes,No,Fiber optic,No,Yes,Yes,No,No,Yes,Month-to-month,Yes,Mailed check,81.43,1820.57,No
CUST101675,Male,0,No,Yes,10,Yes,No,Fiber optic,No,No,No,No,No,Yes,Month-to-month,Yes,Mailed check,77.13,765.76,No
CUST101676,Male,0,No,No,50,Yes,Yes,DSL,No,No,Yes,No,Yes,Yes,Two year,Yes,Bank transfer,71.84,3550.36,No
CUST101677,Female,0,Yes,No,70,Yes,No,DSL,No,No,Yes,No,No,Yes,One year,Yes,Electronic check,55.54,3862.58,No
CUST101678,Female,1,Yes,No,59,Yes,No,Fiber optic,No,No,No,No,No,No,Month-to-month,No,Bank transfer,70.36,4247.72,No
CUST101679,Male,0,No,No,28,Yes,No,DSL,No,No,No,No,Yes,No,Month-to-month,Yes,Electronic check,53.35,1427.37,Yes
CUST101680,Male,1,Yes,Yes,36,Yes,Yes,No,No internet service,No internet service,No internet service,No internet service,No internet service,No internet service,Month-to-month,Yes,Mailed check,33.57,1211.3,No
CUST101681,Male,0,Yes,No,5,Yes,No,No,No internet service,No internet service,No internet service,No internet service,No internet service,No internet service,Month-to-month,No,Credit card,34.72,185.69,Yes
CUST101682,Female,0,Yes,No,27,Yes,No,DSL,No,Yes,Yes,Yes,No,Yes,Two year,Yes,Electronic check,66.37,1793.11,No
CUST101683,Female,0,Yes,No,3,Yes,No,Fiber optic,Yes,Yes,No,No,Yes,No,Month-to-month,Yes,Electronic check,87.17,237.06,Yes
CUST101684,Male,0,No,No,54,Yes,Yes,Fiber optic,Yes,No,No,No,Yes,No,Two year,No,Electronic check,86.59,4560.07,No
CUST101685,Female,1,No,No,66,No,No phone service,DSL,Yes,Yes,No,No,Yes,No,Month-to-month,No,Mailed check,58.88,3903.61,No
CUST101686,Male,0,No,Yes,14,No,No phone service,Fiber optic,Yes,No,Yes,No,No,Yes,Two year,No,Mailed check,74.46,1020.72,No
CUST101687,Female,0,No,No,49,Yes,Yes,Fiber optic,No,No,No,No,No,Yes,One year,No,Credit card,84.59,4243.68,No
CUST101688,Female,0,No,No,44,Yes,Yes,No,No internet service,No internet service,No internet service,No internet service,No internet service,No internet service,One year,Yes,Credit card,31.37,1366.83,No
CUST101689,Male,0,No,No,31,No,No phone service,DSL,No,Yes,No,Yes,No,Yes,Two year,No,Bank transfer,48.14,1488.3,No
CUST101690,Female,0,No,No,53,Yes,Yes,Fiber optic,No,No,No,No,No,No,Month-to-month,Yes,Bank transfer,74.32,3951.67,No
CUST101691,Male,0,Yes,Yes,49,Yes,No,DSL,No,No,No,No,Yes,Yes,Month-to-month,No,Electronic check,57.46,2853.59,No
CUST101692,Male,0,Yes,No,20,No,No phone service,DSL,No,No,No,No,Yes,Yes,Month-to-month,No,Credit card,54.15,939.14,No
CUST101693,Male,0,No,No,58,Yes,Yes,Fiber optic,No,Yes,Yes,No,Yes,No,Two year,No,Mailed check,90.62,5281.01,No
CUST101694,Female,0,Yes,No,48,No,No phone service,Fiber optic,No,Yes,No,No,No,No,Two year,Yes,Electronic check,58.7,2681.99,No
CUST101695,Female,0,Yes,No,23,Yes,No,Fiber optic,No,No,Yes,No,No,No,Month-to-month,No,Credit card,67.05,1512.67,No
CUST101696,Male,0,Yes,No,53,Yes,No,No,No internet service,No internet service,No internet service,No internet service,No internet service,No internet service,One year,Yes,Mailed check,28.65,1569.79,No
CUST101697,Female,0,No,Yes,47,Yes,No,DSL,No,No,No,No,No,Yes,Month-to-month,Yes,Electronic check,54.87,2744.45,No
CUST101698,Female,1,Yes,No,9,Yes,No,Fiber optic,No,Yes,Yes,Yes,Yes,No,Month-to-month,No,Bank transfer,92.7,754.89,No
CUST101699,Female,0,Yes,No,12,No,No phone service,DSL,Yes,Yes,No,Yes,No,Yes,One year,No,Electronic check,58.3,633.15,No
CUST101700,Male,0,Yes,No,24,Yes,No,No,No internet service,No internet service,No internet service,No internet service,No internet service,No internet service,Month-to-month,Yes,Electronic check,29.27,567.77,No
CUST101701,Female,0,Yes,No,4,No,No phone service,DSL,No,No,No,No,No,Yes,Month-to-month,Yes,Electronic check,37.61,92.56,Yes
CUST101702,Female,0,No,No,30,Yes,No,DSL,No,No,No,No,No,No,One year,No,Bank transfer,37.95,1321.82,No
CUST101703,Male,0,Yes,No,34,No,No phone service,Fiber optic,No,No,Yes,Yes,Yes,Yes,Month-to-month,No,Electronic check,80.17,2598.68,No
CUST101704,Female,0,Yes,No,56,Yes,Yes,Fiber optic,No,Yes,No,Yes,No,Yes,Month-to-month,Yes,Electronic check,93.28,4974.89,Yes
CUST101705,Male,0,Yes,No,13,Yes,Yes,Fiber optic,Yes,Yes,Yes,No,Yes,Yes,Month-to-month,No,Mailed check,109.13,1489.25,Yes
CUST101706,Male,0,No,Yes,41,Yes,No,No,No internet service,No internet service,No internet service,No internet service,No internet service,No internet service,Month-to-month,Yes,Electronic check,23.97,1051.49,No
CUST101707,Male,0,No,No,48,Yes,Yes,Fiber optic,No,Yes,No,No,No,Yes,One year,Yes,Mailed check,85.42,4104.08,No
CUST101708,Male,0,Yes,No,33,Yes,No,Fiber optic,No,No,No,Yes,No,No,Two year,Yes,Mailed check,77.53,2568.79,No
CUST101709,Female,0,Yes,Yes,66,No,No phone service,No,No internet service,No internet service,No internet service,No internet service,No internet service,No internet service,Month-to-month,Yes,Electronic check,18.33,1272.7,No
CUST101710,Female,0,No,Yes,23,No,No phone service,Fiber optic,Yes,Yes,No,Yes,Yes,Yes,Two year,No,Electronic check,91.72,2174.12,No
CUST101711,Female,0,No,No,30,Yes,Yes,DSL,No,No,No,No,Yes,No,One year,Yes,Electronic check,60.4,1730.27,Yes
CUST101712,Female,0,Yes,No,1,Yes,No,No,No internet service,No internet service,No internet service,No internet service,No internet service,No internet service,Two year,Yes,Mailed check,23.02,18.0,No
CUST101713,Male,0,Yes,Yes,30,Yes,No,Fiber optic,Yes,No,No,No,Yes,No,One year,No,Credit card,89.18,2594.98,No
CUST101714,Male,0,Yes,Yes,2,Yes,No,Fiber optic,Yes,Yes,No,Yes,No,No,Month-to-month,No,Electronic check,81.47,101.29,Yes
CUST101715,Male,0,Yes,No,71,Yes,Yes,Fiber optic,No,No,No,Yes,No,No,One year,Yes,Electronic check,89.59,6418.86,No
CUST101716,Male,0,No,No,18,Yes,No,DSL,No,Yes,No,Yes,Yes,No,Month-to-month,No,Electronic check,65.19,1257.83,No
CUST101717,Male,0,No,No,59,Yes,Yes,No,No internet service,No internet service,No internet service,No internet service,No internet service,No internet service,Month-to-month,No,Bank transfer,36.09,2101.9,No
CUST101718,Female,0,No,No,9,No,No phone service,DSL,No,No,No,Yes,No,No,Month-to-month,No,Electronic check,37.04,355.96,No
CUST101719,Female,1,No,No,20,Yes,Yes,No,No internet service,No internet service,No internet service,No internet service,No internet service,No internet service,Month-to-month,Yes,Bank transfer,36.37,719.97,No
CUST101720,Male,0,Yes,Yes,9,Yes,No,No,No internet service,No internet service,No internet service,No internet service,No internet service,No internet service,Month-to-month,No,Bank transfer,27.68,182.32,No
CUST101721,Female,0,No,No,27,Yes,No,No,No internet service,No internet service,No internet service,No internet service,No internet service,No internet service,Two year,No,Electronic check,27.09,661.01,No
CUST101722,Male,0,Yes,No,44,No,No phone service,DSL,Yes,No,Yes,Yes,No,Yes,Month-to-month,Yes,Mailed check,54.79,2416.01,Yes
CUST101723,Male,0,Yes,No,31,Yes,Yes,Fiber optic,Yes,No,No,Yes,No,Yes,Month-to-month,No,Credit card,97.5,3083.04,No
CUST101724,Male,0,No,No,44,Yes,No,DSL,No,Yes,Yes,Yes,No,No,Two year,Yes,Electronic check,64.68,2878.63,No
CUST101725,Male,0,Yes,No,59,Yes,Yes,Fiber optic,Yes,No,Yes,Yes,No,No,Month-to-month,No,Mailed check,85.15,5007.78,No
CUST101726,Male,1,No,No,4,Yes,Yes,Fiber optic,Yes,Yes,No,Yes,No,Yes,Month-to-month,Yes,Mailed check,96.6,497.9,Yes
CUST101727,Male,0,No,Yes,31,Yes,No,Fiber optic,Yes,Yes,Yes,No,No,Yes,Two year,Yes,Electronic check,90.85,2941.38,No
CUST101728,Male,0,No,No,43,Yes,No,Fiber optic,Yes,Yes,No,No,Yes,Yes,Two year,No,Bank transfer,95.36,3979.69,No
CUST101729,Female,0,No,No,38,Yes,No,No,No internet service,No internet service,No internet service,No internet service,No internet service,No internet service,One year,Yes,Electronic check,28.57,990.74,No
CUST101730,Female,0,Yes,No,11,Yes,Yes,DSL,No,No,No,Yes,No,Yes,Month-to-month,No,Electronic check,64.71,595.83,No
CUST101731,Male,1,Yes,No,15,Yes,Yes,Fiber optic,Yes,Yes,No,Yes,Yes,No,Month-to-month,Yes,Bank transfer,100.94,1586.24,No
CUST101732,Male,0,No,Yes,28,Yes,No,Fiber optic,Yes,Yes,No,Yes,Yes,Yes,Two year,Yes,Credit card,106.47,2958.67,No
CUST101733,Male,0,No,No,47,Yes,No,DSL,No,No,Yes,No,No,No,Two year,Yes,Electronic check,49.82,2346.22,No
CUST101734,Male,0,No,Yes,72,Yes,No,Fiber optic,No,No,No,No,Yes,No,Month-to-month,Yes,Bank transfer,81.13,5889.61,No
CUST101735,Male,0,Yes,Yes,27,Yes,Yes,Fiber optic,No,No,No,No,No,Yes,Two year,Yes,Electronic check,91.01,2456.35,No
CUST101736,Male,0,Yes,No,38,Yes,Yes,Fiber optic,No,No,Yes,Yes,No,No,One year,No,Bank transfer,93.11,3486.72,No
CUST101737,Male,0,Yes,No,23,Yes,No,Fiber optic,Yes,No,No,Yes,No,Yes,Month-to-month,Yes,Mailed check,89.63,1973.66,No
CUST101738,Female,1,No,No,3,Yes,No,No,No internet service,No internet service,No internet service,No internet service,No internet service,No internet service,Month-to-month,Yes,Mailed check,30.62,72.99,No
CUST101739,Female,0,No,No,29,Yes,No,No,No internet service,No internet service,No internet service,No internet service,No internet service,No internet service,Month-to-month,No,Credit card,29.72,925.93,No
CUST101740,Female,0,No,Yes,26,No,No phone service,DSL,Yes,No,Yes,No,No,No,Two year,No,Bank transfer,54.77,1288.81,No
CUST101741,Female,0,Yes,Yes,11,Yes,No,Fiber optic,No,Yes,No,Yes,Yes,No,Month-to-month,Yes,Electronic check,85.45,900.91,No
CUST101742,Male,0,Yes,Yes,49,Yes,No,No,No internet service,No internet service,No internet service,No internet service,No internet service,No internet service,One year,No,Credit card,26.5,1143.79,No
CUST101743,Female,0,Yes,No,19,Yes,Yes,DSL,No,No,No,No,Yes,Yes,Month-to-month,Yes,Electronic check,64.36,1296.56,Yes
CUST101744,Female,0,Yes,Yes,17,Yes,No,Fiber optic,Yes,Yes,No,No,No,Yes,One year,Yes,Bank transfer,96.76,1511.7,No
CUST101745,Female,0,Yes,No,29,Yes,No,Fiber optic,No,No,Yes,Yes,Yes,Yes,Month-to-month,Yes,Bank transfer,100.14,2775.49,No
CUST101746,Male,0,No,No,70,Yes,No,DSL,No,Yes,Yes,No,No,Yes,Two year,Yes,Credit card,60.59,4308.02,No
CUST101747,Male,1,Yes,No,46,Yes,Yes,Fiber optic,Yes,No,No,No,Yes,No,Month-to-month,No,Mailed check,84.18,3820.66,No
CUST101748,Female,0,Yes,No,31,Yes,Yes,Fiber optic,Yes,Yes,Yes,No,Yes,No,One year,No,Bank transfer,98.21,2899.13,No
CUST101749,Male,0,No,Yes,60,Yes,No,DSL,No,No,No,No,No,No,One year,Yes,Bank transfer,46.28,2819.11,No
CUST101750,Male,0,No,No,2,Yes,No,DSL,Yes,No,Yes,No,No,No,Month-to-month,Yes,Mailed check,57.02,123.03,No
CUST101751,Male,0,Yes,No,25,Yes,No,No,No internet service,No internet service,No internet service,No internet service,No internet service,No internet service,Two year,Yes,Credit card,21.84,701.13,No
CUST101752,Male,0,Yes,Yes,39,Yes,Yes,No,No internet service,No internet service,No internet service,No internet service,No internet service,No internet service,Month-to-month,No,Electronic check,32.04,1151.52,No
CUST101753,Male,0,No,No,36,Yes,No,Fiber optic,Yes,No,No,No,Yes,No,Two year,No,Electronic check,86.86,3047.61,No
CUST101754,Female,0,No,Yes,49,Yes,No,Fiber optic,Yes,No,Yes,Yes,Yes,No,Month-to-month,Yes,Bank transfer,94.45,4568.43,No
CUST101755,Male,1,No,No,51,Yes,No,DSL,No,Yes,Yes,No,No,Yes,One year,Yes,Electronic check,60.21,3149.06,No
CUST101756,Female,0,Yes,No,33,Yes,No,No,No internet service,No internet service,No internet service,No internet service,No internet service,No internet service,Two year,No,Credit card,31.87,893.2,No
CUST101757,Female,0,No,Yes,67,Yes,No,DSL,Yes,Yes,Yes,Yes,No,No,Two year,No,Electronic check,69.91,4654.4,No
CUST101758,Male,0,No,No,67,Yes,No,No,No internet service,No internet service,No internet service,No internet service,No internet service,No internet service,Month-to-month,Yes,Mailed check,36.89,2490.66,No
CUST101759,Male,1,Yes,No,35,Yes,No,Fiber optic,Yes,No,No,No,Yes,No,Month-to-month,Yes,Bank transfer,81.14,2932.92,No
CUST101760,Male,0,Yes,No,65,Yes,No,DSL,Yes,Yes,No,Yes,No,Yes,Two year,No,Credit card,65.3,4173.18,No
CUST101761,Female,1,No,No,47,Yes,Yes,Fiber optic,No,Yes,Yes,No,No,Yes,Month-to-month,No,Bank transfer,93.4,4410.32,No
CUST101762,Female,1,Yes,No,11,Yes,Yes,No,No internet service,No internet service,No internet service,No internet service,No internet service,No internet service,Two year,Yes,Electronic check,38.7,372.62,No
CUST101763,Female,0,No,Yes,9,Yes,No,No,No internet service,No internet service,No internet service,No internet service,No internet service,No internet service,Month-to-month,Yes,Electronic check,22.98,105.43,Yes
CUST101764,Male,0,No,Yes,6,Yes,Yes,Fiber optic,No,Yes,No,No,No,No,Month-to-month,Yes,Bank transfer,82.02,480.24,No
CUST101765,Male,0,Yes,No,16,Yes,No,DSL,No,No,Yes,No,No,No,One year,Yes,Credit card,51.16,793.17,No
CUST101766,Male,0,No,No,23,Yes,Yes,Fiber optic,No,Yes,Yes,No,No,Yes,Month-to-month,Yes,Bank transfer,99.31,2321.5,No
CUST101767,Male,0,Yes,No,5,Yes,No,Fiber optic,No,No,No,No,No,Yes,Month-to-month,Yes,Bank transfer,74.85,529.01,Yes
CUST101768,Female,0,No,No,44,Yes,Yes,Fiber optic,No,No,No,No,No,No,Month-to-month,Yes,Mailed check,76.41,3394.13,No
CUST101769,Female,0,No,No,30,Yes,No,DSL,No,Yes,No,No,No,Yes,Two year,No,Mailed check,60.09,1799.37,No
CUST101770,Female,0,No,No,44,Yes,Yes,No,No internet service,No internet service,No internet service,No internet service,No internet service,No internet service,One year,Yes,Mailed check,32.54,1472.54,No
CUST101771,Female,1,Yes,No,37,Yes,No,Fiber optic,No,No,No,No,Yes,No,Two year,Yes,Electronic check,73.81,2668.47,No
CUST101772,Female,0,No,No,20,Yes,Yes,DSL,No,Yes,No,No,No,No,Month-to-month,Yes,Electronic check,65.49,1369.56,No
CUST101773,Female,0,No,No,45,Yes,Yes,DSL,No,No,No,No,No,No,Month-to-month,Yes,Bank transfer,55.23,2429.1,No
CUST101774,Female,1,No,No,69,Yes,No,DSL,No,No,No,Yes,Yes,Yes,Month-to-month,Yes,Mailed check,69.86,4842.69,No
CUST101775,Male,0,No,No,23,Yes,No,Fiber optic,No,No,Yes,No,No,Yes,Month-to-month,Yes,Electronic check,84.91,1931.38,Yes
CUST101776,Female,0,Yes,No,23,Yes,No,DSL,No,No,No,No,No,No,Month-to-month,Yes,Credit card,45.53,1022.0,No
CUST101777,Female,0,No,No,38,No,No phone service,Fiber optic,No,Yes,Yes,No,No,Yes,Month-to-month,Yes,Electronic check,76.58,3033.61,No
CUST101778,Female,1,Yes,Yes,58,No,No phone service,DSL,No,Yes,Yes,Yes,No,No,Month-to-month,Yes,Bank transfer,50.74,2867.47,No
CUST101779,Female,0,Yes,No,39,Yes,Yes,DSL,No,No,No,No,No,No,One year,No,Bank transfer,50.06,1987.03,No
CUST101780,Male,0,No,No,60,Yes,Yes,DSL,Yes,Yes,No,No,No,No,Month-to-month,Yes,Credit card,60.08,3566.41,No
CUST101781,Female,0,No,No,6,Yes,Yes,Fiber optic,Yes,No,Yes,No,Yes,No,Month-to-month,No,Credit card,90.88,613.24,No
CUST101782,Female,0,No,Yes,8,Yes,Yes,Fiber optic,Yes,No,No,No,No,Yes,Month-to-month,Yes,Credit card,92.12,627.46,No
CUST101783,Female,0,Yes,No,30,Yes,No,Fiber optic,Yes,No,No,Yes,Yes,Yes,Month-to-month,Yes,Mailed check,90.16,2674.03,No
CUST101784,Male,0,Yes,No,17,Yes,No,Fiber optic,No,No,No,No,Yes,No,One year,Yes,Bank transfer,82.57,1326.03,No
CUST101785,Male,1,Yes,No,2,Yes,No,Fiber optic,No,No,No,No,No,Yes,One year,Yes,Credit card,80.02,282.0,Yes
CUST101786,Female,0,Yes,Yes,16,Yes,Yes,Fiber optic,Yes,No,No,No,Yes,No,Two year,No,Mailed check,91.69,1566.29,No
CUST101787,Female,1,No,No,20,Yes,No,DSL,No,No,No,No,No,Yes,Month-to-month,No,Bank transfer,53.95,1018.44,Yes
CUST101788,Female,0,No,Yes,67,Yes,No,Fiber optic,Yes,Yes,No,Yes,No,No,Month-to-month,Yes,Electronic check,86.67,5710.93,No
CUST101789,Female,1,Yes,No,57,Yes,Yes,DSL,No,No,Yes,No,Yes,Yes,Two year,No,Mailed check,70.31,3968.17,No
CUST101790,Male,0,Yes,No,26,Yes,Yes,Fiber optic,No,Yes,Yes,Yes,Yes,No,Two year,No,Electronic check,95.63,2547.16,No
CUST101791,Male,0,Yes,No,69,Yes,No,Fiber optic,No,No,No,No,No,Yes,Month-to-month,Yes,Bank transfer,75.22,5209.89,No
CUST101792,Male,0,No,No,61,Yes,No,Fiber optic,No,No,Yes,No,No,Yes,Month-to-month,Yes,Mailed check,76.75,4647.76,No
CUST101793,Female,0,No,No,19,Yes,No,Fiber optic,No,No,No,No,No,No,One year,No,Electronic check,71.83,1452.96,No
CUST101794,Female,0,Yes,No,35,Yes,No,Fiber optic,No,No,Yes,Yes,No,No,Two year,No,Mailed check,76.01,2685.84,No
CUST101795,Female,0,Yes,No,67,Yes,No,DSL,No,No,Yes,Yes,No,No,Month-to-month,Yes,Bank transfer,58.61,3856.52,No
CUST101796,Female,0,Yes,No,33,No,No phone service,No,No internet service,No internet service,No internet service,No internet service,No internet service,No internet service,Month-to-month,No,Credit card,22.72,581.83,No
CUST101797,Male,0,Yes,Yes,27,Yes,No,DSL,No,No,No,Yes,Yes,Yes,Two year,No,Electronic check,66.04,1946.24,No
CUST101798,Female,0,No,No,66,No,No phone service,DSL,No,No,No,No,No,Yes,One year,No,Electronic check,42.97,2811.61,No
CUST101799,Female,0,No,Yes,48,Yes,Yes,DSL,No,No,No,No,No,No,Month-to-month,No,Bank transfer,49.62,2190.22,No
CUST101800,Male,0,Yes,No,32,No,No phone service,No,No internet service,No internet service,No internet service,No internet service,No internet service,No internet service,Month-to-month,Yes,Mailed check,18.0,599.09,No
CUST101801,Female,0,No,No,63,No,No phone service,No,No internet service,No internet service,No internet service,No internet service,No internet service,No internet service,Month-to-month,Yes,Electronic check,18.0,999.19,No
CUST101802,Female,0,Yes,No,54,Yes,No,DSL,No,Yes,No,No,No,No,One year,No,Bank transfer,50.95,2852.96,No
CUST101803,Female,1,Yes,No,26,Yes,Yes,DSL,Yes,No,No,Yes,Yes,Yes,One year,Yes,Credit card,76.56,2087.38,No
CUST101804,Female,0,No,Yes,31,Yes,Yes,Fiber optic,No,No,No,No,No,No,Month-to-month,No,Electronic check,84.63,2604.27,No
CUST101805,Female,0,Yes,No,4,Yes,No,DSL,No,No,No,No,Yes,No,Month-to-month,Yes,Mailed check,60.43,152.51,No
CUST101806,Female,0,Yes,No,8,Yes,No,DSL,No,No,No,No,No,Yes,One year,Yes,Electronic check,59.11,511.27,No
CUST101807,Female,0,No,Yes,69,Yes,Yes,Fiber optic,No,No,Yes,No,No,No,Month-to-month,No,Credit card,81.2,5699.31,No
CUST101808,Female,0,No,No,4,Yes,No,Fiber optic,No,Yes,No,Yes,Yes,Yes,Month-to-month,No,Credit card,88.34,344.82,No
CUST101809,Female,1,Yes,No,61,Yes,No,Fiber optic,No,No,No,No,Yes,Yes,Month-to-month,Yes,Mailed check,84.74,5138.6,No
CUST101810,Male,0,No,No,15,No,No phone service,Fiber optic,No,Yes,No,No,Yes,No,Month-to-month,No,Credit card,73.01,1034.97,No
CUST101811,Female,0,Yes,Yes,39,Yes,Yes,Fiber optic,No,No,Yes,No,Yes,Yes,One year,Yes,Electronic check,96.15,3721.77,No
CUST101812,Male,0,No,Yes,53,Yes,No,Fiber optic,No,No,No,No,Yes,Yes,Month-to-month,Yes,Bank transfer,85.73,4530.85,No
CUST101813,Male,0,Yes,No,72,Yes,Yes,DSL,Yes,No,No,No,No,No,One year,No,Bank transfer,60.81,4338.5,No
CUST101814,Female,0,No,No,27,Yes,Yes,DSL,No,No,Yes,Yes,No,No,One year,No,Credit card,55.89,1431.24,No
CUST101815,Male,0,Yes,No,67,Yes,Yes,No,No internet service,No internet service,No internet service,No internet service,No internet service,No internet service,Month-to-month,No,Bank transfer,40.18,2824.1,No
CUST101816,Female,0,No,Yes,33,Yes,No,DSL,No,No,No,No,Yes,No,Two year,Yes,Electronic check,56.83,1855.84,No
CUST101817,Female,1,No,No,63,No,No phone service,Fiber optic,No,Yes,No,No,No,Yes,Month-to-month,No,Electronic check,71.71,4475.15,No
CUST101818,Female,0,Yes,No,8,Yes,Yes,DSL,Yes,No,Yes,Yes,No,Yes,One year,Yes,Electronic check,78.56,644.02,No
CUST101819,Female,1,No,No,20,Yes,No,DSL,No,No,Yes,No,No,Yes,Month-to-month,Yes,Credit card,56.99,1158.86,No
CUST101820,Female,0,Yes,No,45,Yes,No,Fiber optic,Yes,No,No,No,No,No,Two year,No,Mailed check,75.14,3376.15,No
CUST101821,Female,0,No,No,51,Yes,Yes,DSL,Yes,No,No,No,No,Yes,Month-to-month,Yes,Mailed check,64.41,3193.71,No
CUST101822,Male,0,Yes,No,58,Yes,Yes,Fiber optic,Yes,Yes,Yes,Yes,No,No,Month-to-month,Yes,Electronic check,94.1,5457.03,No
CUST101823,Female,0,Yes,No,26,Yes,Yes,Fiber optic,Yes,Yes,No,No,No,Yes,Month-to-month,Yes,Mailed check,88.98,2325.06,No
CUST101824,Male,0,No,No,45,Yes,No,Fiber optic,No,Yes,No,No,Yes,No,Month-to-month,Yes,Mailed check,92.93,4207.54,No
CUST101825,Male,0,Yes,No,45,Yes,No,Fiber optic,No,No,No,Yes,Yes,No,Month-to-month,No,Mailed check,84.51,3824.09,No
CUST101826,Male,0,No,No,71,No,No phone service,DSL,No,No,No,No,No,Yes,Month-to-month,No,Mailed check,45.55,3248.9,No
CUST101827,Female,0,No,No,9,Yes,No,No,No internet service,No internet service,No internet service,No internet service,No internet service,No internet service,Month-to-month,Yes,Electronic check,35.25,231.41,No
CUST101828,Male,0,Yes,Yes,2,Yes,Yes,No,No internet service,No internet service,No internet service,No internet service,No internet service,No internet service,Month-to-month,No,Electronic check,28.27,259.8,No
CUST101829,Male,1,Yes,No,42,No,No phone service,DSL,No,Yes,Yes,No,No,No,One year,Yes,Credit card,47.02,2011.12,No
CUST101830,Male,1,No,Yes,2,Yes,No,Fiber optic,No,No,Yes,No,No,No,Month-to-month,Yes,Bank transfer,72.53,205.77,No
CUST101831,Female,0,No,Yes,15,Yes,Yes,Fiber optic,Yes,No,Yes,No,Yes,No,Month-to-month,No,Bank transfer,92.03,1429.31,Yes
CUST101832,Male,1,Yes,No,37,Yes,Yes,Fiber optic,No,No,Yes,Yes,No,No,Two year,No,Credit card,87.12,3213.83,No
CUST101833,Male,0,Yes,Yes,20,No,No phone service,DSL,No,No,Yes,Yes,No,No,One year,Yes,Mailed check,46.25,844.96,No
CUST101834,Female,0,No,Yes,20,Yes,No,DSL,No,No,No,No,Yes,No,Month-to-month,Yes,Bank transfer,45.88,900.02,No
CUST101835,Female,1,No,Yes,25,No,No phone service,DSL,No,Yes,No,Yes,No,Yes,Month-to-month,No,Mailed check,50.94,1196.83,No
CUST101836,Female,0,No,Yes,50,Yes,No,DSL,No,No,Yes,No,No,Yes,Month-to-month,No,Electronic check,54.32,2594.22,No
CUST101837,Male,0,Yes,No,27,Yes,No,Fiber optic,No,No,Yes,No,No,Yes,One year,Yes,Electronic check,80.22,2332.85,No
CUST101838,Female,0,No,No,58,Yes,No,No,No internet service,No internet service,No internet service,No internet service,No internet service,No internet service,Two year,Yes,Credit card,24.19,1467.99,No
CUST101839,Female,0,No,No,12,Yes,Yes,Fiber optic,No,Yes,No,No,No,No,One year,No,Mailed check,81.29,983.41,No
CUST101840,Male,0,Yes,No,8,Yes,Yes,Fiber optic,No,No,No,No,No,No,Two year,No,Electronic check,76.41,616.5,No
CUST101841,Female,0,Yes,No,12,Yes,No,DSL,No,No,No,No,No,No,One year,Yes,Credit card,37.38,497.16,No
CUST101842,Female,0,Yes,No,67,Yes,No,Fiber optic,No,No,No,Yes,No,Yes,Two year,No,Electronic check,77.71,5196.18,No
CUST101843,Male,0,No,No,20,Yes,No,Fiber optic,Yes,No,No,Yes,No,No,Month-to-month,Yes,Bank transfer,80.87,1567.53,No
CUST101844,Male,0,Yes,No,3,Yes,No,No,No internet service,No internet service,No internet service,No internet service,No internet service,No internet service,One year,Yes,Bank transfer,27.56,190.92,No
CUST101845,Male,0,No,No,23,Yes,Yes,Fiber optic,No,Yes,No,No,Yes,Yes,One year,Yes,Electronic check,88.97,1972.16,No
CUST101846,Male,1,No,No,50,Yes,No,Fiber optic,No,No,No,No,No,No,One year,No,Electronic check,73.22,3754.88,No
CUST101847,Female,0,Yes,Yes,27,Yes,No,DSL,No,Yes,No,No,No,Yes,Month-to-month,Yes,Mailed check,60.43,1632.65,No
CUST101848,Male,1,No,No,28,Yes,No,No,No internet service,No internet service,No internet service,No internet service,No internet service,No internet service,Month-to-month,Yes,Bank transfer,37.32,1064.15,No
CUST101849,Male,0,No,No,7,No,No phone service,DSL,No,No,Yes,Yes,No,No,Month-to-month,No,Credit card,55.05,356.06,No
CUST101850,Female,0,Yes,No,49,Yes,No,Fiber optic,Yes,No,No,No,No,Yes,Month-to-month,Yes,Credit card,78.59,3757.68,No
CUST101851,Female,0,No,Yes,16,Yes,Yes,Fiber optic,Yes,No,Yes,Yes,Yes,No,Two year,No,Electronic check,98.49,1515.56,No
CUST101852,Female,0,Yes,No,8,Yes,Yes,DSL,No,No,No,Yes,No,No,One year,Yes,Electronic check,58.13,487.8,No
CUST101853,Female,0,Yes,No,52,Yes,Yes,DSL,No,Yes,No,No,Yes,No,Month-to-month,Yes,Bank transfer,70.1,3574.13,No
CUST101854,Female,0,No,Yes,68,Yes,No,No,No internet service,No internet service,No internet service,No internet service,No internet service,No internet service,Month-to-month,Yes,Bank transfer,26.86,1756.45,No
CUST101855,Female,1,No,No,44,Yes,No,DSL,No,Yes,Yes,Yes,Yes,Yes,Month-to-month,No,Electronic check,80.38,3592.86,Yes
CUST101856,Male,0,Yes,No,68,Yes,No,DSL,Yes,Yes,No,No,No,Yes,Two year,Yes,Electronic check,64.13,4391.78,No
CUST101857,Female,1,No,Yes,29,Yes,Yes,DSL,Yes,No,Yes,No,No,Yes,Two year,Yes,Electronic check,66.81,1831.86,No
CUST101858,Male,0,No,No,38,Yes,No,DSL,No,No,Yes,No,No,Yes,Month-to-month,No,Mailed check,53.28,2117.53,No
CUST101859,Male,0,No,Yes,26,Yes,No,No,No internet service,No internet service,No internet service,No internet service,No internet service,No internet service,Month-to-month,No,Bank transfer,32.07,933.77,No
CUST101860,Male,0,Yes,No,37,Yes,No,Fiber optic,Yes,No,Yes,No,Yes,No,Two year,Yes,Credit card,90.87,3339.99,No
CUST101861,Male,0,Yes,Yes,65,Yes,No,No,No internet service,No internet service,No internet service,No internet service,No internet service,No internet service,One year,Yes,Electronic check,32.38,1966.26,No
CUST101862,Female,0,Yes,Yes,46,Yes,Yes,No,No internet service,No internet service,No internet service,No internet service,No internet service,No internet service,Two year,Yes,Mailed check,24.67,1021.02,No
CUST101863,Male,0,No,No,2,Yes,No,Fiber optic,No,No,No,No,No,No,Month-to-month,Yes,Mailed check,69.48,92.33,Yes
CUST101864,Female,1,Yes,No,42,Yes,Yes,Fiber optic,No,No,No,No,No,Yes,Month-to-month,Yes,Mailed check,89.01,3832.38,No
CUST101865,Male,0,No,Yes,28,No,No phone service,Fiber optic,No,Yes,Yes,No,No,Yes,One year,Yes,Electronic check,73.28,2062.64,No
CUST101866,Female,0,Yes,No,40,Yes,Yes,Fiber optic,No,No,No,No,Yes,Yes,Month-to-month,No,Electronic check,93.27,3631.87,No
CUST101867,Female,0,No,No,41,Yes,No,Fiber optic,No,No,No,Yes,Yes,No,Two year,Yes,Electronic check,79.79,3387.21,No
CUST101868,Male,0,No,No,43,Yes,Yes,Fiber optic,Yes,No,Yes,Yes,No,Yes,One year,No,Bank transfer,95.23,4090.05,No
CUST101869,Female,0,No,No,63,Yes,Yes,Fiber optic,No,No,No,No,No,Yes,Month-to-month,No,Bank transfer,81.09,5172.12,No
CUST101870,Male,0,No,No,62,Yes,No,Fiber optic,No,No,No,Yes,Yes,No,Month-to-month,Yes,Bank transfer,88.32,5449.56,No
CUST101871,Female,0,No,No,70,Yes,Yes,DSL,No,No,No,No,No,No,One year,Yes,Mailed check,56.58,3806.0,No
CUST101872,Female,0,Yes,No,44,Yes,No,Fiber optic,No,No,No,No,No,Yes,Two year,Yes,Mailed check,76.53,3225.58,No
CUST101873,Male,0,No,No,21,Yes,No,Fiber optic,No,No,No,No,No,No,Month-to-month,Yes,Electronic check,78.8,1586.89,Yes
CUST101874,Male,0,No,Yes,15,Yes,No,Fiber optic,Yes,No,No,No,No,Yes,One year,No,Electronic check,74.83,1146.12,No
CUST101875,Female,0,No,Yes,62,Yes,Yes,Fiber optic,No,No,No,No,Yes,No,Month-to-month,No,Electronic check,81.44,5083.01,No
CUST101876,Female,0,Yes,No,66,Yes,Yes,Fiber optic,No,Yes,No,No,No,No,Two year,No,Electronic check,88.4,5982.65,No
CUST101877,Female,0,No,Yes,3,Yes,Yes,Fiber optic,Yes,No,No,No,No,Yes,One year,Yes,Credit card,88.28,262.57,No
CUST101878,Male,0,Yes,No,16,Yes,No,DSL,No,No,Yes,Yes,No,No,Month-to-month,No,Credit card,55.17,874.37,Yes
CUST101879,Male,1,Yes,No,49,Yes,Yes,Fiber optic,No,Yes,No,No,Yes,No,One year,Yes,Bank transfer,88.52,4259.18,No
CUST101880,Female,0,Yes,No,12,Yes,No,DSL,No,No,No,Yes,Yes,Yes,One year,No,Bank transfer,63.17,830.79,No
CUST101881,Female,0,Yes,No,4,Yes,No,DSL,No,Yes,No,No,No,No,One year,No,Bank transfer,54.71,334.41,No
CUST101882,Female,0,Yes,No,72,No,No phone service,DSL,No,No,Yes,No,Yes,Yes,Month-to-month,Yes,Bank transfer,53.7,3815.74,No
CUST101883,Female,0,Yes,No,7,Yes,Yes,Fiber optic,No,Yes,No,No,No,Yes,One year,No,Bank transfer,99.76,688.31,No
CUST101884,Male,0,No,Yes,16,Yes,No,Fiber optic,Yes,No,Yes,Yes,No,No,Two year,Yes,Electronic check,79.34,1296.98,No
CUST101885,Male,1,Yes,Yes,72,Yes,Yes,DSL,No,No,No,No,Yes,Yes,Month-to-month,No,Credit card,73.77,5246.41,No
CUST101886,Female,1,Yes,No,8,No,No phone service,No,No internet service,No internet service,No internet service,No internet service,No internet service,No internet service,Month-to-month,No,Bank transfer,23.3,43.86,No
CUST101887,Male,0,No,No,58,Yes,Yes,Fiber optic,No,Yes,Yes,Yes,No,No,Two year,Yes,Electronic check,89.27,5188.62,No
CUST101888,Female,0,No,No,41,Yes,No,Fiber optic,Yes,No,Yes,No,No,No,One year,Yes,Mailed check,81.03,3367.78,No
CUST101889,Female,0,Yes,No,39,Yes,Yes,Fiber optic,Yes,No,Yes,No,No,No,Month-to-month,Yes,Bank transfer,90.38,3449.82,No
CUST101890,Female,0,Yes,Yes,60,Yes,No,Fiber optic,No,No,Yes,No,No,No,Two year,No,Credit card,77.5,4648.32,No
CUST101891,Female,0,No,No,2,Yes,Yes,Fiber optic,No,No,Yes,No,No,Yes,Month-to-month,Yes,Mailed check,81.39,327.51,No
CUST101892,Female,0,No,No,5,Yes,Yes,DSL,Yes,No,No,Yes,Yes,Yes,Two year,No,Mailed check,78.55,480.67,No
CUST101893,Male,0,No,No,15,Yes,No,DSL,No,Yes,Yes,Yes,Yes,No,Month-to-month,Yes,Electronic check,62.45,976.73,Yes
CUST101894,Male,0,Yes,No,36,Yes,Yes,Fiber optic,No,Yes,No,No,No,Yes,Month-to-month,Yes,Mailed check,93.19,3311.55,Yes
CUST101895,Female,0,No,No,70,Yes,Yes,No,No internet service,No internet service,No internet service,No internet service,No internet service,No internet service,Two year,No,Electronic check,39.28,2799.74,No
CUST101896,Male,0,No,Yes,5,Yes,No,Fiber optic,No,Yes,No,No,Yes,Yes,One year,No,Electronic check,83.52,286.2,No
CUST101897,Male,0,No,No,31,Yes,Yes,Fiber optic,No,No,No,Yes,Yes,No,Month-to-month,Yes,Mailed check,81.09,2505.39,No
CUST101898,Male,0,No,Yes,31,Yes,No,DSL,No,No,Yes,Yes,No,Yes,Two year,No,Mailed check,61.78,1872.93,No
CUST101899,Male,0,No,Yes,15,Yes,Yes,Fiber optic,No,No,No,No,No,No,Two year,No,Bank transfer,76.03,1200.12,No
CUST101900,Female,0,No,No,25,No,No phone service,No,No internet service,No internet service,No internet service,No internet service,No internet service,No internet service,One year,No,Mailed check,20.03,326.06,No
CUST101901,Male,0,No,Yes,15,Yes,No,Fiber optic,No,No,Yes,No,No,No,Month-to-month,Yes,Electronic check,76.68,1350.68,No
CUST101902,Male,0,No,Yes,10,Yes,No,Fiber optic,No,No,Yes,Yes,Yes,Yes,Month-to-month,Yes,Mailed check,93.38,898.12,No
CUST101903,Male,0,No,No,38,Yes,No,DSL,Yes,Yes,No,Yes,No,Yes,One year,Yes,Credit card,68.42,2728.76,No
CUST101904,Female,0,Yes,No,68,Yes,No,DSL,No,Yes,Yes,No,Yes,Yes,Two year,Yes,Mailed check,66.67,4591.4,No
CUST101905,Female,0,No,No,30,Yes,No,DSL,Yes,No,Yes,No,No,Yes,Month-to-month,Yes,Mailed check,58.89,1792.34,No
CUST101906,Female,0,No,No,46,Yes,Yes,Fiber optic,Yes,Yes,Yes,No,No,Yes,Month-to-month,Yes,Electronic check,101.41,4683.67,No
CUST101907,Female,1,Yes,No,49,Yes,No,Fiber optic,No,Yes,No,No,Yes,No,Month-to-month,Yes,Electronic check,84.08,4125.8,No
CUST101908,Female,0,Yes,No,61,Yes,No,DSL,No,No,No,No,Yes,No,Month-to-month,No,Credit card,51.57,3106.85,No
CUST101909,Female,1,No,No,60,Yes,Yes,No,No internet service,No internet service,No internet service,No internet service,No internet service,No internet service,One year,Yes,Electronic check,30.79,1880.99,No
CUST101910,Male,0,No,No,66,Yes,Yes,No,No internet service,No internet service,No internet service,No internet service,No internet service,No internet service,Month-to-month,Yes,Mailed check,41.21,2703.56,No
CUST101911,Female,0,Yes,No,59,Yes,Yes,Fiber optic,No,No,Yes,Yes,No,No,One year,Yes,Electronic check,93.84,5580.22,No
CUST101912,Male,0,Yes,Yes,67,Yes,Yes,No,No internet service,No internet service,No internet service,No internet service,No internet service,No internet service,One year,No,Mailed check,39.56,2683.31,No
CUST101913,Female,0,Yes,Yes,70,Yes,Yes,No,No internet service,No internet service,No internet service,No internet service,No internet service,No internet service,Month-to-month,No,Bank transfer,37.53,2594.96,No
CUST101914,Male,0,No,No,54,Yes,No,DSL,Yes,No,No,No,Yes,Yes,Two year,Yes,Bank transfer,60.64,3234.16,No
CUST101915,Female,0,No,Yes,36,Yes,No,No,No internet service,No internet service,No internet service,No internet service,No internet service,No internet service,Month-to-month,No,Credit card,33.12,1213.62,No
CUST101916,Male,0,No,No,23,Yes,No,Fiber optic,No,No,No,No,No,Yes,Month-to-month,No,Electronic check,79.31,1857.76,Yes
CUST101917,Female,0,Yes,No,42,Yes,Yes,DSL,Yes,Yes,No,No,No,Yes,Month-to-month,No,Electronic check,65.9,2728.21,Yes
CUST101918,Female,0,No,No,60,Yes,No,DSL,No,No,No,Yes,No,Yes,Month-to-month,Yes,Credit card,60.82,3568.5,No
CUST101919,Female,0,No,No,55,Yes,No,Fiber optic,No,No,Yes,No,Yes,No,Month-to-month,No,Mailed check,79.96,4418.08,No
CUST101920,Male,0,No,Yes,38,Yes,No,No,No internet service,No internet service,No internet service,No internet service,No internet service,No internet service,Two year,No,Credit card,31.32,1218.44,No
CUST101921,Female,0,Yes,No,6,Yes,No,Fiber optic,No,No,Yes,Yes,No,No,Month-to-month,No,Bank transfer,84.58,516.75,Yes
CUST101922,Male,0,Yes,No,20,Yes,No,Fiber optic,Yes,Yes,No,No,Yes,No,Month-to-month,No,Electronic check,89.08,1774.03,Yes
CUST101923,Male,0,No,No,42,Yes,No,DSL,No,No,No,Yes,No,No,Two year,Yes,Credit card,47.66,2065.23,No
CUST101924,Female,0,Yes,No,28,No,No phone service,No,No internet service,No internet service,No internet service,No internet service,No internet service,No internet service,Two year,Yes,Electronic check,22.47,551.33,No
CUST101925,Female,0,No,Yes,33,Yes,No,DSL,No,No,No,No,No,No,Month-to-month,Yes,Bank transfer,48.25,1525.21,No
CUST101926,Female,0,No,No,22,Yes,No,Fiber optic,No,No,No,No,No,No,Month-to-month,Yes,Electronic check,67.19,1432.33,Yes
CUST101927,Female,0,Yes,Yes,6,Yes,No,Fiber optic,No,No,No,No,No,No,Month-to-month,No,Bank transfer,68.64,402.51,No
CUST101928,Female,0,Yes,Yes,34,Yes,No,DSL,No,No,No,No,No,Yes,Month-to-month,No,Mailed check,60.62,2010.27,No
CUST101929,Female,0,No,No,33,Yes,Yes,No,No internet service,No internet service,No internet service,No internet service,No internet service,No internet service,Month-to-month,Yes,Electronic check,41.63,1324.67,No
CUST101930,Male,0,No,No,57,Yes,Yes,No,No internet service,No internet service,No internet service,No internet service,No internet service,No internet service,One year,Yes,Credit card,32.81,1942.69,No
CUST101931,Female,0,Yes,No,9,Yes,No,Fiber optic,No,Yes,Yes,Yes,Yes,No,Month-to-month,Yes,Electronic check,83.91,748.59,Yes
CUST101932,Female,1,Yes,No,35,Yes,Yes,Fiber optic,No,No,No,Yes,No,No,Month-to-month,Yes,Mailed check,87.93,3141.72,No
CUST101933,Male,0,No,No,62,Yes,Yes,No,No internet service,No internet service,No internet service,No internet service,No internet service,No internet service,One year,No,Electronic check,43.48,2696.14,No
CUST101934,Male,0,Yes,No,20,Yes,No,DSL,No,Yes,No,Yes,Yes,No,Month-to-month,No,Bank transfer,69.29,1328.82,Yes
CUST101935,Female,0,No,Yes,23,No,No phone service,DSL,No,No,No,No,Yes,No,Month-to-month,Yes,Mailed check,43.58,1090.92,No
CUST101936,Female,0,No,No,7,Yes,No,Fiber optic,No,No,No,No,No,No,One year,No,Mailed check,72.68,476.45,No
CUST101937,Female,0,Yes,Yes,42,Yes,No,Fiber optic,No,Yes,No,No,Yes,Yes,Month-to-month,Yes,Bank transfer,85.3,3609.69,Yes
CUST101938,Male,0,No,No,62,No,No phone service,Fiber optic,Yes,No,Yes,Yes,Yes,Yes,Month-to-month,No,Bank transfer,95.32,5968.63,No
CUST101939,Male,0,Yes,No,35,Yes,No,Fiber optic,Yes,No,No,No,Yes,No,Month-to-month,Yes,Credit card,79.67,2773.31,Yes
CUST101940,Female,0,Yes,No,31,Yes,Yes,Fiber optic,Yes,No,No,Yes,No,Yes,Month-to-month,Yes,Credit card,91.46,2815.01,No
CUST101941,Female,0,No,Yes,54,Yes,No,DSL,No,Yes,No,No,Yes,No,One year,Yes,Electronic check,57.66,3050.94,No
CUST101942,Female,0,No,No,32,Yes,No,DSL,No,Yes,No,No,Yes,No,Month-to-month,Yes,Bank transfer,55.76,1792.64,No
CUST101943,Male,1,No,Yes,29,Yes,No,DSL,Yes,Yes,Yes,No,Yes,No,Month-to-month,Yes,Electronic check,70.94,1995.89,No
CUST101944,Female,1,Yes,Yes,55,Yes,No,Fiber optic,Yes,Yes,No,Yes,No,Yes,Month-to-month,Yes,Electronic check,88.58,4849.65,No
CUST101945,Female,0,No,No,21,Yes,Yes,Fiber optic,Yes,No,Yes,No,No,No,Month-to-month,Yes,Mailed check,97.35,2015.49,Yes
CUST101946,Female,0,Yes,No,62,Yes,No,No,No internet service,No internet service,No internet service,No internet service,No internet service,No internet service,Two year,Yes,Mailed check,30.2,1826.74,No
CUST101947,Female,0,No,No,20,Yes,Yes,Fiber optic,No,No,No,No,No,Yes,Two year,Yes,Mailed check,82.6,1672.9,No
CUST101948,Male,0,No,No,37,Yes,No,Fiber optic,No,No,No,Yes,No,No,Month-to-month,Yes,Mailed check,71.09,2721.34,No
CUST101949,Female,0,Yes,No,19,Yes,Yes,DSL,Yes,Yes,No,No,Yes,No,Month-to-month,Yes,Bank transfer,68.76,1368.38,No
CUST101950,Female,0,Yes,No,46,Yes,Yes,Fiber optic,No,No,No,No,No,Yes,One year,Yes,Credit card,83.17,3670.05,No
CUST101951,Male,1,No,No,32,Yes,No,No,No internet service,No internet service,No internet service,No internet service,No internet service,No internet service,Month-to-month,Yes,Electronic check,26.91,864.03,Yes
CUST101952,Male,1,Yes,No,18,Yes,No,DSL,No,Yes,No,No,No,No,Month-to-month,No,Mailed check,49.02,1059.5,No
CUST101953,Female,0,No,Yes,54,Yes,No,Fiber optic,No,No,No,No,Yes,No,Two year,Yes,Electronic check,73.71,3987.37,No
CUST101954,Female,0,No,No,68,Yes,No,DSL,No,No,No,Yes,No,No,Month-to-month,Yes,Electronic check,54.63,3688.06,No
CUST101955,Male,0,No,No,3,Yes,No,Fiber optic,No,No,Yes,Yes,No,Yes,Month-to-month,Yes,Credit card,92.65,379.92,Yes
CUST101956,Female,0,Yes,Yes,41,Yes,No,Fiber optic,Yes,No,No,No,Yes,No,Month-to-month,Yes,Electronic check,78.55,3218.21,No
CUST101957,Male,0,Yes,Yes,52,Yes,Yes,Fiber optic,No,No,No,No,No,Yes,One year,Yes,Electronic check,83.8,4450.96,No
CUST101958,Male,0,Yes,Yes,52,Yes,Yes,Fiber optic,Yes,Yes,No,No,No,Yes,One year,No,Mailed check,86.8,4499.91,No
CUST101959,Male,0,No,No,16,Yes,No,No,No internet service,No internet service,No internet service,No internet service,No internet service,No internet service,Month-to-month,Yes,Electronic check,25.82,446.11,No
CUST101960,Female,0,No,No,9,Yes,Yes,No,No internet service,No internet service,No internet service,No internet service,No internet service,No internet service,One year,No,Mailed check,42.88,334.79,No
CUST101961,Male,0,No,No,37,Yes,No,Fiber optic,No,No,No,Yes,No,No,Month-to-month,Yes,Credit card,79.8,3032.13,No
CUST101962,Male,0,Yes,No,46,Yes,No,Fiber optic,No,Yes,Yes,Yes,Yes,No,Two year,Yes,Bank transfer,94.48,4341.85,No
CUST101963,Female,0,Yes,No,21,Yes,No,Fiber optic,No,Yes,No,No,No,No,Month-to-month,Yes,Mailed check,70.37,1487.93,No
CUST101964,Male,1,Yes,Yes,27,Yes,Yes,Fiber optic,No,No,Yes,Yes,Yes,Yes,Month-to-month,Yes,Bank transfer,98.21,2726.22,No
CUST101965,Male,0,No,No,39,Yes,No,Fiber optic,No,No,No,No,Yes,No,One year,Yes,Credit card,74.94,2959.27,No
CUST101966,Male,0,Yes,No,33,Yes,No,Fiber optic,No,No,No,No,Yes,No,Month-to-month,Yes,Electronic check,81.09,2662.14,No
CUST101967,Female,0,Yes,Yes,35,Yes,No,Fiber optic,No,No,No,Yes,No,No,One year,Yes,Bank transfer,80.2,2695.71,No
CUST101968,Female,0,No,Yes,50,Yes,No,DSL,Yes,Yes,No,No,No,No,Month-to-month,Yes,Bank transfer,56.03,2792.5,No
CUST101969,Male,1,No,No,71,Yes,No,DSL,No,No,No,No,Yes,No,Month-to-month,Yes,Bank transfer,56.64,3992.68,No
CUST101970,Female,0,Yes,No,58,Yes,Yes,Fiber optic,No,No,No,No,Yes,No,Month-to-month,Yes,Electronic check,81.09,4704.42,No
CUST101971,Male,1,No,No,1,Yes,Yes,No,No internet service,No internet service,No internet service,No internet service,No internet service,No internet service,Month-to-month,Yes,Bank transfer,36.32,19.36,No
CUST101972,Male,0,Yes,Yes,26,Yes,No,Fiber optic,No,No,No,No,Yes,No,Month-to-month,No,Bank transfer,81.24,2212.34,No
CUST101973,Male,0,Yes,Yes,1,Yes,Yes,No,No internet service,No internet service,No internet service,No internet service,No internet service,No internet service,Month-to-month,No,Bank transfer,41.42,84.12,Yes
CUST101974,Female,0,Yes,Yes,63,Yes,Yes,Fiber optic,No,No,No,No,Yes,No,Month-to-month,Yes,Electronic check,79.41,4974.86,No
CUST101975,Male,0,Yes,No,47,Yes,Yes,DSL,No,No,No,No,Yes,No,Two year,Yes,Electronic check,65.85,3150.34,No
CUST101976,Female,0,No,No,16,Yes,No,Fiber optic,Yes,No,No,Yes,No,Yes,One year,Yes,Bank transfer,96.7,1662.22,No
CUST101977,Male,0,No,No,61,Yes,No,No,No internet service,No internet service,No internet service,No internet service,No internet service,No internet service,Month-to-month,No,Bank transfer,22.38,1314.16,No
CUST101978,Female,0,No,No,41,Yes,No,Fiber optic,No,No,Yes,No,Yes,No,Month-to-month,Yes,Credit card,75.73,3086.56,No
CUST101979,Female,0,Yes,Yes,4,Yes,Yes,Fiber optic,Yes,Yes,Yes,No,No,No,Month-to-month,Yes,Mailed check,98.59,340.07,Yes
CUST101980,Male,1,No,No,11,Yes,Yes,Fiber optic,No,No,Yes,Yes,No,No,Month-to-month,Yes,Electronic check,85.59,970.73,No
CUST101981,Male,0,No,No,59,Yes,Yes,DSL,No,No,Yes,Yes,Yes,No,Month-to-month,Yes,Bank transfer,69.39,4260.72,No
CUST101982,Male,0,Yes,No,21,Yes,No,DSL,Yes,No,No,No,Yes,Yes,Month-to-month,No,Bank transfer,70.03,1565.22,Yes
CUST101983,Female,0,No,No,38,Yes,No,DSL,No,No,No,No,Yes,No,Two year,Yes,Mailed check,49.75,1865.04,No
CUST101984,Male,0,No,Yes,65,Yes,Yes,Fiber optic,Yes,No,Yes,No,Yes,Yes,One year,Yes,Bank transfer,102.38,6705.9,No
CUST101985,Male,1,No,No,21,Yes,Yes,No,No internet service,No internet service,No internet service,No internet service,No internet service,No internet service,Month-to-month,No,Electronic check,29.86,725.69,No
CUST101986,Male,0,Yes,No,1,Yes,Yes,DSL,No,No,Yes,Yes,No,No,Month-to-month,Yes,Electronic check,66.81,18.0,No
CUST101987,Male,0,No,Yes,7,Yes,No,DSL,Yes,No,No,No,Yes,Yes,Month-to-month,No,Electronic check,68.79,401.68,No
CUST101988,Female,0,Yes,No,66,No,No phone service,Fiber optic,No,No,No,Yes,No,Yes,Month-to-month,Yes,Electronic check,75.04,5027.16,No
CUST101989,Female,0,No,No,44,Yes,No,No,No internet service,No internet service,No internet service,No internet service,No internet service,No internet service,Month-to-month,No,Bank transfer,28.41,1132.2,No
CUST101990,Male,0,No,Yes,24,Yes,No,Fiber optic,No,No,Yes,No,No,No,Month-to-month,Yes,Electronic check,75.3,1812.94,Yes
CUST101991,Male,0,Yes,No,6,Yes,Yes,Fiber optic,Yes,No,No,No,No,No,Month-to-month,Yes,Credit card,81.68,548.14,Yes
CUST101992,Female,1,No,No,51,Yes,No,Fiber optic,No,No,No,No,No,No,Month-to-month,No,Electronic check,70.07,3599.3,No
CUST101993,Female,1,No,No,3,Yes,No,Fiber optic,No,No,No,No,No,No,One year,Yes,Bank transfer,73.85,214.02,No
CUST101994,Male,0,No,No,7,Yes,Yes,No,No internet service,No internet service,No internet service,No internet service,No internet service,No internet service,Month-to-month,Yes,Mailed check,28.22,307.58,No
CUST101995,Male,0,Yes,Yes,43,Yes,No,DSL,Yes,No,No,No,Yes,Yes,Two year,No,Electronic check,72.7,3192.88,No
CUST101996,Female,0,Yes,No,47,Yes,No,No,No internet service,No internet service,No internet service,No internet service,No internet service,No internet service,Month-to-month,No,Mailed check,29.11,1544.63,No
CUST101997,Male,0,Yes,No,42,No,No phone service,Fiber optic,No,No,No,No,Yes,Yes,Month-to-month,Yes,Credit card,85.37,3495.96,No
CUST101998,Male,0,Yes,Yes,66,Yes,No,Fiber optic,No,Yes,No,Yes,Yes,No,Month-to-month,Yes,Credit card,88.37,5790.29,No
CUST101999,Female,1,No,No,20,Yes,No,DSL,No,No,No,No,No,Yes,Month-to-month,Yes,Electronic check,53.4,1062.75,No
CUST102000,Female,0,Yes,No,40,Yes,Yes,No,No internet service,No internet service,No internet service,No internet service,No internet service,No internet service,Month-to-month,Yes,Mailed check,37.87,1618.92,No
CUST102001,Male,0,No,Yes,23,Yes,Yes,Fiber optic,Yes,Yes,No,No,No,No,Month-to-month,Yes,Electronic check,82.36,1953.68,Yes
CUST102002,Female,0,No,No,27,Yes,No,Fiber optic,No,No,No,No,No,Yes,Month-to-month,Yes,Mailed check,73.09,1940.99,No
CUST102003,Female,0,No,No,11,Yes,Yes,Fiber optic,Yes,Yes,Yes,No,Yes,No,Month-to-month,Yes,Electronic check,98.56,1005.88,No
CUST102004,Female,0,Yes,No,58,Yes,No,DSL,No,Yes,Yes,Yes,No,Yes,Month-to-month,Yes,Credit card,68.66,3895.18,No
CUST102005,Male,0,No,No,51,Yes,No,DSL,No,No,Yes,Yes,No,Yes,One year,No,Bank transfer,67.48,3580.97,No
CUST102006,Female,0,No,No,52,Yes,Yes,DSL,Yes,No,Yes,Yes,Yes,Yes,One year,Yes,Electronic check,82.67,4296.94,No
CUST102007,Female,0,No,No,11,Yes,No,DSL,Yes,No,No,Yes,No,No,One year,No,Credit card,62.17,699.81,No
CUST102008,Female,0,Yes,Yes,9,Yes,No,Fiber optic,No,No,Yes,Yes,No,Yes,Two year,No,Bank transfer,76.65,610.31,No
CUST102009,Male,0,No,No,57,Yes,Yes,Fiber optic,No,No,Yes,No,Yes,No,Month-to-month,No,Electronic check,96.59,5508.12,No
CUST102010,Male,0,Yes,No,48,Yes,No,Fiber optic,No,Yes,Yes,No,No,Yes,Two year,Yes,Credit card,85.71,4045.56,No
CUST102011,Female,0,No,No,3,Yes,Yes,Fiber optic,No,No,Yes,No,Yes,Yes,Month-to-month,No,Mailed check,99.09,307.81,Yes
CUST102012,Female,0,Yes,No,48,Yes,No,DSL,Yes,No,No,No,No,No,Month-to-month,No,Mailed check,56.15,2668.59,No
CUST102013,Female,1,Yes,No,71,Yes,No,Fiber optic,No,No,No,No,Yes,Yes,One year,Yes,Electronic check,79.09,5558.24,No
CUST102014,Male,0,No,No,55,Yes,No,Fiber optic,Yes,No,Yes,No,No,Yes,Month-to-month,No,Electronic check,93.14,5218.52,No
CUST102015,Male,0,Yes,No,20,Yes,No,Fiber optic,No,No,No,No,Yes,No,Month-to-month,No,Electronic check,80.37,1709.76,No
CUST102016,Female,0,No,No,23,No,No phone service,DSL,No,No,Yes,No,Yes,Yes,Month-to-month,No,Credit card,64.45,1522.03,No
CUST102017,Female,0,No,No,55,Yes,No,No,No internet service,No internet service,No internet service,No internet service,No internet service,No internet service,Month-to-month,Yes,Electronic check,28.66,1432.69,No
CUST102018,Male,0,Yes,Yes,29,No,No phone service,Fiber optic,No,Yes,Yes,No,Yes,Yes,Month-to-month,Yes,Mailed check,86.34,2419.33,No
CUST102019,Male,0,Yes,Yes,54,Yes,Yes,No,No internet service,No internet service,No internet service,No internet service,No internet service,No internet service,One year,Yes,Credit card,32.39,1667.9,No
CUST102020,Female,0,Yes,No,70,Yes,No,Fiber optic,No,No,No,No,Yes,No,Month-to-month,No,Credit card,74.54,5368.24,No
CUST102021,Female,0,No,No,30,Yes,No,Fiber optic,No,No,No,No,No,No,Month-to-month,No,Credit card,70.1,2187.78,No
CUST102022,Male,0,No,No,42,Yes,Yes,No,No internet service,No internet service,No internet service,No internet service,No internet service,No internet service,Month-to-month,Yes,Credit card,37.69,1691.7,No
CUST102023,Male,0,Yes,Yes,36,Yes,No,No,No internet service,No internet service,No internet service,No internet service,No internet service,No internet service,Two year,No,Credit card,31.36,1069.08,No
CUST102024,Male,1,Yes,No,37,Yes,No,No,No internet service,No internet service,No internet service,No internet service,No internet service,No internet service,Two year,No,Credit card,24.31,776.76,No
CUST102025,Female,0,Yes,No,6,Yes,Yes,No,No internet service,No internet service,No internet service,No internet service,No internet service,No internet service,One year,Yes,Mailed check,34.95,291.03,Yes
CUST102026,Female,0,No,No,72,Yes,No,No,No internet service,No internet service,No internet service,No internet service,No internet service,No internet service,Month-to-month,No,Electronic check,29.25,1924.61,No
CUST102027,Male,0,Yes,No,39,Yes,Yes,Fiber optic,Yes,No,Yes,No,Yes,Yes,Month-to-month,Yes,Electronic check,92.73,3622.94,No
CUST102028,Male,0,Yes,No,17,Yes,Yes,DSL,No,No,No,No,No,No,Month-to-month,Yes,Mailed check,56.79,1013.75,Yes
CUST102029,Male,0,No,Yes,42,Yes,Yes,Fiber optic,Yes,Yes,No,Yes,Yes,Yes,One year,Yes,Electronic check,105.3,4332.99,No
CUST102030,Female,0,Yes,Yes,29,No,No phone service,Fiber optic,Yes,No,No,No,No,Yes,Month-to-month,Yes,Electronic check,74.39,2278.09,Yes
CUST102031,Male,0,No,Yes,60,Yes,Yes,Fiber optic,Yes,No,Yes,No,Yes,Yes,One year,Yes,Electronic check,107.16,6406.81,No
CUST102032,Female,0,No,Yes,55,No,No phone service,Fiber optic,Yes,Yes,Yes,No,Yes,Yes,Month-to-month,Yes,Mailed check,87.35,4830.37,No
CUST102033,Female,0,No,No,28,Yes,No,Fiber optic,No,No,No,No,No,No,Two year,No,Mailed check,66.85,1914.43,No
CUST102034,Male,0,Yes,Yes,52,Yes,Yes,No,No internet service,No internet service,No internet service,No internet service,No internet service,No internet service,Month-to-month,No,Electronic check,26.17,1376.02,No
CUST102035,Male,0,No,No,3,Yes,No,Fiber optic,Yes,No,No,No,Yes,Yes,Month-to-month,No,Bank transfer,89.01,222.05,No
CUST102036,Male,0,Yes,No,70,Yes,No,DSL,No,No,No,No,No,No,Month-to-month,Yes,Electronic check,50.67,3481.99,No
CUST102037,Male,0,No,No,37,Yes,No,Fiber optic,No,No,Yes,No,No,No,One year,No,Mailed check,66.85,2503.93,No
CUST102038,Female,1,Yes,No,48,Yes,No,Fiber optic,No,Yes,Yes,No,No,Yes,Two year,No,Electronic check,83.14,4040.92,No
CUST102039,Male,0,No,No,47,Yes,Yes,DSL,No,Yes,No,No,No,No,Month-to-month,Yes,Bank transfer,58.93,2847.95,No
CUST102040,Female,0,Yes,No,23,Yes,No,Fiber optic,Yes,Yes,No,Yes,Yes,No,Two year,Yes,Credit card,90.42,2067.8,No
CUST102041,Female,0,No,No,50,Yes,No,No,No internet service,No internet service,No internet service,No internet service,No internet service,No internet service,Month-to-month,Yes,Electronic check,26.46,1329.37,No
CUST102042,Male,0,No,No,29,Yes,Yes,DSL,No,Yes,No,No,Yes,No,Month-to-month,Yes,Credit card,65.88,1839.91,No
CUST102043,Male,1,Yes,No,50,Yes,No,Fiber optic,No,No,No,No,No,No,Month-to-month,No,Credit card,77.61,3962.3,No
CUST102044,Male,0,No,No,7,Yes,No,Fiber optic,No,No,No,No,Yes,Yes,Month-to-month,No,Credit card,84.43,523.28,No
CUST102045,Female,0,No,Yes,11,Yes,No,Fiber optic,No,Yes,No,No,No,Yes,Two year,Yes,Credit card,83.23,962.7,No
CUST102046,Male,0,Yes,No,67,Yes,No,Fiber optic,Yes,Yes,No,No,Yes,No,Month-to-month,Yes,Mailed check,89.2,6057.51,No
CUST102047,Female,1,No,No,53,Yes,Yes,Fiber optic,No,No,Yes,No,No,Yes,Month-to-month,No,Electronic check,81.48,4398.2,No
CUST102048,Male,0,No,Yes,10,Yes,No,Fiber optic,No,No,Yes,No,No,Yes,Month-to-month,No,Electronic check,83.57,726.76,Yes
CUST102049,Male,0,No,Yes,16,Yes,No,No,No internet service,No internet service,No internet service,No internet service,No internet service,No internet service,One year,Yes,Electronic check,22.1,230.07,No
CUST102050,Male,0,Yes,Yes,40,Yes,No,DSL,No,No,Yes,No,Yes,Yes,Two year,Yes,Mailed check,65.38,2541.68,No
CUST102051,Female,0,No,Yes,1,Yes,No,Fiber optic,Yes,Yes,No,No,Yes,Yes,Two year,Yes,Credit card,98.65,18.0,Yes
CUST102052,Female,0,Yes,Yes,29,Yes,No,Fiber optic,Yes,No,Yes,No,No,No,Month-to-month,No,Electronic check,78.6,2448.34,No
CUST102053,Female,0,No,No,24,Yes,No,DSL,No,Yes,Yes,No,Yes,No,Month-to-month,Yes,Mailed check,67.56,1651.05,No
CUST102054,Male,0,Yes,No,10,Yes,No,No,No internet service,No internet service,No internet service,No internet service,No internet service,No internet service,Month-to-month,Yes,Credit card,21.36,112.36,No
CUST102055,Male,0,Yes,No,22,Yes,No,Fiber optic,Yes,Yes,No,No,Yes,No,Two year,Yes,Electronic check,88.37,1864.51,No
CUST102056,Female,0,Yes,No,22,Yes,Yes,DSL,No,No,No,No,No,Yes,Month-to-month,Yes,Electronic check,61.44,1476.89,Yes
CUST102057,Male,0,Yes,Yes,5,Yes,No,DSL,No,Yes,No,No,No,Yes,Two year,Yes,Electronic check,47.48,340.97,No
CUST102058,Male,0,No,No,46,No,No phone service,DSL,Yes,Yes,No,No,No,No,Two year,Yes,Electronic check,50.32,2208.78,No
CUST102059,Female,0,No,Yes,20,Yes,Yes,Fiber optic,Yes,No,No,No,Yes,No,One year,No,Mailed check,77.32,1608.4,No
CUST102060,Female,0,No,No,3,Yes,Yes,Fiber optic,No,No,Yes,No,Yes,Yes,One year,Yes,Mailed check,96.94,265.63,No
CUST102061,Male,1,No,No,2,Yes,No,Fiber optic,No,No,No,No,No,Yes,Month-to-month,No,Bank transfer,79.04,141.78,No
CUST102062,Male,0,Yes,No,70,No,No phone service,Fiber optic,No,No,No,Yes,Yes,Yes,Month-to-month,No,Electronic check,79.54,5459.41,No
CUST102063,Female,0,Yes,No,9,Yes,No,Fiber optic,No,No,No,Yes,Yes,No,Month-to-month,Yes,Bank transfer,82.92,714.76,No
CUST102064,Male,0,No,No,66,Yes,No,No,No internet service,No internet service,No internet service,No internet service,No internet service,No internet service,Month-to-month,Yes,Electronic check,37.31,2379.61,No
CUST102065,Male,0,No,No,12,Yes,Yes,No,No internet service,No internet service,No internet service,No internet service,No internet service,No internet service,One year,Yes,Mailed check,33.05,497.83,No
CUST102066,Male,0,No,No,7,No,No phone service,Fiber optic,Yes,Yes,No,No,Yes,No,Month-to-month,Yes,Electronic check,74.56,444.43,No
CUST102067,Male,0,Yes,No,40,Yes,No,Fiber optic,Yes,Yes,No,Yes,No,Yes,Two year,No,Credit card,100.41,4109.11,No
CUST102068,Male,0,No,Yes,63,Yes,Yes,No,No internet service,No internet service,No internet service,No internet service,No internet service,No internet service,Two year,No,Bank transfer,36.01,2237.61,No
CUST102069,Female,0,Yes,Yes,6,No,No phone service,Fiber optic,Yes,No,Yes,No,No,Yes,Month-to-month,Yes,Electronic check,83.86,349.42,Yes
CUST102070,Female,0,No,No,24,Yes,No,DSL,No,Yes,No,No,No,No,Month-to-month,No,Bank transfer,44.65,1018.7,No
CUST102071,Female,0,Yes,No,55,Yes,Yes,DSL,Yes,No,No,No,No,No,Month-to-month,No,Mailed check,48.3,2554.71,No
CUST102072,Male,1,No,No,5,Yes,Yes,No,No internet service,No internet service,No internet service,No internet service,No internet service,No internet service,Month-to-month,Yes,Credit card,31.67,192.96,Yes
CUST102073,Female,0,Yes,Yes,13,Yes,No,Fiber optic,No,No,Yes,No,No,Yes,One year,Yes,Credit card,81.42,960.38,No
CUST102074,Female,0,No,Yes,23,Yes,Yes,Fiber optic,No,No,No,No,Yes,Yes,One year,No,Electronic check,89.03,2006.87,No
CUST102075,Male,1,Yes,No,59,Yes,No,No,No internet service,No internet service,No internet service,No internet service,No internet service,No internet service,One year,Yes,Mailed check,26.03,1556.44,No
CUST102076,Female,0,No,Yes,59,No,No phone service,DSL,Yes,Yes,No,Yes,No,Yes,Month-to-month,No,Electronic check,52.63,3003.69,No
CUST102077,Female,0,Yes,No,52,No,No phone service,No,No internet service,No internet service,No internet service,No internet service,No internet service,No internet service,Two year,Yes,Bank transfer,21.0,1197.61,No
CUST102078,Female,0,No,Yes,48,Yes,Yes,Fiber optic,No,No,Yes,Yes,No,No,One year,Yes,Electronic check,86.06,4141.47,No
CUST102079,Female,0,Yes,Yes,2,Yes,Yes,Fiber optic,Yes,No,No,Yes,No,Yes,Two year,Yes,Mailed check,85.3,171.86,No
CUST102080,Female,0,Yes,Yes,18,Yes,No,DSL,No,No,No,No,Yes,Yes,Two year,Yes,Credit card,58.86,933.16,No
CUST102081,Male,0,No,No,67,Yes,No,DSL,No,No,Yes,No,No,Yes,One year,Yes,Mailed check,57.57,3809.75,No
CUST102082,Female,0,Yes,No,52,No,No phone service,Fiber optic,Yes,No,Yes,No,No,No,Month-to-month,Yes,Credit card,76.34,3941.63,Yes
CUST102083,Female,1,Yes,No,18,No,No phone service,Fiber optic,Yes,No,Yes,No,No,No,Two year,No,Electronic check,69.95,1154.62,Yes
CUST102084,Male,1,No,No,51,Yes,Yes,DSL,Yes,Yes,No,No,Yes,No,Month-to-month,Yes,Credit card,73.98,3835.68,Yes
CUST102085,Female,0,No,No,53,Yes,No,DSL,No,No,Yes,No,No,Yes,Month-to-month,Yes,Credit card,61.53,3257.08,No
CUST102086,Male,0,No,No,54,Yes,No,Fiber optic,Yes,No,No,No,No,Yes,Month-to-month,No,Mailed check,78.8,4179.12,No
CUST102087,Male,0,Yes,No,71,Yes,No,No,No internet service,No internet service,No internet service,No internet service,No internet service,No internet service,Month-to-month,No,Electronic check,30.78,2150.79,No
CUST102088,Male,1,No,Yes,39,Yes,No,DSL,No,No,Yes,No,Yes,Yes,Month-to-month,No,Mailed check,69.66,2712.42,Yes
CUST102089,Female,0,No,No,5,Yes,No,DSL,No,No,No,No,Yes,No,Month-to-month,Yes,Bank transfer,57.46,439.33,No
CUST102090,Female,1,Yes,No,59,Yes,No,Fiber optic,No,Yes,Yes,No,No,Yes,One year,Yes,Electronic check,88.48,5244.74,No
CUST102091,Male,0,No,No,2,Yes,Yes,Fiber optic,No,No,No,No,No,Yes,One year,Yes,Credit card,83.64,94.85,No
CUST102092,Female,0,Yes,No,47,Yes,Yes,Fiber optic,No,No,No,No,Yes,Yes,Two year,Yes,Bank transfer,85.59,3961.77,No
CUST102093,Male,0,No,No,58,Yes,Yes,No,No internet service,No internet service,No internet service,No internet service,No internet service,No internet service,Two year,Yes,Credit card,39.8,2268.12,No
CUST102094,Female,0,No,No,10,Yes,No,DSL,No,Yes,Yes,No,Yes,Yes,Month-to-month,No,Electronic check,64.2,680.22,Yes
CUST102095,Female,0,Yes,Yes,58,Yes,Yes,Fiber optic,No,No,No,Yes,Yes,No,One year,No,Mailed check,88.38,5149.59,No
CUST102096,Male,1,Yes,No,59,Yes,Yes,No,No internet service,No internet service,No internet service,No internet service,No internet service,No internet service,One year,No,Electronic check,39.38,2353.23,No
CUST102097,Male,0,Yes,Yes,48,Yes,No,Fiber optic,No,No,No,No,No,No,Month-to-month,Yes,Electronic check,66.04,3153.92,No
CUST102098,Male,0,Yes,Yes,24,Yes,No,Fiber optic,No,Yes,No,No,Yes,Yes,Two year,No,Electronic check,89.0,2003.28,No
CUST102099,Male,0,No,No,15,Yes,Yes,No,No internet service,No internet service,No internet service,No internet service,No internet service,No internet service,Two year,No,Electronic check,28.72,465.85,No
CUST102100,Female,0,No,No,51,Yes,Yes,DSL,No,No,No,No,No,Yes,Month-to-month,Yes,Bank transfer,58.57,2916.77,No
CUST102101,Male,0,No,No,12,Yes,No,DSL,Yes,No,No,Yes,No,No,Two year,Yes,Electronic check,52.03,659.18,No
CUST102102,Male,1,Yes,No,49,Yes,No,DSL,No,No,No,No,No,Yes,Month-to-month,No,Electronic check,49.87,2336.61,No
CUST102103,Female,1,No,No,13,Yes,No,No,No internet service,No internet service,No internet service,No internet service,No internet service,No internet service,Two year,Yes,Mailed check,30.31,384.56,No
CUST102104,Female,0,Yes,No,25,Yes,Yes,No,No internet service,No internet service,No internet service,No internet service,No internet service,No internet service,One year,Yes,Bank transfer,37.66,992.31,No
CUST102105,Male,0,Yes,No,37,Yes,No,DSL,No,Yes,No,No,Yes,No,Month-to-month,No,Bank transfer,55.73,2212.72,No
CUST102106,Female,0,No,No,12,Yes,Yes,Fiber optic,No,Yes,Yes,Yes,No,No,Two year,Yes,Bank transfer,93.12,1066.52,No
CUST102107,Male,1,Yes,Yes,58,Yes,No,Fiber optic,Yes,No,No,No,Yes,Yes,Month-to-month,Yes,Electronic check,87.19,5165.44,No
CUST102108,Female,0,No,No,51,Yes,No,DSL,Yes,Yes,Yes,No,No,No,Month-to-month,Yes,Bank transfer,59.61,3115.09,No
CUST102109,Female,0,No,No,2,Yes,No,No,No internet service,No internet service,No internet service,No internet service,No internet service,No internet service,One year,No,Bank transfer,23.41,18.0,No
CUST102110,Female,1,Yes,No,62,Yes,Yes,Fiber optic,No,No,No,No,No,Yes,One year,No,Electronic check,81.94,5073.94,No
CUST102111,Female,1,No,Yes,52,No,No phone service,No,No internet service,No internet service,No internet service,No internet service,No internet service,No internet service,Month-to-month,No,Electronic check,18.0,885.21,No
CUST102112,Male,0,No,No,61,Yes,No,Fiber optic,Yes,Yes,Yes,No,Yes,No,One year,No,Credit card,100.45,6062.25,No
CUST102113,Male,0,No,No,44,Yes,No,DSL,No,No,No,Yes,Yes,Yes,Month-to-month,No,Electronic check,69.84,2949.81,No
CUST102114,Male,0,Yes,Yes,46,Yes,Yes,Fiber optic,No,Yes,Yes,No,Yes,No,Month-to-month,Yes,Electronic check,103.83,4690.15,No
CUST102115,Male,0,Yes,No,28,Yes,No,Fiber optic,No,Yes,Yes,No,No,No,One year,Yes,Electronic check,84.56,2158.11,Yes
CUST102116,Female,0,Yes,Yes,17,Yes,Yes,DSL,No,Yes,No,No,Yes,No,Month-to-month,No,Credit card,66.27,1131.16,Yes
CUST102117,Male,0,Yes,No,17,Yes,No,DSL,Yes,No,No,No,No,No,Month-to-month,Yes,Mailed check,42.29,834.0,Yes
CUST102118,Male,0,Yes,No,23,Yes,No,No,No internet service,No internet service,No internet service,No internet service,No internet service,No internet service,Two year,No,Credit card,32.2,754.86,No
CUST102119,Male,0,No,No,21,Yes,Yes,Fiber optic,No,No,No,No,Yes,Yes,Two year,Yes,Credit card,96.44,2024.15,No
CUST102120,Male,0,No,Yes,55,Yes,No,Fiber optic,No,Yes,Yes,No,No,Yes,Month-to-month,Yes,Bank transfer,82.5,4483.87,No
CUST102121,Male,0,Yes,No,38,Yes,Yes,DSL,No,Yes,Yes,Yes,Yes,Yes,One year,Yes,Electronic check,84.29,3350.62,Yes
CUST102122,Male,1,No,No,30,Yes,No,Fiber optic,Yes,Yes,No,Yes,Yes,No,Two year,No,Mailed check,92.67,2859.0,No
CUST102123,Male,0,No,No,53,Yes,No,Fiber optic,No,No,No,No,No,No,Two year,No,Credit card,69.77,3592.0,No
CUST102124,Male,1,No,No,53,Yes,No,DSL,Yes,No,Yes,No,No,Yes,Month-to-month,Yes,Credit card,65.26,3622.07,No
CUST102125,Male,0,No,No,68,Yes,Yes,DSL,No,Yes,No,No,No,No,Month-to-month,Yes,Credit card,59.92,4193.27,No
CUST102126,Female,0,No,Yes,23,No,No phone service,Fiber optic,No,No,No,No,No,Yes,Month-to-month,No,Credit card,65.08,1409.38,No
CUST102127,Female,1,Yes,No,18,Yes,No,Fiber optic,Yes,Yes,No,No,Yes,Yes,Month-to-month,Yes,Bank transfer,97.93,1822.26,Yes
CUST102128,Male,0,Yes,No,1,No,No phone service,DSL,Yes,Yes,Yes,No,No,No,Month-to-month,Yes,Mailed check,47.22,29.28,No
CUST102129,Female,0,No,No,12,Yes,Yes,No,No internet service,No internet service,No internet service,No internet service,No internet service,No internet service,One year,Yes,Mailed check,37.0,283.45,No
CUST102130,Female,0,No,No,44,Yes,No,DSL,No,Yes,No,Yes,Yes,No,One year,Yes,Mailed check,64.23,2750.06,No
CUST102131,Male,0,No,Yes,59,Yes,Yes,No,No internet service,No internet service,No internet service,No internet service,No internet service,No internet service,Two year,Yes,Electronic check,32.05,1948.93,No
CUST102132,Male,0,No,Yes,44,Yes,No,DSL,No,No,No,Yes,No,Yes,Month-to-month,Yes,Electronic check,63.04,2821.66,No
CUST102133,Male,0,Yes,No,72,Yes,No,Fiber optic,No,No,No,Yes,No,Yes,Month-to-month,Yes,Electronic check,74.48,5580.51,No
CUST102134,Female,0,Yes,No,46,Yes,Yes,Fiber optic,No,No,Yes,No,No,No,Month-to-month,Yes,Electronic check,83.13,3835.66,Yes
CUST102135,Female,0,No,Yes,64,Yes,No,Fiber optic,No,No,Yes,No,No,Yes,Month-to-month,Yes,Electronic check,82.83,5153.46,No
CUST102136,Male,0,Yes,No,20,Yes,Yes,No,No internet service,No internet service,No internet service,No internet service,No internet service,No internet service,Month-to-month,Yes,Bank transfer,41.37,745.87,No
CUST102137,Male,0,No,No,24,Yes,Yes,DSL,No,Yes,Yes,No,No,Yes,Two year,Yes,Bank transfer,72.68,1705.32,No
CUST102138,Female,0,No,No,59,No,No phone service,DSL,Yes,Yes,No,No,No,No,Month-to-month,No,Mailed check,39.15,2282.66,No
CUST102139,Male,0,No,No,48,Yes,No,DSL,No,Yes,No,No,No,Yes,One year,No,Bank transfer,56.18,2666.51,No
CUST102140,Female,0,Yes,No,36,Yes,Yes,Fiber optic,Yes,Yes,Yes,Yes,No,Yes,Month-to-month,No,Mailed check,110.5,3999.75,No
CUST102141,Male,0,No,No,69,Yes,No,No,No internet service,No internet service,No internet service,No internet service,No internet service,No internet service,Month-to-month,Yes,Mailed check,27.39,2005.45,No
CUST102142,Male,0,Yes,No,55,Yes,No,DSL,No,No,Yes,Yes,Yes,No,Two year,Yes,Mailed check,58.56,3248.1,No
CUST102143,Male,0,No,No,22,No,No phone service,Fiber optic,No,No,No,Yes,Yes,Yes,Two year,No,Electronic check,80.8,1618.98,No
CUST102144,Male,0,Yes,No,44,Yes,No,Fiber optic,No,No,Yes,No,Yes,No,Month-to-month,Yes,Bank transfer,88.71,3927.94,No
CUST102145,Female,0,No,Yes,29,Yes,No,No,No internet service,No internet service,No internet service,No internet service,No internet service,No internet service,Two year,Yes,Bank transfer,24.61,564.68,No
CUST102146,Female,1,Yes,No,30,Yes,No,Fiber optic,No,Yes,No,Yes,Yes,No,Month-to-month,Yes,Electronic check,82.81,2426.79,No
CUST102147,Female,1,Yes,Yes,58,No,No phone service,No,No internet service,No internet service,No internet service,No internet service,No internet service,No internet service,One year,No,Credit card,19.09,1241.65,No
CUST102148,Male,0,Yes,No,49,Yes,Yes,Fiber optic,Yes,No,Yes,Yes,No,Yes,Month-to-month,Yes,Electronic check,96.4,4555.24,Yes
CUST102149,Male,0,Yes,No,1,No,No phone service,No,No internet service,No internet service,No internet service,No internet service,No internet service,No internet service,Month-to-month,Yes,Mailed check,22.95,173.92,No
CUST102150,Male,0,Yes,No,42,Yes,Yes,Fiber optic,No,No,No,Yes,No,Yes,One year,Yes,Credit card,87.59,3714.86,No
CUST102151,Female,1,No,No,47,No,No phone service,Fiber optic,Yes,No,No,Yes,Yes,No,Two year,Yes,Bank transfer,80.41,3799.48,No
CUST102152,Female,0,No,Yes,37,Yes,Yes,No,No internet service,No internet service,No internet service,No internet service,No internet service,No internet service,Two year,No,Bank transfer,41.52,1421.72,No
CUST102153,Male,0,Yes,No,22,Yes,No,Fiber optic,No,No,No,No,No,No,Month-to-month,Yes,Bank transfer,66.21,1456.47,No
CUST102154,Male,0,No,No,47,Yes,Yes,DSL,No,No,No,No,No,No,Two year,No,Electronic check,57.15,2639.37,No
CUST102155,Male,0,No,Yes,69,Yes,Yes,Fiber optic,Yes,No,No,Yes,No,No,Month-to-month,No,Bank transfer,90.62,6176.39,No
CUST102156,Female,1,No,Yes,7,Yes,No,No,No internet service,No internet service,No internet service,No internet service,No internet service,No internet service,Month-to-month,Yes,Bank transfer,23.03,143.96,No
CUST102157,Female,1,Yes,No,44,Yes,Yes,Fiber optic,No,No,No,No,Yes,No,Month-to-month,Yes,Electronic check,89.51,4119.79,No
CUST102158,Male,0,Yes,No,66,Yes,No,DSL,No,No,Yes,No,No,No,Month-to-month,Yes,Electronic check,46.08,3097.14,No
CUST102159,Male,0,No,No,29,Yes,No,No,No internet service,No internet service,No internet service,No internet service,No internet service,No internet service,Month-to-month,No,Credit card,22.18,618.5,Yes
CUST102160,Female,0,Yes,Yes,25,No,No phone service,Fiber optic,Yes,No,No,No,Yes,No,One year,Yes,Electronic check,70.64,1788.77,No
CUST102161,Male,0,Yes,No,18,Yes,Yes,DSL,Yes,No,No,Yes,No,No,Month-to-month,Yes,Credit card,59.78,1034.59,No
CUST102162,Female,1,No,No,17,Yes,No,DSL,No,No,Yes,No,No,No,One year,Yes,Electronic check,49.62,892.96,No
CUST102163,Female,0,Yes,No,29,Yes,Yes,DSL,Yes,No,Yes,No,Yes,No,Month-to-month,Yes,Mailed check,65.57,1796.14,No
CUST102164,Male,0,No,No,56,Yes,Yes,Fiber optic,Yes,No,Yes,Yes,No,No,One year,Yes,Mailed check,94.28,5341.15,No
CUST102165,Male,0,Yes,Yes,14,Yes,Yes,DSL,No,Yes,Yes,Yes,No,No,Month-to-month,Yes,Bank transfer,67.48,815.41,No
CUST102166,Male,0,No,No,17,Yes,No,DSL,No,No,No,Yes,Yes,No,Month-to-month,Yes,Mailed check,58.74,968.66,No
CUST102167,Female,0,No,Yes,72,Yes,Yes,Fiber optic,Yes,Yes,No,No,No,No,One year,No,Mailed check,89.71,6540.87,No
CUST102168,Male,0,No,No,72,Yes,Yes,No,No internet service,No internet service,No internet service,No internet service,No internet service,No internet service,Two year,Yes,Mailed check,41.09,3096.86,No
CUST102169,Male,1,No,Yes,17,Yes,Yes,Fiber optic,No,Yes,Yes,No,No,No,Two year,No,Bank transfer,85.26,1262.56,No
CUST102170,Male,0,No,Yes,31,Yes,Yes,Fiber optic,Yes,No,No,No,Yes,No,Month-to-month,Yes,Mailed check,86.54,2580.98,No
CUST102171,Female,0,Yes,No,30,Yes,No,Fiber optic,No,No,No,No,Yes,Yes,Two year,Yes,Mailed check,87.2,2610.64,No
CUST102172,Male,0,No,Yes,22,Yes,No,DSL,Yes,Yes,No,No,No,No,One year,Yes,Mailed check,61.02,1393.91,No
CUST102173,Male,0,No,No,12,Yes,No,No,No internet service,No internet service,No internet service,No internet service,No internet service,No internet service,Two year,Yes,Electronic check,28.32,284.89,No
CUST102174,Male,0,No,No,5,Yes,Yes,DSL,No,Yes,No,Yes,Yes,Yes,Month-to-month,Yes,Electronic check,77.28,378.27,No
CUST102175,Female,0,Yes,No,45,Yes,No,DSL,No,No,Yes,No,No,No,Month-to-month,No,Electronic check,50.16,2254.17,No
CUST102176,Male,0,Yes,Yes,4,Yes,Yes,Fiber optic,No,No,No,Yes,No,No,Month-to-month,Yes,Bank transfer,79.53,306.91,Yes
CUST102177,Female,0,No,No,45,Yes,Yes,DSL,No,No,No,No,No,No,One year,No,Credit card,51.42,2306.98,No
CUST102178,Female,0,No,No,7,Yes,Yes,DSL,Yes,Yes,No,No,No,No,Month-to-month,Yes,Electronic check,62.68,437.34,No
CUST102179,Male,0,Yes,Yes,12,Yes,No,Fiber optic,No,No,No,Yes,Yes,No,Month-to-month,No,Electronic check,84.65,1144.09,No
CUST102180,Female,1,Yes,No,1,Yes,No,Fiber optic,No,Yes,No,Yes,No,No,One year,Yes,Credit card,83.35,64.89,Yes
CUST102181,Male,1,No,No,29,Yes,Yes,DSL,No,No,No,Yes,No,No,Two year,No,Mailed check,54.34,1675.56,No
CUST102182,Female,0,Yes,No,24,Yes,Yes,Fiber optic,No,No,No,No,No,No,One year,No,Mailed check,77.25,1848.85,No
CUST102183,Male,0,No,No,24,Yes,No,Fiber optic,No,Yes,No,No,Yes,No,One year,No,Bank transfer,79.13,1841.48,No
CUST102184,Male,0,Yes,No,23,Yes,Yes,No,No internet service,No internet service,No internet service,No internet service,No internet service,No internet service,Month-to-month,No,Mailed check,33.97,758.82,No
CUST102185,Male,1,Yes,No,68,Yes,No,DSL,No,No,No,No,Yes,No,Two year,Yes,Mailed check,53.52,3500.53,No
CUST102186,Female,0,Yes,No,31,Yes,Yes,No,No internet service,No internet service,No internet service,No internet service,No internet service,No internet service,Month-to-month,Yes,Credit card,38.84,1115.82,No
CUST102187,Female,0,No,Yes,59,Yes,Yes,Fiber optic,No,No,No,No,No,No,Month-to-month,Yes,Mailed check,76.44,4450.4,No
CUST102188,Female,0,No,No,17,Yes,No,Fiber optic,No,Yes,Yes,Yes,No,Yes,Month-to-month,No,Bank transfer,93.78,1604.07,Yes
CUST102189,Female,1,Yes,No,35,Yes,No,DSL,No,No,No,No,Yes,No,Month-to-month,Yes,Electronic check,48.73,1836.34,No
CUST102190,Male,0,Yes,No,5,Yes,Yes,Fiber optic,Yes,Yes,No,No,Yes,No,One year,Yes,Electronic check,89.46,418.17,No
CUST102191,Female,0,Yes,No,19,No,No phone service,DSL,No,No,Yes,Yes,No,Yes,One year,Yes,Credit card,53.96,941.47,No
CUST102192,Female,0,Yes,Yes,6,No,No phone service,Fiber optic,No,No,No,No,Yes,Yes,Month-to-month,Yes,Credit card,89.35,603.15,Yes
CUST102193,Female,0,No,No,2,Yes,No,Fiber optic,No,Yes,Yes,Yes,No,No,Month-to-month,Yes,Credit card,81.85,178.36,No
CUST102194,Female,1,Yes,Yes,14,Yes,No,DSL,No,Yes,No,No,Yes,No,Month-to-month,No,Electronic check,58.61,913.3,Yes
CUST102195,Male,0,No,No,12,Yes,No,DSL,Yes,Yes,No,No,No,No,Month-to-month,Yes,Credit card,57.63,769.3,No
CUST102196,Male,0,Yes,No,23,Yes,Yes,No,No internet service,No internet service,No internet service,No internet service,No internet service,No internet service,Two year,Yes,Electronic check,35.13,853.04,No
CUST102197,Female,0,Yes,Yes,54,Yes,Yes,Fiber optic,Yes,No,No,No,No,Yes,One year,No,Bank transfer,86.61,4705.36,Yes
CUST102198,Male,0,Yes,No,11,No,No phone service,Fiber optic,No,No,No,Yes,No,Yes,Month-to-month,Yes,Bank transfer,76.22,916.35,Yes
CUST102199,Male,0,Yes,No,44,Yes,Yes,No,No internet service,No internet service,No internet service,No internet service,No internet service,No internet service,Month-to-month,No,Mailed check,31.36,1452.03,No
CUST102200,Female,0,Yes,No,27,Yes,No,DSL,Yes,Yes,Yes,No,No,Yes,Two year,Yes,Mailed check,69.52,1952.78,No
CUST102201,Female,1,Yes,No,29,Yes,Yes,Fiber optic,No,No,No,Yes,No,No,Two year,Yes,Bank transfer,79.67,2384.51,No
CUST102202,Female,0,Yes,No,67,Yes,No,Fiber optic,No,No,No,Yes,No,Yes,Two year,No,Credit card,85.98,5755.1,No
CUST102203,Female,0,No,No,34,Yes,Yes,DSL,No,No,No,Yes,No,No,Month-to-month,Yes,Electronic check,50.85,1664.12,No
CUST102204,Female,0,Yes,Yes,19,Yes,No,DSL,No,No,No,No,Yes,No,Month-to-month,No,Electronic check,52.56,1000.84,No
CUST102205,Female,0,Yes,Yes,18,Yes,No,No,No internet service,No internet service,No internet service,No internet service,No internet service,No internet service,Month-to-month,Yes,Bank transfer,23.53,391.25,No
CUST102206,Male,0,Yes,Yes,13,Yes,No,DSL,Yes,No,No,No,No,No,One year,No,Electronic check,54.31,631.93,No
CUST102207,Female,0,No,No,58,Yes,Yes,DSL,Yes,Yes,No,No,No,Yes,Month-to-month,Yes,Electronic check,73.36,4382.69,No
CUST102208,Male,0,No,No,48,Yes,No,Fiber optic,Yes,No,No,No,No,No,One year,Yes,Electronic check,64.49,3094.61,No
CUST102209,Female,0,No,No,20,Yes,No,Fiber optic,Yes,No,No,No,Yes,No,Month-to-month,Yes,Electronic check,77.03,1456.55,Yes
CUST102210,Female,0,No,No,36,Yes,No,Fiber optic,No,No,No,No,Yes,No,One year,No,Mailed check,80.73,3013.39,No
CUST102211,Male,0,No,Yes,37,No,No phone service,DSL,Yes,No,No,No,Yes,No,Month-to-month,Yes,Credit card,49.46,1839.19,No
CUST102212,Male,0,Yes,No,4,No,No phone service,Fiber optic,No,No,No,No,No,Yes,Two year,No,Credit card,71.44,365.35,Yes
CUST102213,Male,0,No,No,66,Yes,No,Fiber optic,No,Yes,No,No,No,No,Month-to-month,No,Mailed check,74.93,4915.87,No
CUST102214,Female,1,No,Yes,57,Yes,No,Fiber optic,No,No,No,No,No,Yes,One year,No,Electronic check,77.64,4473.06,No
CUST102215,Female,0,Yes,No,39,Yes,Yes,No,No internet service,No internet service,No internet service,No internet service,No internet service,No internet service,Month-to-month,No,Bank transfer,38.96,1570.58,No
CUST102216,Female,0,Yes,Yes,52,Yes,Yes,DSL,No,No,Yes,Yes,No,No,One year,Yes,Mailed check,58.23,3036.32,No
CUST102217,Female,0,Yes,No,8,Yes,Yes,Fiber optic,Yes,No,No,Yes,Yes,No,One year,Yes,Bank transfer,92.23,687.6,No
CUST102218,Male,0,Yes,No,71,No,No phone service,Fiber optic,No,No,No,No,No,No,Month-to-month,Yes,Mailed check,57.86,4140.1,No
CUST102219,Female,0,No,Yes,47,Yes,No,Fiber optic,Yes,No,Yes,No,No,No,Month-to-month,No,Bank transfer,81.09,3859.22,No
CUST102220,Female,0,Yes,No,68,Yes,No,Fiber optic,No,Yes,No,No,No,No,Month-to-month,Yes,Electronic check,69.77,4648.22,No
CUST102221,Male,0,No,No,63,Yes,No,DSL,No,Yes,No,Yes,No,Yes,Month-to-month,No,Credit card,66.69,4395.18,No
CUST102222,Female,0,No,Yes,43,Yes,Yes,Fiber optic,No,Yes,No,No,No,No,One year,Yes,Bank transfer,79.86,3564.31,No
CUST102223,Female,0,Yes,No,21,Yes,No,Fiber optic,Yes,No,Yes,No,No,No,Month-to-month,Yes,Mailed check,82.05,1734.76,No
CUST102224,Female,0,Yes,No,50,Yes,Yes,Fiber optic,Yes,No,No,No,Yes,No,Month-to-month,No,Credit card,86.04,4370.25,No
CUST102225,Female,0,No,Yes,37,Yes,No,DSL,Yes,Yes,Yes,No,No,No,Month-to-month,Yes,Electronic check,64.23,2375.11,No
CUST102226,Male,0,No,No,30,Yes,No,DSL,No,No,No,No,No,No,Month-to-month,Yes,Electronic check,50.75,1471.93,No
CUST102227,Male,0,Yes,No,52,Yes,No,DSL,No,Yes,No,No,No,No,Month-to-month,Yes,Bank transfer,54.05,2886.64,No
CUST102228,Male,0,Yes,Yes,64,Yes,Yes,DSL,No,No,Yes,No,Yes,Yes,One year,Yes,Bank transfer,68.47,4316.81,No
CUST102229,Female,0,No,No,13,Yes,No,DSL,No,No,Yes,No,Yes,No,Month-to-month,Yes,Electronic check,63.84,859.6,Yes
CUST102230,Male,0,No,No,40,Yes,No,DSL,Yes,Yes,Yes,No,Yes,No,Two year,Yes,Electronic check,70.77,2778.07,No
CUST102231,Male,0,Yes,No,57,Yes,Yes,DSL,No,Yes,Yes,No,Yes,No,One year,No,Electronic check,67.46,3778.17,No
CUST102232,Female,1,Yes,Yes,24,Yes,No,DSL,Yes,No,Yes,No,Yes,No,Month-to-month,Yes,Electronic check,64.12,1550.61,No
CUST102233,Male,0,No,Yes,25,Yes,No,No,No internet service,No internet service,No internet service,No internet service,No internet service,No internet service,Two year,Yes,Mailed check,34.15,937.17,No
CUST102234,Female,0,Yes,No,1,Yes,No,Fiber optic,No,No,Yes,No,Yes,No,One year,No,Electronic check,78.42,99.35,No
CUST102235,Male,1,Yes,No,24,No,No phone service,Fiber optic,Yes,Yes,No,Yes,Yes,Yes,One year,No,Mailed check,87.3,2100.31,No
CUST102236,Male,0,No,Yes,43,Yes,Yes,Fiber optic,Yes,No,No,No,No,No,Month-to-month,Yes,Bank transfer,81.48,3360.03,Yes
CUST102237,Female,0,Yes,No,70,Yes,No,Fiber optic,Yes,No,Yes,No,No,No,One year,No,Bank transfer,74.4,5191.98,No
CUST102238,Female,0,Yes,No,38,Yes,No,DSL,Yes,No,Yes,Yes,Yes,No,Month-to-month,Yes,Credit card,68.44,2487.88,No
CUST102239,Female,0,No,No,21,Yes,No,Fiber optic,No,No,Yes,No,No,No,Month-to-month,Yes,Electronic check,77.92,1640.94,No
CUST102240,Male,0,No,No,59,Yes,Yes,DSL,Yes,No,Yes,No,No,No,Month-to-month,Yes,Electronic check,63.68,3756.7,No
CUST102241,Female,0,Yes,No,14,Yes,No,Fiber optic,No,No,Yes,Yes,Yes,Yes,Month-to-month,Yes,Electronic check,91.1,1270.75,Yes
CUST102242,Male,0,Yes,No,14,Yes,No,DSL,No,No,No,No,Yes,Yes,One year,No,Electronic check,63.63,888.34,No
CUST102243,Female,0,No,No,38,Yes,No,Fiber optic,No,No,No,Yes,No,No,Month-to-month,No,Mailed check,74.32,2864.35,Yes
CUST102244,Female,0,No,No,59,Yes,Yes,DSL,Yes,No,No,No,No,Yes,Month-to-month,No,Electronic check,61.84,3693.88,No
CUST102245,Male,0,No,No,16,Yes,Yes,DSL,No,Yes,Yes,No,Yes,Yes,Two year,No,Bank transfer,78.03,1275.52,No
CUST102246,Male,0,No,No,2,Yes,No,Fiber optic,No,No,No,Yes,No,Yes,Month-to-month,Yes,Credit card,86.82,251.18,Yes
CUST102247,Male,0,No,No,53,Yes,Yes,DSL,No,No,Yes,No,Yes,Yes,Month-to-month,Yes,Electronic check,69.68,3499.82,No
CUST102248,Female,0,No,No,43,Yes,Yes,Fiber optic,No,Yes,Yes,No,No,No,Month-to-month,Yes,Electronic check,93.4,3936.0,No
CUST102249,Female,1,No,No,50,Yes,No,DSL,No,No,Yes,No,No,Yes,Two year,Yes,Bank transfer,58.31,2950.74,No
CUST102250,Female,0,Yes,No,29,Yes,No,Fiber optic,No,No,No,Yes,No,No,One year,Yes,Bank transfer,75.51,2190.25,No
CUST102251,Male,0,No,Yes,9,Yes,Yes,Fiber optic,No,No,No,Yes,No,Yes,One year,Yes,Electronic check,89.46,736.21,No
CUST102252,Male,0,No,Yes,24,Yes,No,No,No internet service,No internet service,No internet service,No internet service,No internet service,No internet service,Two year,No,Bank transfer,25.79,653.83,No
CUST102253,Female,0,Yes,No,34,Yes,No,Fiber optic,No,No,Yes,No,No,No,One year,Yes,Electronic check,69.93,2436.42,No
CUST102254,Male,0,Yes,No,32,Yes,No,No,No internet service,No internet service,No internet service,No internet service,No internet service,No internet service,Two year,No,Bank transfer,35.82,1085.67,No
CUST102255,Female,1,No,No,65,Yes,Yes,DSL,Yes,Yes,No,No,No,No,One year,Yes,Bank transfer,58.28,3736.61,No
CUST102256,Male,0,Yes,No,17,Yes,No,Fiber optic,No,No,Yes,Yes,Yes,No,Two year,No,Electronic check,91.97,1432.6,No
CUST102257,Male,0,No,Yes,23,Yes,No,Fiber optic,Yes,No,Yes,No,No,Yes,One year,Yes,Electronic check,93.92,2152.2,No
CUST102258,Male,1,No,No,14,Yes,Yes,Fiber optic,No,No,Yes,No,No,Yes,Month-to-month,No,Bank transfer,86.15,1202.45,Yes
CUST102259,Female,0,Yes,Yes,42,Yes,Yes,Fiber optic,No,No,Yes,No,Yes,Yes,Month-to-month,Yes,Bank transfer,98.47,4050.97,No
CUST102260,Male,1,Yes,No,58,Yes,No,No,No internet service,No internet service,No internet service,No internet service,No internet service,No internet service,Month-to-month,Yes,Credit card,30.76,1742.36,No
CUST102261,Female,0,No,No,64,Yes,Yes,Fiber optic,Yes,Yes,No,No,No,No,Month-to-month,No,Mailed check,89.77,5741.18,No
CUST102262,Male,0,Yes,No,17,Yes,Yes,DSL,No,Yes,Yes,No,Yes,No,Two year,Yes,Credit card,67.48,1220.7,No
CUST102263,Female,1,No,No,31,Yes,No,Fiber optic,No,No,No,Yes,No,Yes,One year,Yes,Bank transfer,80.45,2463.23,No
CUST102264,Male,0,Yes,Yes,54,Yes,No,DSL,No,No,No,Yes,No,Yes,One year,Yes,Bank transfer,61.22,3233.58,No
CUST102265,Female,0,Yes,Yes,4,Yes,Yes,Fiber optic,Yes,No,No,No,No,No,One year,Yes,Electronic check,75.44,420.26,No
CUST102266,Female,0,No,No,52,Yes,No,Fiber optic,No,Yes,No,No,Yes,No,Two year,Yes,Electronic check,74.0,3903.46,No
CUST102267,Male,0,Yes,Yes,10,Yes,No,DSL,Yes,No,Yes,No,No,Yes,One year,Yes,Mailed check,63.42,530.25,No
CUST102268,Male,0,No,No,3,Yes,No,DSL,No,No,Yes,Yes,No,No,Month-to-month,Yes,Electronic check,55.48,223.5,No
CUST102269,Female,0,No,Yes,9,Yes,No,No,No internet service,No internet service,No internet service,No internet service,No internet service,No internet service,Month-to-month,Yes,Electronic check,28.63,215.67,No
CUST102270,Male,0,Yes,No,64,Yes,Yes,DSL,No,Yes,No,Yes,No,No,Month-to-month,Yes,Electronic check,60.11,3929.05,No
CUST102271,Female,0,Yes,Yes,50,Yes,No,DSL,Yes,Yes,No,No,Yes,No,Month-to-month,No,Credit card,66.14,3273.74,No
CUST102272,Female,0,No,No,57,Yes,No,DSL,No,No,No,Yes,Yes,No,Month-to-month,No,Bank transfer,61.39,3355.55,No
CUST102273,Female,0,No,No,50,Yes,No,Fiber optic,No,No,Yes,No,No,No,Month-to-month,Yes,Credit card,75.65,3736.87,No
CUST102274,Female,0,No,Yes,58,Yes,Yes,DSL,No,No,No,No,Yes,No,Month-to-month,No,Credit card,54.71,3102.85,No
CUST102275,Female,0,No,No,36,Yes,No,Fiber optic,Yes,No,No,No,No,No,Month-to-month,No,Bank transfer,79.17,2796.88,No
CUST102276,Female,0,Yes,Yes,59,Yes,Yes,DSL,No,No,Yes,Yes,No,No,Two year,No,Mailed check,55.97,3118.59,No
CUST102277,Female,0,Yes,No,5,Yes,No,DSL,Yes,Yes,No,No,No,No,Month-to-month,No,Mailed check,50.95,245.23,Yes
CUST102278,Female,0,No,Yes,42,Yes,Yes,DSL,No,Yes,No,Yes,Yes,No,Two year,Yes,Bank transfer,73.04,2904.81,No
CUST102279,Female,0,No,No,55,Yes,No,DSL,Yes,No,No,No,No,No,Month-to-month,No,Credit card,46.5,2547.35,No
CUST102280,Male,0,No,Yes,72,Yes,Yes,Fiber optic,No,No,Yes,No,No,Yes,Two year,Yes,Credit card,86.05,6002.56,No
CUST102281,Male,0,Yes,No,26,Yes,No,DSL,No,No,No,No,Yes,No,One year,Yes,Mailed check,53.53,1304.05,No
CUST102282,Female,1,Yes,No,13,No,No phone service,Fiber optic,Yes,No,No,No,No,Yes,Two year,Yes,Bank transfer,77.68,1053.7,No
CUST102283,Female,1,No,No,52,Yes,Yes,Fiber optic,No,Yes,No,Yes,Yes,No,Month-to-month,Yes,Mailed check,96.32,5064.52,No
CUST102284,Male,0,Yes,No,6,No,No phone service,DSL,No,No,No,No,No,Yes,One year,No,Mailed check,50.29,238.11,No
CUST102285,Male,1,Yes,Yes,56,Yes,No,DSL,No,No,No,Yes,No,Yes,Month-to-month,No,Electronic check,56.2,3190.85,No
CUST102286,Male,1,No,No,51,Yes,No,Fiber optic,No,No,No,No,No,Yes,Month-to-month,No,Electronic check,73.53,3603.9,No
CUST102287,Male,0,Yes,No,50,Yes,No,Fiber optic,Yes,Yes,Yes,Yes,No,No,One year,No,Electronic check,84.87,4321.56,No
CUST102288,Male,0,Yes,No,22,No,No phone service,Fiber optic,No,Yes,No,No,No,No,Month-to-month,Yes,Bank transfer,67.45,1578.1,No
CUST102289,Male,0,Yes,No,9,Yes,No,No,No internet service,No internet service,No internet service,No internet service,No internet service,No internet service,Month-to-month,No,Electronic check,29.1,244.98,Yes
CUST102290,Female,0,No,No,44,Yes,Yes,DSL,Yes,No,No,No,No,No,Two year,Yes,Credit card,67.79,2947.46,No
CUST102291,Female,0,Yes,No,27,No,No phone service,Fiber optic,No,Yes,Yes,No,No,No,Month-to-month,Yes,Electronic check,74.45,1822.31,Yes
CUST102292,Female,0,Yes,No,29,Yes,Yes,Fiber optic,No,No,No,No,No,No,One year,Yes,Electronic check,70.15,2029.47,No
CUST102293,Female,0,Yes,No,14,Yes,No,DSL,Yes,No,No,No,No,Yes,Month-to-month,No,Mailed check,62.6,929.12,No
CUST102294,Male,1,Yes,No,25,Yes,No,Fiber optic,No,No,No,No,Yes,Yes,Month-to-month,Yes,Electronic check,80.62,2044.47,No
CUST102295,Male,0,Yes,No,60,Yes,Yes,Fiber optic,No,Yes,No,No,No,No,Month-to-month,No,Electronic check,76.75,4616.97,No
CUST102296,Male,0,No,No,65,Yes,No,Fiber optic,No,No,Yes,No,No,Yes,Month-to-month,Yes,Electronic check,86.14,5484.44,Yes
CUST102297,Female,0,Yes,No,26,Yes,Yes,Fiber optic,No,Yes,No,Yes,No,No,Two year,Yes,Mailed check,90.36,2359.73,No
CUST102298,Female,0,Yes,Yes,11,Yes,No,DSL,No,Yes,No,No,Yes,No,Two year,No,Electronic check,62.36,616.94,No
CUST102299,Female,1,Yes,No,3,Yes,No,Fiber optic,No,Yes,No,No,No,No,Month-to-month,No,Mailed check,72.5,331.07,No
CUST102300,Male,0,Yes,No,14,Yes,No,Fiber optic,Yes,Yes,Yes,No,No,No,Month-to-month,No,Electronic check,93.89,1362.61,Yes
CUST102301,Female,0,Yes,Yes,1,Yes,Yes,Fiber optic,No,No,No,Yes,No,Yes,Two year,Yes,Electronic check,92.66,113.95,No
CUST102302,Female,0,No,No,49,Yes,No,Fiber optic,No,Yes,No,Yes,Yes,Yes,Month-to-month,Yes,Electronic check,90.2,4423.0,No
CUST102303,Male,0,No,Yes,47,Yes,No,Fiber optic,No,Yes,Yes,Yes,No,Yes,Month-to-month,Yes,Electronic check,100.87,4664.93,No
CUST102304,Male,0,No,Yes,57,Yes,No,Fiber optic,Yes,Yes,No,No,Yes,Yes,Month-to-month,Yes,Credit card,96.31,5424.31,No
CUST102305,Male,0,Yes,No,24,Yes,Yes,DSL,No,Yes,No,No,No,No,One year,Yes,Mailed check,57.93,1543.34,No
CUST102306,Female,0,No,No,60,Yes,No,Fiber optic,Yes,No,Yes,Yes,No,No,Month-to-month,Yes,Bank transfer,82.77,4894.58,No
CUST102307,Female,0,No,No,13,Yes,Yes,Fiber optic,No,Yes,Yes,No,No,No,Month-to-month,Yes,Credit card,74.14,965.13,Yes
CUST102308,Female,0,Yes,Yes,17,Yes,No,DSL,No,Yes,Yes,No,No,No,Two year,No,Electronic check,59.06,1011.98,No
CUST102309,Female,0,Yes,No,66,Yes,Yes,DSL,Yes,No,No,No,No,Yes,Two year,Yes,Credit card,62.52,4126.43,No
CUST102310,Male,0,No,Yes,64,Yes,Yes,DSL,No,No,No,Yes,No,Yes,One year,Yes,Bank transfer,64.06,4114.08,No
CUST102311,Female,0,Yes,No,44,Yes,Yes,Fiber optic,No,Yes,No,No,Yes,Yes,One year,Yes,Bank transfer,95.61,4356.34,No
CUST102312,Female,0,Yes,Yes,44,Yes,Yes,DSL,Yes,No,No,No,Yes,No,Two year,Yes,Credit card,61.55,2719.62,No
CUST102313,Male,0,No,No,51,Yes,No,No,No internet service,No internet service,No internet service,No internet service,No internet service,No internet service,One year,Yes,Electronic check,30.07,1573.25,No
CUST102314,Female,1,Yes,Yes,60,Yes,No,No,No internet service,No internet service,No internet service,No internet service,No internet service,No internet service,One year,No,Mailed check,24.63,1453.4,No
CUST102315,Female,0,No,Yes,17,Yes,No,No,No internet service,No internet service,No internet service,No internet service,No internet service,No internet service,Month-to-month,Yes,Mailed check,21.59,351.41,Yes
CUST102316,Female,0,Yes,No,5,Yes,Yes,DSL,Yes,Yes,No,No,Yes,Yes,Month-to-month,No,Bank transfer,77.26,423.69,No
CUST102317,Female,0,Yes,No,14,Yes,Yes,Fiber optic,Yes,Yes,Yes,No,No,Yes,Two year,Yes,Electronic check,96.68,1465.82,No
CUST102318,Female,0,Yes,No,26,Yes,Yes,No,No internet service,No internet service,No internet service,No internet service,No internet service,No internet service,One year,No,Electronic check,27.16,809.24,No
CUST102319,Male,0,Yes,No,17,Yes,No,Fiber optic,No,No,No,No,Yes,Yes,Month-to-month,Yes,Credit card,79.09,1091.66,Yes
CUST102320,Male,0,No,No,38,No,No phone service,DSL,No,Yes,Yes,Yes,No,No,One year,Yes,Mailed check,53.67,1905.2,No
CUST102321,Female,0,No,Yes,10,Yes,Yes,No,No internet service,No internet service,No internet service,No internet service,No internet service,No internet service,Two year,Yes,Electronic check,35.56,521.67,No
CUST102322,Female,0,No,No,42,Yes,Yes,Fiber optic,Yes,No,Yes,Yes,Yes,No,Month-to-month,Yes,Electronic check,104.57,4349.31,No
CUST102323,Female,0,No,No,52,Yes,No,Fiber optic,No,No,No,No,No,Yes,One year,Yes,Bank transfer,81.7,4217.67,No
CUST102324,Male,0,Yes,No,8,Yes,No,No,No internet service,No internet service,No internet service,No internet service,No internet service,No internet service,Month-to-month,Yes,Electronic check,29.76,191.54,No
CUST102325,Male,0,Yes,No,21,Yes,Yes,No,No internet service,No internet service,No internet service,No internet service,No internet service,No internet service,One year,Yes,Electronic check,32.18,571.32,No
CUST102326,Male,0,Yes,No,39,Yes,Yes,Fiber optic,No,No,Yes,No,No,No,Two year,Yes,Credit card,79.82,3051.11,No
CUST102327,Female,0,No,No,5,Yes,Yes,DSL,No,No,Yes,No,No,Yes,Two year,Yes,Electronic check,66.75,290.31,No
CUST102328,Female,0,Yes,Yes,48,Yes,Yes,Fiber optic,No,Yes,No,Yes,No,No,Two year,No,Electronic check,90.97,4326.43,No
CUST102329,Female,0,Yes,No,55,Yes,No,Fiber optic,No,No,No,No,Yes,Yes,One year,No,Bank transfer,86.18,4661.56,No
CUST102330,Female,1,Yes,No,27,Yes,No,Fiber optic,Yes,No,No,Yes,Yes,No,Month-to-month,No,Electronic check,85.12,2371.59,Yes
CUST102331,Female,0,No,No,1,No,No phone service,Fiber optic,No,Yes,Yes,No,No,Yes,One year,No,Electronic check,79.83,72.45,Yes
CUST102332,Male,0,Yes,No,37,Yes,No,Fiber optic,No,Yes,Yes,No,No,No,Month-to-month,Yes,Mailed check,78.97,2933.71,No
CUST102333,Female,0,No,No,63,Yes,Yes,Fiber optic,Yes,Yes,No,No,No,No,Month-to-month,Yes,Bank transfer,78.55,4955.88,No
CUST102334,Male,0,No,Yes,22,Yes,Yes,No,No internet service,No internet service,No internet service,No internet service,No internet service,No internet service,Month-to-month,Yes,Mailed check,34.15,709.44,No
CUST102335,Male,0,No,No,62,Yes,Yes,No,No internet service,No internet service,No internet service,No internet service,No internet service,No internet service,Month-to-month,No,Bank transfer,33.36,2011.77,No
CUST102336,Male,0,Yes,No,63,Yes,Yes,Fiber optic,No,No,Yes,No,No,No,Month-to-month,No,Credit card,85.18,5247.78,No
CUST102337,Female,0,Yes,No,21,Yes,No,Fiber optic,No,Yes,No,No,Yes,No,Month-to-month,No,Bank transfer,77.58,1687.04,No
CUST102338,Male,0,Yes,No,44,Yes,Yes,Fiber optic,No,No,No,No,Yes,No,Month-to-month,Yes,Bank transfer,80.05,3510.37,Yes
CUST102339,Female,0,No,No,4,Yes,Yes,Fiber optic,No,No,Yes,No,Yes,No,Month-to-month,Yes,Credit card,93.23,471.01,Yes
CUST102340,Female,0,No,Yes,40,Yes,No,DSL,Yes,No,Yes,Yes,No,No,Month-to-month,Yes,Electronic check,57.32,2322.96,No
CUST102341,Female,1,No,Yes,64,Yes,Yes,Fiber optic,Yes,No,Yes,No,Yes,No,Month-to-month,Yes,Mailed check,91.24,5965.78,No
CUST102342,Female,0,Yes,No,68,No,No phone service,Fiber optic,No,No,No,Yes,No,Yes,Two year,Yes,Electronic check,75.99,5136.7,No
CUST102343,Male,0,Yes,No,15,No,No phone service,Fiber optic,No,No,No,No,Yes,Yes,Month-to-month,No,Electronic check,78.85,1104.94,No
CUST102344,Male,0,No,No,48,Yes,Yes,No,No internet service,No internet service,No internet service,No internet service,No internet service,No internet service,Two year,No,Credit card,40.59,2097.14,No
CUST102345,Male,0,Yes,Yes,5,Yes,Yes,No,No internet service,No internet service,No internet service,No internet service,No internet service,No internet service,Month-to-month,Yes,Electronic check,33.58,260.17,No
CUST102346,Female,0,No,Yes,21,Yes,No,No,No internet service,No internet service,No internet service,No internet service,No internet service,No internet service,Two year,No,Electronic check,26.81,414.09,No
CUST102347,Female,0,No,Yes,61,Yes,No,No,No internet service,No internet service,No internet service,No internet service,No internet service,No internet service,One year,Yes,Electronic check,27.35,1705.02,No
CUST102348,Male,0,Yes,No,47,Yes,Yes,Fiber optic,No,No,No,No,No,No,Two year,Yes,Bank transfer,74.59,3562.25,No
CUST102349,Female,0,Yes,Yes,29,Yes,No,No,No internet service,No internet service,No internet service,No internet service,No internet service,No internet service,Two year,No,Credit card,29.74,844.58,No
CUST102350,Male,0,Yes,Yes,70,Yes,Yes,No,No internet service,No internet service,No internet service,No internet service,No internet service,No internet service,One year,No,Mailed check,33.68,2254.79,No
CUST102351,Male,0,Yes,No,55,Yes,No,Fiber optic,Yes,No,No,No,No,Yes,Month-to-month,No,Credit card,77.11,4226.19,No
CUST102352,Male,0,No,No,2,Yes,Yes,DSL,Yes,Yes,No,No,No,Yes,Month-to-month,Yes,Mailed check,62.93,141.33,No
CUST102353,Male,0,Yes,No,6,Yes,Yes,DSL,No,No,No,No,No,No,Month-to-month,Yes,Credit card,52.5,258.8,No
CUST102354,Female,0,Yes,Yes,46,Yes,No,Fiber optic,No,No,No,No,Yes,Yes,Two year,No,Credit card,86.48,4035.71,No
CUST102355,Female,0,Yes,No,64,Yes,Yes,Fiber optic,Yes,Yes,Yes,Yes,Yes,No,Two year,Yes,Electronic check,101.25,6351.43,No
CUST102356,Female,1,Yes,No,12,Yes,Yes,Fiber optic,No,No,No,No,No,Yes,Month-to-month,No,Credit card,78.78,959.47,Yes
CUST102357,Female,0,No,No,39,Yes,No,Fiber optic,Yes,No,No,No,No,Yes,One year,Yes,Electronic check,88.14,3592.68,No
CUST102358,Female,0,No,Yes,59,Yes,No,Fiber optic,No,No,Yes,No,No,Yes,Month-to-month,Yes,Mailed check,80.58,4802.07,No
CUST102359,Male,0,Yes,Yes,63,Yes,No,DSL,No,No,Yes,Yes,Yes,Yes,One year,No,Electronic check,73.6,4752.47,No
CUST102360,Female,0,Yes,No,47,Yes,Yes,DSL,No,Yes,Yes,No,Yes,No,One year,Yes,Mailed check,74.21,3476.99,No
CUST102361,Male,0,Yes,Yes,72,Yes,Yes,Fiber optic,Yes,No,No,No,No,No,Month-to-month,No,Credit card,88.04,6355.52,No
CUST102362,Male,1,Yes,No,68,No,No phone service,DSL,Yes,No,No,Yes,No,No,Two year,Yes,Bank transfer,47.77,3213.74,No
CUST102363,Male,0,Yes,No,61,Yes,Yes,No,No internet service,No internet service,No internet service,No internet service,No internet service,No internet service,Month-to-month,No,Mailed check,29.28,1754.15,No
CUST102364,Female,0,No,Yes,49,Yes,Yes,No,No internet service,No internet service,No internet service,No internet service,No internet service,No internet service,One year,No,Credit card,27.35,1380.76,No
CUST102365,Male,0,Yes,Yes,71,Yes,No,Fiber optic,No,No,No,No,No,No,One year,No,Mailed check,68.94,4819.72,No
CUST102366,Female,0,Yes,Yes,2,Yes,No,Fiber optic,No,Yes,No,No,No,No,Month-to-month,Yes,Electronic check,81.79,230.24,Yes
CUST102367,Female,0,Yes,No,7,Yes,No,No,No internet service,No internet service,No internet service,No internet service,No internet service,No internet service,Month-to-month,Yes,Credit card,28.3,237.13,No
CUST102368,Female,0,No,Yes,37,Yes,Yes,No,No internet service,No internet service,No internet service,No internet service,No internet service,No internet service,Month-to-month,No,Electronic check,40.43,1398.7,No
CUST102369,Female,0,Yes,No,49,Yes,No,Fiber optic,No,Yes,Yes,Yes,Yes,No,One year,No,Credit card,88.11,4394.94,No
CUST102370,Female,0,No,Yes,66,Yes,Yes,No,No internet service,No internet service,No internet service,No internet service,No internet service,No internet service,Two year,No,Electronic check,40.81,2862.01,No
CUST102371,Female,0,Yes,No,49,Yes,No,Fiber optic,No,No,No,No,No,No,Month-to-month,Yes,Electronic check,72.7,3633.4,No
CUST102372,Male,0,No,No,17,Yes,No,DSL,No,Yes,Yes,Yes,Yes,Yes,Month-to-month,No,Mailed check,75.52,1128.75,No
CUST102373,Female,0,No,No,66,Yes,No,Fiber optic,No,No,Yes,Yes,Yes,No,Month-to-month,Yes,Electronic check,90.76,6180.21,No
CUST102374,Female,0,Yes,No,6,Yes,Yes,Fiber optic,Yes,Yes,Yes,No,No,No,Month-to-month,Yes,Electronic check,89.72,361.15,Yes
CUST102375,Male,0,Yes,No,7,No,No phone service,No,No internet service,No internet service,No internet service,No internet service,No internet service,No internet service,Month-to-month,No,Electronic check,21.85,18.0,No
CUST102376,Male,0,Yes,No,52,Yes,No,DSL,Yes,Yes,No,Yes,No,Yes,One year,No,Electronic check,64.62,3219.71,No
CUST102377,Male,0,No,No,70,Yes,No,Fiber optic,No,Yes,No,No,No,Yes,Month-to-month,Yes,Bank transfer,79.56,5547.08,Yes
CUST102378,Female,0,No,No,37,Yes,No,Fiber optic,Yes,No,No,No,Yes,Yes,Two year,Yes,Mailed check,85.33,3001.64,No
CUST102379,Male,0,Yes,Yes,10,Yes,Yes,No,No internet service,No internet service,No internet service,No internet service,No internet service,No internet service,Month-to-month,Yes,Electronic check,31.43,134.48,Yes
CUST102380,Male,0,Yes,No,4,Yes,No,Fiber optic,No,Yes,No,No,Yes,No,One year,No,Electronic check,75.05,244.3,No
CUST102381,Female,0,Yes,Yes,71,Yes,Yes,DSL,No,Yes,No,No,Yes,No,Month-to-month,Yes,Electronic check,74.1,5202.34,No
CUST102382,Female,0,Yes,No,21,Yes,Yes,No,No internet service,No internet service,No internet service,No internet service,No internet service,No internet service,Month-to-month,Yes,Mailed check,30.19,609.12,No
CUST102383,Male,0,No,Yes,47,Yes,No,Fiber optic,No,No,No,No,No,No,Month-to-month,Yes,Mailed check,74.13,3521.18,No
CUST102384,Female,0,Yes,Yes,24,Yes,Yes,No,No internet service,No internet service,No internet service,No internet service,No internet service,No internet service,One year,No,Electronic check,28.25,794.39,No
CUST102385,Female,1,Yes,No,16,Yes,Yes,No,No internet service,No internet service,No internet service,No internet service,No internet service,No internet service,Two year,Yes,Credit card,32.69,519.42,No
CUST102386,Male,1,No,No,49,Yes,Yes,DSL,Yes,No,Yes,Yes,No,No,Month-to-month,Yes,Electronic check,66.57,3296.49,No
CUST102387,Male,0,No,No,54,Yes,No,No,No internet service,No internet service,No internet service,No internet service,No internet service,No internet service,Month-to-month,Yes,Mailed check,33.69,1794.56,No
CUST102388,Male,0,No,No,34,Yes,No,Fiber optic,No,No,No,Yes,No,No,One year,No,Bank transfer,76.32,2686.75,No
CUST102389,Male,0,Yes,No,37,Yes,No,No,No internet service,No internet service,No internet service,No internet service,No internet service,No internet service,Month-to-month,Yes,Electronic check,23.71,997.5,No
CUST102390,Male,1,No,No,36,Yes,No,DSL,Yes,Yes,No,No,Yes,No,Two year,Yes,Electronic check,62.02,2184.18,No
CUST102391,Female,0,No,No,43,Yes,No,Fiber optic,Yes,No,Yes,No,Yes,No,Month-to-month,No,Mailed check,91.75,3836.46,No
CUST102392,Female,0,Yes,No,59,Yes,Yes,DSL,No,Yes,Yes,No,Yes,No,Two year,Yes,Mailed check,74.2,4329.4,No
CUST102393,Male,0,Yes,Yes,52,Yes,Yes,DSL,Yes,No,Yes,No,Yes,No,Month-to-month,Yes,Credit card,67.33,3462.44,No
CUST102394,Female,0,No,No,21,Yes,Yes,No,No internet service,No internet service,No internet service,No internet service,No internet service,No internet service,Month-to-month,No,Mailed check,29.12,592.5,No
CUST102395,Female,0,No,No,18,Yes,No,DSL,No,Yes,Yes,No,No,No,One year,Yes,Credit card,53.43,960.89,No
CUST102396,Male,0,No,No,49,Yes,Yes,DSL,No,No,No,Yes,Yes,No,Month-to-month,Yes,Mailed check,67.72,3299.46,Yes
CUST102397,Male,0,No,Yes,47,Yes,Yes,No,No internet service,No internet service,No internet service,No internet service,No internet service,No internet service,One year,Yes,Bank transfer,27.98,1212.52,No
CUST102398,Female,0,No,Yes,27,Yes,No,Fiber optic,No,No,Yes,No,Yes,Yes,One year,Yes,Electronic check,88.31,2363.09,No
CUST102399,Female,1,No,Yes,61,Yes,No,Fiber optic,Yes,No,No,No,No,Yes,One year,Yes,Credit card,77.12,4725.46,No
CUST102400,Male,0,No,No,31,Yes,No,No,No internet service,No internet service,No internet service,No internet service,No internet service,No internet service,Month-to-month,No,Electronic check,26.06,927.47,No
CUST102401,Female,0,Yes,No,25,Yes,Yes,Fiber optic,No,No,No,No,Yes,No,Month-to-month,Yes,Electronic check,86.05,2103.76,Yes
CUST102402,Male,0,Yes,No,41,Yes,No,DSL,No,Yes,No,Yes,Yes,No,Month-to-month,No,Mailed check,62.74,2568.77,No
CUST102403,Male,0,No,Yes,14,Yes,Yes,Fiber optic,No,No,No,No,No,Yes,One year,Yes,Credit card,86.78,1202.89,No
CUST102404,Male,1,Yes,No,51,Yes,Yes,Fiber optic,No,No,No,No,No,No,One year,Yes,Mailed check,81.9,4133.51,No
CUST102405,Female,0,No,No,65,Yes,No,DSL,No,No,No,Yes,Yes,Yes,Month-to-month,Yes,Electronic check,79.92,5153.53,No
CUST102406,Male,0,No,No,69,Yes,No,Fiber optic,Yes,No,No,Yes,Yes,No,One year,No,Credit card,90.63,6102.45,No
CUST102407,Female,1,No,No,33,Yes,No,Fiber optic,No,Yes,No,Yes,Yes,Yes,One year,Yes,Credit card,96.41,3215.25,No
CUST102408,Male,0,No,Yes,20,Yes,No,DSL,Yes,No,Yes,Yes,No,Yes,One year,Yes,Bank transfer,65.38,1359.0,No
CUST102409,Female,0,Yes,No,35,Yes,No,DSL,No,No,Yes,Yes,Yes,Yes,Month-to-month,Yes,Mailed check,73.58,2540.06,No
CUST102410,Female,0,No,No,8,Yes,Yes,No,No internet service,No internet service,No internet service,No internet service,No internet service,No internet service,Month-to-month,Yes,Mailed check,41.26,367.88,No
CUST102411,Male,0,Yes,Yes,49,Yes,No,DSL,Yes,No,No,Yes,Yes,Yes,Month-to-month,No,Credit card,67.3,3156.37,No
CUST102412,Female,0,No,No,31,Yes,No,DSL,No,No,Yes,No,No,No,Two year,Yes,Electronic check,48.76,1627.58,No
CUST102413,Male,0,No,No,9,Yes,Yes,No,No internet service,No internet service,No internet service,No internet service,No internet service,No internet service,One year,Yes,Bank transfer,32.41,227.86,No
CUST102414,Male,1,Yes,No,40,Yes,Yes,Fiber optic,No,Yes,No,No,No,Yes,Two year,No,Bank transfer,83.71,3325.12,No
CUST102415,Female,0,Yes,Yes,52,No,No phone service,No,No internet service,No internet service,No internet service,No internet service,No internet service,No internet service,Month-to-month,Yes,Credit card,19.94,1108.65,No
CUST102416,Female,0,Yes,Yes,17,Yes,No,No,No internet service,No internet service,No internet service,No internet service,No internet service,No internet service,One year,Yes,Mailed check,22.61,266.2,No
CUST102417,Male,0,No,No,30,Yes,No,Fiber optic,No,No,Yes,Yes,No,No,Two year,Yes,Electronic check,79.6,2347.42,Yes
CUST102418,Female,0,Yes,Yes,65,Yes,No,Fiber optic,No,No,No,No,No,No,Month-to-month,No,Bank transfer,71.28,4573.01,No
CUST102419,Female,1,Yes,No,52,Yes,No,DSL,No,Yes,Yes,No,No,Yes,Month-to-month,Yes,Credit card,64.13,3376.19,No
CUST102420,Female,0,No,No,58,Yes,Yes,DSL,No,No,No,No,Yes,No,Month-to-month,No,Credit card,58.02,3287.61,No
CUST102421,Female,0,Yes,No,33,Yes,No,DSL,No,Yes,Yes,No,No,No,One year,Yes,Electronic check,49.8,1701.93,No
CUST102422,Male,0,No,No,36,Yes,No,Fiber optic,No,Yes,No,No,No,Yes,Month-to-month,Yes,Mailed check,86.87,3145.66,No
CUST102423,Female,0,No,No,36,Yes,Yes,Fiber optic,No,Yes,Yes,No,Yes,Yes,Month-to-month,No,Bank transfer,93.93,3254.67,Yes
CUST102424,Male,1,Yes,Yes,33,No,No phone service,No,No internet service,No internet service,No internet service,No internet service,No internet service,No internet service,Month-to-month,No,Bank transfer,20.47,740.91,Yes
CUST102425,Female,0,Yes,Yes,11,Yes,No,DSL,No,No,Yes,Yes,No,Yes,One year,Yes,Electronic check,68.94,905.73,No
CUST102426,Male,0,No,No,3,Yes,Yes,Fiber optic,No,Yes,No,No,Yes,No,Two year,No,Electronic check,89.37,193.54,No
CUST102427,Female,0,No,No,60,Yes,Yes,DSL,No,No,No,No,No,No,One year,No,Electronic check,58.11,3443.65,No
CUST102428,Female,0,Yes,No,39,No,No phone service,DSL,Yes,No,No,No,No,Yes,Two year,Yes,Electronic check,52.04,1923.92,No
CUST102429,Male,0,No,No,39,Yes,Yes,Fiber optic,Yes,Yes,No,No,Yes,Yes,One year,Yes,Electronic check,95.43,3715.35,No
CUST102430,Female,0,Yes,No,43,Yes,No,Fiber optic,No,No,No,Yes,No,No,Two year,Yes,Credit card,80.25,3536.28,No
CUST102431,Female,0,Yes,Yes,30,No,No phone service,Fiber optic,No,No,No,No,No,No,Month-to-month,Yes,Bank transfer,59.64,1733.08,No
CUST102432,Male,0,No,Yes,65,Yes,No,Fiber optic,Yes,No,No,Yes,No,No,Two year,Yes,Electronic check,78.29,5013.3,No
CUST102433,Female,0,Yes,No,34,Yes,No,Fiber optic,Yes,No,No,Yes,Yes,Yes,Two year,No,Bank transfer,96.74,3389.22,No
CUST102434,Female,0,Yes,Yes,37,Yes,No,No,No internet service,No internet service,No internet service,No internet service,No internet service,No internet service,One year,Yes,Mailed check,24.21,833.02,No
CUST102435,Female,0,No,No,39,Yes,No,Fiber optic,No,No,No,No,Yes,No,Month-to-month,No,Bank transfer,80.76,3090.96,No
CUST102436,Male,0,Yes,Yes,12,Yes,Yes,Fiber optic,No,Yes,Yes,No,No,Yes,Month-to-month,No,Credit card,95.69,1127.65,Yes
CUST102437,Male,0,Yes,No,13,Yes,No,DSL,Yes,No,Yes,Yes,No,Yes,Month-to-month,Yes,Electronic check,74.62,829.31,No
CUST102438,Male,0,Yes,Yes,13,Yes,No,Fiber optic,Yes,No,No,No,No,Yes,Month-to-month,No,Credit card,86.59,1056.58,No
CUST102439,Male,0,No,No,19,Yes,No,Fiber optic,Yes,Yes,No,No,No,Yes,Month-to-month,Yes,Electronic check,86.18,1784.97,Yes
CUST102440,Female,0,No,Yes,12,Yes,No,DSL,Yes,No,Yes,No,Yes,No,Month-to-month,Yes,Bank transfer,61.33,791.79,Yes
CUST102441,Female,1,No,No,17,Yes,No,Fiber optic,No,Yes,Yes,Yes,Yes,Yes,Month-to-month,Yes,Credit card,96.07,1680.77,Yes
CUST102442,Female,0,Yes,No,68,Yes,Yes,Fiber optic,Yes,Yes,Yes,No,Yes,No,Two year,Yes,Bank transfer,98.0,6712.72,No
CUST102443,Female,0,No,No,26,Yes,No,DSL,No,No,Yes,No,No,No,One year,No,Electronic check,47.39,1281.08,No
CUST102444,Female,1,No,Yes,58,Yes,No,No,No internet service,No internet service,No internet service,No internet service,No internet service,No internet service,Two year,Yes,Electronic check,26.76,1518.2,No
CUST102445,Male,0,Yes,No,29,Yes,No,DSL,No,No,Yes,No,No,No,Month-to-month,Yes,Electronic check,45.94,1325.59,Yes
CUST102446,Male,0,Yes,No,60,Yes,No,No,No internet service,No internet service,No internet service,No internet service,No internet service,No internet service,Month-to-month,Yes,Electronic check,24.1,1474.29,No
CUST102447,Male,0,No,Yes,55,Yes,Yes,Fiber optic,Yes,No,Yes,Yes,Yes,No,Month-to-month,Yes,Electronic check,104.47,5707.04,No
CUST102448,Male,0,Yes,No,61,Yes,No,DSL,No,No,No,Yes,No,No,Two year,Yes,Electronic check,45.64,2888.82,No
CUST102449,Male,0,No,No,21,No,No phone service,DSL,No,No,Yes,No,No,Yes,Month-to-month,No,Mailed check,44.29,794.24,No
CUST102450,Female,0,No,No,7,Yes,Yes,Fiber optic,No,No,No,No,No,Yes,One year,No,Electronic check,81.1,542.08,No
CUST102451,Male,0,Yes,No,23,Yes,No,Fiber optic,No,No,No,No,No,No,Month-to-month,Yes,Mailed check,75.46,1824.05,Yes
CUST102452,Male,0,No,No,51,Yes,Yes,Fiber optic,No,Yes,Yes,No,No,Yes,Month-to-month,No,Bank transfer,90.24,4681.78,No
CUST102453,Female,0,No,No,48,Yes,Yes,Fiber optic,No,No,No,No,No,Yes,Month-to-month,Yes,Electronic check,82.77,3932.78,No
CUST102454,Female,1,Yes,No,51,Yes,Yes,DSL,No,No,No,No,No,No,Month-to-month,No,Bank transfer,54.12,2785.05,No
CUST102455,Male,0,No,No,72,Yes,Yes,Fiber optic,No,No,Yes,No,No,No,Month-to-month,Yes,Bank transfer,84.1,6079.4,No
CUST102456,Female,0,Yes,No,17,Yes,Yes,No,No internet service,No internet service,No internet service,No internet service,No internet service,No internet service,Two year,Yes,Mailed check,34.56,761.44,No
CUST102457,Male,1,No,Yes,32,Yes,No,Fiber optic,Yes,No,No,No,No,Yes,Month-to-month,No,Mailed check,83.55,2609.63,No
CUST102458,Male,0,Yes,No,36,Yes,Yes,No,No internet service,No internet service,No internet service,No internet service,No internet service,No internet service,Month-to-month,No,Bank transfer,38.85,1415.26,No
CUST102459,Female,0,Yes,No,11,Yes,No,Fiber optic,Yes,No,Yes,No,Yes,No,Month-to-month,Yes,Mailed check,81.84,866.97,No
CUST102460,Female,0,Yes,Yes,48,Yes,No,Fiber optic,No,No,No,No,Yes,No,Two year,Yes,Mailed check,74.27,3686.9,No
CUST102461,Female,0,Yes,Yes,4,Yes,Yes,Fiber optic,No,Yes,No,Yes,No,No,One year,Yes,Credit card,83.63,323.41,No
CUST102462,Female,0,Yes,Yes,65,Yes,No,DSL,Yes,No,No,No,No,No,One year,No,Credit card,49.52,3169.1,No
CUST102463,Female,0,Yes,Yes,7,Yes,Yes,DSL,Yes,No,Yes,No,No,No,Month-to-month,Yes,Mailed check,67.96,534.75,No
CUST102464,Male,0,No,No,8,Yes,No,Fiber optic,No,No,Yes,No,No,No,Two year,Yes,Mailed check,78.89,567.29,No
CUST102465,Female,0,Yes,No,13,Yes,No,No,No internet service,No internet service,No internet service,No internet service,No internet service,No internet service,Month-to-month,Yes,Credit card,27.65,374.42,No
CUST102466,Female,0,Yes,No,65,Yes,No,Fiber optic,No,No,No,No,No,Yes,One year,No,Mailed check,80.22,5267.94,No
CUST102467,Female,0,Yes,No,63,Yes,No,DSL,No,No,Yes,No,Yes,Yes,One year,Yes,Bank transfer,73.46,4489.37,No
CUST102468,Male,0,No,No,67,Yes,No,DSL,No,Yes,No,Yes,Yes,No,Month-to-month,Yes,Electronic check,58.01,3821.54,No
CUST102469,Female,0,Yes,No,60,Yes,Yes,Fiber optic,Yes,Yes,No,No,Yes,No,Month-to-month,Yes,Electronic check,91.34,5633.34,No
CUST102470,Female,0,No,No,67,Yes,No,Fiber optic,No,No,No,No,No,Yes,Month-to-month,No,Mailed check,75.91,5103.61,No
CUST102471,Male,0,No,No,34,Yes,Yes,DSL,No,No,Yes,Yes,Yes,No,Month-to-month,Yes,Credit card,71.5,2339.91,Yes
CUST102472,Female,0,Yes,No,1,Yes,No,DSL,No,No,No,No,No,No,Month-to-month,Yes,Electronic check,48.06,59.54,No
CUST102473,Female,0,No,No,32,Yes,No,Fiber optic,No,No,No,No,Yes,No,Month-to-month,No,Credit card,72.75,2178.15,No
CUST102474,Female,1,Yes,No,16,Yes,No,DSL,No,Yes,Yes,No,No,No,Month-to-month,Yes,Bank transfer,56.72,920.77,No
CUST102475,Female,0,No,Yes,18,Yes,No,Fiber optic,Yes,No,Yes,No,Yes,Yes,One year,No,Bank transfer,97.38,1784.36,No
CUST102476,Female,0,Yes,No,50,Yes,Yes,Fiber optic,No,Yes,No,Yes,Yes,Yes,Month-to-month,No,Credit card,96.12,4798.96,No
CUST102477,Male,0,No,No,13,No,No phone service,DSL,Yes,No,No,Yes,Yes,Yes,One year,No,Electronic check,62.6,754.14,No
CUST102478,Female,0,No,No,24,Yes,No,Fiber optic,Yes,No,No,No,No,No,Month-to-month,Yes,Electronic check,72.54,1883.94,Yes
CUST102479,Female,0,Yes,No,29,Yes,No,DSL,No,No,No,Yes,Yes,No,Month-to-month,Yes,Electronic check,52.23,1488.13,No
CUST102480,Female,1,Yes,No,5,Yes,Yes,Fiber optic,Yes,No,No,No,Yes,No,Month-to-month,Yes,Mailed check,92.93,313.23,No
CUST102481,Male,1,Yes,Yes,51,Yes,No,No,No internet service,No internet service,No internet service,No internet service,No internet service,No internet service,Two year,Yes,Electronic check,29.86,1509.74,No
CUST102482,Male,0,Yes,No,55,Yes,No,Fiber optic,No,No,No,No,No,No,Month-to-month,Yes,Bank transfer,66.41,3746.19,No
CUST102483,Female,0,No,No,41,Yes,Yes,DSL,No,Yes,Yes,No,No,Yes,One year,No,Credit card,73.67,3149.96,No
CUST102484,Female,0,No,No,3,Yes,Yes,DSL,Yes,Yes,Yes,No,No,No,Two year,No,Electronic check,76.48,18.0,No
CUST102485,Female,0,No,No,57,Yes,No,DSL,No,Yes,No,No,Yes,No,One year,No,Mailed check,58.42,3263.11,No
CUST102486,Female,0,No,No,33,Yes,Yes,No,No internet service,No internet service,No internet service,No internet service,No internet service,No internet service,Month-to-month,Yes,Bank transfer,29.47,942.54,No
CUST102487,Female,0,No,No,20,Yes,No,Fiber optic,No,Yes,No,No,No,Yes,Month-to-month,Yes,Bank transfer,80.8,1629.26,No
CUST102488,Female,0,No,No,69,Yes,Yes,Fiber optic,Yes,No,No,No,No,Yes,One year,No,Credit card,81.24,5496.55,No
CUST102489,Male,1,Yes,No,62,Yes,No,DSL,No,Yes,No,No,Yes,Yes,One year,Yes,Electronic check,64.52,4044.65,No
CUST102490,Female,0,Yes,No,32,Yes,Yes,No,No internet service,No internet service,No internet service,No internet service,No internet service,No internet service,One year,No,Electronic check,33.46,1144.96,No
CUST102491,Female,0,Yes,No,32,Yes,No,No,No internet service,No internet service,No internet service,No internet service,No internet service,No internet service,One year,Yes,Credit card,31.13,925.43,No
CUST102492,Female,1,Yes,Yes,66,Yes,Yes,DSL,No,No,Yes,No,No,No,Month-to-month,Yes,Electronic check,55.61,3666.47,No
CUST102493,Male,0,Yes,Yes,14,Yes,Yes,Fiber optic,No,Yes,Yes,No,No,Yes,One year,Yes,Bank transfer,97.58,1431.28,No
CUST102494,Male,0,Yes,No,30,Yes,No,Fiber optic,No,Yes,No,Yes,No,Yes,One year,No,Electronic check,83.8,2655.49,No
CUST102495,Female,0,Yes,No,42,Yes,No,Fiber optic,No,Yes,Yes,No,Yes,No,Two year,Yes,Mailed check,86.52,3718.27,No
CUST102496,Female,0,Yes,No,25,Yes,No,Fiber optic,Yes,No,No,No,No,No,One year,Yes,Bank transfer,69.37,1692.54,No
CUST102497,Male,0,Yes,No,23,Yes,Yes,DSL,No,No,Yes,No,No,Yes,Month-to-month,No,Bank transfer,60.73,1433.06,No
CUST102498,Male,0,Yes,Yes,8,Yes,Yes,Fiber optic,No,No,No,No,No,No,One year,Yes,Electronic check,80.13,622.25,No
CUST102499,Female,0,Yes,No,20,Yes,Yes,Fiber optic,Yes,Yes,No,No,Yes,Yes,One year,Yes,Credit card,105.28,2045.64,No
CUST102500,Male,0,Yes,No,26,Yes,Yes,Fiber optic,No,Yes,No,No,Yes,No,Month-to-month,No,Credit card,86.38,2285.54,Yes
CUST102501,Male,0,No,No,61,Yes,Yes,Fiber optic,Yes,No,No,No,Yes,No,Month-to-month,Yes,Credit card,91.08,5594.72,No
CUST102502,Female,0,No,Yes,25,Yes,Yes,DSL,No,No,No,No,No,No,Month-to-month,Yes,Credit card,56.12,1402.39,No
CUST102503,Male,0,Yes,No,12,Yes,No,Fiber optic,Yes,No,Yes,Yes,No,No,Month-to-month,Yes,Credit card,80.73,1048.94,No
CUST102504,Female,0,Yes,No,61,Yes,Yes,No,No internet service,No internet service,No internet service,No internet service,No internet service,No internet service,One year,No,Bank transfer,36.81,2222.74,No
CUST102505,Female,0,Yes,No,26,Yes,Yes,Fiber optic,No,No,Yes,No,No,No,Month-to-month,No,Bank transfer,82.05,2125.96,Yes
CUST102506,Female,0,Yes,Yes,67,No,No phone service,No,No internet service,No internet service,No internet service,No internet service,No internet service,No internet service,One year,No,Credit card,21.4,1449.58,No
CUST102507,Female,0,Yes,No,8,Yes,No,Fiber optic,Yes,No,No,No,Yes,Yes,Month-to-month,No,Credit card,88.52,733.9,No
CUST102508,Male,0,No,No,2,Yes,No,Fiber optic,No,No,No,No,No,Yes,One year,No,Bank transfer,68.48,63.04,No
CUST102509,Female,0,Yes,No,67,Yes,Yes,Fiber optic,Yes,No,Yes,Yes,Yes,No,One year,Yes,Electronic check,99.67,6828.87,No
CUST102510,Female,0,Yes,No,8,Yes,No,DSL,Yes,No,Yes,Yes,No,Yes,One year,Yes,Electronic check,67.34,592.51,No
CUST102511,Female,0,No,Yes,1,Yes,Yes,No,No internet service,No internet service,No internet service,No internet service,No internet service,No internet service,Month-to-month,Yes,Credit card,33.67,33.81,No
CUST102512,Male,0,Yes,No,47,Yes,No,Fiber optic,No,Yes,No,Yes,Yes,Yes,Two year,Yes,Credit card,87.43,4111.06,No
CUST102513,Male,0,Yes,No,23,No,No phone service,No,No internet service,No internet service,No internet service,No internet service,No internet service,No internet service,Month-to-month,No,Electronic check,24.0,545.93,Yes
CUST102514,Male,0,Yes,No,35,Yes,No,Fiber optic,No,No,Yes,Yes,No,No,One year,Yes,Credit card,80.16,2922.55,No
CUST102515,Female,0,No,No,30,Yes,No,Fiber optic,Yes,No,No,Yes,No,No,Month-to-month,Yes,Electronic check,71.91,2233.96,Yes
CUST102516,Male,0,Yes,No,22,Yes,Yes,DSL,No,No,No,Yes,No,Yes,Month-to-month,Yes,Mailed check,70.44,1600.47,No
CUST102517,Male,0,No,No,35,No,No phone service,Fiber optic,No,No,No,Yes,Yes,Yes,One year,Yes,Credit card,82.71,3093.1,No
CUST102518,Male,0,No,No,19,Yes,Yes,Fiber optic,Yes,No,No,Yes,No,No,Month-to-month,No,Credit card,90.69,1770.47,No
CUST102519,Female,0,Yes,Yes,17,Yes,Yes,No,No internet service,No internet service,No internet service,No internet service,No internet service,No internet service,Month-to-month,Yes,Mailed check,33.81,502.78,No
CUST102520,Male,0,No,No,17,Yes,Yes,No,No internet service,No internet service,No internet service,No internet service,No internet service,No internet service,Month-to-month,No,Credit card,34.95,653.37,No
CUST102521,Female,1,Yes,No,9,Yes,No,Fiber optic,Yes,No,No,Yes,No,Yes,Month-to-month,Yes,Credit card,91.26,863.99,Yes
CUST102522,Female,0,Yes,No,38,Yes,No,Fiber optic,No,No,Yes,No,No,No,Two year,Yes,Credit card,76.74,3027.11,No
CUST102523,Female,1,Yes,No,40,Yes,No,DSL,No,No,Yes,No,No,Yes,One year,Yes,Credit card,57.45,2357.64,No
CUST102524,Female,0,No,No,2,Yes,No,Fiber optic,No,Yes,No,Yes,No,Yes,Month-to-month,Yes,Mailed check,84.45,179.94,Yes
CUST102525,Female,0,Yes,No,34,Yes,No,No,No internet service,No internet service,No internet service,No internet service,No internet service,No internet service,One year,No,Electronic check,18.0,689.11,No
CUST102526,Female,0,Yes,No,54,Yes,No,Fiber optic,No,No,Yes,No,No,Yes,One year,No,Electronic check,85.66,4491.22,No
CUST102527,Female,0,No,Yes,1,Yes,Yes,Fiber optic,No,No,No,Yes,No,No,One year,Yes,Electronic check,85.78,124.1,Yes
CUST102528,Male,0,Yes,No,22,Yes,No,No,No internet service,No internet service,No internet service,No internet service,No internet service,No internet service,One year,Yes,Electronic check,30.99,727.45,No
CUST102529,Female,0,No,No,70,Yes,No,DSL,No,Yes,No,No,No,Yes,Month-to-month,No,Electronic check,62.57,4273.22,No
CUST102530,Male,0,No,No,31,No,No phone service,No,No internet service,No internet service,No internet service,No internet service,No internet service,No internet service,Month-to-month,No,Electronic check,18.0,567.91,No
CUST102531,Male,0,No,No,2,Yes,No,Fiber optic,No,Yes,Yes,No,Yes,No,One year,Yes,Bank transfer,85.62,118.22,No
CUST102532,Male,1,No,No,38,Yes,No,DSL,Yes,Yes,Yes,No,No,No,One year,Yes,Electronic check,59.1,2210.81,No
CUST102533,Male,0,No,Yes,30,Yes,No,Fiber optic,Yes,No,Yes,No,Yes,Yes,One year,Yes,Electronic check,86.17,2659.02,No
CUST102534,Female,0,Yes,Yes,16,Yes,Yes,DSL,No,Yes,Yes,Yes,No,No,Month-to-month,Yes,Electronic check,65.61,967.14,No
CUST102535,Male,0,No,No,6,Yes,Yes,Fiber optic,No,No,Yes,No,Yes,Yes,One year,Yes,Electronic check,96.68,561.93,No
CUST102536,Male,0,No,Yes,64,No,No phone service,DSL,No,No,No,No,No,No,Month-to-month,No,Bank transfer,42.19,2626.04,No
CUST102537,Female,1,No,No,59,Yes,No,DSL,No,No,No,No,No,No,One year,No,Credit card,48.08,2854.76,No
CUST102538,Female,0,No,Yes,50,Yes,Yes,Fiber optic,No,No,Yes,No,No,No,Month-to-month,No,Bank transfer,79.48,4000.75,No
CUST102539,Male,1,No,No,2,Yes,No,Fiber optic,No,No,No,Yes,Yes,Yes,One year,No,Bank transfer,92.83,82.59,No
CUST102540,Female,0,No,No,63,Yes,Yes,DSL,Yes,No,No,No,No,No,Two year,Yes,Credit card,59.23,3704.19,No
CUST102541,Female,0,Yes,No,35,Yes,No,No,No internet service,No internet service,No internet service,No internet service,No internet service,No internet service,Month-to-month,No,Bank transfer,21.47,736.38,No
CUST102542,Male,0,Yes,No,35,No,No phone service,DSL,No,No,No,No,Yes,Yes,One year,No,Electronic check,52.84,1858.73,No
CUST102543,Male,0,No,Yes,64,Yes,No,Fiber optic,No,Yes,Yes,No,Yes,No,One year,No,Electronic check,90.26,5852.49,No
CUST102544,Female,0,No,No,32,Yes,Yes,Fiber optic,No,No,No,No,Yes,No,Month-to-month,Yes,Bank transfer,86.26,2683.74,No
CUST102545,Male,0,Yes,No,18,Yes,No,DSL,Yes,Yes,Yes,Yes,Yes,No,Month-to-month,No,Bank transfer,68.43,1199.11,No
CUST102546,Female,1,Yes,No,18,Yes,Yes,No,No internet service,No internet service,No internet service,No internet service,No internet service,No internet service,One year,Yes,Credit card,31.36,669.32,No
CUST102547,Male,0,No,Yes,67,Yes,No,Fiber optic,Yes,Yes,No,No,No,No,Month-to-month,Yes,Electronic check,88.41,5986.06,No
CUST102548,Male,0,Yes,No,40,Yes,No,DSL,No,Yes,No,No,Yes,No,Month-to-month,Yes,Credit card,54.52,2103.83,No
CUST102549,Female,0,No,No,42,Yes,No,Fiber optic,Yes,No,No,Yes,No,No,Two year,Yes,Mailed check,80.37,3366.4,No
CUST102550,Female,1,No,No,43,Yes,No,Fiber optic,Yes,Yes,Yes,No,No,No,One year,Yes,Credit card,75.05,3260.39,No
CUST102551,Male,0,Yes,No,16,Yes,No,DSL,No,Yes,No,Yes,No,Yes,One year,No,Mailed check,68.39,1165.21,No
CUST102552,Female,0,Yes,No,31,Yes,No,DSL,Yes,No,Yes,No,No,Yes,One year,Yes,Electronic check,66.31,2081.16,No
CUST102553,Female,0,No,No,69,Yes,No,Fiber optic,No,Yes,No,No,No,Yes,Month-to-month,Yes,Mailed check,89.06,6177.88,No
CUST102554,Female,0,Yes,No,11,No,No phone service,Fiber optic,No,No,Yes,No,Yes,No,One year,No,Electronic check,69.94,803.99,No
CUST102555,Male,0,No,No,69,Yes,No,DSL,No,No,No,No,Yes,Yes,Month-to-month,No,Electronic check,65.03,4490.64,No
CUST102556,Female,0,Yes,No,20,Yes,No,Fiber optic,Yes,Yes,No,Yes,No,Yes,Month-to-month,No,Credit card,87.99,1633.16,No
CUST102557,Male,0,Yes,No,22,Yes,Yes,DSL,No,Yes,Yes,Yes,No,Yes,One year,Yes,Mailed check,81.35,1749.45,No
CUST102558,Male,0,Yes,No,2,Yes,Yes,DSL,Yes,No,No,Yes,No,No,Two year,Yes,Electronic check,53.51,205.98,No
CUST102559,Female,0,No,No,48,Yes,No,Fiber optic,No,No,Yes,No,No,No,Month-to-month,Yes,Mailed check,79.32,3876.31,No
CUST102560,Male,0,No,Yes,23,Yes,No,DSL,No,No,No,Yes,No,Yes,Two year,No,Bank transfer,58.3,1339.69,No
CUST102561,Male,0,No,Yes,34,Yes,No,DSL,No,Yes,No,No,No,No,One year,Yes,Electronic check,53.88,1812.45,No
CUST102562,Female,0,Yes,No,42,Yes,Yes,DSL,No,Yes,No,No,Yes,No,Month-to-month,Yes,Electronic check,67.41,2771.88,No
CUST102563,Male,0,No,No,46,Yes,No,Fiber optic,No,No,No,No,No,Yes,Month-to-month,Yes,Credit card,78.98,3563.93,Yes
CUST102564,Female,0,Yes,Yes,69,No,No phone service,Fiber optic,No,No,No,Yes,No,Yes,Month-to-month,Yes,Electronic check,83.88,5863.53,No
CUST102565,Female,1,No,No,41,Yes,No,Fiber optic,No,Yes,No,No,Yes,Yes,One year,Yes,Credit card,96.52,3932.0,No
CUST102566,Female,0,No,No,13,Yes,No,Fiber optic,No,No,No,No,No,Yes,Month-to-month,Yes,Electronic check,79.49,1057.0,Yes
CUST102567,Male,0,Yes,No,51,Yes,No,Fiber optic,No,No,Yes,No,Yes,Yes,Month-to-month,Yes,Bank transfer,90.03,4784.04,No
CUST102568,Male,0,No,No,4,Yes,No,DSL,No,No,Yes,No,Yes,Yes,Month-to-month,No,Bank transfer,71.13,292.64,No
CUST102569,Female,0,Yes,Yes,61,Yes,Yes,DSL,No,No,No,Yes,Yes,No,Two year,Yes,Electronic check,71.42,4296.34,No
CUST102570,Male,0,Yes,No,22,Yes,No,DSL,Yes,No,No,Yes,Yes,No,Month-to-month,Yes,Bank transfer,63.67,1470.81,No
CUST102571,Male,0,No,Yes,53,Yes,Yes,No,No internet service,No internet service,No internet service,No internet service,No internet service,No internet service,Month-to-month,No,Mailed check,35.47,1966.02,No
CUST102572,Male,0,No,No,12,Yes,No,DSL,No,Yes,Yes,Yes,No,Yes,Month-to-month,No,Mailed check,64.39,617.25,No
CUST102573,Male,0,Yes,Yes,30,Yes,No,DSL,Yes,No,No,Yes,Yes,Yes,Month-to-month,Yes,Credit card,71.49,2244.5,No
CUST102574,Female,0,No,No,51,Yes,No,Fiber optic,No,No,No,No,No,Yes,Month-to-month,Yes,Credit card,78.12,3911.96,No
CUST102575,Male,1,Yes,No,45,Yes,No,Fiber optic,No,No,No,No,No,Yes,One year,No,Electronic check,81.17,3781.72,No
CUST102576,Female,0,No,No,1,No,No phone service,No,No internet service,No internet service,No internet service,No internet service,No internet service,No internet service,One year,No,Bank transfer,27.48,129.51,Yes
CUST102577,Female,0,No,No,3,Yes,No,Fiber optic,No,No,No,Yes,No,No,Month-to-month,Yes,Electronic check,80.18,250.92,No
CUST102578,Female,0,Yes,No,71,Yes,No,DSL,No,No,No,No,Yes,No,Two year,Yes,Electronic check,57.46,4012.05,No
CUST102579,Male,0,No,No,39,Yes,No,Fiber optic,Yes,Yes,Yes,No,Yes,No,Month-to-month,Yes,Electronic check,91.33,3649.77,No
CUST102580,Male,0,No,Yes,62,Yes,Yes,Fiber optic,Yes,No,No,No,No,Yes,Two year,No,Bank transfer,87.61,5465.37,No
CUST102581,Female,0,Yes,No,6,Yes,Yes,No,No internet service,No internet service,No internet service,No internet service,No internet service,No internet service,Month-to-month,No,Bank transfer,38.23,167.47,No
CUST102582,Female,0,Yes,No,36,Yes,No,Fiber optic,No,No,No,Yes,Yes,Yes,Two year,Yes,Mailed check,91.56,3338.08,No
CUST102583,Female,0,Yes,No,42,No,No phone service,Fiber optic,No,Yes,No,No,No,Yes,Two year,No,Credit card,77.04,3145.37,No
CUST102584,Male,0,No,No,67,Yes,Yes,DSL,No,No,No,Yes,Yes,Yes,Two year,Yes,Bank transfer,68.3,4597.56,No
CUST102585,Female,1,No,No,52,Yes,No,No,No internet service,No internet service,No internet service,No internet service,No internet service,No internet service,Month-to-month,No,Electronic check,24.28,1285.56,No
CUST102586,Male,0,No,No,46,Yes,No,Fiber optic,No,No,No,No,Yes,No,Month-to-month,Yes,Electronic check,75.16,3495.59,No
CUST102587,Female,0,No,Yes,22,Yes,Yes,DSL,Yes,Yes,Yes,No,Yes,No,Two year,Yes,Bank transfer,78.07,1814.39,No
CUST102588,Female,0,No,No,72,No,No phone service,Fiber optic,Yes,No,No,No,No,No,Month-to-month,Yes,Electronic check,67.2,4798.8,No
CUST102589,Male,1,Yes,Yes,24,No,No phone service,Fiber optic,No,No,No,No,Yes,No,Month-to-month,No,Electronic check,75.32,1756.5,No
CUST102590,Female,0,Yes,No,21,Yes,Yes,DSL,No,No,Yes,No,No,No,Month-to-month,Yes,Electronic check,54.11,1138.48,No
CUST102591,Female,0,No,No,53,Yes,Yes,Fiber optic,No,Yes,Yes,No,Yes,Yes,Month-to-month,Yes,Mailed check,97.17,5215.23,No
CUST102592,Female,0,Yes,No,72,Yes,Yes,Fiber optic,No,No,Yes,No,No,Yes,Month-to-month,No,Mailed check,88.27,6338.67,No
CUST102593,Male,0,Yes,Yes,62,Yes,Yes,DSL,No,Yes,No,No,No,No,Month-to-month,Yes,Bank transfer,55.93,3339.1,No
CUST102594,Female,0,No,No,13,Yes,Yes,No,No internet service,No internet service,No internet service,No internet service,No internet service,No internet service,One year,Yes,Bank transfer,31.85,392.97,No
CUST102595,Female,1,No,No,59,Yes,No,No,No internet service,No internet service,No internet service,No internet service,No internet service,No internet service,Month-to-month,Yes,Credit card,28.4,1688.33,No
CUST102596,Female,0,No,No,26,No,No phone service,DSL,No,Yes,No,Yes,No,Yes,Month-to-month,Yes,Credit card,55.54,1381.82,No
CUST102597,Male,0,Yes,No,16,No,No phone service,Fiber optic,No,No,Yes,No,Yes,No,Month-to-month,Yes,Mailed check,69.02,916.25,Yes
CUST102598,Male,0,No,No,68,Yes,Yes,No,No internet service,No internet service,No internet service,No internet service,No internet service,No internet service,Two year,No,Mailed check,32.68,2247.17,No
CUST102599,Male,0,Yes,No,69,Yes,No,Fiber optic,No,No,No,No,Yes,No,Month-to-month,Yes,Electronic check,79.92,5409.82,No
CUST102600,Female,1,Yes,Yes,27,Yes,Yes,No,No internet service,No internet service,No internet service,No internet service,No internet service,No internet service,One year,No,Credit card,33.96,994.35,No
CUST102601,Male,0,No,No,2,Yes,No,DSL,No,No,Yes,No,Yes,No,One year,Yes,Mailed check,54.75,293.8,No
CUST102602,Female,0,No,No,16,Yes,No,Fiber optic,No,Yes,No,No,Yes,No,One year,No,Electronic check,80.59,1217.92,Yes
CUST102603,Male,0,No,No,39,Yes,Yes,Fiber optic,No,No,No,No,No,No,Month-to-month,Yes,Bank transfer,72.13,2841.21,No
CUST102604,Male,0,No,Yes,5,Yes,Yes,Fiber optic,No,No,No,Yes,No,No,One year,No,Mailed check,89.15,469.67,No
CUST102605,Male,0,No,No,17,Yes,No,Fiber optic,No,No,Yes,Yes,Yes,No,Month-to-month,No,Credit card,90.56,1416.73,No
CUST102606,Male,0,Yes,No,11,Yes,No,DSL,No,Yes,No,No,Yes,Yes,One year,No,Electronic check,74.84,629.36,No
CUST102607,Male,0,Yes,No,69,Yes,No,DSL,No,Yes,Yes,Yes,Yes,Yes,Month-to-month,Yes,Electronic check,75.41,5094.83,No
CUST102608,Female,0,No,Yes,26,Yes,Yes,DSL,Yes,Yes,Yes,No,No,No,Two year,Yes,Credit card,66.61,1707.58,No
CUST102609,Male,0,No,No,28,Yes,Yes,DSL,No,Yes,Yes,No,Yes,Yes,Month-to-month,Yes,Mailed check,73.56,2254.77,No
CUST102610,Male,0,Yes,No,31,Yes,Yes,DSL,Yes,Yes,No,Yes,No,No,Month-to-month,Yes,Electronic check,69.83,2210.56,Yes
CUST102611,Male,0,Yes,Yes,1,Yes,Yes,Fiber optic,No,No,No,Yes,Yes,Yes,One year,Yes,Bank transfer,94.21,23.47,No
CUST102612,Male,0,Yes,No,40,Yes,No,DSL,No,Yes,No,No,No,Yes,Month-to-month,Yes,Bank transfer,54.16,2094.89,No
CUST102613,Female,0,Yes,No,66,Yes,Yes,DSL,Yes,Yes,No,No,Yes,Yes,Month-to-month,Yes,Electronic check,82.3,5377.02,No
CUST102614,Male,1,No,No,59,Yes,Yes,DSL,Yes,No,No,No,Yes,No,Two year,No,Electronic check,65.16,3694.12,No
CUST102615,Female,0,Yes,Yes,19,Yes,Yes,No,No internet service,No internet service,No internet service,No internet service,No internet service,No internet service,One year,Yes,Electronic check,36.05,614.15,No
CUST102616,Male,1,Yes,No,1,Yes,No,DSL,No,Yes,No,Yes,No,Yes,One year,No,Electronic check,63.88,100.76,No
CUST102617,Male,0,No,Yes,56,Yes,No,Fiber optic,Yes,No,Yes,No,No,Yes,Month-to-month,Yes,Mailed check,88.65,4946.29,No
CUST102618,Female,0,No,No,61,Yes,Yes,DSL,No,Yes,Yes,No,Yes,Yes,Month-to-month,Yes,Electronic check,70.01,4237.97,No
CUST102619,Male,0,Yes,No,67,Yes,Yes,DSL,No,No,No,Yes,Yes,No,Month-to-month,Yes,Bank transfer,60.39,4112.84,No
CUST102620,Male,0,Yes,No,42,Yes,Yes,Fiber optic,No,No,Yes,No,No,Yes,One year,Yes,Bank transfer,96.37,3957.4,No
CUST102621,Male,0,Yes,Yes,35,No,No phone service,Fiber optic,No,No,Yes,No,Yes,Yes,One year,Yes,Mailed check,80.81,2862.62,Yes
CUST102622,Female,0,Yes,No,55,Yes,No,Fiber optic,No,Yes,No,Yes,No,Yes,Month-to-month,Yes,Electronic check,88.65,4784.51,No
CUST102623,Female,0,Yes,Yes,50,Yes,No,Fiber optic,No,No,Yes,No,Yes,Yes,Month-to-month,Yes,Mailed check,92.19,4675.96,No
CUST102624,Male,0,Yes,No,55,Yes,No,DSL,No,No,Yes,No,Yes,Yes,Month-to-month,Yes,Electronic check,63.5,3497.62,No
CUST102625,Male,0,Yes,No,21,Yes,No,DSL,No,No,No,No,No,No,Month-to-month,Yes,Credit card,41.72,889.22,No
CUST102626,Male,0,Yes,No,66,Yes,No,No,No internet service,No internet service,No internet service,No internet service,No internet service,No internet service,Month-to-month,Yes,Electronic check,22.53,1476.21,No
CUST102627,Male,0,Yes,No,3,Yes,No,DSL,Yes,Yes,No,No,Yes,Yes,Month-to-month,No,Credit card,65.97,241.45,No
CUST102628,Female,0,No,Yes,7,No,No phone service,Fiber optic,Yes,No,No,Yes,No,Yes,Month-to-month,No,Bank transfer,76.25,465.49,No
CUST102629,Male,1,Yes,Yes,48,No,No phone service,Fiber optic,No,Yes,No,No,No,No,Month-to-month,Yes,Credit card,63.95,3150.48,No
CUST102630,Female,1,Yes,No,42,Yes,No,DSL,No,Yes,Yes,Yes,No,Yes,Month-to-month,Yes,Credit card,62.85,2619.19,No
CUST102631,Male,0,No,No,40,No,No phone service,DSL,No,Yes,Yes,Yes,Yes,Yes,Month-to-month,No,Credit card,70.68,2866.72,No
CUST102632,Male,0,Yes,Yes,66,Yes,Yes,Fiber optic,No,No,No,No,No,Yes,Two year,No,Bank transfer,89.89,5985.51,No
CUST102633,Male,0,Yes,No,63,Yes,No,Fiber optic,Yes,No,Yes,Yes,No,Yes,Month-to-month,Yes,Electronic check,88.26,5499.18,No
CUST102634,Male,0,No,No,52,No,No phone service,No,No internet service,No internet service,No internet service,No internet service,No internet service,No internet service,Month-to-month,Yes,Bank transfer,18.0,975.54,No
CUST102635,Female,1,No,No,12,Yes,Yes,DSL,No,Yes,Yes,No,No,No,Month-to-month,Yes,Electronic check,63.24,699.34,Yes
CUST102636,Female,0,Yes,No,7,Yes,Yes,No,No internet service,No internet service,No internet service,No internet service,No internet service,No internet service,Month-to-month,Yes,Mailed check,41.06,160.2,Yes
CUST102637,Female,0,No,Yes,11,Yes,No,DSL,No,No,No,Yes,No,No,Month-to-month,No,Credit card,45.68,517.94,No
CUST102638,Male,0,No,Yes,45,Yes,No,DSL,No,No,Yes,No,No,Yes,Month-to-month,Yes,Bank transfer,52.79,2548.67,No
CUST102639,Female,0,Yes,No,52,Yes,No,Fiber optic,No,No,Yes,No,No,No,Month-to-month,No,Electronic check,65.53,3355.16,No
CUST102640,Male,1,Yes,No,58,Yes,No,No,No internet service,No internet service,No internet service,No internet service,No internet service,No internet service,Two year,No,Credit card,29.03,1724.67,No
CUST102641,Female,0,Yes,No,8,Yes,No,Fiber optic,Yes,Yes,Yes,No,Yes,Yes,Two year,Yes,Electronic check,95.0,825.51,No
CUST102642,Female,0,No,No,20,Yes,Yes,Fiber optic,Yes,No,Yes,No,Yes,No,Month-to-month,Yes,Credit card,97.52,1857.63,No
CUST102643,Female,0,Yes,Yes,25,Yes,Yes,Fiber optic,No,No,No,No,No,Yes,Month-to-month,Yes,Bank transfer,86.9,2123.02,No
CUST102644,Female,1,Yes,No,46,Yes,Yes,No,No internet service,No internet service,No internet service,No internet service,No internet service,No internet service,Two year,Yes,Electronic check,40.98,1985.05,No
CUST102645,Female,0,Yes,No,4,Yes,No,No,No internet service,No internet service,No internet service,No internet service,No internet service,No internet service,Month-to-month,Yes,Electronic check,32.39,181.97,No
CUST102646,Female,0,No,Yes,61,Yes,No,Fiber optic,No,No,No,No,Yes,Yes,Two year,Yes,Credit card,77.66,4742.89,No
CUST102647,Male,1,Yes,No,6,Yes,No,Fiber optic,No,No,Yes,Yes,No,No,One year,No,Electronic check,78.88,347.13,No
CUST102648,Male,0,Yes,No,38,Yes,No,Fiber optic,Yes,No,Yes,Yes,No,No,Month-to-month,Yes,Credit card,89.56,3357.11,No
CUST102649,Male,1,Yes,No,68,Yes,No,No,No internet service,No internet service,No internet service,No internet service,No internet service,No internet service,Month-to-month,Yes,Mailed check,22.53,1573.69,No
CUST102650,Female,0,No,No,14,Yes,Yes,Fiber optic,Yes,Yes,No,No,No,Yes,Month-to-month,No,Mailed check,92.49,1043.38,No
CUST102651,Male,0,Yes,Yes,50,Yes,Yes,DSL,Yes,No,No,No,No,No,One year,No,Bank transfer,58.28,2978.97,No
CUST102652,Male,0,No,No,40,Yes,No,No,No internet service,No internet service,No internet service,No internet service,No internet service,No internet service,Month-to-month,No,Mailed check,27.8,1202.55,No
CUST102653,Male,0,Yes,No,60,Yes,No,Fiber optic,No,No,Yes,No,Yes,No,One year,No,Mailed check,83.18,5134.83,No
CUST102654,Female,0,Yes,Yes,43,Yes,No,Fiber optic,No,Yes,No,No,No,Yes,Month-to-month,Yes,Bank transfer,79.28,3510.95,No
CUST102655,Male,0,Yes,No,62,Yes,Yes,Fiber optic,Yes,No,No,No,Yes,No,Two year,Yes,Mailed check,85.25,5317.59,No
CUST102656,Male,0,Yes,No,30,Yes,No,Fiber optic,No,No,Yes,Yes,No,No,One year,No,Electronic check,81.8,2516.29,No
CUST102657,Female,0,Yes,No,12,Yes,No,Fiber optic,Yes,No,No,Yes,No,Yes,Month-to-month,No,Credit card,86.28,1006.87,No
CUST102658,Female,0,No,No,49,Yes,Yes,DSL,No,No,No,Yes,No,Yes,Month-to-month,Yes,Mailed check,73.46,3555.35,Yes
CUST102659,Male,0,Yes,No,70,Yes,No,No,No internet service,No internet service,No internet service,No internet service,No internet service,No internet service,Month-to-month,No,Bank transfer,23.56,1684.21,No
CUST102660,Female,0,No,Yes,32,Yes,No,Fiber optic,No,No,No,Yes,Yes,Yes,One year,Yes,Bank transfer,88.77,2774.77,No
CUST102661,Female,1,Yes,Yes,60,Yes,No,No,No internet service,No internet service,No internet service,No internet service,No internet service,No internet service,One year,Yes,Bank transfer,22.7,1327.82,No
CUST102662,Male,1,No,Yes,64,Yes,No,DSL,Yes,No,Yes,Yes,No,No,Month-to-month,No,Electronic check,62.46,4172.7,No
CUST102663,Female,0,Yes,No,47,Yes,No,No,No internet service,No internet service,No internet service,No internet service,No internet service,No internet service,One year,Yes,Credit card,27.17,1217.8,No
CUST102664,Female,0,No,No,57,Yes,No,Fiber optic,No,No,No,Yes,No,No,Month-to-month,Yes,Mailed check,77.1,4413.62,No
CUST102665,Female,0,Yes,No,41,Yes,No,Fiber optic,No,No,No,No,Yes,No,Month-to-month,Yes,Credit card,74.14,2909.81,Yes
CUST102666,Male,0,No,Yes,58,Yes,No,No,No internet service,No internet service,No internet service,No internet service,No internet service,No internet service,Two year,Yes,Credit card,20.64,1131.33,No
CUST102667,Female,0,No,Yes,25,Yes,No,Fiber optic,Yes,No,No,No,Yes,No,Month-to-month,Yes,Bank transfer,87.11,2112.66,Yes
CUST102668,Male,0,No,No,38,Yes,No,No,No internet service,No internet service,No internet service,No internet service,No internet service,No internet service,One year,Yes,Mailed check,31.6,1190.8,No
CUST102669,Female,0,No,Yes,6,Yes,No,Fiber optic,No,No,Yes,No,Yes,Yes,Month-to-month,No,Electronic check,92.77,486.22,Yes
CUST102670,Male,0,Yes,No,15,Yes,No,DSL,No,Yes,Yes,Yes,Yes,Yes,One year,No,Electronic check,78.56,1155.44,No
CUST102671,Male,0,Yes,No,42,Yes,No,Fiber optic,No,No,No,Yes,No,No,Month-to-month,No,Bank transfer,75.4,3125.91,No
CUST102672,Male,0,Yes,No,53,Yes,Yes,No,No internet service,No internet service,No internet service,No internet service,No internet service,No internet service,Month-to-month,No,Electronic check,37.45,1968.64,No
CUST102673,Male,0,No,No,3,Yes,No,Fiber optic,Yes,Yes,No,No,No,Yes,Month-to-month,No,Electronic check,83.37,116.43,No
CUST102674,Female,0,Yes,No,5,Yes,Yes,Fiber optic,No,No,No,Yes,No,Yes,One year,No,Mailed check,87.33,311.17,No
CUST102675,Male,0,Yes,Yes,1,Yes,Yes,DSL,Yes,No,No,Yes,Yes,No,Month-to-month,Yes,Electronic check,74.54,136.17,Yes
CUST102676,Male,0,No,No,38,Yes,Yes,Fiber optic,No,No,No,Yes,No,Yes,Month-to-month,Yes,Electronic check,97.12,3643.82,No
CUST102677,Male,0,Yes,Yes,25,Yes,No,No,No internet service,No internet service,No internet service,No internet service,No internet service,No internet service,Month-to-month,No,Mailed check,29.31,747.76,No
CUST102678,Male,0,No,Yes,4,Yes,Yes,No,No internet service,No internet service,No internet service,No internet service,No internet service,No internet service,Month-to-month,Yes,Electronic check,21.77,117.48,Yes
CUST102679,Male,0,Yes,No,58,Yes,Yes,DSL,No,Yes,No,No,Yes,Yes,One year,Yes,Electronic check,73.42,4263.41,No
CUST102680,Female,0,No,Yes,39,Yes,No,DSL,No,No,No,Yes,No,No,One year,No,Electronic check,56.68,2101.97,No
CUST102681,Female,0,No,No,1,Yes,No,DSL,Yes,No,No,No,Yes,No,One year,Yes,Bank transfer,56.78,18.0,No
CUST102682,Female,0,No,No,50,Yes,Yes,DSL,No,No,No,No,No,Yes,Month-to-month,Yes,Credit card,55.98,2764.57,No
CUST102683,Female,0,Yes,No,66,Yes,Yes,No,No internet service,No internet service,No internet service,No internet service,No internet service,No internet service,Month-to-month,No,Electronic check,38.84,2565.15,No
CUST102684,Male,0,Yes,No,31,Yes,No,Fiber optic,No,No,No,No,No,No,Month-to-month,No,Bank transfer,68.58,2236.6,No
CUST102685,Male,0,Yes,No,69,Yes,Yes,DSL,Yes,No,Yes,No,No,No,Month-to-month,No,Electronic check,61.55,4403.26,No
CUST102686,Female,1,Yes,No,31,Yes,Yes,Fiber optic,No,No,No,No,Yes,Yes,Two year,No,Bank transfer,84.32,2640.53,No
CUST102687,Female,0,No,Yes,6,Yes,No,Fiber optic,No,No,Yes,No,Yes,No,Month-to-month,No,Electronic check,75.4,444.24,No
CUST102688,Male,0,Yes,No,9,Yes,No,Fiber optic,Yes,Yes,No,No,No,No,Two year,Yes,Credit card,83.34,741.98,No
CUST102689,Male,1,Yes,Yes,5,Yes,No,No,No internet service,No internet service,No internet service,No internet service,No internet service,No internet service,Month-to-month,No,Bank transfer,23.05,109.6,No
CUST102690,Male,0,Yes,Yes,22,No,No phone service,Fiber optic,Yes,No,No,Yes,No,No,One year,Yes,Bank transfer,79.08,1683.09,No
CUST102691,Male,0,No,Yes,28,Yes,No,DSL,No,No,No,Yes,Yes,No,One year,No,Electronic check,65.98,1954.08,No
CUST102692,Male,0,Yes,No,32,Yes,No,No,No internet service,No internet service,No internet service,No internet service,No internet service,No internet service,One year,Yes,Credit card,23.83,727.63,No
CUST102693,Male,0,Yes,No,35,Yes,No,DSL,No,Yes,No,No,No,No,One year,Yes,Electronic check,48.24,1714.0,No
CUST102694,Female,0,Yes,No,63,Yes,No,No,No internet service,No internet service,No internet service,No internet service,No internet service,No internet service,Month-to-month,No,Mailed check,30.82,1966.05,No
CUST102695,Male,1,Yes,No,1,Yes,Yes,Fiber optic,No,No,Yes,No,Yes,Yes,One year,Yes,Bank transfer,102.11,18.0,No
CUST102696,Female,1,No,No,65,Yes,No,No,No internet service,No internet service,No internet service,No internet service,No internet service,No internet service,Month-to-month,No,Bank transfer,28.68,1780.25,No
CUST102697,Female,0,Yes,No,18,Yes,Yes,DSL,Yes,Yes,Yes,No,Yes,No,Month-to-month,Yes,Credit card,72.4,1329.25,No
CUST102698,Female,0,No,Yes,69,No,No phone service,Fiber optic,No,Yes,Yes,Yes,Yes,No,Month-to-month,Yes,Bank transfer,82.45,5786.8,No
CUST102699,Female,0,No,Yes,10,Yes,No,No,No internet service,No internet service,No internet service,No internet service,No internet service,No internet service,Month-to-month,Yes,Bank transfer,28.45,298.65,No
CUST102700,Female,0,No,No,8,Yes,No,No,No internet service,No internet service,No internet service,No internet service,No internet service,No internet service,Two year,No,Electronic check,25.85,259.93,Yes
CUST102701,Male,0,No,Yes,9,Yes,No,No,No internet service,No internet service,No internet service,No internet service,No internet service,No internet service,Month-to-month,Yes,Mailed check,32.88,206.96,No
CUST102702,Male,0,No,No,22,Yes,No,DSL,Yes,No,Yes,Yes,No,No,Month-to-month,Yes,Mailed check,58.22,1283.0,No
CUST102703,Female,0,Yes,No,68,Yes,No,Fiber optic,No,No,No,No,Yes,No,Month-to-month,No,Bank transfer,78.84,5267.01,No
CUST102704,Male,0,Yes,No,34,Yes,Yes,Fiber optic,No,No,No,No,No,No,One year,Yes,Bank transfer,80.05,2783.68,No
CUST102705,Female,0,No,Yes,12,No,No phone service,DSL,No,Yes,No,No,Yes,No,One year,No,Mailed check,50.04,603.91,Yes
CUST102706,Female,0,No,No,47,Yes,Yes,Fiber optic,Yes,No,No,No,No,No,Two year,Yes,Bank transfer,81.1,3950.53,No
CUST102707,Male,0,Yes,No,37,Yes,No,Fiber optic,No,No,No,No,Yes,No,One year,Yes,Electronic check,76.9,2843.56,No
CUST102708,Female,1,Yes,No,51,Yes,No,Fiber optic,No,Yes,No,No,No,Yes,Month-to-month,No,Mailed check,78.52,3878.2,No
CUST102709,Male,0,Yes,No,54,Yes,No,DSL,Yes,Yes,No,No,No,No,Month-to-month,No,Credit card,59.1,3217.62,No
CUST102710,Male,0,Yes,No,57,Yes,No,No,No internet service,No internet service,No internet service,No internet service,No internet service,No internet service,Month-to-month,No,Electronic check,27.48,1529.61,No
CUST102711,Female,0,Yes,No,11,No,No phone service,No,No internet service,No internet service,No internet service,No internet service,No internet service,No internet service,One year,Yes,Electronic check,18.99,285.05,No
CUST102712,Female,0,Yes,Yes,36,Yes,No,Fiber optic,No,Yes,No,No,No,Yes,Two year,No,Bank transfer,77.62,2736.08,No
CUST102713,Male,1,Yes,No,46,Yes,No,No,No internet service,No internet service,No internet service,No internet service,No internet service,No internet service,Month-to-month,Yes,Electronic check,35.79,1746.38,No
CUST102714,Male,1,No,No,41,Yes,No,No,No internet service,No internet service,No internet service,No internet service,No internet service,No internet service,Month-to-month,Yes,Mailed check,31.43,1177.5,No
CUST102715,Male,0,No,Yes,71,Yes,No,DSL,No,Yes,Yes,Yes,No,No,One year,No,Bank transfer,55.16,4029.31,No
CUST102716,Female,0,No,No,70,Yes,Yes,Fiber optic,No,Yes,Yes,Yes,No,No,One year,Yes,Mailed check,94.26,6488.4,No
CUST102717,Female,0,No,No,59,Yes,No,No,No internet service,No internet service,No internet service,No internet service,No internet service,No internet service,One year,No,Credit card,25.56,1445.02,No
CUST102718,Male,0,Yes,No,18,Yes,Yes,Fiber optic,No,No,Yes,Yes,Yes,No,Month-to-month,No,Credit card,90.36,1680.81,Yes
CUST102719,Male,0,Yes,Yes,39,Yes,No,DSL,No,No,Yes,No,No,No,Month-to-month,No,Mailed check,48.07,2046.04,No
CUST102720,Female,0,No,No,58,Yes,Yes,Fiber optic,No,No,No,No,No,Yes,Month-to-month,Yes,Credit card,86.08,4999.4,No
CUST102721,Male,0,No,Yes,20,Yes,No,Fiber optic,Yes,Yes,Yes,No,Yes,Yes,Month-to-month,No,Electronic check,98.42,1856.09,No
CUST102722,Male,0,No,No,52,Yes,Yes,Fiber optic,No,Yes,No,Yes,Yes,Yes,One year,No,Electronic check,100.8,5054.58,No
CUST102723,Female,0,No,No,18,Yes,Yes,DSL,No,Yes,No,Yes,Yes,No,Month-to-month,Yes,Bank transfer,71.13,1356.52,No
CUST102724,Female,0,No,No,11,Yes,No,DSL,No,No,No,No,No,No,Month-to-month,Yes,Bank transfer,49.76,679.18,No
CUST102725,Male,0,No,No,18,Yes,No,No,No internet service,No internet service,No internet service,No internet service,No internet service,No internet service,Two year,No,Electronic check,37.25,757.93,No
CUST102726,Male,0,No,No,67,Yes,No,Fiber optic,No,No,No,No,Yes,No,Month-to-month,Yes,Mailed check,75.95,5102.12,No
CUST102727,Female,0,No,No,72,Yes,No,No,No internet service,No internet service,No internet service,No internet service,No internet service,No internet service,Month-to-month,Yes,Electronic check,26.3,1832.47,No
CUST102728,Female,0,Yes,No,62,Yes,Yes,Fiber optic,No,No,No,No,No,No,Two year,Yes,Electronic check,77.42,4841.02,No
CUST102729,Male,0,Yes,Yes,20,Yes,Yes,No,No internet service,No internet service,No internet service,No internet service,No internet service,No internet service,Month-to-month,No,Mailed check,37.82,784.37,No
CUST102730,Female,0,Yes,No,57,Yes,No,DSL,No,Yes,Yes,No,No,No,One year,No,Credit card,60.39,3600.39,No
CUST102731,Male,0,No,No,16,Yes,No,No,No internet service,No internet service,No internet service,No internet service,No internet service,No internet service,Month-to-month,No,Credit card,24.02,425.64,No
CUST102732,Male,1,No,No,10,Yes,Yes,No,No internet service,No internet service,No internet service,No internet service,No internet service,No internet service,Two year,No,Mailed check,44.7,517.8,No
CUST102733,Male,0,Yes,Yes,19,Yes,Yes,Fiber optic,Yes,No,Yes,No,No,No,Month-to-month,Yes,Mailed check,82.29,1553.87,No
CUST102734,Female,0,Yes,No,11,Yes,No,DSL,No,No,Yes,No,No,Yes,Month-to-month,No,Electronic check,61.56,598.1,No
CUST102735,Female,0,No,Yes,47,Yes,No,No,No internet service,No internet service,No internet service,No internet service,No internet service,No internet service,Two year,No,Mailed check,31.01,1454.16,No
CUST102736,Female,0,Yes,No,50,Yes,No,Fiber optic,No,No,No,No,Yes,No,One year,Yes,Bank transfer,71.39,3375.81,No
CUST102737,Male,0,No,No,3,No,No phone service,Fiber optic,No,Yes,No,No,No,Yes,Month-to-month,No,Bank transfer,75.08,223.54,Yes
CUST102738,Female,0,Yes,No,8,Yes,Yes,Fiber optic,Yes,Yes,No,Yes,Yes,No,Month-to-month,No,Mailed check,92.02,761.0,No
CUST102739,Female,0,Yes,No,35,Yes,No,No,No internet service,No internet service,No internet service,No internet service,No internet service,No internet service,Month-to-month,No,Credit card,24.68,818.85,No
CUST102740,Female,0,Yes,Yes,9,Yes,Yes,Fiber optic,No,Yes,No,No,Yes,No,Month-to-month,Yes,Credit card,88.73,826.82,Yes
CUST102741,Female,0,Yes,No,60,Yes,No,Fiber optic,Yes,Yes,Yes,No,Yes,Yes,Month-to-month,Yes,Electronic check,99.57,6060.02,No
CUST102742,Female,0,Yes,No,29,Yes,Yes,Fiber optic,Yes,No,No,No,No,No,Month-to-month,Yes,Credit card,86.98,2532.54,No
CUST102743,Male,0,Yes,Yes,30,Yes,No,DSL,No,Yes,No,No,No,No,Two year,Yes,Electronic check,48.23,1438.98,No
CUST102744,Male,0,Yes,No,1,Yes,No,No,No internet service,No internet service,No internet service,No internet service,No internet service,No internet service,One year,No,Credit card,29.46,18.0,No
CUST102745,Female,0,Yes,No,51,Yes,No,No,No internet service,No internet service,No internet service,No internet service,No internet service,No internet service,Two year,Yes,Bank transfer,31.7,1595.96,No
CUST102746,Female,0,No,No,52,Yes,Yes,Fiber optic,Yes,No,No,No,Yes,No,Month-to-month,Yes,Mailed check,88.77,4773.93,No
CUST102747,Female,0,Yes,No,55,No,No phone service,DSL,No,Yes,No,No,No,No,Month-to-month,No,Mailed check,42.98,2300.16,No
CUST102748,Male,0,Yes,Yes,39,Yes,No,DSL,Yes,No,No,No,Yes,Yes,One year,Yes,Mailed check,59.17,2256.71,No
CUST102749,Female,0,Yes,No,20,Yes,No,DSL,Yes,Yes,No,Yes,Yes,Yes,Month-to-month,No,Credit card,68.53,1446.14,Yes
CUST102750,Male,0,No,Yes,6,Yes,No,No,No internet service,No internet service,No internet service,No internet service,No internet service,No internet service,Month-to-month,Yes,Credit card,24.64,86.02,No
CUST102751,Female,0,No,No,23,Yes,No,Fiber optic,No,No,No,Yes,No,Yes,Two year,Yes,Mailed check,87.57,2084.36,No
CUST102752,Female,0,No,Yes,40,Yes,Yes,Fiber optic,No,No,Yes,No,No,No,One year,No,Credit card,87.58,3428.26,No
CUST102753,Male,0,No,No,9,Yes,No,DSL,Yes,No,No,No,Yes,Yes,Month-to-month,No,Mailed check,69.99,629.03,No
CUST102754,Male,0,Yes,Yes,4,Yes,No,DSL,No,No,Yes,Yes,No,No,Month-to-month,Yes,Mailed check,57.48,304.17,Yes
CUST102755,Male,0,No,Yes,16,Yes,No,Fiber optic,Yes,No,Yes,Yes,No,No,Month-to-month,Yes,Electronic check,87.09,1295.24,Yes
CUST102756,Male,1,Yes,Yes,6,Yes,No,DSL,Yes,No,No,Yes,No,No,One year,No,Credit card,54.36,384.76,No
CUST102757,Male,0,No,No,2,Yes,No,Fiber optic,No,No,No,No,No,Yes,Month-to-month,No,Bank transfer,75.51,223.07,Yes
CUST102758,Male,0,Yes,Yes,35,Yes,Yes,No,No internet service,No internet service,No internet service,No internet service,No internet service,No internet service,Two year,No,Mailed check,26.87,919.2,No
CUST102759,Female,0,Yes,Yes,54,Yes,No,Fiber optic,No,Yes,No,No,No,No,Month-to-month,Yes,Bank transfer,75.84,4197.84,No
CUST102760,Female,0,No,Yes,36,Yes,Yes,No,No internet service,No internet service,No internet service,No internet service,No internet service,No internet service,Month-to-month,No,Credit card,36.88,1313.83,No
CUST102761,Female,0,No,No,7,Yes,No,DSL,Yes,No,Yes,No,Yes,No,One year,Yes,Electronic check,60.53,415.45,No
CUST102762,Female,0,No,No,25,Yes,Yes,DSL,No,Yes,No,No,No,No,Two year,Yes,Mailed check,61.65,1598.48,No
CUST102763,Female,0,Yes,No,3,Yes,Yes,No,No internet service,No internet service,No internet service,No internet service,No internet service,No internet service,Two year,No,Mailed check,39.91,218.45,No
CUST102764,Female,1,Yes,Yes,45,No,No phone service,No,No internet service,No internet service,No internet service,No internet service,No internet service,No internet service,Month-to-month,No,Electronic check,18.0,583.86,No
CUST102765,Female,0,Yes,Yes,17,Yes,No,Fiber optic,No,No,No,No,Yes,Yes,Month-to-month,Yes,Electronic check,93.24,1418.46,No
CUST102766,Male,0,Yes,Yes,28,Yes,No,Fiber optic,No,No,No,No,Yes,No,One year,Yes,Bank transfer,79.18,2114.01,No
CUST102767,Female,0,Yes,No,65,Yes,No,DSL,Yes,No,Yes,No,Yes,Yes,Two year,No,Electronic check,76.2,5002.9,No
CUST102768,Male,1,Yes,Yes,43,Yes,No,Fiber optic,Yes,No,No,No,Yes,Yes,Two year,Yes,Credit card,86.25,3726.36,No
CUST102769,Female,1,No,Yes,56,Yes,No,DSL,No,No,Yes,Yes,No,Yes,Month-to-month,No,Credit card,68.8,3702.1,No
CUST102770,Male,0,Yes,Yes,26,Yes,No,DSL,No,No,Yes,Yes,Yes,Yes,One year,Yes,Electronic check,72.65,2044.07,No
CUST102771,Male,1,No,No,68,No,No phone service,Fiber optic,No,No,No,No,No,Yes,Month-to-month,No,Mailed check,67.83,4657.97,No
CUST102772,Female,1,No,No,52,Yes,Yes,DSL,Yes,Yes,Yes,Yes,No,Yes,Month-to-month,No,Electronic check,75.6,3910.5,No
CUST102773,Female,0,No,Yes,38,Yes,Yes,DSL,No,No,No,No,No,Yes,Month-to-month,Yes,Bank transfer,60.04,2321.76,No
CUST102774,Male,1,Yes,No,42,Yes,No,DSL,Yes,No,No,No,No,Yes,Month-to-month,Yes,Mailed check,61.12,2542.12,No
CUST102775,Male,0,Yes,No,45,No,No phone service,Fiber optic,No,No,Yes,No,No,No,Month-to-month,No,Bank transfer,67.31,3116.31,No
CUST102776,Female,0,Yes,No,12,Yes,Yes,No,No internet service,No internet service,No internet service,No internet service,No internet service,No internet service,Month-to-month,No,Bank transfer,35.35,532.13,Yes
CUST102777,Male,0,No,Yes,19,Yes,Yes,No,No internet service,No internet service,No internet service,No internet service,No internet service,No internet service,One year,No,Bank transfer,33.05,753.34,No
CUST102778,Male,0,Yes,No,50,Yes,Yes,DSL,No,Yes,No,No,No,No,One year,Yes,Mailed check,52.71,2674.45,No
CUST102779,Female,0,Yes,No,32,No,No phone service,DSL,No,No,No,No,Yes,No,Month-to-month,Yes,Credit card,45.71,1471.63,No
CUST102780,Female,0,No,No,57,Yes,Yes,No,No internet service,No internet service,No internet service,No internet service,No internet service,No internet service,One year,Yes,Credit card,31.28,1865.74,No
CUST102781,Female,1,No,No,38,Yes,No,DSL,No,No,Yes,Yes,Yes,Yes,Month-to-month,No,Bank transfer,73.8,2940.42,No
CUST102782,Male,0,No,Yes,5,Yes,No,Fiber optic,No,No,No,Yes,No,Yes,Month-to-month,Yes,Electronic check,85.36,405.96,Yes
CUST102783,Male,1,Yes,No,48,Yes,No,DSL,No,Yes,Yes,No,Yes,Yes,Two year,Yes,Bank transfer,76.68,3797.21,No
CUST102784,Male,0,No,No,44,Yes,Yes,Fiber optic,Yes,No,Yes,No,No,Yes,Month-to-month,Yes,Credit card,92.49,4025.66,No
CUST102785,Male,0,Yes,Yes,27,Yes,No,DSL,Yes,No,Yes,Yes,No,No,Month-to-month,Yes,Mailed check,60.83,1579.62,No
CUST102786,Female,0,Yes,Yes,57,Yes,No,Fiber optic,No,No,Yes,Yes,No,Yes,One year,Yes,Bank transfer,81.11,4653.1,No
CUST102787,Female,0,No,No,26,Yes,Yes,Fiber optic,No,No,No,No,No,No,Month-to-month,No,Mailed check,74.78,1885.43,No
CUST102788,Female,0,No,Yes,9,Yes,Yes,DSL,No,No,No,No,No,No,Month-to-month,Yes,Mailed check,52.98,325.11,No
CUST102789,Female,0,Yes,No,9,Yes,Yes,Fiber optic,Yes,No,No,No,No,No,One year,Yes,Credit card,82.31,725.63,Yes
CUST102790,Male,0,Yes,No,65,Yes,No,Fiber optic,Yes,No,No,Yes,No,Yes,One year,No,Credit card,85.48,5749.88,No
CUST102791,Male,0,Yes,No,28,Yes,Yes,No,No internet service,No internet service,No internet service,No internet service,No internet service,No internet service,Month-to-month,No,Electronic check,32.49,761.28,No
CUST102792,Female,0,No,Yes,30,Yes,No,Fiber optic,No,No,No,Yes,No,Yes,Two year,No,Electronic check,82.97,2558.69,No
CUST102793,Male,1,No,No,22,Yes,No,DSL,No,Yes,Yes,Yes,No,No,Month-to-month,No,Mailed check,59.8,1295.58,No
CUST102794,Male,0,Yes,No,54,Yes,Yes,Fiber optic,Yes,Yes,Yes,No,Yes,Yes,Month-to-month,No,Mailed check,111.24,5950.98,No
CUST102795,Female,0,Yes,No,44,Yes,Yes,DSL,No,Yes,Yes,Yes,No,No,Month-to-month,No,Bank transfer,69.01,2969.18,No
CUST102796,Male,0,No,Yes,65,No,No phone service,No,No internet service,No internet service,No internet service,No internet service,No internet service,No internet service,Month-to-month,No,Electronic check,18.0,1178.03,Yes
CUST102797,Male,1,No,Yes,65,No,No phone service,No,No internet service,No internet service,No internet service,No internet service,No internet service,No internet service,Two year,Yes,Bank transfer,24.33,1559.16,No
CUST102798,Male,0,Yes,Yes,72,Yes,Yes,DSL,Yes,No,No,Yes,No,Yes,One year,Yes,Mailed check,65.98,4799.18,No
CUST102799,Male,0,No,Yes,24,Yes,No,Fiber optic,No,Yes,No,No,No,No,Month-to-month,No,Bank transfer,73.43,1939.39,No
CUST102800,Female,0,No,No,43,Yes,Yes,Fiber optic,Yes,No,No,No,Yes,Yes,Month-to-month,No,Mailed check,91.81,3966.59,No
CUST102801,Male,0,Yes,Yes,25,No,No phone service,DSL,Yes,No,No,No,Yes,No,Month-to-month,No,Credit card,48.98,1175.92,No
CUST102802,Female,0,No,Yes,51,Yes,No,Fiber optic,No,Yes,No,Yes,No,Yes,One year,No,Mailed check,92.49,4748.38,No
CUST102803,Male,0,No,No,54,Yes,No,Fiber optic,No,No,Yes,No,Yes,No,Month-to-month,Yes,Mailed check,82.75,4417.31,No
CUST102804,Female,0,No,Yes,19,Yes,Yes,Fiber optic,No,No,No,No,Yes,Yes,Two year,No,Bank transfer,84.09,1561.03,No
CUST102805,Female,0,No,Yes,62,Yes,No,Fiber optic,No,No,No,No,Yes,No,Month-to-month,Yes,Mailed check,75.47,4624.71,No
CUST102806,Male,0,No,No,21,Yes,No,Fiber optic,Yes,No,Yes,No,Yes,Yes,Month-to-month,Yes,Electronic check,95.07,2072.81,Yes
CUST102807,Female,1,Yes,No,71,Yes,Yes,Fiber optic,No,No,No,No,Yes,No,Two year,Yes,Credit card,85.16,6116.37,No
CUST102808,Female,0,Yes,No,62,Yes,No,Fiber optic,No,Yes,No,No,Yes,Yes,Two year,No,Bank transfer,88.3,5460.81,No
CUST102809,Male,0,No,No,2,Yes,No,Fiber optic,No,Yes,Yes,No,No,No,Month-to-month,No,Electronic check,83.08,49.45,Yes
CUST102810,Female,0,Yes,Yes,29,Yes,No,Fiber optic,No,Yes,Yes,No,Yes,Yes,Month-to-month,Yes,Bank transfer,96.34,2722.79,No
CUST102811,Male,0,Yes,No,28,Yes,Yes,Fiber optic,No,No,No,No,No,No,Two year,Yes,Electronic check,76.39,2135.56,No
CUST102812,Female,0,Yes,No,60,Yes,Yes,DSL,Yes,Yes,No,No,No,No,One year,Yes,Mailed check,63.95,3930.96,No
CUST102813,Female,0,No,No,53,Yes,No,Fiber optic,No,No,No,No,Yes,No,One year,No,Electronic check,76.44,3809.36,No
CUST102814,Male,0,No,No,4,Yes,No,Fiber optic,No,No,Yes,No,Yes,Yes,One year,No,Electronic check,89.22,376.62,Yes
CUST102815,Female,0,No,No,61,No,No phone service,DSL,No,Yes,No,Yes,No,No,Two year,Yes,Mailed check,48.76,3028.6,No
CUST102816,Female,0,No,No,16,Yes,No,DSL,No,No,No,Yes,Yes,Yes,Month-to-month,Yes,Mailed check,69.06,1161.15,Yes
CUST102817,Male,0,Yes,No,27,Yes,No,Fiber optic,Yes,No,No,Yes,No,No,Month-to-month,Yes,Electronic check,81.89,2268.52,Yes
CUST102818,Male,1,Yes,Yes,13,Yes,Yes,DSL,Yes,No,Yes,Yes,Yes,No,Month-to-month,No,Electronic check,75.01,1060.14,No
CUST102819,Female,0,No,No,12,Yes,No,Fiber optic,Yes,No,Yes,No,Yes,Yes,One year,No,Electronic check,92.38,1090.75,No
CUST102820,Male,0,Yes,Yes,38,Yes,No,Fiber optic,No,No,No,No,No,No,Month-to-month,Yes,Electronic check,72.65,2820.96,Yes
CUST102821,Male,0,No,No,7,No,No phone service,Fiber optic,Yes,Yes,Yes,No,No,No,Month-to-month,No,Bank transfer,78.27,400.18,No
CUST102822,Male,0,No,No,6,Yes,Yes,No,No internet service,No internet service,No internet service,No internet service,No internet service,No internet service,One year,Yes,Electronic check,34.62,172.19,No
CUST102823,Female,1,Yes,No,57,Yes,Yes,No,No internet service,No internet service,No internet service,No internet service,No internet service,No internet service,Month-to-month,Yes,Mailed check,33.78,1953.23,Yes
CUST102824,Male,0,No,Yes,25,Yes,Yes,No,No internet service,No internet service,No internet service,No internet service,No internet service,No internet service,Two year,Yes,Mailed check,35.26,842.19,No
CUST102825,Male,0,Yes,No,47,Yes,Yes,No,No internet service,No internet service,No internet service,No internet service,No internet service,No internet service,Month-to-month,No,Electronic check,32.33,1438.52,No
CUST102826,Male,0,Yes,No,72,Yes,Yes,DSL,Yes,No,Yes,Yes,Yes,No,One year,Yes,Bank transfer,69.23,4933.21,No
CUST102827,Female,0,Yes,Yes,4,Yes,No,DSL,No,No,Yes,Yes,Yes,Yes,Month-to-month,No,Bank transfer,76.29,358.34,No
CUST102828,Male,1,Yes,Yes,58,Yes,No,DSL,No,No,No,No,No,Yes,Month-to-month,No,Bank transfer,59.41,3437.08,No
CUST102829,Male,0,Yes,No,8,Yes,Yes,DSL,No,Yes,Yes,No,Yes,Yes,Month-to-month,Yes,Mailed check,77.6,617.8,Yes
CUST102830,Female,0,No,Yes,55,Yes,No,No,No internet service,No internet service,No internet service,No internet service,No internet service,No internet service,Month-to-month,No,Electronic check,30.16,1689.89,No
CUST102831,Male,0,Yes,No,23,Yes,Yes,No,No internet service,No internet service,No internet service,No internet service,No internet service,No internet service,One year,Yes,Bank transfer,34.15,807.22,No
CUST102832,Male,0,No,No,10,Yes,No,Fiber optic,Yes,No,Yes,Yes,Yes,No,One year,Yes,Credit card,94.09,1058.48,Yes
CUST102833,Female,0,No,Yes,17,Yes,No,No,No internet service,No internet service,No internet service,No internet service,No internet service,No internet service,Month-to-month,Yes,Mailed check,28.5,578.99,No
CUST102834,Male,0,Yes,No,27,Yes,No,Fiber optic,No,Yes,Yes,No,No,No,Month-to-month,Yes,Bank transfer,80.84,2217.03,No
CUST102835,Female,0,Yes,Yes,53,Yes,No,Fiber optic,No,No,No,Yes,No,Yes,Two year,No,Mailed check,78.14,4119.48,No
CUST102836,Male,0,No,Yes,50,Yes,No,DSL,Yes,No,No,No,Yes,No,Month-to-month,Yes,Credit card,65.21,3369.3,No
CUST102837,Male,0,No,No,53,Yes,Yes,No,No internet service,No internet service,No internet service,No internet service,No internet service,No internet service,Two year,Yes,Electronic check,30.65,1759.95,No
CUST102838,Male,0,No,Yes,2,Yes,No,Fiber optic,No,No,No,No,No,Yes,Month-to-month,No,Mailed check,80.45,38.78,No
CUST102839,Female,0,Yes,No,71,Yes,Yes,Fiber optic,Yes,No,No,No,No,No,Month-to-month,Yes,Mailed check,78.89,5595.71,No
CUST102840,Male,0,No,No,32,Yes,No,DSL,No,No,No,No,Yes,Yes,Month-to-month,No,Bank transfer,52.22,1657.27,No
CUST102841,Female,0,No,Yes,9,Yes,No,Fiber optic,Yes,No,No,Yes,Yes,Yes,Month-to-month,No,Bank transfer,97.87,805.13,No
CUST102842,Male,0,No,No,67,Yes,No,No,No internet service,No internet service,No internet service,No internet service,No internet service,No internet service,Two year,No,Bank transfer,28.77,1889.11,No
CUST102843,Male,1,Yes,No,58,Yes,No,Fiber optic,No,Yes,No,No,No,Yes,One year,Yes,Bank transfer,76.66,4417.37,No
CUST102844,Female,0,No,Yes,6,Yes,No,No,No internet service,No internet service,No internet service,No internet service,No internet service,No internet service,One year,Yes,Mailed check,30.77,271.33,No
CUST102845,Female,0,Yes,No,32,Yes,No,Fiber optic,No,No,Yes,No,Yes,No,One year,No,Electronic check,80.68,2471.81,No
CUST102846,Female,0,No,No,66,Yes,No,No,No internet service,No internet service,No internet service,No internet service,No internet service,No internet service,One year,Yes,Credit card,35.41,2357.99,No
CUST102847,Male,0,No,No,50,Yes,No,Fiber optic,No,No,Yes,No,No,Yes,One year,No,Electronic check,76.5,3764.35,No
CUST102848,Female,0,No,No,15,Yes,No,Fiber optic,No,No,No,No,Yes,No,One year,Yes,Electronic check,74.61,1218.99,Yes
CUST102849,Female,0,Yes,No,51,Yes,No,No,No internet service,No internet service,No internet service,No internet service,No internet service,No internet service,Two year,No,Electronic check,31.42,1612.11,No
CUST102850,Female,0,No,Yes,14,Yes,Yes,No,No internet service,No internet service,No internet service,No internet service,No internet service,No internet service,Month-to-month,Yes,Mailed check,33.43,544.52,Yes
CUST102851,Female,1,Yes,Yes,26,Yes,No,DSL,No,Yes,No,No,No,No,Month-to-month,Yes,Mailed check,47.87,1253.55,No
CUST102852,Female,0,Yes,No,15,Yes,Yes,No,No internet service,No internet service,No internet service,No internet service,No internet service,No internet service,Month-to-month,No,Bank transfer,36.05,412.31,No
CUST102853,Female,0,No,No,50,Yes,Yes,Fiber optic,Yes,Yes,Yes,No,Yes,No,Month-to-month,No,Bank transfer,103.53,5135.36,No
CUST102854,Female,0,No,No,68,Yes,No,DSL,No,No,No,Yes,Yes,No,Month-to-month,Yes,Electronic check,57.93,4078.12,No
CUST102855,Male,1,Yes,Yes,4,Yes,No,Fiber optic,Yes,Yes,Yes,No,No,No,Month-to-month,No,Electronic check,84.28,384.57,No
CUST102856,Female,1,No,No,44,No,No phone service,Fiber optic,No,Yes,No,No,No,No,Month-to-month,Yes,Credit card,64.1,2982.39,Yes
CUST102857,Male,0,Yes,Yes,18,No,No phone service,Fiber optic,No,Yes,No,No,Yes,No,Month-to-month,No,Bank transfer,72.33,1426.16,No
CUST102858,Male,0,No,No,55,Yes,Yes,Fiber optic,Yes,No,No,No,Yes,No,Two year,No,Credit card,84.67,4608.85,No
CUST102859,Male,0,No,No,11,No,No phone service,DSL,Yes,No,No,No,Yes,No,One year,Yes,Electronic check,55.02,500.98,Yes
CUST102860,Female,0,No,Yes,27,Yes,Yes,DSL,Yes,No,No,No,Yes,No,Month-to-month,No,Credit card,67.96,1925.09,No
CUST102861,Female,0,No,No,15,Yes,Yes,Fiber optic,Yes,No,Yes,No,No,Yes,Two year,No,Credit card,88.98,1419.08,No
CUST102862,Male,0,No,No,63,Yes,Yes,DSL,No,No,Yes,Yes,No,No,Two year,Yes,Mailed check,60.84,3836.49,No
CUST102863,Male,0,Yes,No,6,Yes,Yes,Fiber optic,Yes,Yes,No,No,No,No,Two year,No,Bank transfer,90.12,424.97,No
CUST102864,Male,1,No,No,42,Yes,Yes,Fiber optic,No,No,No,No,No,Yes,Month-to-month,No,Electronic check,86.74,3600.66,No
CUST102865,Female,1,Yes,No,9,Yes,Yes,DSL,Yes,Yes,No,No,No,No,Month-to-month,No,Bank transfer,62.73,578.57,No
CUST102866,Female,1,Yes,No,44,Yes,No,DSL,No,Yes,No,No,No,No,Month-to-month,Yes,Credit card,50.12,2267.78,No
CUST102867,Female,0,No,No,56,Yes,No,Fiber optic,No,No,Yes,No,Yes,No,One year,Yes,Mailed check,82.1,4518.44,No
CUST102868,Female,0,Yes,No,55,Yes,No,No,No internet service,No internet service,No internet service,No internet service,No internet service,No internet service,One year,Yes,Electronic check,26.33,1531.11,No
CUST102869,Male,0,Yes,Yes,3,Yes,Yes,No,No internet service,No internet service,No internet service,No internet service,No internet service,No internet service,One year,No,Mailed check,39.42,182.59,No
CUST102870,Female,0,No,Yes,56,Yes,Yes,Fiber optic,Yes,No,No,No,No,No,One year,No,Bank transfer,84.92,4820.96,No
CUST102871,Female,0,Yes,No,22,No,No phone service,DSL,No,No,No,Yes,No,No,Two year,Yes,Bank transfer,44.27,1017.04,No
CUST102872,Male,1,Yes,Yes,50,Yes,No,Fiber optic,No,Yes,No,No,No,No,Month-to-month,No,Mailed check,70.75,3364.26,No
CUST102873,Male,0,Yes,No,70,Yes,No,Fiber optic,No,No,Yes,No,Yes,Yes,Two year,No,Credit card,86.66,6091.59,No
CUST102874,Female,0,Yes,No,9,Yes,No,Fiber optic,No,No,No,No,Yes,No,Two year,Yes,Electronic check,74.61,640.95,No
CUST102875,Female,0,No,No,27,No,No phone service,Fiber optic,Yes,No,Yes,No,Yes,No,Month-to-month,Yes,Electronic check,77.65,2143.2,No
CUST102876,Male,0,No,No,63,Yes,No,Fiber optic,Yes,Yes,No,No,Yes,No,Two year,No,Electronic check,87.82,5405.46,No
CUST102877,Male,0,No,No,11,Yes,No,DSL,No,No,Yes,No,No,Yes,Month-to-month,Yes,Credit card,64.42,547.37,No
CUST102878,Male,0,Yes,Yes,19,Yes,Yes,No,No internet service,No internet service,No internet service,No internet service,No internet service,No internet service,Month-to-month,Yes,Bank transfer,35.81,728.06,No
CUST102879,Male,0,No,No,40,Yes,Yes,Fiber optic,No,Yes,Yes,No,No,Yes,Two year,No,Bank transfer,88.6,3472.82,No
CUST102880,Male,0,Yes,No,72,Yes,No,Fiber optic,No,Yes,Yes,No,No,Yes,Month-to-month,No,Credit card,89.83,6297.54,No
CUST102881,Female,0,No,Yes,22,Yes,Yes,No,No internet service,No internet service,No internet service,No internet service,No internet service,No internet service,Month-to-month,No,Mailed check,29.71,569.04,No
CUST102882,Female,0,No,Yes,28,Yes,Yes,Fiber optic,Yes,No,No,No,Yes,Yes,Two year,Yes,Electronic check,97.92,2728.61,No
CUST102883,Male,0,Yes,No,58,Yes,No,DSL,Yes,No,No,No,Yes,No,Month-to-month,Yes,Bank transfer,56.36,3359.01,No
CUST102884,Female,0,No,No,9,Yes,No,DSL,No,No,No,No,Yes,No,Month-to-month,Yes,Mailed check,55.39,501.6,No
CUST102885,Female,0,No,Yes,24,Yes,No,Fiber optic,No,Yes,No,Yes,Yes,No,Month-to-month,Yes,Mailed check,89.21,2094.88,Yes
CUST102886,Female,0,Yes,No,23,Yes,Yes,Fiber optic,No,Yes,No,No,No,No,Month-to-month,Yes,Electronic check,82.78,1883.26,No
CUST102887,Male,0,No,Yes,29,Yes,No,Fiber optic,No,No,No,No,No,No,Month-to-month,No,Mailed check,65.92,1972.17,No
CUST102888,Female,0,No,Yes,42,Yes,Yes,DSL,No,No,Yes,No,No,No,Month-to-month,Yes,Mailed check,55.6,2379.28,No
CUST102889,Female,0,Yes,No,16,No,No phone service,DSL,Yes,No,No,Yes,Yes,Yes,Two year,Yes,Electronic check,64.14,1083.56,No
CUST102890,Female,1,Yes,Yes,29,Yes,Yes,Fiber optic,No,No,Yes,No,No,Yes,Month-to-month,No,Credit card,89.81,2744.18,No
CUST102891,Female,0,No,No,67,Yes,No,Fiber optic,No,No,No,No,No,No,One year,No,Electronic check,77.37,5187.61,No
CUST102892,Male,0,No,Yes,60,Yes,No,Fiber optic,No,No,Yes,Yes,No,Yes,Month-to-month,No,Credit card,87.64,5314.96,No
CUST102893,Female,1,No,No,69,Yes,Yes,Fiber optic,Yes,No,Yes,No,No,No,Month-to-month,Yes,Electronic check,90.19,6051.63,No
CUST102894,Male,0,No,No,50,Yes,No,Fiber optic,No,No,Yes,No,Yes,Yes,One year,No,Credit card,87.48,4388.44,No
CUST102895,Female,0,No,Yes,42,Yes,No,Fiber optic,No,Yes,No,No,No,Yes,Month-to-month,No,Mailed check,78.66,3195.72,Yes
CUST102896,Male,0,Yes,No,16,Yes,Yes,Fiber optic,Yes,Yes,No,No,No,No,Month-to-month,Yes,Electronic check,91.66,1416.12,No
CUST102897,Male,0,Yes,No,12,No,No phone service,Fiber optic,Yes,No,No,No,Yes,No,Month-to-month,Yes,Electronic check,71.19,817.57,Yes
CUST102898,Male,0,Yes,Yes,39,Yes,Yes,DSL,No,No,No,No,No,Yes,Month-to-month,Yes,Mailed check,54.35,2119.34,No
CUST102899,Male,0,No,No,30,Yes,No,Fiber optic,No,No,No,No,Yes,Yes,Month-to-month,No,Credit card,78.69,2314.08,No
CUST102900,Female,0,No,Yes,57,Yes,Yes,DSL,Yes,No,No,Yes,No,No,Month-to-month,Yes,Electronic check,64.48,3644.76,No
CUST102901,Male,0,No,Yes,1,Yes,No,Fiber optic,Yes,No,No,No,No,No,Month-to-month,No,Electronic check,72.33,124.34,Yes
CUST102902,Male,0,Yes,No,65,Yes,No,Fiber optic,No,No,No,No,Yes,Yes,Month-to-month,No,Bank transfer,77.96,5074.44,No
CUST102903,Male,0,Yes,Yes,13,Yes,Yes,Fiber optic,No,Yes,No,Yes,Yes,No,Month-to-month,Yes,Bank transfer,101.7,1316.72,Yes
CUST102904,Male,0,No,No,29,Yes,Yes,No,No internet service,No internet service,No internet service,No internet service,No internet service,No internet service,One year,No,Mailed check,26.27,761.46,No
CUST102905,Male,0,Yes,No,26,Yes,No,Fiber optic,Yes,No,No,Yes,Yes,No,Month-to-month,Yes,Electronic check,85.36,2201.02,Yes
CUST102906,Male,0,Yes,No,67,Yes,Yes,DSL,No,No,No,No,Yes,Yes,Month-to-month,No,Mailed check,73.49,5003.08,No
CUST102907,Male,0,No,Yes,52,Yes,No,No,No internet service,No internet service,No internet service,No internet service,No internet service,No internet service,One year,No,Electronic check,28.24,1461.16,No
CUST102908,Male,0,No,Yes,3,Yes,No,Fiber optic,No,Yes,Yes,Yes,No,No,Month-to-month,Yes,Bank transfer,94.85,465.38,No
CUST102909,Female,0,No,No,62,Yes,Yes,Fiber optic,No,No,No,No,No,Yes,Month-to-month,Yes,Electronic check,87.13,5438.48,No
CUST102910,Female,0,Yes,Yes,49,Yes,No,DSL,No,No,No,Yes,Yes,No,Month-to-month,Yes,Credit card,53.28,2670.47,No
CUST102911,Female,0,Yes,No,5,No,No phone service,Fiber optic,Yes,No,No,No,Yes,No,Month-to-month,No,Bank transfer,77.0,359.69,Yes
CUST102912,Female,0,Yes,No,57,Yes,No,Fiber optic,Yes,Yes,Yes,No,Yes,Yes,Month-to-month,Yes,Bank transfer,96.74,5558.49,No
CUST102913,Female,0,Yes,No,3,Yes,Yes,No,No internet service,No internet service,No internet service,No internet service,No internet service,No internet service,Month-to-month,Yes,Credit card,33.98,183.47,Yes
CUST102914,Female,0,Yes,No,31,Yes,No,Fiber optic,No,No,Yes,No,Yes,No,Two year,Yes,Credit card,77.98,2434.23,No
CUST102915,Female,0,Yes,Yes,12,Yes,Yes,Fiber optic,No,Yes,Yes,No,Yes,Yes,One year,Yes,Bank transfer,98.39,1149.7,No
CUST102916,Female,0,No,Yes,1,Yes,No,Fiber optic,No,Yes,No,Yes,Yes,No,Month-to-month,Yes,Bank transfer,89.9,177.5,Yes
CUST102917,Male,0,Yes,No,41,No,No phone service,No,No internet service,No internet service,No internet service,No internet service,No internet service,No internet service,Two year,Yes,Credit card,18.0,894.74,No
CUST102918,Male,1,Yes,No,50,Yes,Yes,DSL,No,No,Yes,Yes,Yes,Yes,Month-to-month,Yes,Electronic check,69.26,3343.88,No
CUST102919,Male,0,Yes,No,35,No,No phone service,Fiber optic,No,No,No,No,No,No,Month-to-month,No,Bank transfer,63.64,2189.44,No
CUST102920,Female,0,No,Yes,25,Yes,Yes,DSL,No,Yes,No,Yes,No,Yes,Month-to-month,Yes,Bank transfer,69.02,1721.89,No
CUST102921,Female,0,Yes,No,37,Yes,No,DSL,No,Yes,No,Yes,Yes,Yes,Two year,Yes,Mailed check,73.68,2697.34,No
CUST102922,Male,0,Yes,Yes,11,Yes,Yes,Fiber optic,No,No,Yes,Yes,Yes,Yes,Month-to-month,Yes,Credit card,97.93,1072.31,No
CUST102923,Female,0,Yes,No,4,Yes,No,Fiber optic,Yes,No,Yes,No,No,Yes,One year,Yes,Bank transfer,91.09,284.11,No
CUST102924,Male,0,Yes,Yes,12,Yes,No,No,No internet service,No internet service,No internet service,No internet service,No internet service,No internet service,One year,Yes,Bank transfer,30.86,444.77,No
CUST102925,Female,1,No,No,4,Yes,No,Fiber optic,No,Yes,Yes,No,No,Yes,Month-to-month,No,Credit card,89.06,358.38,No
CUST102926,Female,0,Yes,No,56,Yes,Yes,DSL,No,No,No,Yes,No,Yes,Month-to-month,Yes,Bank transfer,59.6,3357.55,No
CUST102927,Male,1,Yes,No,44,Yes,No,DSL,No,Yes,No,No,No,Yes,Month-to-month,Yes,Electronic check,57.76,2518.66,No
CUST102928,Female,0,No,No,14,Yes,No,DSL,No,Yes,Yes,Yes,No,No,One year,Yes,Electronic check,64.61,849.34,No
CUST102929,Female,1,Yes,Yes,42,Yes,Yes,Fiber optic,No,No,No,Yes,Yes,Yes,Month-to-month,No,Mailed check,93.79,3886.43,No
CUST102930,Male,0,No,No,35,No,No phone service,Fiber optic,No,Yes,No,No,No,No,Month-to-month,Yes,Electronic check,58.61,2180.13,No
CUST102931,Female,0,Yes,No,9,Yes,Yes,Fiber optic,No,No,Yes,No,Yes,Yes,Month-to-month,No,Bank transfer,93.29,760.95,Yes
CUST102932,Male,0,No,No,70,No,No phone service,DSL,No,Yes,Yes,No,No,No,One year,Yes,Credit card,44.21,3063.03,No
CUST102933,Female,0,Yes,No,68,Yes,Yes,DSL,No,No,No,No,No,No,One year,No,Electronic check,50.57,3293.97,No
CUST102934,Female,0,Yes,No,55,Yes,No,DSL,No,Yes,Yes,No,Yes,No,Month-to-month,Yes,Credit card,57.22,3185.75,No
CUST102935,Male,0,Yes,Yes,59,Yes,Yes,Fiber optic,Yes,No,No,No,Yes,No,Month-to-month,Yes,Bank transfer,92.1,5504.58,No
CUST102936,Female,0,No,No,40,Yes,No,DSL,No,Yes,No,No,No,Yes,Month-to-month,Yes,Credit card,60.43,2277.02,Yes
CUST102937,Male,0,Yes,No,58,Yes,Yes,DSL,Yes,No,Yes,Yes,Yes,Yes,Month-to-month,Yes,Electronic check,78.37,4487.59,No
CUST102938,Male,0,No,No,39,Yes,Yes,Fiber optic,No,No,Yes,Yes,No,Yes,Month-to-month,No,Mailed check,92.27,3534.97,No
CUST102939,Male,1,No,No,12,Yes,Yes,DSL,No,No,No,No,No,No,One year,Yes,Bank transfer,49.51,565.61,No
CUST102940,Female,0,Yes,No,13,Yes,Yes,Fiber optic,No,No,No,No,Yes,No,Month-to-month,No,Bank transfer,85.95,1161.52,Yes
CUST102941,Male,0,Yes,No,62,Yes,Yes,No,No internet service,No internet service,No internet service,No internet service,No internet service,No internet service,Month-to-month,Yes,Credit card,30.99,1919.25,No
CUST102942,Male,0,Yes,No,33,Yes,Yes,DSL,Yes,Yes,Yes,Yes,Yes,No,Month-to-month,Yes,Credit card,76.58,2527.1,No
CUST102943,Male,0,No,No,53,Yes,Yes,DSL,Yes,Yes,No,Yes,Yes,No,Month-to-month,Yes,Electronic check,75.4,3882.17,No
CUST102944,Female,0,No,Yes,11,Yes,No,DSL,No,No,No,No,Yes,No,One year,No,Mailed check,49.61,542.32,No
CUST102945,Male,1,No,No,33,No,No phone service,DSL,No,No,No,No,No,No,One year,No,Bank transfer,44.71,1551.7,No
CUST102946,Female,0,Yes,No,7,Yes,Yes,No,No internet service,No internet service,No internet service,No internet service,No internet service,No internet service,Month-to-month,No,Electronic check,32.12,233.26,No
CUST102947,Male,0,No,No,16,Yes,No,Fiber optic,No,Yes,No,Yes,No,No,Month-to-month,No,Credit card,82.93,1166.42,No
CUST102948,Female,0,Yes,No,8,Yes,No,Fiber optic,Yes,No,No,No,Yes,Yes,One year,Yes,Bank transfer,92.53,841.81,No
CUST102949,Male,0,Yes,No,15,Yes,Yes,Fiber optic,No,Yes,Yes,No,No,No,One year,Yes,Credit card,81.39,1328.91,Yes
CUST102950,Male,0,Yes,Yes,44,No,No phone service,DSL,No,No,No,No,No,No,Two year,No,Credit card,36.95,1671.21,No
CUST102951,Female,0,Yes,No,1,Yes,No,Fiber optic,No,No,No,No,No,Yes,Two year,Yes,Electronic check,73.52,148.14,No
CUST102952,Male,0,No,No,14,Yes,No,DSL,No,No,No,No,No,No,Two year,No,Mailed check,49.62,733.04,No
CUST102953,Male,0,No,No,50,No,No phone service,No,No internet service,No internet service,No internet service,No internet service,No internet service,No internet service,Two year,No,Bank transfer,19.69,1037.21,No
CUST102954,Female,0,Yes,Yes,11,Yes,No,Fiber optic,No,No,No,No,No,No,Two year,Yes,Credit card,73.56,763.27,No
CUST102955,Female,1,Yes,Yes,41,Yes,Yes,DSL,No,Yes,Yes,No,Yes,No,Month-to-month,Yes,Bank transfer,76.53,3201.05,No
CUST102956,Male,0,No,No,63,Yes,No,Fiber optic,No,Yes,Yes,No,Yes,Yes,One year,Yes,Electronic check,100.9,6177.65,Yes
CUST102957,Female,0,No,No,57,Yes,Yes,DSL,Yes,No,Yes,No,Yes,Yes,One year,Yes,Bank transfer,72.71,4131.72,No
CUST102958,Female,0,Yes,No,9,No,No phone service,DSL,No,No,No,Yes,No,Yes,Month-to-month,Yes,Electronic check,45.28,480.7,Yes
CUST102959,Male,0,Yes,No,11,Yes,Yes,DSL,No,No,Yes,No,No,Yes,Month-to-month,Yes,Mailed check,60.28,780.27,No
CUST102960,Female,0,No,No,51,Yes,No,DSL,No,Yes,No,No,No,No,Two year,No,Credit card,55.54,2865.89,No
CUST102961,Male,0,No,No,25,Yes,No,DSL,Yes,Yes,No,No,Yes,Yes,Month-to-month,Yes,Electronic check,73.01,1921.29,No
CUST102962,Female,0,No,No,31,Yes,No,No,No internet service,No internet service,No internet service,No internet service,No internet service,No internet service,Month-to-month,No,Electronic check,30.72,947.98,No
CUST102963,Male,0,Yes,No,35,Yes,Yes,DSL,Yes,Yes,No,No,Yes,No,Month-to-month,No,Mailed check,72.2,2578.14,No
CUST102964,Female,0,No,Yes,42,Yes,No,Fiber optic,No,Yes,No,No,Yes,No,Month-to-month,No,Credit card,80.36,3432.18,No
CUST102965,Male,0,Yes,No,33,Yes,No,DSL,No,Yes,No,No,No,No,Month-to-month,Yes,Electronic check,51.36,1505.98,No
CUST102966,Male,0,No,Yes,2,Yes,Yes,DSL,No,Yes,Yes,Yes,Yes,Yes,Month-to-month,Yes,Electronic check,83.34,229.17,Yes
CUST102967,Female,0,Yes,No,7,No,No phone service,DSL,No,No,No,No,No,Yes,Month-to-month,Yes,Mailed check,45.45,327.62,No
CUST102968,Female,0,Yes,Yes,1,Yes,No,DSL,Yes,Yes,Yes,No,No,Yes,Month-to-month,No,Bank transfer,65.41,82.99,No
CUST102969,Male,0,Yes,Yes,20,Yes,No,Fiber optic,No,Yes,Yes,No,Yes,No,Month-to-month,No,Electronic check,93.44,1940.46,No
CUST102970,Male,0,Yes,Yes,59,Yes,Yes,DSL,Yes,Yes,Yes,Yes,Yes,No,Month-to-month,Yes,Credit card,75.2,4394.07,No
CUST102971,Male,0,Yes,Yes,70,No,No phone service,DSL,No,No,Yes,No,Yes,Yes,Month-to-month,Yes,Credit card,55.33,3875.19,No
CUST102972,Female,0,No,No,35,Yes,No,Fiber optic,Yes,Yes,No,No,No,Yes,Month-to-month,Yes,Mailed check,92.85,3255.36,No
CUST102973,Male,1,No,No,2,Yes,No,No,No internet service,No internet service,No internet service,No internet service,No internet service,No internet service,One year,Yes,Electronic check,31.72,94.34,Yes
CUST102974,Male,0,No,No,6,Yes,Yes,DSL,Yes,Yes,No,No,Yes,Yes,Month-to-month,No,Mailed check,71.92,259.47,No
CUST102975,Female,0,Yes,No,59,Yes,No,Fiber optic,Yes,Yes,No,Yes,No,No,Two year,No,Electronic check,76.23,4551.2,No
CUST102976,Female,0,Yes,No,25,No,No phone service,Fiber optic,No,No,No,No,Yes,No,One year,Yes,Mailed check,64.88,1678.84,No
CUST102977,Female,0,Yes,No,64,Yes,Yes,Fiber optic,No,No,No,Yes,Yes,No,Month-to-month,Yes,Bank transfer,89.48,5622.34,No
CUST102978,Male,0,Yes,No,37,Yes,Yes,Fiber optic,No,No,No,No,Yes,No,Month-to-month,Yes,Electronic check,84.24,3057.66,No
CUST102979,Female,0,Yes,Yes,64,Yes,Yes,Fiber optic,Yes,No,No,No,Yes,No,Month-to-month,Yes,Electronic check,88.87,5778.43,No
CUST102980,Female,1,No,No,10,Yes,No,No,No internet service,No internet service,No internet service,No internet service,No internet service,No internet service,Month-to-month,No,Electronic check,30.3,224.65,No
CUST102981,Male,0,No,Yes,62,Yes,No,DSL,No,No,Yes,Yes,No,Yes,Two year,No,Electronic check,63.11,4031.95,No
CUST102982,Female,0,Yes,Yes,40,Yes,No,Fiber optic,No,No,Yes,No,No,No,One year,No,Electronic check,78.81,3077.9,No
CUST102983,Male,0,No,No,32,Yes,No,Fiber optic,No,No,No,Yes,No,No,One year,No,Mailed check,78.03,2574.78,No
CUST102984,Male,0,No,Yes,39,Yes,Yes,No,No internet service,No internet service,No internet service,No internet service,No internet service,No internet service,One year,No,Bank transfer,26.37,951.35,No
CUST102985,Male,1,Yes,Yes,24,Yes,No,Fiber optic,No,Yes,Yes,No,Yes,Yes,Two year,No,Electronic check,94.35,2330.68,No
CUST102986,Male,1,No,No,44,Yes,Yes,No,No internet service,No internet service,No internet service,No internet service,No internet service,No internet service,Two year,No,Mailed check,34.14,1520.4,No
CUST102987,Male,1,Yes,Yes,56,Yes,No,Fiber optic,No,No,Yes,No,Yes,No,Month-to-month,Yes,Credit card,83.1,4672.95,No
CUST102988,Male,0,Yes,No,59,Yes,No,Fiber optic,No,Yes,Yes,Yes,No,Yes,Month-to-month,Yes,Bank transfer,91.04,5288.73,No
CUST102989,Male,0,No,No,71,Yes,No,No,No internet service,No internet service,No internet service,No internet service,No internet service,No internet service,Month-to-month,No,Credit card,21.55,1529.46,No
CUST102990,Female,0,No,No,30,Yes,No,Fiber optic,Yes,Yes,No,No,Yes,No,Month-to-month,Yes,Mailed check,88.83,2602.32,No
CUST102991,Female,0,Yes,No,56,No,No phone service,Fiber optic,No,Yes,No,Yes,No,Yes,Month-to-month,Yes,Electronic check,81.78,4508.87,No
CUST102992,Male,0,Yes,Yes,64,Yes,No,Fiber optic,No,No,Yes,No,No,Yes,Month-to-month,Yes,Electronic check,74.62,4881.17,No
CUST102993,Female,0,No,No,2,No,No phone service,DSL,Yes,No,Yes,Yes,Yes,No,One year,Yes,Bank transfer,66.91,362.83,No
CUST102994,Male,0,Yes,No,35,Yes,No,No,No internet service,No internet service,No internet service,No internet service,No internet service,No internet service,Month-to-month,Yes,Credit card,31.76,1050.3,No
CUST102995,Male,1,No,Yes,51,Yes,No,No,No internet service,No internet service,No internet service,No internet service,No internet service,No internet service,One year,No,Mailed check,24.4,1278.36,No
CUST102996,Male,0,No,No,33,Yes,No,Fiber optic,Yes,Yes,No,Yes,Yes,No,Month-to-month,Yes,Mailed check,87.61,2966.63,No
CUST102997,Female,1,Yes,No,8,Yes,No,DSL,No,No,No,No,Yes,No,Month-to-month,Yes,Mailed check,53.81,380.05,Yes
CUST102998,Female,0,No,No,48,Yes,No,DSL,Yes,No,Yes,No,Yes,No,Two year,No,Electronic check,63.52,2978.2,No
CUST102999,Female,0,No,No,30,Yes,No,DSL,No,Yes,Yes,No,No,Yes,Month-to-month,Yes,Electronic check,65.48,1964.42,No
CUST103000,Male,0,No,Yes,45,No,No phone service,DSL,No,No,No,No,No,No,One year,Yes,Credit card,39.97,1800.02,No
CUST103001,Male,0,Yes,No,1,Yes,Yes,Fiber optic,No,Yes,No,No,Yes,No,Two year,Yes,Electronic check,91.35,18.0,No
CUST103002,Male,0,Yes,No,1,No,No phone service,No,No internet service,No internet service,No internet service,No internet service,No internet service,No internet service,Month-to-month,No,Mailed check,18.0,38.44,No
CUST103003,Male,0,Yes,No,44,Yes,No,Fiber optic,No,No,Yes,No,No,No,Month-to-month,Yes,Bank transfer,74.44,3339.76,Yes
CUST103004,Male,0,No,No,71,No,No phone service,Fiber optic,No,No,Yes,No,No,No,Month-to-month,Yes,Mailed check,68.37,4893.63,No
CUST103005,Male,1,No,Yes,47,Yes,Yes,No,No internet service,No internet service,No internet service,No internet service,No internet service,No internet service,Month-to-month,Yes,Credit card,34.05,1579.5,No
CUST103006,Female,0,No,No,68,Yes,Yes,No,No internet service,No internet service,No internet service,No internet service,No internet service,No internet service,Two year,Yes,Electronic check,37.59,2439.79,No
CUST103007,Male,0,No,No,62,Yes,Yes,Fiber optic,Yes,No,Yes,No,No,No,One year,Yes,Credit card,91.31,5697.91,No
CUST103008,Female,0,Yes,No,21,No,No phone service,Fiber optic,No,No,Yes,No,Yes,No,Month-to-month,Yes,Electronic check,70.68,1422.38,No
CUST103009,Male,0,Yes,Yes,8,Yes,Yes,Fiber optic,No,Yes,No,No,No,Yes,One year,Yes,Electronic check,88.86,685.53,No
CUST103010,Male,0,No,No,41,Yes,No,Fiber optic,Yes,No,Yes,No,Yes,No,Two year,No,Mailed check,84.88,3480.62,No
CUST103011,Female,0,No,Yes,45,Yes,Yes,DSL,No,No,No,Yes,Yes,No,Month-to-month,Yes,Credit card,63.3,2912.79,Yes
CUST103012,Male,0,No,No,56,Yes,No,Fiber optic,Yes,No,Yes,No,Yes,No,Month-to-month,No,Mailed check,80.43,4587.19,No
CUST103013,Female,0,Yes,No,38,Yes,No,Fiber optic,No,No,Yes,No,Yes,No,Two year,No,Electronic check,83.65,3195.37,No
CUST103014,Male,0,Yes,No,67,Yes,No,Fiber optic,Yes,No,No,No,No,No,One year,No,Mailed check,86.47,5796.05,Yes
CUST103015,Female,0,No,Yes,61,Yes,No,No,No internet service,No internet service,No internet service,No internet service,No internet service,No internet service,Month-to-month,No,Electronic check,29.67,1871.21,No
CUST103016,Female,1,Yes,Yes,43,No,No phone service,No,No internet service,No internet service,No internet service,No internet service,No internet service,No internet service,Month-to-month,No,Credit card,29.16,1183.63,No
CUST103017,Male,0,Yes,No,40,Yes,Yes,Fiber optic,No,Yes,No,Yes,No,Yes,Month-to-month,Yes,Credit card,99.16,3911.6,No
CUST103018,Female,0,No,No,2,Yes,No,DSL,Yes,No,Yes,No,No,No,One year,Yes,Bank transfer,52.99,222.75,No
CUST103019,Male,0,No,Yes,57,Yes,No,DSL,No,Yes,No,No,No,No,One year,Yes,Mailed check,52.7,3121.18,No
CUST103020,Male,0,No,No,50,Yes,Yes,Fiber optic,No,No,Yes,Yes,Yes,Yes,Month-to-month,No,Bank transfer,104.14,5065.8,No
CUST103021,Female,0,No,Yes,65,Yes,Yes,No,No internet service,No internet service,No internet service,No internet service,No internet service,No internet service,One year,Yes,Mailed check,37.93,2425.51,No
CUST103022,Female,0,No,No,7,Yes,No,Fiber optic,Yes,Yes,Yes,No,Yes,No,Month-to-month,Yes,Electronic check,89.12,697.99,Yes
CUST103023,Female,0,Yes,No,11,Yes,No,DSL,No,No,Yes,Yes,No,Yes,One year,No,Mailed check,63.84,732.69,No
CUST103024,Female,0,Yes,Yes,49,Yes,No,DSL,No,Yes,Yes,No,No,Yes,One year,Yes,Bank transfer,69.69,3402.88,No
CUST103025,Female,0,No,No,36,Yes,Yes,DSL,No,No,No,No,Yes,Yes,Month-to-month,No,Credit card,60.78,2091.13,No
CUST103026,Male,1,Yes,No,43,Yes,No,Fiber optic,No,No,Yes,No,Yes,No,Month-to-month,Yes,Mailed check,86.14,3663.15,No
CUST103027,Female,0,No,No,32,No,No phone service,Fiber optic,No,No,No,No,No,No,Month-to-month,Yes,Credit card,66.73,2067.84,No
CUST103028,Male,0,No,No,47,Yes,No,DSL,Yes,Yes,Yes,No,Yes,No,One year,Yes,Bank transfer,61.15,2982.96,No
CUST103029,Female,1,Yes,No,48,Yes,Yes,Fiber optic,No,No,No,No,Yes,No,One year,Yes,Credit card,81.49,3850.88,No
CUST103030,Male,0,Yes,Yes,14,Yes,Yes,No,No internet service,No internet service,No internet service,No internet service,No internet service,No internet service,Month-to-month,Yes,Credit card,33.89,484.73,No
CUST103031,Male,0,No,No,55,No,No phone service,Fiber optic,Yes,No,Yes,Yes,Yes,No,Two year,No,Electronic check,87.5,4845.99,No
CUST103032,Female,1,Yes,No,36,Yes,Yes,DSL,No,Yes,No,Yes,Yes,Yes,Two year,No,Mailed check,77.03,2764.37,No
CUST103033,Male,0,Yes,Yes,42,Yes,No,Fiber optic,Yes,Yes,No,No,No,No,Month-to-month,No,Bank transfer,77.8,3264.37,No
CUST103034,Female,0,No,No,45,Yes,No,No,No internet service,No internet service,No internet service,No internet service,No internet service,No internet service,Month-to-month,Yes,Credit card,28.32,1172.2,No
CUST103035,Female,0,Yes,No,54,Yes,No,DSL,Yes,Yes,No,No,No,No,Month-to-month,No,Electronic check,57.74,3086.93,No
CUST103036,Male,0,Yes,Yes,22,Yes,No,DSL,Yes,No,Yes,No,No,No,Month-to-month,Yes,Bank transfer,55.36,1192.0,No
CUST103037,Male,0,No,No,1,Yes,Yes,Fiber optic,No,No,No,No,Yes,No,Two year,Yes,Credit card,90.5,42.16,No
CUST103038,Female,0,No,Yes,14,Yes,No,DSL,No,No,No,Yes,No,Yes,One year,Yes,Electronic check,58.14,925.08,No
CUST103039,Female,0,Yes,No,70,Yes,No,No,No internet service,No internet service,No internet service,No internet service,No internet service,No internet service,Month-to-month,Yes,Mailed check,30.96,2320.74,No
CUST103040,Female,0,No,No,17,Yes,No,Fiber optic,No,No,No,No,No,No,Month-to-month,No,Mailed check,65.77,1196.89,No
CUST103041,Female,1,No,No,18,Yes,No,DSL,No,Yes,No,No,Yes,No,Month-to-month,No,Mailed check,59.45,1191.16,No
CUST103042,Female,0,Yes,No,62,Yes,Yes,No,No internet service,No internet service,No internet service,No internet service,No internet service,No internet service,Month-to-month,No,Mailed check,32.97,1993.63,No
CUST103043,Female,0,Yes,Yes,17,Yes,No,Fiber optic,No,No,No,Yes,No,No,Month-to-month,Yes,Electronic check,72.98,1223.7,No
CUST103044,Male,0,No,No,34,No,No phone service,Fiber optic,No,No,No,No,Yes,Yes,Two year,No,Bank transfer,82.17,2724.96,Yes
CUST103045,Female,0,Yes,No,27,Yes,No,DSL,No,Yes,No,No,No,No,One year,No,Electronic check,48.37,1315.16,No
CUST103046,Male,0,No,Yes,48,Yes,Yes,Fiber optic,Yes,Yes,Yes,No,No,No,Two year,No,Credit card,89.95,4246.41,No
CUST103047,Male,1,No,No,43,Yes,Yes,No,No internet service,No internet service,No internet service,No internet service,No internet service,No internet service,Month-to-month,Yes,Electronic check,28.08,1122.66,Yes
CUST103048,Male,0,Yes,No,38,Yes,No,DSL,No,No,Yes,Yes,No,No,Month-to-month,Yes,Bank transfer,52.46,1774.94,No
CUST103049,Female,0,No,No,37,Yes,Yes,Fiber optic,No,No,No,Yes,No,No,One year,Yes,Mailed check,75.21,2819.35,No
CUST103050,Male,0,No,No,61,Yes,No,No,No internet service,No internet service,No internet service,No internet service,No internet service,No internet service,Month-to-month,No,Bank transfer,32.71,2089.69,No
CUST103051,Male,0,No,No,42,Yes,Yes,Fiber optic,Yes,No,Yes,No,No,Yes,Month-to-month,No,Electronic check,95.47,4095.28,Yes
CUST103052,Female,0,Yes,No,37,Yes,Yes,DSL,No,Yes,No,No,Yes,No,Two year,No,Mailed check,68.22,2585.57,No
CUST103053,Male,0,No,No,64,Yes,Yes,DSL,No,Yes,No,No,No,Yes,One year,Yes,Electronic check,66.86,4344.79,No
CUST103054,Female,0,Yes,No,7,No,No phone service,Fiber optic,No,No,No,Yes,No,Yes,Two year,Yes,Electronic check,70.16,466.39,No
CUST103055,Male,0,No,No,61,Yes,Yes,Fiber optic,No,No,No,Yes,Yes,No,Month-to-month,No,Bank transfer,92.27,5502.05,No
CUST103056,Female,1,No,No,15,Yes,No,DSL,No,No,No,No,Yes,No,One year,Yes,Electronic check,52.23,697.3,No
CUST103057,Male,0,Yes,No,24,Yes,Yes,DSL,No,Yes,Yes,No,Yes,No,Month-to-month,No,Credit card,72.32,1711.26,Yes
CUST103058,Female,0,Yes,Yes,1,Yes,Yes,Fiber optic,No,Yes,Yes,Yes,No,Yes,Month-to-month,Yes,Mailed check,88.08,18.0,No
CUST103059,Female,0,No,Yes,42,Yes,No,Fiber optic,Yes,Yes,No,Yes,Yes,No,Month-to-month,No,Electronic check,87.22,3708.28,No
CUST103060,Female,0,No,No,60,Yes,No,DSL,No,No,No,No,Yes,Yes,Two year,No,Credit card,57.18,3464.12,No
CUST103061,Female,1,Yes,Yes,28,Yes,No,Fiber optic,No,Yes,No,No,No,Yes,Month-to-month,No,Electronic check,83.22,2372.77,No
CUST103062,Female,0,Yes,No,48,Yes,No,Fiber optic,No,No,No,Yes,No,No,One year,Yes,Credit card,68.7,3370.6,No
CUST103063,Female,0,No,No,29,Yes,Yes,DSL,No,No,No,No,No,Yes,Two year,No,Electronic check,69.1,1859.56,No
CUST103064,Female,0,Yes,No,55,Yes,No,DSL,Yes,No,Yes,No,No,No,One year,Yes,Mailed check,61.05,3294.34,No
CUST103065,Male,1,No,No,72,Yes,Yes,No,No internet service,No internet service,No internet service,No internet service,No internet service,No internet service,Month-to-month,Yes,Credit card,40.21,2802.42,No
CUST103066,Male,0,Yes,No,52,Yes,Yes,No,No internet service,No internet service,No internet service,No internet service,No internet service,No internet service,One year,Yes,Electronic check,40.75,2073.26,No
CUST103067,Male,0,Yes,No,25,Yes,Yes,DSL,No,Yes,Yes,No,No,Yes,Month-to-month,No,Bank transfer,72.18,1747.75,No
CUST103068,Male,0,No,No,60,Yes,No,No,No internet service,No internet service,No internet service,No internet service,No internet service,No internet service,Month-to-month,Yes,Electronic check,23.49,1236.16,No
CUST103069,Female,0,Yes,No,3,Yes,Yes,Fiber optic,Yes,No,No,No,Yes,No,Month-to-month,Yes,Bank transfer,90.83,327.75,Yes
CUST103070,Female,1,No,Yes,72,No,No phone service,No,No internet service,No internet service,No internet service,No internet service,No internet service,No internet service,One year,No,Electronic check,18.03,1405.76,No
CUST103071,Female,0,No,Yes,61,Yes,No,No,No internet service,No internet service,No internet service,No internet service,No internet service,No internet service,One year,No,Electronic check,27.07,1592.42,No
CUST103072,Female,0,Yes,No,48,Yes,Yes,Fiber optic,Yes,No,Yes,No,No,Yes,Two year,Yes,Electronic check,97.42,4625.55,No
CUST103073,Female,0,Yes,Yes,45,Yes,Yes,Fiber optic,No,No,No,No,No,Yes,Month-to-month,Yes,Bank transfer,81.75,3746.05,No
CUST103074,Male,1,Yes,No,19,No,No phone service,DSL,No,No,No,No,Yes,Yes,Month-to-month,Yes,Credit card,49.54,935.28,No
CUST103075,Male,0,No,No,32,Yes,Yes,Fiber optic,Yes,Yes,Yes,No,No,No,Month-to-month,No,Credit card,95.84,3111.62,Yes
CUST103076,Male,0,No,No,8,Yes,No,Fiber optic,Yes,Yes,Yes,Yes,No,Yes,Two year,No,Bank transfer,93.72,668.55,No
CUST103077,Female,1,No,No,25,Yes,Yes,Fiber optic,No,Yes,No,No,No,No,Two year,Yes,Credit card,80.76,2067.74,No
CUST103078,Male,0,Yes,Yes,43,Yes,No,DSL,Yes,Yes,No,No,No,No,Two year,Yes,Credit card,55.66,2424.88,No
CUST103079,Female,1,Yes,No,27,Yes,Yes,No,No internet service,No internet service,No internet service,No internet service,No internet service,No internet service,Month-to-month,Yes,Mailed check,37.32,971.51,No
CUST103080,Female,0,Yes,No,56,Yes,No,No,No internet service,No internet service,No internet service,No internet service,No internet service,No internet service,Month-to-month,Yes,Electronic check,30.93,1728.28,No
CUST103081,Female,0,No,Yes,62,Yes,Yes,DSL,No,Yes,No,No,No,No,One year,Yes,Bank transfer,55.34,3260.94,No
CUST103082,Male,0,Yes,Yes,41,Yes,Yes,Fiber optic,No,No,No,No,No,Yes,Month-to-month,Yes,Electronic check,77.31,3147.52,No
CUST103083,Female,0,Yes,No,25,Yes,Yes,No,No internet service,No internet service,No internet service,No internet service,No internet service,No internet service,Month-to-month,No,Credit card,40.12,1005.28,No
CUST103084,Female,0,Yes,Yes,22,Yes,No,Fiber optic,No,No,No,No,No,No,Month-to-month,Yes,Mailed check,61.0,1308.51,Yes
CUST103085,Female,0,Yes,No,40,Yes,No,No,No internet service,No internet service,No internet service,No internet service,No internet service,No internet service,Month-to-month,Yes,Electronic check,29.63,1116.84,No
CUST103086,Female,1,No,No,52,Yes,Yes,Fiber optic,No,Yes,Yes,No,No,Yes,Month-to-month,No,Credit card,93.81,4988.61,No
CUST103087,Female,0,No,Yes,10,Yes,No,DSL,No,No,No,Yes,No,No,Two year,Yes,Electronic check,52.05,619.87,No
CUST103088,Female,0,No,Yes,33,Yes,No,Fiber optic,No,No,No,No,No,No,One year,Yes,Credit card,71.23,2353.87,No
CUST103089,Female,0,Yes,Yes,32,No,No phone service,Fiber optic,No,No,No,No,No,Yes,One year,Yes,Credit card,68.05,2206.57,No
CUST103090,Female,0,No,No,21,Yes,No,DSL,No,Yes,No,Yes,No,Yes,Month-to-month,Yes,Bank transfer,62.67,1170.89,No
CUST103091,Female,0,Yes,No,18,Yes,Yes,Fiber optic,No,No,No,No,No,No,One year,No,Bank transfer,78.33,1320.14,No
CUST103092,Female,0,No,Yes,61,Yes,No,Fiber optic,No,No,No,No,Yes,No,Month-to-month,No,Electronic check,78.07,4725.06,Yes
CUST103093,Male,0,No,No,32,Yes,No,Fiber optic,No,No,No,No,No,Yes,Month-to-month,Yes,Mailed check,65.88,2023.37,No
CUST103094,Female,0,Yes,No,42,Yes,No,Fiber optic,No,No,No,No,No,Yes,Month-to-month,Yes,Credit card,76.72,3302.65,No
CUST103095,Male,0,No,No,3,No,No phone service,Fiber optic,No,Yes,Yes,No,No,No,Month-to-month,Yes,Electronic check,75.2,175.69,No
CUST103096,Male,0,Yes,Yes,21,Yes,Yes,Fiber optic,No,No,No,No,Yes,No,Two year,Yes,Electronic check,81.11,1606.67,No
CUST103097,Female,1,Yes,Yes,17,Yes,Yes,Fiber optic,No,No,No,No,No,No,Two year,Yes,Mailed check,78.85,1500.58,No
CUST103098,Female,0,Yes,No,24,Yes,No,DSL,No,Yes,No,Yes,Yes,Yes,Month-to-month,Yes,Bank transfer,74.08,1925.46,No
CUST103099,Female,0,Yes,No,61,Yes,No,No,No internet service,No internet service,No internet service,No internet service,No internet service,No internet service,One year,No,Bank transfer,28.37,1789.26,No
CUST103100,Female,0,No,No,42,Yes,Yes,No,No internet service,No internet service,No internet service,No internet service,No internet service,No internet service,Month-to-month,Yes,Electronic check,35.5,1335.63,No
CUST103101,Female,0,No,Yes,65,Yes,No,Fiber optic,No,Yes,No,No,Yes,Yes,Month-to-month,No,Electronic check,83.57,5550.13,No
CUST103102,Female,0,No,Yes,31,Yes,Yes,Fiber optic,No,Yes,Yes,Yes,Yes,Yes,One year,No,Credit card,105.63,3389.71,No
CUST103103,Female,1,No,No,56,Yes,Yes,No,No internet service,No internet service,No internet service,No internet service,No internet service,No internet service,One year,No,Electronic check,36.99,1932.95,No
CUST103104,Female,1,No,Yes,12,Yes,Yes,DSL,No,No,Yes,No,No,No,One year,Yes,Electronic check,56.25,493.78,No
CUST103105,Male,0,Yes,No,59,No,No phone service,DSL,No,No,No,Yes,No,Yes,Month-to-month,Yes,Electronic check,48.46,2814.88,No
CUST103106,Female,0,Yes,No,44,Yes,Yes,DSL,No,Yes,No,No,No,No,Month-to-month,No,Bank transfer,60.08,2672.53,No
CUST103107,Male,0,Yes,Yes,3,Yes,Yes,Fiber optic,Yes,No,No,No,No,No,Month-to-month,No,Electronic check,83.42,364.42,Yes
CUST103108,Female,0,No,No,50,Yes,Yes,DSL,No,No,No,No,No,Yes,Month-to-month,No,Electronic check,61.86,2942.3,No
CUST103109,Male,0,No,Yes,35,Yes,No,Fiber optic,Yes,No,Yes,No,No,No,Month-to-month,Yes,Mailed check,73.72,2725.18,Yes
CUST103110,Female,0,No,No,1,Yes,No,Fiber optic,No,Yes,No,No,No,Yes,Month-to-month,Yes,Electronic check,83.69,18.0,Yes
CUST103111,Male,0,Yes,Yes,61,Yes,Yes,DSL,No,No,No,Yes,Yes,No,Month-to-month,Yes,Credit card,58.59,3643.35,No
CUST103112,Male,0,Yes,No,39,Yes,Yes,Fiber optic,No,No,Yes,No,No,No,Month-to-month,Yes,Credit card,80.92,3153.51,No
CUST103113,Female,0,No,No,44,Yes,Yes,DSL,No,No,Yes,No,Yes,No,One year,Yes,Bank transfer,72.76,3301.88,No
CUST103114,Male,0,Yes,Yes,42,No,No phone service,Fiber optic,No,No,No,No,Yes,Yes,Month-to-month,No,Mailed check,78.27,3317.4,No
CUST103115,Female,0,No,No,7,Yes,No,DSL,No,Yes,Yes,No,Yes,Yes,Month-to-month,No,Electronic check,71.31,493.92,No
CUST103116,Female,0,Yes,No,24,Yes,No,DSL,Yes,No,Yes,No,No,No,Two year,Yes,Mailed check,52.65,1318.11,No
CUST103117,Male,0,Yes,No,51,Yes,Yes,DSL,Yes,Yes,No,No,No,No,Two year,No,Electronic check,69.17,3464.36,No
CUST103118,Male,0,No,Yes,25,Yes,No,Fiber optic,No,Yes,Yes,No,No,Yes,Month-to-month,No,Bank transfer,88.24,2196.35,No
CUST103119,Female,0,No,Yes,64,Yes,Yes,DSL,No,No,No,No,No,No,Month-to-month,Yes,Electronic check,43.72,2690.41,No
CUST103120,Male,0,No,No,23,Yes,Yes,Fiber optic,No,No,Yes,No,Yes,No,Month-to-month,No,Bank transfer,86.28,2042.99,No
CUST103121,Male,0,Yes,No,34,Yes,No,No,No internet service,No internet service,No internet service,No internet service,No internet service,No internet service,Two year,Yes,Electronic check,29.09,1083.23,No
CUST103122,Male,0,Yes,No,33,Yes,No,Fiber optic,Yes,No,No,No,No,Yes,Month-to-month,Yes,Mailed check,81.1,2712.52,No
CUST103123,Female,0,No,No,2,Yes,Yes,DSL,No,No,No,No,Yes,No,Month-to-month,Yes,Electronic check,64.33,146.19,No
CUST103124,Male,0,No,No,59,Yes,Yes,Fiber optic,No,No,Yes,No,No,No,One year,No,Electronic check,77.48,4547.37,No
CUST103125,Female,0,Yes,Yes,10,Yes,Yes,DSL,No,No,No,No,Yes,Yes,One year,Yes,Mailed check,67.7,869.34,No
CUST103126,Male,0,No,No,34,No,No phone service,No,No internet service,No internet service,No internet service,No internet service,No internet service,No internet service,Month-to-month,Yes,Mailed check,18.0,609.06,No
CUST103127,Male,0,Yes,No,66,No,No phone service,Fiber optic,Yes,No,No,No,No,Yes,Month-to-month,No,Credit card,74.63,4800.4,No
CUST103128,Male,0,Yes,No,72,Yes,No,Fiber optic,Yes,No,Yes,No,No,No,Month-to-month,No,Electronic check,77.8,5646.69,No
CUST103129,Male,0,No,No,17,Yes,Yes,DSL,No,No,No,No,Yes,No,Month-to-month,No,Electronic check,60.24,1028.49,Yes
CUST103130,Male,0,No,No,28,No,No phone service,Fiber optic,No,No,No,Yes,No,No,Month-to-month,Yes,Mailed check,73.04,2211.14,Yes
CUST103131,Female,0,Yes,No,41,Yes,No,Fiber optic,No,No,Yes,No,Yes,Yes,One year,No,Electronic check,82.68,3388.87,No
CUST103132,Female,0,Yes,No,51,Yes,Yes,DSL,No,Yes,No,No,No,No,One year,Yes,Credit card,66.24,3269.68,No
CUST103133,Male,0,No,Yes,19,Yes,No,Fiber optic,Yes,No,No,No,No,No,One year,Yes,Electronic check,88.91,1825.08,Yes
CUST103134,Female,0,No,No,40,Yes,Yes,DSL,No,No,No,Yes,No,No,One year,Yes,Credit card,55.99,2263.72,No
CUST103135,Male,0,No,No,61,Yes,No,No,No internet service,No internet service,No internet service,No internet service,No internet service,No internet service,Month-to-month,Yes,Bank transfer,33.59,2003.33,No
CUST103136,Female,0,Yes,No,55,Yes,No,No,No internet service,No internet service,No internet service,No internet service,No internet service,No internet service,Month-to-month,Yes,Electronic check,31.59,1918.12,No
CUST103137,Male,0,No,No,60,Yes,No,DSL,No,No,No,Yes,No,No,One year,No,Mailed check,54.08,3242.31,No
CUST103138,Female,0,No,Yes,64,No,No phone service,DSL,Yes,Yes,No,No,Yes,No,Month-to-month,No,Mailed check,51.95,3280.24,No
CUST103139,Female,0,No,No,63,Yes,No,Fiber optic,No,No,No,No,Yes,Yes,Month-to-month,Yes,Mailed check,80.22,5130.19,No
CUST103140,Female,0,Yes,No,37,Yes,No,No,No internet service,No internet service,No internet service,No internet service,No internet service,No internet service,Month-to-month,No,Mailed check,26.09,1042.24,No
CUST103141,Female,0,No,Yes,71,Yes,No,DSL,No,No,No,No,No,No,One year,No,Bank transfer,44.3,3218.79,No
CUST103142,Female,0,No,No,36,Yes,No,DSL,Yes,No,No,No,No,Yes,One year,Yes,Bank transfer,53.08,2018.57,No
CUST103143,Female,0,No,No,52,Yes,No,Fiber optic,No,Yes,Yes,No,Yes,No,Month-to-month,Yes,Mailed check,83.85,4208.19,No
CUST103144,Male,0,No,Yes,68,Yes,Yes,DSL,No,Yes,No,Yes,No,Yes,Month-to-month,No,Bank transfer,74.03,5100.89,No
CUST103145,Male,0,No,No,4,Yes,Yes,DSL,No,Yes,Yes,No,No,No,Two year,Yes,Credit card,69.18,283.23,No
CUST103146,Male,0,Yes,Yes,68,Yes,No,Fiber optic,No,No,No,No,Yes,No,Month-to-month,Yes,Mailed check,73.37,5000.06,Yes
CUST103147,Male,0,Yes,No,60,Yes,Yes,Fiber optic,No,No,No,No,No,Yes,Month-to-month,Yes,Mailed check,93.76,5585.2,No
CUST103148,Male,0,No,No,72,Yes,No,Fiber optic,Yes,No,No,No,No,No,One year,No,Electronic check,69.26,4953.08,No
CUST103149,Male,0,Yes,No,56,Yes,No,DSL,No,No,Yes,No,No,No,One year,Yes,Electronic check,46.26,2570.99,No
CUST103150,Female,0,Yes,Yes,12,Yes,No,Fiber optic,Yes,No,Yes,No,No,No,Month-to-month,Yes,Electronic check,72.45,880.36,No
CUST103151,Male,1,No,No,22,Yes,No,Fiber optic,Yes,No,Yes,No,No,Yes,Month-to-month,Yes,Mailed check,79.77,1579.24,Yes
CUST103152,Female,0,Yes,No,1,Yes,Yes,Fiber optic,Yes,No,No,No,Yes,No,Two year,Yes,Bank transfer,93.56,151.14,No
CUST103153,Female,0,No,No,44,Yes,No,No,No internet service,No internet service,No internet service,No internet service,No internet service,No internet service,Month-to-month,No,Electronic check,26.08,1225.9,No
CUST103154,Male,0,Yes,No,32,Yes,No,DSL,No,Yes,Yes,No,No,No,Two year,Yes,Bank transfer,55.81,1823.45,No
CUST103155,Female,0,Yes,Yes,35,Yes,Yes,Fiber optic,No,No,No,No,Yes,No,One year,No,Electronic check,82.54,2936.15,No
CUST103156,Male,0,Yes,No,53,Yes,No,No,No internet service,No internet service,No internet service,No internet service,No internet service,No internet service,Two year,Yes,Electronic check,22.62,1276.15,No
CUST103157,Male,1,No,Yes,60,Yes,No,DSL,No,No,No,Yes,Yes,No,Month-to-month,Yes,Electronic check,50.86,3070.48,No
CUST103158,Male,0,No,No,6,Yes,Yes,No,No internet service,No internet service,No internet service,No internet service,No internet service,No internet service,Month-to-month,Yes,Mailed check,25.86,329.98,No
CUST103159,Male,0,Yes,No,67,Yes,Yes,Fiber optic,No,No,Yes,No,No,No,Month-to-month,Yes,Electronic check,80.5,5393.77,No
CUST103160,Male,0,Yes,No,27,Yes,Yes,DSL,Yes,No,No,Yes,No,No,Month-to-month,Yes,Electronic check,64.27,1813.32,Yes
CUST103161,Female,0,Yes,No,55,Yes,No,DSL,Yes,No,No,Yes,Yes,No,Month-to-month,Yes,Mailed check,58.72,3158.05,No
CUST103162,Male,0,No,No,42,No,No phone service,DSL,No,No,Yes,Yes,No,Yes,Month-to-month,Yes,Mailed check,45.39,1895.68,Yes
CUST103163,Female,0,No,No,32,Yes,No,No,No internet service,No internet service,No internet service,No internet service,No internet service,No internet service,Month-to-month,No,Mailed check,31.14,1085.17,Yes
CUST103164,Female,0,No,No,16,Yes,No,No,No internet service,No internet service,No internet service,No internet service,No internet service,No internet service,One year,No,Electronic check,31.67,493.42,No
CUST103165,Female,0,Yes,Yes,14,Yes,Yes,Fiber optic,No,No,Yes,Yes,No,Yes,Month-to-month,Yes,Mailed check,87.75,1183.67,No
CUST103166,Female,0,No,No,53,Yes,No,DSL,Yes,No,Yes,No,Yes,Yes,Month-to-month,Yes,Electronic check,64.57,3449.67,No
CUST103167,Male,0,Yes,No,24,Yes,Yes,Fiber optic,No,No,No,Yes,Yes,No,Month-to-month,Yes,Electronic check,91.47,2198.7,Yes
CUST103168,Female,1,Yes,No,17,Yes,Yes,Fiber optic,Yes,No,Yes,No,No,No,One year,Yes,Mailed check,78.6,1261.98,No
CUST103169,Male,0,Yes,Yes,1,Yes,Yes,DSL,Yes,Yes,No,No,No,Yes,Month-to-month,Yes,Mailed check,63.85,33.19,Yes
CUST103170,Male,0,Yes,No,61,Yes,No,DSL,Yes,No,Yes,No,No,No,One year,No,Credit card,61.2,3750.66,No
CUST103171,Male,0,Yes,No,29,Yes,No,Fiber optic,Yes,No,Yes,No,Yes,No,Month-to-month,No,Credit card,84.24,2248.79,No
CUST103172,Male,1,No,Yes,26,Yes,Yes,Fiber optic,No,Yes,No,Yes,Yes,No,One year,No,Electronic check,93.53,2435.26,No
CUST103173,Female,0,Yes,No,27,Yes,Yes,Fiber optic,No,Yes,No,No,No,Yes,One year,No,Electronic check,83.64,2185.87,No
CUST103174,Female,0,No,No,44,Yes,Yes,Fiber optic,No,No,No,Yes,No,No,Month-to-month,No,Credit card,85.96,3761.41,No
CUST103175,Male,0,No,Yes,35,Yes,Yes,DSL,Yes,No,No,No,Yes,No,One year,No,Electronic check,64.03,2139.39,No
CUST103176,Male,1,No,Yes,40,Yes,Yes,DSL,Yes,No,Yes,Yes,No,No,Two year,Yes,Mailed check,71.42,2827.99,No
CUST103177,Male,0,Yes,No,21,Yes,Yes,Fiber optic,No,No,Yes,No,No,No,Month-to-month,No,Bank transfer,79.23,1807.56,No
CUST103178,Female,0,No,Yes,22,Yes,No,Fiber optic,Yes,Yes,Yes,No,No,No,Month-to-month,Yes,Mailed check,79.75,1672.9,No
CUST103179,Female,0,Yes,No,63,Yes,No,DSL,Yes,No,Yes,Yes,Yes,Yes,Two year,Yes,Electronic check,73.84,4598.46,No
CUST103180,Female,0,Yes,No,32,Yes,Yes,No,No internet service,No internet service,No internet service,No internet service,No internet service,No internet service,Two year,Yes,Electronic check,30.93,959.63,No
CUST103181,Female,1,Yes,No,71,Yes,No,Fiber optic,No,No,No,No,No,No,One year,Yes,Electronic check,67.23,4602.56,No
CUST103182,Female,0,No,No,61,No,No phone service,DSL,No,No,Yes,Yes,No,Yes,Month-to-month,No,Electronic check,50.9,2965.14,No
CUST103183,Male,0,No,Yes,52,Yes,Yes,DSL,Yes,Yes,No,No,No,No,Month-to-month,Yes,Electronic check,57.22,3018.67,No
CUST103184,Female,0,No,No,40,Yes,Yes,No,No internet service,No internet service,No internet service,No internet service,No internet service,No internet service,Two year,Yes,Bank transfer,37.41,1448.14,No
CUST103185,Male,0,No,Yes,61,Yes,Yes,Fiber optic,No,No,Yes,Yes,No,No,One year,No,Mailed check,88.2,5523.11,No
CUST103186,Male,0,No,Yes,5,Yes,No,DSL,Yes,No,No,No,No,Yes,Month-to-month,No,Electronic check,53.27,190.39,No
CUST103187,Male,0,No,No,36,Yes,Yes,Fiber optic,Yes,No,No,No,No,No,Month-to-month,No,Electronic check,88.43,3331.23,No
CUST103188,Female,0,No,No,52,Yes,No,DSL,No,No,No,Yes,Yes,No,One year,No,Credit card,54.33,2683.96,No
CUST103189,Female,0,Yes,Yes,8,Yes,No,Fiber optic,No,No,No,No,Yes,No,One year,Yes,Electronic check,79.66,623.27,No
CUST103190,Male,1,No,No,14,Yes,No,Fiber optic,No,Yes,No,No,No,No,Two year,Yes,Electronic check,63.8,820.2,No
CUST103191,Female,0,No,Yes,5,Yes,Yes,No,No internet service,No internet service,No internet service,No internet service,No internet service,No internet service,Month-to-month,Yes,Bank transfer,33.12,225.66,No
CUST103192,Male,0,Yes,Yes,35,Yes,Yes,Fiber optic,Yes,No,No,Yes,No,No,Month-to-month,Yes,Electronic check,78.86,2706.39,No
CUST103193,Male,0,Yes,No,39,Yes,No,Fiber optic,No,Yes,Yes,No,No,No,Month-to-month,No,Electronic check,75.82,2912.52,No
CUST103194,Female,1,Yes,No,34,Yes,No,DSL,No,Yes,No,No,No,No,Month-to-month,No,Electronic check,51.94,1756.55,No
CUST103195,Male,0,No,No,4,Yes,No,No,No internet service,No internet service,No internet service,No internet service,No internet service,No internet service,Month-to-month,No,Credit card,28.47,317.32,No
CUST103196,Female,0,Yes,No,36,Yes,Yes,DSL,Yes,No,No,No,No,No,Month-to-month,Yes,Bank transfer,54.23,2061.67,No
CUST103197,Female,0,Yes,No,64,Yes,No,DSL,Yes,No,No,No,Yes,No,Month-to-month,Yes,Mailed check,57.47,3639.62,No
CUST103198,Male,1,No,Yes,3,Yes,No,No,No internet service,No internet service,No internet service,No internet service,No internet service,No internet service,Month-to-month,Yes,Credit card,28.51,18.0,No
CUST103199,Male,1,No,No,56,Yes,Yes,No,No internet service,No internet service,No internet service,No internet service,No internet service,No internet service,Two year,Yes,Bank transfer,31.74,1705.45,No
CUST103200,Female,0,No,Yes,20,No,No phone service,Fiber optic,No,No,Yes,No,No,No,Month-to-month,Yes,Electronic check,69.0,1290.05,No
CUST103201,Male,0,No,No,6,Yes,No,Fiber optic,No,No,Yes,No,No,No,Month-to-month,Yes,Mailed check,74.85,530.16,Yes
CUST103202,Male,0,Yes,No,4,Yes,Yes,DSL,No,Yes,No,No,Yes,No,One year,Yes,Mailed check,62.13,187.78,No
CUST103203,Male,0,Yes,No,1,Yes,Yes,Fiber optic,No,Yes,No,No,No,No,Month-to-month,Yes,Mailed check,88.61,183.95,Yes
CUST103204,Female,0,No,No,30,Yes,No,DSL,Yes,Yes,Yes,No,No,Yes,Month-to-month,No,Bank transfer,65.7,2065.69,Yes
CUST103205,Female,0,Yes,No,36,Yes,No,DSL,No,No,No,No,Yes,No,Two year,Yes,Electronic check,48.01,1714.65,No
CUST103206,Male,0,No,Yes,45,Yes,No,Fiber optic,Yes,Yes,No,Yes,Yes,No,One year,Yes,Electronic check,95.24,4165.59,No
CUST103207,Male,1,No,No,6,Yes,No,No,No internet service,No internet service,No internet service,No internet service,No internet service,No internet service,Month-to-month,No,Mailed check,29.8,239.89,No
CUST103208,Male,0,No,No,48,Yes,Yes,No,No internet service,No internet service,No internet service,No internet service,No internet service,No internet service,Two year,Yes,Electronic check,26.18,1155.12,No
CUST103209,Female,0,No,No,54,Yes,Yes,No,No internet service,No internet service,No internet service,No internet service,No internet service,No internet service,Two year,No,Credit card,26.39,1424.73,No
CUST103210,Female,0,No,Yes,5,Yes,No,Fiber optic,No,Yes,No,No,Yes,No,Two year,No,Mailed check,83.21,536.0,No
CUST103211,Male,0,No,No,49,Yes,No,DSL,Yes,No,No,No,Yes,No,Month-to-month,Yes,Electronic check,54.47,2474.08,No
CUST103212,Female,0,Yes,No,9,Yes,No,DSL,No,No,No,No,Yes,Yes,One year,Yes,Bank transfer,60.51,521.58,No
CUST103213,Female,1,Yes,No,32,Yes,No,Fiber optic,No,Yes,No,No,No,No,Month-to-month,Yes,Bank transfer,72.71,2274.11,Yes
CUST103214,Male,0,Yes,No,48,Yes,No,DSL,No,No,No,No,No,No,Month-to-month,No,Mailed check,47.41,2237.81,No
CUST103215,Male,0,No,No,63,Yes,No,Fiber optic,Yes,No,No,Yes,No,No,Month-to-month,Yes,Mailed check,82.32,5072.08,No
CUST103216,Female,0,Yes,No,39,Yes,No,Fiber optic,Yes,Yes,No,Yes,Yes,No,Two year,No,Bank transfer,83.78,3433.38,No
CUST103217,Female,0,Yes,Yes,32,Yes,No,No,No internet service,No internet service,No internet service,No internet service,No internet service,No internet service,Month-to-month,No,Electronic check,23.27,757.65,No
CUST103218,Female,1,No,No,61,Yes,No,Fiber optic,Yes,Yes,No,Yes,No,Yes,Two year,No,Bank transfer,97.68,5794.24,No
CUST103219,Male,0,Yes,No,16,Yes,No,Fiber optic,No,Yes,Yes,Yes,Yes,No,Two year,No,Bank transfer,93.06,1518.34,No
CUST103220,Female,0,No,No,15,Yes,No,Fiber optic,Yes,Yes,No,No,No,No,Month-to-month,Yes,Credit card,82.08,1321.23,Yes
CUST103221,Male,0,Yes,No,34,No,No phone service,Fiber optic,No,No,No,Yes,Yes,Yes,Month-to-month,No,Credit card,89.59,3039.88,No
CUST103222,Female,0,Yes,Yes,9,Yes,No,DSL,No,Yes,No,No,No,No,Two year,Yes,Credit card,55.06,625.79,No
CUST103223,Male,0,Yes,No,2,Yes,No,Fiber optic,No,No,No,Yes,No,No,Month-to-month,Yes,Electronic check,74.78,18.0,No
CUST103224,Male,1,Yes,No,27,Yes,No,Fiber optic,No,No,No,No,Yes,No,One year,No,Credit card,71.81,2029.83,No
CUST103225,Male,0,No,No,11,Yes,Yes,DSL,No,Yes,No,No,No,No,Month-to-month,Yes,Bank transfer,62.8,670.35,Yes
CUST103226,Male,1,No,Yes,46,Yes,Yes,Fiber optic,No,Yes,Yes,Yes,No,Yes,Month-to-month,No,Mailed check,103.9,4707.42,Yes
CUST103227,Male,0,No,No,40,Yes,No,No,No internet service,No internet service,No internet service,No internet service,No internet service,No internet service,Month-to-month,Yes,Credit card,28.53,1204.42,No
CUST103228,Female,0,No,No,35,Yes,Yes,DSL,No,Yes,No,Yes,Yes,No,Month-to-month,Yes,Credit card,77.43,2771.58,No
CUST103229,Male,1,No,No,36,Yes,Yes,Fiber optic,No,No,Yes,No,No,No,Two year,Yes,Bank transfer,83.13,3113.78,No
CUST103230,Male,0,No,No,8,Yes,Yes,DSL,No,No,No,Yes,Yes,No,Month-to-month,Yes,Electronic check,65.26,639.32,Yes
CUST103231,Male,0,Yes,No,29,Yes,Yes,Fiber optic,No,No,No,No,No,No,Month-to-month,No,Electronic check,81.8,2377.85,Yes
CUST103232,Female,1,Yes,No,6,Yes,No,No,No internet service,No internet service,No internet service,No internet service,No internet service,No internet service,One year,Yes,Credit card,29.98,50.86,No
CUST103233,Male,0,No,Yes,26,Yes,No,DSL,No,No,No,No,No,No,Two year,Yes,Credit card,49.05,1129.31,No
CUST103234,Female,1,No,No,49,Yes,Yes,No,No internet service,No internet service,No internet service,No internet service,No internet service,No internet service,Month-to-month,Yes,Electronic check,26.4,1155.3,No
CUST103235,Male,0,Yes,No,72,Yes,No,No,No internet service,No internet service,No internet service,No internet service,No internet service,No internet service,One year,Yes,Electronic check,29.44,2084.67,No
CUST103236,Male,1,Yes,No,22,Yes,Yes,DSL,No,Yes,Yes,No,No,No,Month-to-month,Yes,Bank transfer,61.0,1361.53,No
CUST103237,Female,0,Yes,No,20,No,No phone service,Fiber optic,Yes,Yes,No,Yes,No,No,Two year,Yes,Electronic check,74.74,1538.75,No
CUST103238,Male,0,Yes,No,49,Yes,No,No,No internet service,No internet service,No internet service,No internet service,No internet service,No internet service,One year,No,Bank transfer,27.05,1371.32,No
CUST103239,Male,1,No,Yes,67,Yes,No,No,No internet service,No internet service,No internet service,No internet service,No internet service,No internet service,Two year,No,Credit card,25.21,1623.01,No
CUST103240,Female,0,Yes,No,22,Yes,No,Fiber optic,No,No,Yes,No,No,No,One year,Yes,Electronic check,77.87,1822.68,No
CUST103241,Female,0,No,No,61,Yes,No,DSL,No,No,No,No,Yes,Yes,Two year,No,Bank transfer,55.15,3492.7,No
CUST103242,Female,0,No,No,23,Yes,Yes,DSL,No,No,No,No,Yes,No,Month-to-month,No,Mailed check,52.74,1131.84,Yes
CUST103243,Male,0,Yes,No,47,Yes,Yes,DSL,Yes,Yes,No,No,No,No,One year,No,Electronic check,62.39,2923.62,No
CUST103244,Male,1,No,No,16,Yes,Yes,Fiber optic,No,No,No,Yes,No,Yes,One year,Yes,Mailed check,94.32,1563.46,No
CUST103245,Male,0,No,Yes,19,Yes,Yes,Fiber optic,No,No,No,Yes,No,No,Month-to-month,No,Mailed check,79.87,1633.87,Yes
CUST103246,Male,0,Yes,Yes,71,Yes,Yes,Fiber optic,No,Yes,No,Yes,Yes,No,Two year,Yes,Bank transfer,92.91,6644.49,No
CUST103247,Male,0,Yes,No,29,Yes,No,Fiber optic,No,No,No,No,Yes,No,One year,Yes,Mailed check,75.82,2150.71,No
CUST103248,Female,1,No,No,2,Yes,Yes,DSL,Yes,No,No,Yes,Yes,No,Two year,No,Credit card,80.05,77.76,No
CUST103249,Female,1,Yes,No,56,Yes,No,No,No internet service,No internet service,No internet service,No internet service,No internet service,No internet service,Month-to-month,Yes,Electronic check,31.75,1691.23,No
CUST103250,Female,1,Yes,No,10,Yes,Yes,DSL,No,No,Yes,No,Yes,No,Two year,No,Credit card,62.59,605.02,No
CUST103251,Female,0,Yes,Yes,8,Yes,Yes,DSL,Yes,No,No,Yes,Yes,No,Month-to-month,Yes,Mailed check,69.16,511.99,No
CUST103252,Male,0,Yes,No,61,Yes,No,No,No internet service,No internet service,No internet service,No internet service,No internet service,No internet service,Two year,Yes,Mailed check,24.84,1412.4,No
CUST103253,Female,0,No,No,26,Yes,No,DSL,Yes,No,No,No,No,No,Month-to-month,No,Electronic check,58.44,1576.47,No
CUST103254,Female,0,Yes,No,10,Yes,No,DSL,Yes,No,No,No,Yes,No,One year,Yes,Electronic check,51.83,490.27,Yes
CUST103255,Female,0,No,No,71,No,No phone service,No,No internet service,No internet service,No internet service,No internet service,No internet service,No internet service,Month-to-month,Yes,Mailed check,18.0,1312.94,No
CUST103256,Female,0,Yes,Yes,21,Yes,No,No,No internet service,No internet service,No internet service,No internet service,No internet service,No internet service,One year,Yes,Credit card,31.54,558.33,No
CUST103257,Female,0,No,Yes,46,Yes,Yes,No,No internet service,No internet service,No internet service,No internet service,No internet service,No internet service,Month-to-month,Yes,Bank transfer,41.79,2003.12,Yes
CUST103258,Female,0,Yes,Yes,19,Yes,No,DSL,No,No,No,Yes,No,No,Two year,Yes,Electronic check,50.92,1033.9,No
CUST103259,Male,0,No,No,42,Yes,Yes,DSL,No,Yes,No,Yes,No,Yes,Two year,No,Electronic check,68.89,2985.84,No
CUST103260,Female,0,No,Yes,51,Yes,Yes,DSL,No,No,No,No,Yes,No,Month-to-month,No,Mailed check,60.14,3057.51,No
CUST103261,Female,0,Yes,Yes,55,Yes,No,DSL,No,No,Yes,No,Yes,No,One year,Yes,Credit card,58.29,3187.0,No
CUST103262,Female,1,No,No,30,Yes,No,No,No internet service,No internet service,No internet service,No internet service,No internet service,No internet service,One year,Yes,Bank transfer,36.39,1141.79,No
CUST103263,Male,0,Yes,No,45,Yes,No,DSL,No,No,No,Yes,No,Yes,Month-to-month,Yes,Electronic check,59.74,2791.84,No
CUST103264,Male,1,No,No,61,Yes,Yes,Fiber optic,No,No,No,No,No,Yes,Month-to-month,No,Electronic check,82.52,5031.76,No
CUST103265,Male,0,No,No,61,Yes,No,DSL,No,No,No,No,No,No,Month-to-month,Yes,Electronic check,47.59,2777.86,No
CUST103266,Male,0,Yes,Yes,54,Yes,No,Fiber optic,Yes,No,No,No,No,No,Month-to-month,Yes,Mailed check,78.74,4215.47,No
CUST103267,Male,0,Yes,Yes,29,Yes,No,DSL,Yes,Yes,No,No,Yes,Yes,Month-to-month,No,Electronic check,66.21,2028.25,No
CUST103268,Male,0,Yes,No,39,Yes,No,DSL,Yes,Yes,Yes,No,No,Yes,Month-to-month,Yes,Electronic check,69.02,2753.48,No
CUST103269,Female,0,No,No,70,Yes,No,DSL,No,Yes,No,No,No,No,Month-to-month,No,Credit card,51.09,3600.96,No
CUST103270,Male,0,No,No,18,Yes,Yes,No,No internet service,No internet service,No internet service,No internet service,No internet service,No internet service,Two year,Yes,Mailed check,30.4,513.1,No
CUST103271,Female,0,Yes,No,50,Yes,Yes,Fiber optic,No,Yes,Yes,No,Yes,No,Month-to-month,Yes,Credit card,92.3,4751.56,Yes
CUST103272,Female,1,Yes,Yes,58,Yes,Yes,Fiber optic,No,Yes,Yes,Yes,No,No,Two year,No,Bank transfer,90.07,5141.4,No
CUST103273,Male,0,Yes,No,35,Yes,No,DSL,No,No,No,Yes,No,No,One year,No,Electronic check,49.01,1716.8,No
CUST103274,Female,0,No,Yes,63,Yes,No,Fiber optic,No,No,No,No,No,No,One year,Yes,Electronic check,77.48,4919.78,No
CUST103275,Female,0,Yes,No,31,No,No phone service,Fiber optic,Yes,Yes,No,No,Yes,Yes,Month-to-month,Yes,Mailed check,86.08,2702.86,No
CUST103276,Male,0,Yes,No,61,No,No phone service,Fiber optic,No,No,No,No,Yes,No,Month-to-month,No,Bank transfer,70.39,4230.47,No
CUST103277,Female,0,No,Yes,47,Yes,Yes,Fiber optic,No,No,Yes,Yes,No,No,Two year,Yes,Mailed check,89.63,4279.01,No
CUST103278,Female,0,Yes,No,4,Yes,Yes,No,No internet service,No internet service,No internet service,No internet service,No internet service,No internet service,One year,No,Credit card,34.74,186.8,Yes
CUST103279,Male,0,No,No,60,Yes,No,No,No internet service,No internet service,No internet service,No internet service,No internet service,No internet service,Two year,Yes,Bank transfer,26.22,1588.01,No
CUST103280,Male,0,Yes,No,51,Yes,No,No,No internet service,No internet service,No internet service,No internet service,No internet service,No internet service,Month-to-month,No,Mailed check,33.96,1766.27,No
CUST103281,Female,1,Yes,Yes,17,Yes,No,Fiber optic,No,Yes,Yes,No,No,No,Month-to-month,No,Electronic check,85.99,1419.05,No
CUST103282,Male,1,No,No,51,Yes,No,DSL,Yes,Yes,No,No,No,Yes,Month-to-month,No,Electronic check,66.63,3546.88,No
CUST103283,Male,0,Yes,No,37,Yes,No,DSL,No,No,No,No,No,Yes,One year,Yes,Mailed check,52.56,2053.29,No
CUST103284,Female,1,Yes,Yes,68,Yes,No,DSL,No,No,No,No,Yes,No,One year,No,Electronic check,54.4,3646.97,No
CUST103285,Female,0,No,No,22,Yes,No,DSL,No,No,Yes,Yes,No,No,Month-to-month,Yes,Credit card,52.75,1147.84,No
CUST103286,Female,0,No,Yes,19,Yes,No,Fiber optic,No,Yes,No,No,Yes,No,Month-to-month,Yes,Mailed check,82.4,1658.16,No
CUST103287,Female,1,No,No,5,Yes,Yes,Fiber optic,Yes,Yes,No,No,No,No,Month-to-month,No,Electronic check,82.29,465.31,Yes
CUST103288,Female,0,Yes,No,57,Yes,Yes,Fiber optic,Yes,Yes,No,No,No,Yes,Month-to-month,Yes,Bank transfer,97.19,5551.0,No
CUST103289,Female,0,Yes,No,71,Yes,Yes,Fiber optic,No,Yes,Yes,No,Yes,No,Month-to-month,Yes,Bank transfer,100.58,7063.63,No
CUST103290,Female,0,Yes,No,50,Yes,Yes,No,No internet service,No internet service,No internet service,No internet service,No internet service,No internet service,Month-to-month,No,Electronic check,30.49,1455.16,No
CUST103291,Female,0,No,No,27,Yes,No,DSL,No,Yes,No,Yes,No,No,Month-to-month,No,Mailed check,63.02,1709.96,No
CUST103292,Female,0,No,No,64,Yes,No,DSL,Yes,Yes,No,No,No,Yes,One year,No,Bank transfer,65.51,4328.82,No
CUST103293,Female,0,No,No,19,Yes,Yes,Fiber optic,No,No,No,No,No,Yes,One year,Yes,Mailed check,80.89,1632.79,No
CUST103294,Female,0,No,Yes,50,Yes,Yes,Fiber optic,No,Yes,No,No,No,Yes,Month-to-month,Yes,Electronic check,90.02,4553.94,Yes
CUST103295,Female,0,Yes,No,43,Yes,Yes,Fiber optic,No,Yes,Yes,No,Yes,Yes,Month-to-month,Yes,Bank transfer,107.15,4669.89,Yes
CUST103296,Male,0,No,No,62,No,No phone service,No,No internet service,No internet service,No internet service,No internet service,No internet service,No internet service,One year,No,Bank transfer,24.96,1367.09,No
CUST103297,Female,0,Yes,Yes,70,Yes,Yes,DSL,Yes,Yes,Yes,Yes,Yes,Yes,Month-to-month,Yes,Electronic check,91.83,6455.77,No
CUST103298,Male,1,Yes,No,26,Yes,Yes,Fiber optic,No,No,No,No,No,Yes,Month-to-month,No,Electronic check,82.51,2172.2,No
CUST103299,Male,0,No,Yes,7,Yes,No,No,No internet service,No internet service,No internet service,No internet service,No internet service,No internet service,Month-to-month,No,Bank transfer,24.25,54.82,No
CUST103300,Male,0,No,No,12,Yes,No,Fiber optic,No,Yes,No,Yes,No,No,Two year,No,Electronic check,79.99,1141.21,No
CUST103301,Male,0,Yes,No,54,Yes,Yes,Fiber optic,No,No,No,No,No,Yes,Month-to-month,Yes,Credit card,84.48,4602.03,No
CUST103302,Female,0,Yes,No,27,Yes,No,DSL,No,No,No,Yes,Yes,Yes,Two year,Yes,Electronic check,64.14,1780.01,No
CUST103303,Male,0,No,No,11,Yes,No,Fiber optic,No,Yes,Yes,Yes,No,Yes,Month-to-month,Yes,Bank transfer,89.56,927.75,Yes
CUST103304,Female,0,Yes,No,59,Yes,No,DSL,Yes,No,No,No,Yes,No,Month-to-month,Yes,Credit card,53.96,3207.93,No
CUST103305,Female,0,No,No,47,Yes,No,Fiber optic,No,No,Yes,Yes,No,No,Month-to-month,No,Mailed check,82.85,3909.24,No
CUST103306,Female,0,No,No,10,Yes,Yes,Fiber optic,No,No,No,Yes,No,Yes,One year,No,Bank transfer,86.17,1018.66,Yes
CUST103307,Female,0,Yes,No,52,Yes,Yes,No,No internet service,No internet service,No internet service,No internet service,No internet service,No internet service,Month-to-month,Yes,Electronic check,38.22,2067.57,No
CUST103308,Female,0,Yes,Yes,46,Yes,No,Fiber optic,No,Yes,Yes,Yes,No,No,One year,Yes,Bank transfer,83.8,3873.75,No
CUST103309,Female,0,Yes,Yes,71,Yes,Yes,DSL,No,No,No,No,No,No,Two year,Yes,Credit card,52.61,3617.17,No
CUST103310,Male,0,No,Yes,72,Yes,Yes,No,No internet service,No internet service,No internet service,No internet service,No internet service,No internet service,Month-to-month,Yes,Credit card,30.29,2083.47,No
CUST103311,Male,0,Yes,No,71,Yes,Yes,DSL,No,Yes,No,No,Yes,Yes,Month-to-month,No,Mailed check,73.6,5022.64,No
CUST103312,Female,0,No,No,65,Yes,No,Fiber optic,Yes,Yes,No,No,No,No,One year,No,Credit card,78.89,5103.84,No
CUST103313,Male,0,Yes,No,58,Yes,No,DSL,No,Yes,No,No,No,Yes,Month-to-month,No,Credit card,53.69,3158.07,No
CUST103314,Female,0,No,No,49,Yes,No,Fiber optic,No,Yes,No,No,No,Yes,One year,Yes,Electronic check,81.08,3981.86,Yes
CUST103315,Female,0,Yes,Yes,40,Yes,No,No,No internet service,No internet service,No internet service,No internet service,No internet service,No internet service,Two year,No,Credit card,24.55,1036.32,No
CUST103316,Male,0,Yes,No,58,Yes,No,DSL,No,No,Yes,Yes,Yes,No,Month-to-month,Yes,Electronic check,56.7,3462.71,No
CUST103317,Male,0,No,No,70,Yes,No,Fiber optic,No,Yes,No,Yes,No,Yes,Month-to-month,Yes,Credit card,90.02,6228.06,No
CUST103318,Female,0,No,No,9,Yes,Yes,Fiber optic,No,No,No,Yes,No,No,One year,No,Credit card,77.41,622.86,No
CUST103319,Female,0,Yes,Yes,10,Yes,Yes,DSL,No,No,Yes,Yes,No,No,Month-to-month,Yes,Mailed check,64.82,660.64,No
CUST103320,Female,0,Yes,No,36,Yes,Yes,Fiber optic,Yes,Yes,Yes,No,Yes,No,Month-to-month,No,Mailed check,108.14,3770.33,No
CUST103321,Female,0,No,No,22,Yes,Yes,Fiber optic,No,No,Yes,No,No,No,Month-to-month,Yes,Credit card,78.24,1718.79,No
CUST103322,Female,1,Yes,No,39,Yes,No,DSL,No,No,No,No,Yes,No,Month-to-month,No,Electronic check,54.86,2105.24,No
CUST103323,Male,0,Yes,No,23,Yes,Yes,DSL,No,No,No,Yes,Yes,No,Month-to-month,No,Mailed check,63.37,1357.78,No
CUST103324,Male,0,Yes,No,57,Yes,Yes,Fiber optic,No,Yes,No,No,No,No,One year,Yes,Mailed check,83.0,4629.18,No
CUST103325,Female,0,Yes,No,65,Yes,No,Fiber optic,No,No,No,No,Yes,Yes,Month-to-month,Yes,Mailed check,76.91,4959.14,No
CUST103326,Male,0,No,No,21,Yes,Yes,DSL,No,No,Yes,No,No,No,Month-to-month,Yes,Electronic check,59.64,1199.1,Yes
CUST103327,Female,0,No,No,56,Yes,No,No,No internet service,No internet service,No internet service,No internet service,No internet service,No internet service,Two year,No,Electronic check,28.42,1564.97,No
CUST103328,Female,0,No,No,8,Yes,No,No,No internet service,No internet service,No internet service,No internet service,No internet service,No internet service,Month-to-month,Yes,Credit card,37.64,410.69,Yes
CUST103329,Female,0,No,No,58,Yes,Yes,No,No internet service,No internet service,No internet service,No internet service,No internet service,No internet service,Month-to-month,No,Credit card,26.83,1642.11,No
CUST103330,Male,0,Yes,Yes,51,Yes,Yes,Fiber optic,Yes,No,No,No,Yes,No,Two year,Yes,Credit card,87.07,4474.19,No
CUST103331,Male,0,No,No,52,Yes,No,DSL,No,Yes,No,No,No,Yes,Month-to-month,No,Mailed check,59.83,3167.46,No
CUST103332,Male,0,Yes,No,36,Yes,No,DSL,No,No,No,No,No,Yes,Two year,No,Bank transfer,56.52,1955.21,No
CUST103333,Female,0,Yes,No,8,Yes,No,No,No internet service,No internet service,No internet service,No internet service,No internet service,No internet service,One year,No,Mailed check,27.51,271.57,No
CUST103334,Male,0,No,No,61,Yes,Yes,No,No internet service,No internet service,No internet service,No internet service,No internet service,No internet service,Month-to-month,Yes,Bank transfer,40.06,2365.35,Yes
CUST103335,Female,0,Yes,Yes,8,No,No phone service,Fiber optic,No,Yes,No,No,No,Yes,Month-to-month,No,Credit card,74.26,643.42,No
CUST103336,Female,0,Yes,No,35,Yes,Yes,Fiber optic,No,Yes,No,No,No,No,Month-to-month,No,Electronic check,82.54,3037.31,Yes
CUST103337,Male,1,Yes,Yes,13,Yes,Yes,Fiber optic,No,Yes,Yes,No,No,No,Two year,No,Credit card,80.07,1122.93,No
CUST103338,Female,0,No,No,61,Yes,Yes,Fiber optic,Yes,No,Yes,No,No,No,Month-to-month,No,Credit card,89.34,5523.16,No
CUST103339,Male,0,Yes,No,42,Yes,No,DSL,No,No,No,No,No,Yes,One year,Yes,Mailed check,59.07,2397.94,No
CUST103340,Male,0,No,No,37,Yes,No,Fiber optic,No,No,No,Yes,Yes,Yes,Two year,Yes,Credit card,85.04,3148.46,No
CUST103341,Male,0,No,No,23,Yes,No,Fiber optic,No,No,No,Yes,Yes,No,One year,Yes,Credit card,80.23,1870.91,No
CUST103342,Female,0,No,No,57,Yes,Yes,Fiber optic,No,Yes,No,No,No,No,Month-to-month,No,Electronic check,76.33,4437.94,No
CUST103343,Female,0,Yes,No,16,Yes,No,Fiber optic,No,No,No,No,No,No,One year,No,Electronic check,71.86,1095.85,No
CUST103344,Male,0,No,Yes,52,Yes,Yes,Fiber optic,No,No,Yes,Yes,Yes,Yes,One year,Yes,Bank transfer,100.35,5214.63,No
CUST103345,Male,0,Yes,No,70,No,No phone service,DSL,No,No,No,No,Yes,Yes,Month-to-month,Yes,Bank transfer,55.24,4001.0,No
CUST103346,Male,1,No,No,20,Yes,No,DSL,No,No,No,No,No,Yes,Two year,Yes,Electronic check,52.69,1063.03,No
CUST103347,Male,1,No,No,50,Yes,Yes,DSL,Yes,No,No,No,No,Yes,Month-to-month,No,Mailed check,64.61,3055.2,No
CUST103348,Female,0,Yes,Yes,23,Yes,No,DSL,No,No,No,Yes,No,Yes,Two year,Yes,Mailed check,57.75,1242.85,No
CUST103349,Female,0,No,No,67,Yes,No,Fiber optic,No,Yes,No,Yes,No,No,Month-to-month,No,Mailed check,80.68,5357.29,Yes
CUST103350,Male,0,Yes,No,65,Yes,Yes,Fiber optic,No,No,Yes,Yes,No,No,Month-to-month,No,Electronic check,87.09,5584.93,No
CUST103351,Female,1,Yes,No,23,Yes,Yes,Fiber optic,Yes,Yes,Yes,No,No,No,One year,Yes,Electronic check,93.7,2181.11,No
CUST103352,Male,1,Yes,Yes,17,Yes,No,Fiber optic,Yes,No,No,Yes,No,Yes,Month-to-month,No,Credit card,92.71,1673.34,No
CUST103353,Female,0,No,No,6,Yes,No,Fiber optic,No,Yes,No,Yes,No,Yes,Month-to-month,No,Electronic check,90.9,657.31,No
CUST103354,Male,0,No,No,51,No,No phone service,Fiber optic,Yes,No,Yes,No,Yes,No,Month-to-month,No,Bank transfer,86.02,4504.56,No
CUST103355,Male,0,No,No,67,Yes,Yes,DSL,No,No,No,No,No,No,Two year,Yes,Bank transfer,48.32,3196.12,No
CUST103356,Female,0,Yes,No,11,Yes,Yes,Fiber optic,No,Yes,Yes,No,Yes,No,Month-to-month,No,Credit card,90.97,988.77,No
CUST103357,Female,0,No,No,59,Yes,Yes,DSL,Yes,Yes,Yes,No,No,No,One year,Yes,Credit card,72.44,4272.54,No
CUST103358,Male,0,No,Yes,55,No,No phone service,DSL,No,Yes,Yes,No,No,Yes,One year,Yes,Credit card,50.95,3042.85,No
CUST103359,Female,0,No,No,34,Yes,Yes,Fiber optic,Yes,Yes,No,No,Yes,Yes,Month-to-month,Yes,Mailed check,107.48,3692.82,No
CUST103360,Male,0,Yes,No,17,Yes,Yes,No,No internet service,No internet service,No internet service,No internet service,No internet service,No internet service,Month-to-month,Yes,Electronic check,32.96,556.03,No
CUST103361,Male,0,Yes,No,48,Yes,No,DSL,No,No,Yes,Yes,No,No,Month-to-month,Yes,Electronic check,55.42,2594.46,No
CUST103362,Male,0,No,No,43,Yes,No,Fiber optic,No,No,Yes,No,No,Yes,Two year,No,Mailed check,80.51,3565.25,No
CUST103363,Female,0,Yes,No,59,Yes,Yes,DSL,No,No,No,Yes,No,Yes,One year,Yes,Electronic check,65.05,3744.72,No
CUST103364,Male,0,Yes,No,41,Yes,Yes,DSL,No,Yes,Yes,No,No,No,Two year,No,Electronic check,69.63,2881.93,No
CUST103365,Female,0,No,No,4,Yes,No,No,No internet service,No internet service,No internet service,No internet service,No internet service,No internet service,One year,No,Electronic check,33.27,133.47,No
CUST103366,Male,0,Yes,Yes,15,Yes,Yes,Fiber optic,Yes,No,Yes,Yes,No,No,Two year,Yes,Mailed check,99.83,1476.94,No
CUST103367,Male,0,Yes,No,28,Yes,Yes,Fiber optic,Yes,No,No,Yes,No,Yes,Two year,Yes,Bank transfer,103.13,3046.96,No
CUST103368,Female,0,Yes,Yes,36,Yes,Yes,No,No internet service,No internet service,No internet service,No internet service,No internet service,No internet service,Month-to-month,Yes,Credit card,33.17,1244.37,No
CUST103369,Female,0,No,No,26,Yes,Yes,Fiber optic,Yes,No,No,No,Yes,No,Two year,No,Mailed check,84.95,2297.34,No
CUST103370,Female,0,No,No,64,Yes,No,DSL,No,Yes,Yes,No,No,Yes,Month-to-month,No,Electronic check,63.66,3986.08,No
CUST103371,Male,0,Yes,Yes,21,Yes,Yes,Fiber optic,No,Yes,No,No,No,Yes,Month-to-month,No,Mailed check,90.3,1985.23,No
CUST103372,Female,0,Yes,No,49,Yes,No,Fiber optic,No,No,Yes,No,Yes,Yes,Month-to-month,No,Mailed check,83.11,4189.63,No
CUST103373,Female,0,No,Yes,27,Yes,Yes,Fiber optic,No,Yes,Yes,No,Yes,Yes,Month-to-month,Yes,Credit card,104.18,2839.9,No
CUST103374,Male,0,Yes,No,72,Yes,No,Fiber optic,Yes,No,No,No,No,Yes,Month-to-month,Yes,Mailed check,77.84,5573.7,No
CUST103375,Male,0,No,No,66,Yes,No,Fiber optic,No,No,No,Yes,No,Yes,Month-to-month,Yes,Electronic check,80.36,5243.53,No
CUST103376,Male,0,No,No,57,Yes,No,DSL,No,Yes,No,No,Yes,No,Month-to-month,Yes,Bank transfer,60.97,3481.54,No
CUST103377,Male,0,Yes,No,56,Yes,Yes,Fiber optic,Yes,No,No,Yes,Yes,No,Two year,No,Mailed check,95.9,5359.12,No
CUST103378,Male,0,Yes,No,47,Yes,No,DSL,No,Yes,No,No,No,Yes,Month-to-month,No,Mailed check,58.3,2696.5,No
CUST103379,Male,0,Yes,No,43,Yes,No,DSL,Yes,Yes,No,No,Yes,Yes,Month-to-month,No,Electronic check,70.97,3094.15,No
CUST103380,Female,0,No,No,41,Yes,Yes,Fiber optic,No,No,No,No,No,No,One year,Yes,Mailed check,79.63,3285.37,No
CUST103381,Male,0,Yes,Yes,2,Yes,Yes,Fiber optic,No,No,Yes,No,No,Yes,One year,Yes,Electronic check,86.59,147.0,No
CUST103382,Male,0,No,No,68,Yes,Yes,No,No internet service,No internet service,No internet service,No internet service,No internet service,No internet service,Two year,No,Bank transfer,36.31,2444.26,No
CUST103383,Male,0,No,Yes,71,Yes,No,Fiber optic,No,No,Yes,Yes,No,No,Month-to-month,Yes,Electronic check,79.98,5545.99,No
CUST103384,Male,1,No,No,38,Yes,Yes,Fiber optic,Yes,No,No,No,No,No,Month-to-month,Yes,Electronic check,82.55,3127.54,Yes
CUST103385,Male,0,No,No,63,Yes,Yes,DSL,Yes,Yes,No,No,No,No,Two year,Yes,Bank transfer,67.63,4165.01,No
CUST103386,Female,0,Yes,No,29,Yes,No,Fiber optic,No,Yes,Yes,Yes,No,Yes,Month-to-month,Yes,Bank transfer,93.15,2673.99,No
CUST103387,Male,0,No,No,9,Yes,Yes,DSL,No,Yes,No,Yes,Yes,No,One year,Yes,Electronic check,75.7,708.81,Yes
CUST103388,Male,0,No,Yes,61,Yes,Yes,Fiber optic,No,Yes,No,No,Yes,Yes,Month-to-month,Yes,Credit card,94.02,5590.43,Yes
CUST103389,Female,1,Yes,No,37,Yes,No,Fiber optic,No,Yes,No,No,Yes,No,Month-to-month,Yes,Bank transfer,81.63,3000.41,Yes
CUST103390,Male,0,Yes,Yes,68,Yes,Yes,DSL,No,No,Yes,No,No,Yes,Two year,Yes,Credit card,58.91,4036.58,No
CUST103391,Female,1,Yes,No,16,Yes,No,No,No internet service,No internet service,No internet service,No internet service,No internet service,No internet service,Month-to-month,Yes,Electronic check,24.15,266.06,Yes
CUST103392,Male,0,Yes,No,35,Yes,Yes,Fiber optic,No,Yes,Yes,Yes,Yes,No,Month-to-month,No,Mailed check,97.5,3365.65,No
CUST103393,Male,0,No,No,49,Yes,No,Fiber optic,No,No,Yes,Yes,Yes,Yes,One year,Yes,Mailed check,95.9,4594.21,No
CUST103394,Female,1,Yes,No,10,Yes,No,Fiber optic,No,No,No,No,No,No,Month-to-month,Yes,Mailed check,68.0,751.5,Yes
CUST103395,Female,0,No,No,72,Yes,Yes,Fiber optic,Yes,Yes,Yes,No,Yes,Yes,Month-to-month,No,Electronic check,101.64,7269.11,No
CUST103396,Male,0,No,No,44,Yes,No,Fiber optic,No,Yes,No,No,No,No,Month-to-month,No,Electronic check,76.38,3307.85,No
CUST103397,Female,0,Yes,Yes,13,Yes,No,DSL,No,No,Yes,No,Yes,No,Month-to-month,Yes,Credit card,51.34,737.11,No
CUST103398,Male,1,No,Yes,54,Yes,Yes,No,No internet service,No internet service,No internet service,No internet service,No internet service,No internet service,One year,Yes,Credit card,28.48,1518.65,No
CUST103399,Female,0,Yes,Yes,64,Yes,No,Fiber optic,Yes,Yes,No,Yes,Yes,No,Month-to-month,No,Electronic check,88.72,5823.9,No
CUST103400,Male,0,Yes,No,27,Yes,No,Fiber optic,No,No,No,No,No,No,Month-to-month,Yes,Electronic check,71.58,1976.18,Yes
CUST103401,Male,0,Yes,Yes,44,Yes,Yes,Fiber optic,No,No,Yes,No,Yes,Yes,Month-to-month,Yes,Electronic check,92.51,4107.72,No
CUST103402,Male,0,Yes,No,54,Yes,No,DSL,No,No,Yes,No,No,No,Two year,Yes,Bank transfer,51.39,2814.96,No
CUST103403,Female,0,Yes,No,11,Yes,No,Fiber optic,Yes,Yes,Yes,No,No,No,Month-to-month,No,Electronic check,88.0,1072.64,Yes
CUST103404,Male,0,Yes,No,39,Yes,No,Fiber optic,No,No,Yes,No,No,No,Two year,Yes,Bank transfer,76.89,2750.7,No
CUST103405,Female,0,Yes,No,41,Yes,No,No,No internet service,No internet service,No internet service,No internet service,No internet service,No internet service,Month-to-month,No,Electronic check,34.91,1486.98,No
CUST103406,Female,1,Yes,Yes,22,Yes,Yes,DSL,No,Yes,No,No,No,No,Month-to-month,No,Bank transfer,58.65,1225.14,No
CUST103407,Female,0,No,No,22,Yes,No,Fiber optic,No,Yes,No,No,No,No,One year,Yes,Credit card,80.7,1680.82,No
CUST103408,Male,0,Yes,Yes,46,Yes,Yes,No,No internet service,No internet service,No internet service,No internet service,No internet service,No internet service,Month-to-month,No,Electronic check,37.5,1713.88,No
CUST103409,Male,0,No,No,55,Yes,No,No,No internet service,No internet service,No internet service,No internet service,No internet service,No internet service,One year,Yes,Credit card,26.43,1446.9,No
CUST103410,Female,0,No,No,29,Yes,No,Fiber optic,No,Yes,Yes,Yes,Yes,No,Two year,No,Credit card,88.16,2416.6,No
CUST103411,Female,1,No,No,11,Yes,Yes,Fiber optic,Yes,Yes,No,Yes,No,No,Two year,Yes,Mailed check,92.65,924.13,No
CUST103412,Male,0,No,No,57,Yes,No,Fiber optic,No,No,No,No,Yes,Yes,Month-to-month,Yes,Electronic check,78.81,4379.15,No
CUST103413,Female,0,No,Yes,13,Yes,No,DSL,No,Yes,Yes,No,Yes,Yes,One year,No,Mailed check,69.13,831.44,No
CUST103414,Female,0,No,No,1,Yes,No,Fiber optic,No,No,Yes,No,No,Yes,Month-to-month,No,Electronic check,81.42,121.81,Yes
CUST103415,Male,0,No,No,24,Yes,No,Fiber optic,Yes,No,Yes,No,No,Yes,One year,Yes,Credit card,91.72,2170.87,No
CUST103416,Female,0,No,Yes,59,Yes,No,DSL,No,Yes,No,Yes,No,No,Month-to-month,No,Mailed check,53.16,3159.44,No
CUST103417,Male,0,Yes,No,55,Yes,Yes,Fiber optic,No,Yes,Yes,No,No,No,Month-to-month,Yes,Credit card,88.77,4819.01,Yes
CUST103418,Male,0,No,Yes,23,Yes,Yes,DSL,No,No,Yes,No,No,Yes,Month-to-month,Yes,Bank transfer,61.11,1514.66,No
CUST103419,Female,1,No,Yes,38,Yes,Yes,Fiber optic,No,No,Yes,No,No,No,Month-to-month,Yes,Electronic check,85.47,3211.36,No
CUST103420,Female,0,Yes,No,70,Yes,No,Fiber optic,No,No,No,No,No,No,One year,No,Mailed check,76.06,5395.83,No
CUST103421,Male,0,No,Yes,52,Yes,No,No,No internet service,No internet service,No internet service,No internet service,No internet service,No internet service,Month-to-month,Yes,Credit card,24.68,1288.41,No
CUST103422,Male,0,No,No,55,Yes,Yes,DSL,No,No,Yes,No,No,Yes,Month-to-month,Yes,Mailed check,65.58,3544.72,No
CUST103423,Male,0,No,Yes,7,Yes,Yes,DSL,No,No,Yes,No,No,Yes,One year,Yes,Mailed check,75.36,700.92,No
CUST103424,Female,0,Yes,No,18,No,No phone service,Fiber optic,No,No,No,No,Yes,Yes,Month-to-month,No,Credit card,73.05,1413.79,Yes
CUST103425,Male,0,Yes,No,8,Yes,No,Fiber optic,Yes,No,No,Yes,Yes,Yes,Two year,Yes,Electronic check,88.18,688.32,No
CUST103426,Male,0,Yes,No,71,Yes,Yes,DSL,Yes,Yes,No,No,No,No,Month-to-month,Yes,Credit card,63.9,4610.59,No
CUST103427,Female,0,No,No,25,Yes,No,Fiber optic,No,No,Yes,No,No,Yes,Month-to-month,No,Electronic check,77.74,1942.25,Yes
CUST103428,Male,0,No,No,36,Yes,No,No,No internet service,No internet service,No internet service,No internet service,No internet service,No internet service,Month-to-month,No,Credit card,29.49,1039.85,Yes
CUST103429,Male,1,No,No,40,Yes,No,Fiber optic,No,No,Yes,No,No,No,Month-to-month,Yes,Bank transfer,78.48,3083.06,No
CUST103430,Female,0,Yes,Yes,38,Yes,No,DSL,Yes,No,No,No,No,Yes,Month-to-month,No,Electronic check,53.91,2047.69,No
CUST103431,Female,1,Yes,No,4,Yes,Yes,DSL,No,No,No,No,Yes,No,One year,Yes,Electronic check,54.12,241.52,No
CUST103432,Male,0,No,No,66,No,No phone service,Fiber optic,No,No,Yes,Yes,Yes,Yes,Month-to-month,Yes,Electronic check,90.1,5963.75,No
CUST103433,Female,0,No,Yes,28,Yes,Yes,Fiber optic,Yes,Yes,No,No,No,No,Two year,Yes,Bank transfer,93.94,2676.78,No
CUST103434,Female,0,Yes,No,67,Yes,No,No,No internet service,No internet service,No internet service,No internet service,No internet service,No internet service,Month-to-month,No,Mailed check,26.78,1792.4,No
CUST103435,Female,0,Yes,No,56,Yes,Yes,DSL,Yes,No,Yes,No,No,No,One year,No,Electronic check,68.54,3734.02,No
CUST103436,Male,0,Yes,Yes,51,Yes,Yes,Fiber optic,No,No,No,Yes,No,No,Month-to-month,No,Bank transfer,89.06,4574.05,No
CUST103437,Female,0,No,No,51,Yes,Yes,No,No internet service,No internet service,No internet service,No internet service,No internet service,No internet service,Month-to-month,No,Credit card,37.85,1871.66,No
CUST103438,Male,0,No,No,71,No,No phone service,DSL,Yes,Yes,No,No,No,Yes,Month-to-month,No,Electronic check,55.56,3810.74,No
CUST103439,Male,0,Yes,No,22,Yes,Yes,No,No internet service,No internet service,No internet service,No internet service,No internet service,No internet service,Month-to-month,No,Bank transfer,37.72,809.12,No
CUST103440,Male,0,No,Yes,24,Yes,Yes,Fiber optic,Yes,Yes,No,No,No,Yes,One year,Yes,Credit card,97.48,2294.77,No
CUST103441,Male,0,No,No,49,Yes,Yes,Fiber optic,No,Yes,Yes,Yes,No,No,Month-to-month,No,Mailed check,83.02,3997.6,No
CUST103442,Female,0,No,No,17,Yes,No,Fiber optic,Yes,No,Yes,Yes,No,No,Month-to-month,Yes,Credit card,84.53,1329.42,No
CUST103443,Female,0,Yes,Yes,58,Yes,Yes,No,No internet service,No internet service,No internet service,No internet service,No internet service,No internet service,Two year,Yes,Bank transfer,29.76,1745.22,No
CUST103444,Female,0,Yes,No,3,Yes,No,No,No internet service,No internet service,No internet service,No internet service,No internet service,No internet service,Month-to-month,Yes,Bank transfer,24.39,18.0,No
CUST103445,Male,0,No,Yes,65,Yes,No,DSL,No,No,No,No,Yes,Yes,Month-to-month,No,Credit card,61.28,3904.67,No
CUST103446,Male,0,No,Yes,25,Yes,No,Fiber optic,Yes,No,No,No,No,No,Month-to-month,No,Electronic check,74.62,1893.43,Yes
CUST103447,Female,0,No,Yes,1,Yes,Yes,DSL,No,Yes,No,No,No,Yes,Month-to-month,Yes,Mailed check,65.13,44.75,Yes
CUST103448,Male,0,No,Yes,44,No,No phone service,DSL,Yes,No,No,Yes,No,No,Month-to-month,No,Bank transfer,47.48,2113.84,No
CUST103449,Male,0,Yes,Yes,20,Yes,Yes,Fiber optic,Yes,No,No,Yes,No,Yes,One year,No,Electronic check,93.25,1848.21,No
CUST103450,Female,0,Yes,No,22,Yes,Yes,Fiber optic,No,Yes,No,No,Yes,No,One year,No,Mailed check,88.95,1980.88,No
CUST103451,Female,0,Yes,No,35,Yes,Yes,Fiber optic,No,No,No,No,No,No,One year,No,Bank transfer,83.25,2792.35,No
CUST103452,Female,0,No,Yes,42,Yes,No,DSL,No,No,Yes,No,No,No,Month-to-month,Yes,Electronic check,53.59,2362.18,No
CUST103453,Female,0,Yes,No,10,Yes,Yes,DSL,No,No,No,Yes,Yes,Yes,Month-to-month,Yes,Mailed check,68.25,539.76,No
CUST103454,Female,0,No,Yes,4,No,No phone service,DSL,No,Yes,No,No,Yes,No,One year,Yes,Electronic check,48.23,256.43,No
CUST103455,Male,0,No,No,34,Yes,Yes,DSL,No,No,No,Yes,No,No,Month-to-month,Yes,Electronic check,60.74,2051.05,No
CUST103456,Male,0,No,No,26,Yes,No,DSL,Yes,Yes,Yes,No,No,Yes,Month-to-month,Yes,Mailed check,66.92,1909.66,Yes
CUST103457,Male,0,No,No,42,Yes,Yes,No,No internet service,No internet service,No internet service,No internet service,No internet service,No internet service,Month-to-month,Yes,Electronic check,37.05,1555.92,No
CUST103458,Female,0,No,No,54,Yes,No,DSL,No,Yes,Yes,Yes,No,Yes,One year,No,Mailed check,67.91,3717.19,No
CUST103459,Male,0,Yes,Yes,45,Yes,Yes,No,No internet service,No internet service,No internet service,No internet service,No internet service,No internet service,Month-to-month,Yes,Electronic check,35.84,1443.18,No
CUST103460,Female,0,No,Yes,8,Yes,Yes,DSL,No,No,No,No,No,Yes,Two year,No,Credit card,65.1,616.48,No
CUST103461,Female,0,Yes,No,72,Yes,No,Fiber optic,No,Yes,No,No,Yes,No,Month-to-month,Yes,Credit card,83.61,6053.62,No
CUST103462,Male,0,Yes,No,52,Yes,Yes,DSL,No,Yes,Yes,No,No,No,Two year,Yes,Electronic check,70.74,3532.08,No
CUST103463,Male,0,No,No,4,Yes,Yes,DSL,Yes,Yes,Yes,Yes,Yes,Yes,Month-to-month,No,Electronic check,84.36,280.35,No
CUST103464,Female,0,No,No,55,No,No phone service,Fiber optic,No,No,No,No,Yes,Yes,One year,No,Electronic check,72.34,3950.46,Yes
CUST103465,Female,0,No,No,64,Yes,No,DSL,No,No,No,No,No,No,Month-to-month,No,Electronic check,47.59,3129.76,No
CUST103466,Male,0,Yes,No,41,Yes,Yes,Fiber optic,No,No,No,No,No,No,Two year,No,Bank transfer,76.14,3096.62,No
CUST103467,Male,0,Yes,No,60,Yes,No,Fiber optic,No,Yes,Yes,No,No,No,Month-to-month,No,Bank transfer,80.53,4725.43,No
CUST103468,Female,0,No,Yes,64,Yes,Yes,Fiber optic,No,No,No,No,No,No,Two year,Yes,Mailed check,78.44,4980.49,No
CUST103469,Male,0,No,Yes,70,Yes,No,Fiber optic,No,No,No,No,No,Yes,One year,Yes,Credit card,71.84,5069.45,No
CUST103470,Male,0,Yes,No,69,Yes,No,DSL,No,Yes,No,No,Yes,No,One year,No,Credit card,49.29,3389.16,No
CUST103471,Female,0,No,Yes,14,Yes,No,DSL,No,Yes,No,No,No,No,Month-to-month,Yes,Mailed check,53.88,804.03,No
CUST103472,Male,0,No,No,3,Yes,Yes,Fiber optic,No,No,No,No,Yes,Yes,Month-to-month,Yes,Bank transfer,85.26,57.69,Yes
CUST103473,Male,0,No,No,47,Yes,Yes,No,No internet service,No internet service,No internet service,No internet service,No internet service,No internet service,Two year,No,Mailed check,32.96,1692.28,No
CUST103474,Male,1,Yes,No,49,Yes,No,DSL,No,No,Yes,Yes,No,No,Two year,Yes,Bank transfer,55.31,2704.97,No
CUST103475,Female,1,No,No,41,Yes,No,DSL,No,Yes,Yes,No,No,No,Month-to-month,No,Electronic check,55.67,2305.23,No
CUST103476,Female,0,Yes,No,18,Yes,No,Fiber optic,No,Yes,No,Yes,Yes,No,Month-to-month,Yes,Electronic check,90.13,1688.76,No
CUST103477,Male,0,Yes,No,69,Yes,Yes,No,No internet service,No internet service,No internet service,No internet service,No internet service,No internet service,Month-to-month,Yes,Electronic check,37.66,2697.02,No
CUST103478,Male,0,Yes,No,30,Yes,Yes,DSL,Yes,No,No,No,No,Yes,Month-to-month,Yes,Electronic check,65.95,2068.02,No
CUST103479,Female,0,No,Yes,54,No,No phone service,Fiber optic,No,Yes,No,No,Yes,No,Month-to-month,Yes,Mailed check,76.28,4053.31,No
CUST103480,Male,0,No,No,45,No,No phone service,Fiber optic,Yes,Yes,Yes,No,Yes,No,Two year,Yes,Bank transfer,79.89,3458.91,No
CUST103481,Male,0,Yes,Yes,65,Yes,No,DSL,Yes,Yes,Yes,No,Yes,No,Month-to-month,No,Mailed check,65.0,4263.0,No
CUST103482,Female,0,Yes,Yes,52,Yes,No,Fiber optic,No,Yes,Yes,No,Yes,No,Two year,Yes,Credit card,101.39,5365.91,No
CUST103483,Male,0,Yes,No,46,Yes,No,Fiber optic,No,Yes,Yes,No,Yes,Yes,Two year,Yes,Electronic check,94.61,4390.44,No
CUST103484,Female,0,Yes,Yes,61,Yes,Yes,DSL,No,No,No,No,Yes,No,Month-to-month,Yes,Credit card,63.52,3706.18,No
CUST103485,Female,0,No,Yes,4,Yes,Yes,DSL,No,No,No,No,No,No,Month-to-month,Yes,Electronic check,48.41,356.37,No
CUST103486,Female,0,Yes,Yes,51,Yes,No,DSL,No,Yes,No,No,Yes,Yes,Month-to-month,Yes,Electronic check,67.94,3421.83,No
CUST103487,Female,0,Yes,No,43,Yes,No,DSL,Yes,No,No,No,Yes,No,Month-to-month,Yes,Electronic check,56.98,2517.66,No
CUST103488,Male,0,No,No,56,Yes,Yes,Fiber optic,Yes,No,No,No,No,No,One year,No,Electronic check,79.87,4319.17,No
CUST103489,Female,1,Yes,Yes,17,No,No phone service,Fiber optic,No,No,No,No,Yes,No,One year,No,Electronic check,76.03,1403.42,No
CUST103490,Male,0,No,No,44,Yes,Yes,No,No internet service,No internet service,No internet service,No internet service,No internet service,No internet service,Month-to-month,Yes,Bank transfer,41.17,1890.47,No
CUST103491,Female,0,No,Yes,21,Yes,No,Fiber optic,No,Yes,No,No,No,Yes,Two year,Yes,Electronic check,81.89,1684.3,No
CUST103492,Male,0,No,No,9,Yes,Yes,Fiber optic,No,No,No,No,No,No,Month-to-month,Yes,Electronic check,77.99,804.11,No
CUST103493,Female,1,No,Yes,42,Yes,No,DSL,Yes,Yes,No,Yes,No,No,Month-to-month,No,Electronic check,59.49,2512.42,No
CUST103494,Male,1,Yes,No,2,Yes,No,Fiber optic,No,No,No,No,Yes,No,Two year,Yes,Bank transfer,72.44,211.1,No
CUST103495,Male,0,No,No,7,Yes,Yes,DSL,No,No,No,No,No,No,Month-to-month,Yes,Mailed check,53.38,363.75,Yes
CUST103496,Male,0,No,No,39,Yes,Yes,DSL,No,No,No,No,No,Yes,Month-to-month,No,Electronic check,60.99,2321.23,No
CUST103497,Female,0,Yes,No,65,Yes,No,Fiber optic,No,Yes,No,No,Yes,Yes,Month-to-month,Yes,Electronic check,93.21,6203.14,No
CUST103498,Female,0,No,No,52,Yes,Yes,Fiber optic,Yes,No,No,Yes,No,Yes,Month-to-month,Yes,Bank transfer,96.39,5049.76,No
CUST103499,Female,1,No,No,2,Yes,No,DSL,Yes,No,Yes,No,No,No,Month-to-month,Yes,Bank transfer,52.06,18.0,Yes
CUST103500,Female,0,No,No,8,Yes,No,Fiber optic,Yes,No,Yes,Yes,Yes,Yes,One year,Yes,Mailed check,90.84,738.36,No
CUST103501,Female,0,No,No,32,Yes,Yes,DSL,No,No,No,No,Yes,No,Month-to-month,Yes,Mailed check,58.76,1935.97,No
CUST103502,Male,0,Yes,No,31,No,No phone service,Fiber optic,Yes,No,Yes,No,Yes,Yes,Month-to-month,Yes,Electronic check,80.89,2596.26,No
CUST103503,Female,0,No,Yes,3,Yes,No,Fiber optic,No,Yes,No,No,Yes,No,Month-to-month,Yes,Mailed check,81.62,415.96,Yes
CUST103504,Female,0,No,Yes,19,Yes,Yes,Fiber optic,No,No,Yes,Yes,Yes,Yes,Month-to-month,Yes,Bank transfer,102.83,2003.43,Yes
CUST103505,Female,0,No,Yes,10,Yes,Yes,DSL,No,Yes,No,No,Yes,No,Two year,Yes,Bank transfer,66.35,604.99,No
CUST103506,Male,0,Yes,No,41,Yes,No,Fiber optic,Yes,No,Yes,No,No,Yes,One year,No,Mailed check,85.26,3478.18,No
CUST103507,Male,0,No,No,48,Yes,No,DSL,No,Yes,No,No,No,No,One year,Yes,Bank transfer,52.69,2633.45,No
CUST103508,Male,1,No,Yes,29,Yes,No,Fiber optic,No,No,No,No,No,Yes,Month-to-month,No,Mailed check,82.66,2341.33,No
CUST103509,Female,0,Yes,No,42,Yes,Yes,No,No internet service,No internet service,No internet service,No internet service,No internet service,No internet service,Month-to-month,No,Bank transfer,36.68,1557.0,No
CUST103510,Female,1,No,No,15,No,No phone service,DSL,No,Yes,Yes,No,Yes,No,Two year,No,Bank transfer,56.54,809.49,No
CUST103511,Male,0,No,No,62,No,No phone service,Fiber optic,No,No,No,No,No,No,Two year,No,Bank transfer,59.92,3689.82,No
CUST103512,Male,0,No,No,1,Yes,Yes,DSL,No,No,Yes,No,Yes,Yes,One year,No,Electronic check,72.74,54.37,Yes
CUST103513,Female,0,No,No,37,Yes,Yes,Fiber optic,No,No,Yes,No,Yes,No,Month-to-month,No,Electronic check,95.2,3540.6,No
CUST103514,Female,0,Yes,Yes,24,Yes,No,Fiber optic,No,No,Yes,No,No,No,Month-to-month,Yes,Electronic check,74.86,1785.58,No
CUST103515,Female,0,No,No,33,Yes,Yes,Fiber optic,No,Yes,No,Yes,No,No,Month-to-month,Yes,Mailed check,85.82,2702.96,Yes
CUST103516,Male,0,No,Yes,38,Yes,Yes,Fiber optic,No,Yes,Yes,Yes,No,No,Month-to-month,Yes,Mailed check,96.99,3783.85,No
CUST103517,Female,0,Yes,Yes,47,Yes,Yes,No,No internet service,No internet service,No internet service,No internet service,No internet service,No internet service,Month-to-month,Yes,Bank transfer,34.49,1709.85,No
CUST103518,Male,0,Yes,No,67,Yes,Yes,No,No internet service,No internet service,No internet service,No internet service,No internet service,No internet service,Month-to-month,Yes,Mailed check,37.53,2531.15,No
CUST103519,Male,0,Yes,No,41,No,No phone service,No,No internet service,No internet service,No internet service,No internet service,No internet service,No internet service,Month-to-month,No,Bank transfer,21.01,961.69,No
CUST103520,Male,1,No,No,17,Yes,Yes,DSL,No,Yes,Yes,Yes,No,No,One year,No,Bank transfer,70.25,1253.65,No
CUST103521,Male,1,Yes,Yes,38,Yes,No,No,No internet service,No internet service,No internet service,No internet service,No internet service,No internet service,One year,Yes,Electronic check,31.53,1261.89,No
CUST103522,Female,1,No,No,37,No,No phone service,DSL,No,Yes,Yes,Yes,No,Yes,Month-to-month,Yes,Electronic check,65.29,2441.84,No
CUST103523,Male,0,No,No,63,Yes,Yes,DSL,Yes,No,Yes,Yes,No,Yes,Month-to-month,No,Electronic check,79.43,5064.82,No
CUST103524,Female,1,No,No,41,Yes,No,Fiber optic,Yes,No,No,No,Yes,Yes,Month-to-month,Yes,Bank transfer,95.02,3813.72,No
CUST103525,Female,0,Yes,No,63,No,No phone service,DSL,Yes,No,No,Yes,Yes,Yes,Two year,Yes,Electronic check,61.19,3829.04,No
CUST103526,Female,1,No,No,47,No,No phone service,Fiber optic,No,No,No,Yes,No,No,Month-to-month,No,Electronic check,62.38,2815.35,No
CUST103527,Female,0,Yes,No,42,Yes,No,DSL,No,No,No,No,Yes,No,Two year,No,Electronic check,52.57,2113.26,No
CUST103528,Female,0,No,No,24,Yes,No,Fiber optic,No,No,No,No,No,Yes,Month-to-month,Yes,Bank transfer,88.7,2229.0,No
CUST103529,Female,1,Yes,No,19,Yes,No,DSL,No,Yes,Yes,No,No,No,One year,No,Credit card,55.83,1094.52,No
CUST103530,Female,0,No,No,8,Yes,No,DSL,No,Yes,No,No,Yes,No,Month-to-month,Yes,Credit card,50.75,366.52,No
CUST103531,Female,0,Yes,No,40,Yes,No,No,No internet service,No internet service,No internet service,No internet service,No internet service,No internet service,One year,No,Electronic check,38.86,1477.34,No
CUST103532,Female,0,Yes,No,67,Yes,No,Fiber optic,No,No,No,No,No,Yes,Two year,Yes,Mailed check,78.02,5117.01,No
CUST103533,Female,0,No,Yes,1,Yes,No,DSL,No,No,No,Yes,Yes,No,Month-to-month,Yes,Electronic check,54.89,18.0,No
CUST103534,Male,0,No,No,69,Yes,No,Fiber optic,No,No,No,No,No,No,One year,Yes,Credit card,65.57,4474.61,No
CUST103535,Female,1,No,Yes,62,Yes,Yes,No,No internet service,No internet service,No internet service,No internet service,No internet service,No internet service,Two year,Yes,Mailed check,35.83,1994.28,No
CUST103536,Female,1,No,No,32,Yes,No,Fiber optic,No,No,No,No,No,Yes,One year,Yes,Electronic check,80.28,2641.21,No
CUST103537,Female,1,Yes,Yes,23,Yes,No,DSL,Yes,No,Yes,No,Yes,No,Month-to-month,Yes,Mailed check,65.98,1542.55,No
CUST103538,Female,0,Yes,No,42,Yes,Yes,No,No internet service,No internet service,No internet service,No internet service,No internet service,No internet service,Month-to-month,No,Mailed check,38.88,1666.4,No
CUST103539,Male,0,No,No,62,Yes,Yes,Fiber optic,No,No,No,Yes,Yes,Yes,Two year,No,Credit card,90.31,5650.05,No
CUST103540,Male,0,No,Yes,3,Yes,No,DSL,Yes,Yes,No,No,No,No,One year,Yes,Electronic check,51.57,152.04,No
CUST103541,Male,0,No,No,33,Yes,No,DSL,Yes,No,Yes,Yes,No,No,Two year,Yes,Credit card,61.23,2037.84,No
CUST103542,Male,0,Yes,No,4,Yes,No,DSL,No,Yes,No,Yes,Yes,Yes,Month-to-month,Yes,Electronic check,74.81,295.73,Yes
CUST103543,Female,0,No,Yes,47,Yes,No,No,No internet service,No internet service,No internet service,No internet service,No internet service,No internet service,One year,Yes,Electronic check,26.54,1363.59,No
CUST103544,Male,1,Yes,Yes,6,Yes,Yes,No,No internet service,No internet service,No internet service,No internet service,No internet service,No internet service,One year,Yes,Bank transfer,26.11,84.17,No
CUST103545,Female,0,No,No,23,Yes,No,Fiber optic,No,Yes,No,No,No,Yes,Two year,Yes,Mailed check,85.67,2036.77,No
CUST103546,Male,0,No,No,54,Yes,No,Fiber optic,Yes,No,Yes,No,Yes,No,One year,No,Credit card,76.18,4027.33,No
CUST103547,Female,0,No,No,55,Yes,Yes,No,No internet service,No internet service,No internet service,No internet service,No internet service,No internet service,Month-to-month,No,Mailed check,33.26,1735.92,No
CUST103548,Male,0,Yes,No,17,No,No phone service,Fiber optic,No,Yes,Yes,No,No,No,One year,No,Mailed check,75.4,1163.6,No
CUST103549,Female,0,Yes,No,37,Yes,No,Fiber optic,No,Yes,No,Yes,No,No,One year,Yes,Electronic check,83.28,2926.88,No
CUST103550,Male,0,Yes,No,14,Yes,No,No,No internet service,No internet service,No internet service,No internet service,No internet service,No internet service,Month-to-month,No,Credit card,21.63,322.94,No
CUST103551,Female,0,Yes,No,43,Yes,No,DSL,No,No,No,No,Yes,No,Month-to-month,No,Bank transfer,56.87,2362.68,No
CUST103552,Male,0,Yes,No,1,Yes,No,DSL,Yes,Yes,No,Yes,No,Yes,Two year,No,Bank transfer,73.75,99.58,No
CUST103553,Male,1,No,No,59,Yes,No,Fiber optic,Yes,Yes,Yes,No,No,No,Month-to-month,Yes,Credit card,87.9,5316.76,No
CUST103554,Male,0,Yes,No,2,Yes,Yes,Fiber optic,No,No,No,Yes,No,No,Month-to-month,Yes,Electronic check,81.3,125.72,Yes
CUST103555,Female,0,Yes,No,44,No,No phone service,DSL,No,No,Yes,No,Yes,Yes,One year,Yes,Credit card,59.14,2631.34,No
CUST103556,Female,0,No,No,30,Yes,No,DSL,No,No,No,No,No,Yes,Two year,Yes,Mailed check,50.32,1592.05,No
CUST103557,Male,0,Yes,No,17,No,No phone service,Fiber optic,No,Yes,No,No,Yes,No,One year,No,Credit card,78.58,1358.96,No
CUST103558,Female,0,Yes,No,40,Yes,No,Fiber optic,Yes,No,No,No,No,Yes,Month-to-month,No,Bank transfer,88.35,3543.93,No
CUST103559,Female,0,No,No,11,Yes,Yes,No,No internet service,No internet service,No internet service,No internet service,No internet service,No internet service,Month-to-month,Yes,Mailed check,33.57,234.63,Yes
CUST103560,Female,1,Yes,No,42,Yes,No,No,No internet service,No internet service,No internet service,No internet service,No internet service,No internet service,Month-to-month,Yes,Bank transfer,31.39,1327.96,No
CUST103561,Female,0,Yes,No,47,No,No phone service,Fiber optic,Yes,No,Yes,Yes,Yes,No,Month-to-month,Yes,Bank transfer,88.34,4200.84,No
CUST103562,Female,0,No,Yes,33,Yes,No,Fiber optic,No,Yes,No,Yes,No,No,Two year,Yes,Electronic check,79.35,2763.38,No
CUST103563,Female,0,Yes,No,27,Yes,No,Fiber optic,No,No,No,No,No,No,Month-to-month,Yes,Bank transfer,61.1,1620.4,No
CUST103564,Male,0,Yes,No,34,Yes,No,DSL,No,No,No,No,No,Yes,Month-to-month,Yes,Mailed check,53.86,1929.03,No
CUST103565,Male,0,Yes,No,69,Yes,Yes,Fiber optic,No,Yes,No,No,Yes,Yes,Two year,Yes,Credit card,83.85,5736.01,No
CUST103566,Female,1,Yes,No,55,Yes,No,Fiber optic,No,No,Yes,Yes,Yes,No,Month-to-month,No,Credit card,93.72,5229.23,No
CUST103567,Female,0,No,Yes,1,Yes,No,No,No internet service,No internet service,No internet service,No internet service,No internet service,No internet service,Month-to-month,Yes,Electronic check,30.68,18.0,Yes
CUST103568,Female,0,Yes,No,21,Yes,Yes,No,No internet service,No internet service,No internet service,No internet service,No internet service,No internet service,Month-to-month,Yes,Electronic check,34.23,728.82,No
CUST103569,Male,0,Yes,Yes,2,Yes,No,DSL,No,Yes,No,No,No,Yes,Month-to-month,No,Electronic check,62.06,71.8,Yes
CUST103570,Female,0,Yes,Yes,18,Yes,Yes,No,No internet service,No internet service,No internet service,No internet service,No internet service,No internet service,Month-to-month,Yes,Bank transfer,30.53,550.17,No
CUST103571,Male,1,No,Yes,57,Yes,Yes,Fiber optic,No,No,Yes,Yes,No,No,Two year,Yes,Credit card,91.81,5233.56,No
CUST103572,Male,0,Yes,No,62,Yes,Yes,DSL,No,Yes,No,No,No,No,Two year,No,Bank transfer,59.14,3674.09,No
CUST103573,Male,0,No,No,33,Yes,No,Fiber optic,Yes,No,No,Yes,No,Yes,One year,Yes,Credit card,88.21,2847.38,No
CUST103574,Female,0,Yes,No,50,Yes,Yes,No,No internet service,No internet service,No internet service,No internet service,No internet service,No internet service,One year,Yes,Bank transfer,33.52,1672.2,No
CUST103575,Male,0,No,No,27,No,No phone service,Fiber optic,No,No,No,No,No,Yes,Month-to-month,No,Mailed check,67.97,1862.62,No
CUST103576,Male,0,Yes,No,35,Yes,Yes,Fiber optic,No,No,No,No,No,Yes,Two year,No,Credit card,86.39,2997.49,No
CUST103577,Male,0,Yes,Yes,60,Yes,No,Fiber optic,No,No,Yes,No,No,No,Month-to-month,Yes,Electronic check,71.48,4219.27,No
CUST103578,Male,0,No,No,20,Yes,No,Fiber optic,No,No,No,Yes,No,No,Month-to-month,Yes,Mailed check,70.09,1341.8,Yes
CUST103579,Male,0,Yes,Yes,23,Yes,Yes,Fiber optic,Yes,No,No,Yes,Yes,Yes,Month-to-month,Yes,Electronic check,105.38,2503.0,No
CUST103580,Female,1,No,Yes,10,Yes,Yes,Fiber optic,Yes,Yes,Yes,Yes,No,Yes,Month-to-month,Yes,Electronic check,106.16,1062.24,Yes
CUST103581,Male,0,No,Yes,16,No,No phone service,No,No internet service,No internet service,No internet service,No internet service,No internet service,No internet service,Month-to-month,Yes,Bank transfer,18.0,399.73,No
CUST103582,Male,0,No,No,3,Yes,Yes,Fiber optic,No,No,No,Yes,Yes,No,Month-to-month,Yes,Electronic check,89.45,248.94,Yes
CUST103583,Female,0,Yes,No,59,Yes,No,DSL,No,No,Yes,Yes,No,Yes,Month-to-month,Yes,Mailed check,63.2,3716.85,Yes
CUST103584,Female,0,No,No,62,Yes,No,Fiber optic,No,No,No,Yes,Yes,Yes,Month-to-month,No,Electronic check,86.14,5383.6,No
CUST103585,Male,0,Yes,No,31,Yes,Yes,Fiber optic,No,No,No,Yes,No,No,Month-to-month,Yes,Mailed check,82.89,2613.86,No
CUST103586,Female,0,No,No,43,Yes,Yes,Fiber optic,Yes,No,No,No,No,No,One year,No,Electronic check,81.89,3628.26,No
CUST103587,Female,0,No,No,18,Yes,No,Fiber optic,Yes,No,No,No,No,No,Month-to-month,Yes,Credit card,78.62,1242.09,Yes
CUST103588,Male,0,No,Yes,4,Yes,No,DSL,No,Yes,No,No,Yes,No,One year,Yes,Mailed check,59.68,276.76,No
CUST103589,Male,0,No,No,38,Yes,No,Fiber optic,No,No,No,No,Yes,Yes,Month-to-month,No,Credit card,81.85,3025.09,No
CUST103590,Male,0,No,Yes,12,Yes,No,No,No internet service,No internet service,No internet service,No internet service,No internet service,No internet service,Month-to-month,Yes,Mailed check,25.75,299.04,No
CUST103591,Female,0,No,Yes,62,No,No phone service,Fiber optic,No,No,No,No,No,No,One year,No,Electronic check,63.75,3863.56,No
CUST103592,Female,0,Yes,No,21,Yes,No,Fiber optic,No,No,Yes,No,No,Yes,One year,Yes,Bank transfer,74.82,1588.23,No
CUST103593,Male,0,No,Yes,54,Yes,Yes,Fiber optic,No,No,No,No,No,No,Month-to-month,Yes,Electronic check,72.5,3829.51,No
CUST103594,Male,0,Yes,Yes,19,No,No phone service,Fiber optic,No,Yes,No,No,No,Yes,Month-to-month,No,Mailed check,73.26,1239.66,No
CUST103595,Female,1,Yes,No,10,Yes,Yes,Fiber optic,No,No,No,Yes,No,No,Two year,Yes,Mailed check,81.47,721.88,No
CUST103596,Female,0,No,No,40,Yes,No,Fiber optic,No,No,Yes,No,Yes,No,Month-to-month,No,Bank transfer,85.96,3529.36,No
CUST103597,Female,0,Yes,No,14,Yes,No,Fiber optic,Yes,No,No,No,Yes,Yes,Month-to-month,Yes,Credit card,83.34,1220.03,No
CUST103598,Male,0,No,Yes,29,Yes,No,Fiber optic,No,Yes,Yes,Yes,Yes,Yes,Month-to-month,No,Electronic check,97.22,2920.58,No
CUST103599,Female,0,Yes,No,22,Yes,Yes,Fiber optic,No,No,No,No,No,No,Two year,Yes,Bank transfer,76.97,1536.23,No
CUST103600,Male,0,Yes,No,64,Yes,No,Fiber optic,No,Yes,Yes,Yes,No,Yes,Month-to-month,Yes,Mailed check,90.71,5947.54,No
CUST103601,Female,0,No,No,37,Yes,No,DSL,No,No,No,No,No,No,Two year,Yes,Bank transfer,43.01,1781.78,No
CUST103602,Male,0,Yes,No,52,Yes,Yes,Fiber optic,Yes,No,Yes,No,No,No,One year,No,Credit card,84.46,4307.99,No
CUST103603,Female,1,No,No,43,Yes,Yes,Fiber optic,Yes,No,Yes,No,Yes,No,One year,No,Mailed check,95.01,4115.19,No
CUST103604,Male,0,No,No,66,Yes,No,DSL,Yes,Yes,No,Yes,No,Yes,Month-to-month,Yes,Electronic check,66.91,4365.73,No
CUST103605,Male,0,No,No,32,Yes,Yes,DSL,No,No,No,No,Yes,No,One year,Yes,Credit card,58.49,1933.62,No
CUST103606,Female,1,Yes,Yes,63,Yes,Yes,Fiber optic,Yes,No,No,Yes,No,No,Month-to-month,Yes,Mailed check,82.29,5315.83,No
CUST103607,Female,1,No,Yes,65,Yes,No,Fiber optic,No,Yes,No,No,Yes,No,Month-to-month,No,Credit card,91.15,5846.09,No
CUST103608,Male,0,Yes,No,67,Yes,No,Fiber optic,No,Yes,No,No,No,No,Month-to-month,Yes,Mailed check,75.58,4958.46,No
CUST103609,Male,0,Yes,No,51,Yes,Yes,Fiber optic,Yes,No,No,Yes,No,No,One year,No,Credit card,93.31,4737.85,No
CUST103610,Male,0,Yes,No,71,Yes,No,No,No internet service,No internet service,No internet service,No internet service,No internet service,No internet service,One year,No,Electronic check,26.88,2199.27,No
CUST103611,Male,0,Yes,No,54,Yes,No,DSL,No,No,No,No,No,Yes,Two year,Yes,Bank transfer,53.49,2955.68,No
CUST103612,Male,0,Yes,No,23,Yes,No,Fiber optic,No,No,No,No,Yes,No,Month-to-month,Yes,Mailed check,79.03,1857.66,No
CUST103613,Male,0,Yes,No,12,Yes,No,Fiber optic,No,No,No,No,No,No,Two year,No,Bank transfer,69.52,916.41,No
CUST103614,Female,1,Yes,No,16,Yes,No,DSL,No,No,No,No,No,Yes,Two year,Yes,Credit card,53.48,949.04,No
CUST103615,Male,0,No,Yes,42,No,No phone service,No,No internet service,No internet service,No internet service,No internet service,No internet service,No internet service,Two year,Yes,Bank transfer,20.95,906.69,No
CUST103616,Female,0,Yes,No,12,Yes,Yes,No,No internet service,No internet service,No internet service,No internet service,No internet service,No internet service,One year,No,Bank transfer,34.14,405.45,No
CUST103617,Female,0,Yes,Yes,18,No,No phone service,DSL,No,No,Yes,Yes,Yes,Yes,Month-to-month,Yes,Electronic check,61.6,1062.54,No
CUST103618,Female,0,Yes,No,46,Yes,No,DSL,No,No,No,No,No,No,Two year,Yes,Electronic check,50.14,2323.97,No
CUST103619,Female,1,Yes,No,24,Yes,Yes,No,No internet service,No internet service,No internet service,No internet service,No internet service,No internet service,One year,Yes,Bank transfer,31.12,838.42,No
CUST103620,Female,0,No,No,50,Yes,Yes,DSL,Yes,Yes,Yes,Yes,Yes,Yes,One year,No,Mailed check,93.98,4785.74,No
CUST103621,Male,0,No,Yes,72,Yes,No,No,No internet service,No internet service,No internet service,No internet service,No internet service,No internet service,Month-to-month,No,Electronic check,30.34,2140.49,No
CUST103622,Female,0,No,No,7,Yes,Yes,DSL,No,Yes,No,No,No,No,Month-to-month,No,Bank transfer,56.85,388.82,No
CUST103623,Female,0,No,Yes,47,Yes,Yes,Fiber optic,No,No,No,No,Yes,No,Month-to-month,Yes,Bank transfer,87.64,4023.37,No
CUST103624,Female,0,Yes,Yes,60,Yes,No,DSL,No,Yes,Yes,Yes,Yes,No,Month-to-month,Yes,Electronic check,71.38,4368.8,No
CUST103625,Male,0,No,No,11,Yes,Yes,Fiber optic,No,Yes,Yes,Yes,Yes,No,Month-to-month,No,Electronic check,100.34,1145.22,Yes
CUST103626,Male,0,Yes,No,57,Yes,No,DSL,Yes,Yes,Yes,No,Yes,Yes,Two year,No,Mailed check,74.61,4230.83,No
CUST103627,Male,0,Yes,No,37,Yes,No,Fiber optic,Yes,No,Yes,Yes,Yes,No,Month-to-month,Yes,Bank transfer,85.53,3130.91,No
CUST103628,Female,0,Yes,No,46,No,No phone service,No,No internet service,No internet service,No internet service,No internet service,No internet service,No internet service,Month-to-month,Yes,Credit card,18.0,750.43,No
CUST103629,Male,0,Yes,No,4,Yes,Yes,DSL,No,No,No,No,No,No,Month-to-month,No,Mailed check,53.34,219.95,No
CUST103630,Male,0,No,No,32,Yes,Yes,Fiber optic,No,No,No,No,Yes,No,Month-to-month,No,Electronic check,86.01,2872.0,No
CUST103631,Female,0,Yes,Yes,27,Yes,No,DSL,No,No,No,Yes,Yes,Yes,Month-to-month,Yes,Credit card,65.35,1701.83,No
CUST103632,Male,0,Yes,No,12,Yes,No,Fiber optic,No,No,No,No,No,No,One year,No,Electronic check,71.73,750.7,No
CUST103633,Female,0,Yes,No,55,Yes,No,DSL,No,No,Yes,Yes,No,No,Two year,Yes,Bank transfer,55.09,3039.48,No
CUST103634,Male,0,No,Yes,37,Yes,Yes,Fiber optic,No,No,No,No,No,Yes,Month-to-month,No,Mailed check,86.64,3300.33,No
CUST103635,Male,0,No,No,64,Yes,Yes,Fiber optic,No,No,No,No,No,Yes,Month-to-month,No,Credit card,92.74,6012.16,No
CUST103636,Female,0,No,No,12,Yes,Yes,No,No internet service,No internet service,No internet service,No internet service,No internet service,No internet service,One year,No,Bank transfer,35.75,526.34,No
CUST103637,Male,1,No,No,53,Yes,No,No,No internet service,No internet service,No internet service,No internet service,No internet service,No internet service,Month-to-month,Yes,Electronic check,27.58,1420.45,No
CUST103638,Female,0,No,Yes,44,Yes,Yes,DSL,No,No,No,No,Yes,No,One year,Yes,Mailed check,60.06,2713.65,No
CUST103639,Female,0,Yes,Yes,47,Yes,Yes,DSL,Yes,No,No,No,Yes,Yes,One year,Yes,Electronic check,75.34,3570.81,No
CUST103640,Male,0,Yes,No,23,Yes,No,DSL,No,Yes,No,No,Yes,No,Two year,Yes,Electronic check,57.93,1311.38,No
CUST103641,Male,0,Yes,No,50,Yes,Yes,Fiber optic,No,No,Yes,No,Yes,No,Month-to-month,Yes,Mailed check,92.27,4615.83,No
CUST103642,Male,0,Yes,No,18,Yes,Yes,DSL,No,No,No,No,Yes,No,Two year,No,Mailed check,63.77,1213.48,No
CUST103643,Male,0,No,Yes,55,Yes,Yes,No,No internet service,No internet service,No internet service,No internet service,No internet service,No internet service,Two year,Yes,Credit card,42.24,2368.98,No
CUST103644,Female,0,Yes,No,32,Yes,No,No,No internet service,No internet service,No internet service,No internet service,No internet service,No internet service,Month-to-month,Yes,Electronic check,29.94,1002.05,No
CUST103645,Male,0,Yes,No,35,Yes,No,DSL,No,No,Yes,No,Yes,No,Month-to-month,No,Mailed check,58.53,2102.32,No
CUST103646,Male,0,No,Yes,42,Yes,No,DSL,No,No,No,No,Yes,No,Month-to-month,Yes,Credit card,54.51,2256.99,No
CUST103647,Male,0,Yes,Yes,7,Yes,No,Fiber optic,No,No,No,Yes,No,Yes,Month-to-month,No,Mailed check,82.11,468.78,No
CUST103648,Male,0,Yes,Yes,27,Yes,No,Fiber optic,No,No,Yes,Yes,Yes,Yes,Two year,Yes,Mailed check,94.86,2505.93,No
CUST103649,Male,1,Yes,Yes,15,Yes,Yes,Fiber optic,Yes,Yes,No,No,No,Yes,Month-to-month,No,Bank transfer,99.62,1564.97,No
CUST103650,Male,0,No,Yes,70,No,No phone service,DSL,No,No,Yes,No,No,No,Month-to-month,Yes,Bank transfer,41.24,2772.83,No
CUST103651,Female,0,Yes,Yes,31,Yes,No,No,No internet service,No internet service,No internet service,No internet service,No internet service,No internet service,Month-to-month,Yes,Mailed check,22.89,710.42,No
CUST103652,Female,0,Yes,Yes,1,Yes,No,Fiber optic,No,No,Yes,Yes,Yes,Yes,One year,No,Credit card,94.66,106.66,No
CUST103653,Female,0,Yes,No,2,Yes,No,DSL,No,No,No,Yes,Yes,No,Two year,No,Electronic check,58.89,175.87,No
CUST103654,Male,0,No,No,66,No,No phone service,DSL,No,No,Yes,No,No,Yes,One year,Yes,Electronic check,54.08,3467.35,No
CUST103655,Male,0,Yes,No,12,Yes,No,Fiber optic,No,No,No,Yes,No,No,One year,Yes,Mailed check,74.51,713.92,No
CUST103656,Female,0,Yes,No,1,Yes,No,DSL,Yes,No,No,Yes,No,Yes,Month-to-month,Yes,Electronic check,61.31,18.0,No
CUST103657,Male,0,No,Yes,16,No,No phone service,No,No internet service,No internet service,No internet service,No internet service,No internet service,No internet service,One year,No,Electronic check,18.0,332.89,No
CUST103658,Male,0,No,No,16,Yes,No,Fiber optic,No,No,Yes,Yes,No,Yes,Month-to-month,Yes,Electronic check,84.6,1464.78,Yes
CUST103659,Female,0,Yes,No,6,Yes,No,No,No internet service,No internet service,No internet service,No internet service,No internet service,No internet service,Month-to-month,Yes,Bank transfer,24.75,94.99,No
CUST103660,Female,1,Yes,No,72,Yes,Yes,Fiber optic,No,No,No,No,No,No,One year,No,Mailed check,72.3,5138.48,No
CUST103661,Male,0,Yes,Yes,5,Yes,Yes,No,No internet service,No internet service,No internet service,No internet service,No internet service,No internet service,Two year,Yes,Credit card,26.33,151.29,No
CUST103662,Female,0,No,Yes,53,Yes,Yes,Fiber optic,No,No,No,No,Yes,No,One year,Yes,Electronic check,87.37,4797.46,No
CUST103663,Male,0,Yes,No,61,Yes,Yes,Fiber optic,Yes,Yes,No,No,Yes,Yes,One year,Yes,Bank transfer,101.87,6251.06,No
CUST103664,Male,0,No,Yes,47,Yes,Yes,DSL,No,Yes,Yes,No,No,No,Month-to-month,No,Electronic check,71.47,3401.98,No
CUST103665,Male,1,No,Yes,10,Yes,Yes,Fiber optic,No,Yes,Yes,No,No,No,Month-to-month,Yes,Electronic check,81.17,968.37,No
CUST103666,Female,0,No,Yes,53,Yes,No,Fiber optic,Yes,No,No,Yes,Yes,No,Month-to-month,No,Bank transfer,94.88,5103.27,No
CUST103667,Male,0,Yes,No,24,Yes,No,Fiber optic,No,No,Yes,No,No,No,One year,Yes,Electronic check,74.43,1799.69,No
CUST103668,Female,0,No,No,30,No,No phone service,Fiber optic,No,No,No,No,No,Yes,One year,Yes,Bank transfer,62.69,1790.98,No
CUST103669,Female,0,No,Yes,19,Yes,Yes,DSL,No,No,Yes,Yes,No,No,One year,Yes,Bank transfer,55.0,1050.83,No
CUST103670,Female,0,No,No,57,Yes,No,Fiber optic,No,Yes,Yes,No,Yes,No,Month-to-month,No,Bank transfer,84.9,4897.14,No
CUST103671,Female,1,Yes,No,42,Yes,No,DSL,No,No,Yes,No,No,Yes,Month-to-month,Yes,Bank transfer,61.65,2505.99,No
CUST103672,Female,0,No,Yes,12,No,No phone service,Fiber optic,No,Yes,No,Yes,No,Yes,Month-to-month,Yes,Credit card,80.1,1035.93,No
CUST103673,Male,0,No,No,30,Yes,No,Fiber optic,Yes,Yes,Yes,No,Yes,Yes,One year,Yes,Electronic check,97.55,2917.58,No
CUST103674,Female,0,No,Yes,58,No,No phone service,No,No internet service,No internet service,No internet service,No internet service,No internet service,No internet service,Two year,Yes,Credit card,24.56,1407.56,No
CUST103675,Male,0,No,No,68,Yes,Yes,Fiber optic,Yes,No,No,Yes,No,No,Month-to-month,Yes,Electronic check,87.5,5875.53,No
CUST103676,Female,1,Yes,No,68,Yes,Yes,No,No internet service,No internet service,No internet service,No internet service,No internet service,No internet service,One year,Yes,Mailed check,28.7,1979.7,No
CUST103677,Female,0,Yes,No,10,Yes,No,No,No internet service,No internet service,No internet service,No internet service,No internet service,No internet service,One year,Yes,Credit card,33.17,386.34,Yes
CUST103678,Male,0,No,No,62,Yes,No,DSL,Yes,Yes,Yes,No,Yes,Yes,Month-to-month,No,Electronic check,70.85,4307.05,No
CUST103679,Male,0,No,Yes,41,Yes,No,Fiber optic,Yes,No,Yes,No,No,Yes,Month-to-month,Yes,Credit card,82.75,3434.07,No
CUST103680,Male,0,No,No,54,Yes,No,DSL,No,No,Yes,No,No,Yes,Month-to-month,No,Bank transfer,57.14,3157.22,No
CUST103681,Male,0,Yes,No,28,Yes,Yes,No,No internet service,No internet service,No internet service,No internet service,No internet service,No internet service,Two year,Yes,Credit card,36.35,1085.12,No
CUST103682,Female,0,Yes,No,47,Yes,Yes,Fiber optic,Yes,Yes,No,No,Yes,Yes,Month-to-month,Yes,Electronic check,98.43,4644.59,No
CUST103683,Female,0,No,No,19,Yes,Yes,DSL,No,No,Yes,Yes,No,Yes,Month-to-month,No,Mailed check,62.96,1170.45,No
CUST103684,Male,0,No,Yes,38,Yes,No,DSL,No,No,No,No,No,No,Month-to-month,Yes,Electronic check,43.58,1634.97,No
CUST103685,Male,0,Yes,Yes,17,Yes,No,Fiber optic,No,No,No,No,Yes,Yes,One year,No,Electronic check,87.97,1384.03,No
CUST103686,Female,0,Yes,Yes,29,Yes,Yes,DSL,No,No,No,No,Yes,No,Month-to-month,No,Bank transfer,59.99,1689.38,No
CUST103687,Female,0,No,No,30,Yes,No,Fiber optic,No,No,No,No,No,Yes,Two year,Yes,Bank transfer,81.47,2420.7,No
CUST103688,Male,0,Yes,No,63,Yes,Yes,No,No internet service,No internet service,No internet service,No internet service,No internet service,No internet service,Month-to-month,Yes,Bank transfer,37.08,2271.37,No
CUST103689,Male,0,Yes,No,46,Yes,Yes,DSL,No,No,No,Yes,Yes,No,Two year,Yes,Bank transfer,62.8,2900.51,No
CUST103690,Female,0,Yes,Yes,47,Yes,Yes,Fiber optic,No,No,Yes,Yes,No,No,One year,No,Credit card,84.13,4073.44,No
CUST103691,Female,0,Yes,Yes,21,Yes,No,Fiber optic,No,No,No,Yes,No,Yes,Month-to-month,Yes,Mailed check,82.77,1871.8,No
CUST103692,Male,0,Yes,Yes,32,Yes,Yes,DSL,Yes,Yes,No,No,No,Yes,One year,No,Mailed check,70.79,2218.47,No
CUST103693,Female,0,No,No,35,Yes,Yes,DSL,No,No,Yes,Yes,Yes,Yes,Month-to-month,No,Bank transfer,77.46,2851.95,No
CUST103694,Female,0,No,No,57,Yes,Yes,DSL,Yes,Yes,No,Yes,Yes,No,Month-to-month,Yes,Bank transfer,75.82,4412.23,No
CUST103695,Female,0,No,No,14,Yes,No,No,No internet service,No internet service,No internet service,No internet service,No internet service,No internet service,One year,Yes,Electronic check,27.45,328.55,No
CUST103696,Male,0,No,No,4,Yes,Yes,Fiber optic,No,No,No,No,Yes,Yes,One year,No,Mailed check,90.53,401.92,No
CUST103697,Female,0,Yes,No,37,Yes,No,Fiber optic,Yes,No,No,No,No,Yes,One year,Yes,Electronic check,78.74,2911.58,Yes
CUST103698,Female,0,Yes,Yes,59,Yes,No,No,No internet service,No internet service,No internet service,No internet service,No internet service,No internet service,One year,Yes,Bank transfer,23.77,1237.54,No
CUST103699,Female,0,Yes,Yes,53,Yes,No,DSL,Yes,Yes,No,No,Yes,Yes,One year,No,Electronic check,72.98,3765.62,No
CUST103700,Male,1,Yes,Yes,59,Yes,Yes,DSL,No,Yes,Yes,Yes,No,No,Month-to-month,No,Bank transfer,64.04,3835.03,No
CUST103701,Female,0,No,Yes,29,Yes,Yes,DSL,No,Yes,No,Yes,Yes,No,Month-to-month,Yes,Bank transfer,62.5,1688.18,No
CUST103702,Female,0,Yes,No,17,Yes,Yes,Fiber optic,Yes,Yes,No,No,Yes,No,Month-to-month,Yes,Credit card,92.61,1718.55,Yes
CUST103703,Female,0,No,No,48,Yes,No,Fiber optic,Yes,Yes,No,No,No,Yes,One year,No,Mailed check,88.1,4308.87,No
CUST103704,Male,0,Yes,No,3,No,No phone service,Fiber optic,No,No,Yes,No,No,No,Month-to-month,Yes,Credit card,66.33,253.59,No
CUST103705,Male,0,Yes,No,65,No,No phone service,DSL,Yes,No,No,No,Yes,No,Month-to-month,Yes,Bank transfer,45.22,2814.58,Yes
CUST103706,Male,0,Yes,No,52,Yes,Yes,Fiber optic,No,Yes,No,Yes,No,No,One year,Yes,Electronic check,91.41,4836.98,No
CUST103707,Female,0,Yes,No,37,Yes,Yes,No,No internet service,No internet service,No internet service,No internet service,No internet service,No internet service,Month-to-month,Yes,Mailed check,35.93,1406.25,No
CUST103708,Male,0,No,No,15,Yes,No,Fiber optic,Yes,Yes,No,Yes,Yes,No,Month-to-month,Yes,Mailed check,96.63,1521.46,No
CUST103709,Female,0,No,No,19,Yes,Yes,DSL,Yes,No,No,Yes,No,No,Two year,Yes,Electronic check,62.82,1268.8,No
CUST103710,Male,1,Yes,Yes,72,Yes,No,Fiber optic,Yes,No,No,Yes,No,Yes,One year,No,Mailed check,88.96,6544.69,No
CUST103711,Female,0,No,No,2,Yes,Yes,DSL,Yes,No,Yes,No,No,Yes,One year,Yes,Electronic check,65.45,72.64,Yes
CUST103712,Male,0,No,No,1,No,No phone service,DSL,Yes,Yes,Yes,No,No,No,Month-to-month,Yes,Credit card,40.72,24.92,Yes
CUST103713,Male,0,Yes,Yes,26,Yes,No,Fiber optic,Yes,Yes,Yes,No,No,No,One year,No,Mailed check,85.14,2143.05,No
CUST103714,Female,0,Yes,Yes,17,No,No phone service,Fiber optic,No,Yes,Yes,No,Yes,No,Two year,Yes,Electronic check,73.65,1314.53,No
CUST103715,Male,0,Yes,No,49,No,No phone service,Fiber optic,No,No,No,Yes,No,No,Month-to-month,No,Bank transfer,70.47,3433.72,No
CUST103716,Female,0,Yes,No,4,Yes,No,DSL,No,Yes,Yes,No,Yes,Yes,Month-to-month,No,Credit card,73.7,187.88,No
CUST103717,Female,0,No,No,57,Yes,Yes,DSL,No,No,Yes,Yes,No,No,Month-to-month,Yes,Credit card,64.24,3667.7,No
CUST103718,Female,0,Yes,No,57,Yes,No,Fiber optic,No,Yes,Yes,Yes,No,No,Two year,No,Credit card,81.64,4492.94,No
CUST103719,Male,0,No,No,17,Yes,No,Fiber optic,Yes,No,Yes,No,No,Yes,Month-to-month,Yes,Credit card,86.96,1484.1,Yes
CUST103720,Female,0,No,No,42,Yes,No,Fiber optic,No,No,Yes,Yes,Yes,Yes,Month-to-month,Yes,Mailed check,96.21,4050.5,Yes
CUST103721,Male,0,Yes,Yes,49,No,No phone service,Fiber optic,No,Yes,Yes,No,Yes,No,Month-to-month,No,Mailed check,80.62,3914.73,No
CUST103722,Male,0,No,No,62,Yes,Yes,DSL,No,Yes,No,No,Yes,No,Two year,No,Mailed check,61.33,3882.84,No
CUST103723,Male,0,Yes,No,53,Yes,No,Fiber optic,Yes,Yes,Yes,No,No,Yes,Month-to-month,Yes,Credit card,84.45,4330.95,No
CUST103724,Male,0,Yes,No,70,Yes,Yes,No,No internet service,No internet service,No internet service,No internet service,No internet service,No internet service,Month-to-month,No,Electronic check,36.51,2563.23,No
CUST103725,Female,0,Yes,No,9,Yes,Yes,DSL,Yes,No,No,No,Yes,Yes,Two year,Yes,Mailed check,71.92,662.96,No
CUST103726,Male,0,Yes,No,44,Yes,Yes,Fiber optic,No,No,No,No,Yes,Yes,Month-to-month,No,Electronic check,93.29,4101.19,No
CUST103727,Female,0,Yes,No,56,Yes,No,DSL,No,Yes,Yes,No,No,Yes,One year,Yes,Credit card,62.92,3621.93,No
CUST103728,Male,0,No,No,17,Yes,No,DSL,No,Yes,No,Yes,Yes,No,Month-to-month,Yes,Electronic check,62.36,1008.56,Yes
CUST103729,Female,0,No,Yes,16,Yes,No,Fiber optic,No,Yes,Yes,No,No,No,Month-to-month,Yes,Credit card,79.28,1260.84,Yes
CUST103730,Male,0,No,No,7,Yes,No,Fiber optic,No,No,No,No,Yes,No,Month-to-month,No,Credit card,75.73,538.67,No
CUST103731,Male,1,Yes,Yes,71,Yes,Yes,DSL,No,Yes,No,No,No,Yes,Month-to-month,Yes,Electronic check,74.6,5265.17,No
CUST103732,Male,0,No,No,63,Yes,No,Fiber optic,No,No,No,Yes,No,No,Month-to-month,Yes,Bank transfer,74.06,4540.1,No
CUST103733,Female,0,Yes,Yes,9,Yes,Yes,DSL,Yes,Yes,No,No,Yes,No,One year,Yes,Mailed check,68.7,739.46,No
CUST103734,Male,0,No,No,18,Yes,Yes,Fiber optic,No,Yes,No,No,Yes,No,Month-to-month,Yes,Mailed check,91.9,1591.46,Yes
CUST103735,Female,0,No,No,33,Yes,No,Fiber optic,No,No,Yes,Yes,No,No,Month-to-month,Yes,Electronic check,81.8,2638.18,No
CUST103736,Female,0,No,Yes,65,Yes,No,DSL,Yes,No,Yes,No,No,No,One year,Yes,Bank transfer,56.35,3483.23,No
CUST103737,Female,0,Yes,No,60,Yes,Yes,Fiber optic,Yes,No,No,No,No,No,Two year,Yes,Mailed check,78.57,4718.75,No
CUST103738,Male,0,No,No,64,Yes,No,Fiber optic,No,No,No,No,Yes,Yes,Month-to-month,No,Bank transfer,78.75,5053.9,No
CUST103739,Male,0,No,Yes,60,Yes,No,No,No internet service,No internet service,No internet service,No internet service,No internet service,No internet service,Month-to-month,Yes,Bank transfer,27.78,1767.13,No
CUST103740,Male,0,Yes,No,46,Yes,Yes,DSL,Yes,No,Yes,No,Yes,No,Month-to-month,No,Mailed check,69.23,3154.55,No
CUST103741,Female,0,No,No,21,Yes,No,Fiber optic,No,No,Yes,Yes,No,No,Two year,No,Electronic check,78.0,1658.29,No
CUST103742,Female,0,Yes,No,44,Yes,Yes,DSL,No,No,No,Yes,No,No,Two year,Yes,Electronic check,61.19,2772.45,No
CUST103743,Male,0,Yes,No,36,No,No phone service,DSL,No,No,No,No,No,Yes,Month-to-month,Yes,Electronic check,48.7,1863.76,No
CUST103744,Female,0,No,Yes,69,Yes,Yes,DSL,Yes,No,Yes,No,No,Yes,Month-to-month,No,Credit card,74.61,5177.98,No
CUST103745,Female,0,No,Yes,33,Yes,Yes,Fiber optic,Yes,No,Yes,No,No,Yes,Month-to-month,No,Mailed check,89.9,2938.65,No
CUST103746,Male,0,Yes,No,55,Yes,Yes,DSL,Yes,No,No,No,Yes,Yes,One year,Yes,Bank transfer,76.15,4284.55,No
CUST103747,Female,1,Yes,No,13,Yes,Yes,No,No internet service,No internet service,No internet service,No internet service,No internet service,No internet service,Month-to-month,Yes,Credit card,27.42,454.81,Yes
CUST103748,Male,1,Yes,Yes,50,Yes,No,Fiber optic,No,No,Yes,No,Yes,No,Month-to-month,No,Mailed check,81.78,3950.42,No
CUST103749,Male,0,Yes,No,33,Yes,No,No,No internet service,No internet service,No internet service,No internet service,No internet service,No internet service,Month-to-month,No,Mailed check,31.45,1065.84,No
CUST103750,Male,0,No,No,32,No,No phone service,DSL,No,Yes,Yes,No,No,No,One year,No,Credit card,43.88,1482.45,No
CUST103751,Male,0,Yes,Yes,55,Yes,No,DSL,No,No,No,Yes,Yes,No,Two year,Yes,Bank transfer,52.65,2953.53,No
CUST103752,Male,0,No,No,35,Yes,Yes,Fiber optic,Yes,Yes,No,No,No,No,Month-to-month,Yes,Electronic check,86.79,3016.06,No
CUST103753,Male,0,Yes,No,5,Yes,No,Fiber optic,No,Yes,No,No,No,Yes,Two year,Yes,Bank transfer,88.61,404.73,No
CUST103754,Female,0,Yes,Yes,29,Yes,No,Fiber optic,Yes,Yes,Yes,Yes,No,No,Month-to-month,Yes,Credit card,96.81,2917.74,No
CUST103755,Female,1,Yes,Yes,70,Yes,Yes,No,No internet service,No internet service,No internet service,No internet service,No internet service,No internet service,One year,Yes,Bank transfer,39.7,2798.65,No
CUST103756,Female,1,Yes,Yes,69,Yes,No,Fiber optic,No,Yes,No,No,Yes,Yes,Two year,Yes,Bank transfer,85.01,5851.07,No
CUST103757,Male,0,Yes,No,45,Yes,Yes,No,No internet service,No internet service,No internet service,No internet service,No internet service,No internet service,Month-to-month,No,Bank transfer,35.02,1564.67,No
CUST103758,Male,0,Yes,Yes,46,No,No phone service,DSL,Yes,No,No,Yes,No,No,Month-to-month,Yes,Bank transfer,56.95,2619.65,No
CUST103759,Female,0,Yes,No,19,Yes,No,Fiber optic,Yes,No,Yes,Yes,No,Yes,Month-to-month,Yes,Electronic check,95.61,1804.59,No
CUST103760,Male,0,Yes,No,57,Yes,Yes,Fiber optic,No,Yes,No,No,Yes,No,One year,Yes,Credit card,82.81,4812.38,No
CUST103761,Female,1,No,Yes,44,Yes,Yes,Fiber optic,No,No,No,No,Yes,Yes,Month-to-month,Yes,Electronic check,94.22,4180.74,No
CUST103762,Male,0,No,No,3,Yes,Yes,Fiber optic,No,No,No,No,No,No,Month-to-month,Yes,Credit card,74.06,251.84,Yes
CUST103763,Male,0,No,No,69,Yes,No,Fiber optic,No,Yes,No,No,Yes,No,One year,Yes,Mailed check,80.85,5562.69,No
CUST103764,Male,0,Yes,Yes,62,Yes,No,No,No internet service,No internet service,No internet service,No internet service,No internet service,No internet service,Month-to-month,Yes,Bank transfer,30.99,1967.7,No
CUST103765,Female,0,Yes,No,6,Yes,No,DSL,No,No,Yes,Yes,No,No,Month-to-month,Yes,Credit card,54.55,255.15,No
CUST103766,Female,0,Yes,Yes,31,Yes,No,DSL,Yes,No,No,No,No,No,Two year,Yes,Credit card,48.93,1531.11,No
CUST103767,Male,0,No,No,54,Yes,No,DSL,No,No,No,Yes,Yes,Yes,Month-to-month,Yes,Electronic check,69.32,3613.32,Yes
CUST103768,Male,0,No,Yes,54,Yes,Yes,DSL,No,No,No,No,Yes,Yes,Month-to-month,Yes,Bank transfer,70.02,3761.26,No
CUST103769,Male,0,Yes,No,13,Yes,No,Fiber optic,No,Yes,No,No,Yes,No,Month-to-month,Yes,Electronic check,83.34,1041.82,No
CUST103770,Female,0,Yes,No,3,Yes,Yes,Fiber optic,Yes,No,Yes,No,No,Yes,Two year,No,Electronic check,102.44,305.04,No
CUST103771,Female,0,Yes,No,71,Yes,No,Fiber optic,No,No,No,No,No,No,Month-to-month,Yes,Mailed check,70.86,4997.87,No
CUST103772,Female,0,Yes,No,65,No,No phone service,No,No internet service,No internet service,No internet service,No internet service,No internet service,No internet service,Month-to-month,No,Credit card,21.3,1425.89,No
CUST103773,Male,0,No,Yes,54,Yes,No,No,No internet service,No internet service,No internet service,No internet service,No internet service,No internet service,Month-to-month,Yes,Credit card,26.76,1390.51,No
CUST103774,Female,0,Yes,No,48,Yes,No,Fiber optic,Yes,Yes,No,Yes,Yes,Yes,Month-to-month,Yes,Bank transfer,95.14,4636.25,Yes
CUST103775,Female,0,Yes,Yes,50,Yes,No,Fiber optic,Yes,No,No,Yes,No,Yes,Month-to-month,No,Bank transfer,81.34,4191.42,No
CUST103776,Female,0,Yes,Yes,33,No,No phone service,DSL,Yes,Yes,No,Yes,No,No,Month-to-month,Yes,Electronic check,56.46,1776.61,No
CUST103777,Male,0,Yes,Yes,50,Yes,No,Fiber optic,No,Yes,Yes,No,No,No,Month-to-month,Yes,Electronic check,78.23,3961.05,No
CUST103778,Male,0,Yes,No,22,No,No phone service,Fiber optic,Yes,No,No,No,No,No,One year,Yes,Bank transfer,77.36,1680.42,No
CUST103779,Male,0,Yes,No,7,No,No phone service,DSL,No,No,Yes,No,No,No,Month-to-month,Yes,Bank transfer,39.47,350.96,No
CUST103780,Female,0,Yes,Yes,23,No,No phone service,Fiber optic,Yes,No,No,No,Yes,Yes,Month-to-month,No,Bank transfer,77.98,1706.75,Yes
CUST103781,Female,0,Yes,No,22,Yes,Yes,Fiber optic,No,No,Yes,No,No,No,One year,No,Electronic check,83.34,1930.0,No
CUST103782,Female,0,No,No,22,Yes,Yes,DSL,No,No,Yes,No,Yes,Yes,Month-to-month,No,Mailed check,67.91,1464.09,No
CUST103783,Female,0,Yes,No,34,No,No phone service,Fiber optic,Yes,No,No,No,Yes,Yes,Month-to-month,Yes,Electronic check,75.04,2533.66,No
CUST103784,Male,0,Yes,No,10,Yes,No,Fiber optic,No,Yes,Yes,No,No,No,Two year,Yes,Bank transfer,82.73,809.73,No
CUST103785,Male,0,No,No,30,Yes,No,DSL,No,Yes,No,No,No,Yes,One year,Yes,Electronic check,49.26,1388.35,No
CUST103786,Male,0,Yes,No,34,Yes,Yes,DSL,No,Yes,No,No,Yes,Yes,One year,No,Mailed check,72.82,2538.92,No
CUST103787,Female,0,No,No,14,Yes,Yes,DSL,Yes,Yes,No,Yes,No,No,Month-to-month,Yes,Bank transfer,68.9,916.84,No
CUST103788,Female,1,No,No,33,Yes,No,Fiber optic,Yes,Yes,No,No,Yes,Yes,Two year,Yes,Electronic check,97.74,3265.12,No
CUST103789,Male,0,Yes,Yes,49,No,No phone service,Fiber optic,No,No,No,Yes,No,Yes,Month-to-month,Yes,Mailed check,75.94,3700.37,No
CUST103790,Female,1,Yes,No,30,Yes,Yes,DSL,No,Yes,No,No,No,Yes,Month-to-month,No,Bank transfer,76.16,2267.91,No
CUST103791,Female,0,No,No,1,Yes,Yes,No,No internet service,No internet service,No internet service,No internet service,No internet service,No internet service,Two year,No,Electronic check,33.51,113.74,No
CUST103792,Female,1,Yes,Yes,51,Yes,Yes,No,No internet service,No internet service,No internet service,No internet service,No internet service,No internet service,Month-to-month,No,Bank transfer,29.7,1394.6,No
CUST103793,Female,1,Yes,Yes,42,Yes,Yes,Fiber optic,No,No,No,No,Yes,No,One year,No,Credit card,95.03,3807.7,No
CUST103794,Male,1,No,No,31,Yes,No,No,No internet service,No internet service,No internet service,No internet service,No internet service,No internet service,Month-to-month,No,Electronic check,28.42,824.67,No
CUST103795,Male,0,Yes,No,2,Yes,No,Fiber optic,No,Yes,Yes,Yes,No,No,Month-to-month,Yes,Electronic check,81.51,155.06,Yes
CUST103796,Female,0,No,No,7,Yes,No,DSL,No,No,Yes,No,Yes,No,One year,Yes,Bank transfer,51.68,342.02,No
CUST103797,Male,0,No,Yes,6,No,No phone service,Fiber optic,No,No,No,No,No,No,Month-to-month,Yes,Bank transfer,60.75,303.7,Yes
CUST103798,Female,0,No,No,62,No,No phone service,DSL,No,Yes,No,No,Yes,Yes,Month-to-month,Yes,Credit card,53.88,3474.43,No
CUST103799,Female,0,No,Yes,23,Yes,No,Fiber optic,No,No,Yes,No,No,No,Month-to-month,No,Electronic check,71.92,1754.53,No
CUST103800,Female,1,No,No,31,Yes,Yes,No,No internet service,No internet service,No internet service,No internet service,No internet service,No internet service,Month-to-month,Yes,Credit card,26.71,614.79,No
CUST103801,Male,0,Yes,Yes,51,Yes,Yes,Fiber optic,No,No,Yes,No,No,Yes,One year,Yes,Mailed check,87.52,4409.67,No
CUST103802,Male,0,No,No,48,Yes,Yes,DSL,Yes,No,No,No,No,No,Month-to-month,No,Electronic check,59.72,2897.42,No
CUST103803,Male,0,No,No,5,Yes,No,DSL,No,No,Yes,Yes,No,Yes,One year,Yes,Mailed check,58.99,320.98,No
CUST103804,Female,0,No,No,67,Yes,No,No,No internet service,No internet service,No internet service,No internet service,No internet service,No internet service,Month-to-month,Yes,Mailed check,26.26,1694.69,No
CUST103805,Female,0,No,No,20,Yes,No,DSL,Yes,Yes,No,No,Yes,Yes,Month-to-month,No,Electronic check,68.06,1467.2,No
CUST103806,Male,0,No,No,56,Yes,No,No,No internet service,No internet service,No internet service,No internet service,No internet service,No internet service,Month-to-month,No,Electronic check,28.36,1515.05,No
CUST103807,Female,0,Yes,No,60,Yes,Yes,DSL,No,No,No,Yes,Yes,No,One year,No,Electronic check,71.7,4299.75,No
CUST103808,Female,1,No,No,39,No,No phone service,Fiber optic,No,Yes,Yes,No,Yes,No,Month-to-month,Yes,Mailed check,79.84,3107.6,No
CUST103809,Male,0,Yes,No,12,Yes,Yes,DSL,No,Yes,No,No,Yes,No,Month-to-month,No,Electronic check,60.37,743.87,No
CUST103810,Male,0,Yes,No,40,Yes,No,DSL,Yes,Yes,Yes,No,No,Yes,Two year,Yes,Electronic check,67.5,2653.95,No
CUST103811,Female,0,Yes,No,18,Yes,Yes,DSL,No,No,No,No,Yes,Yes,Month-to-month,Yes,Electronic check,68.43,1270.53,No
CUST103812,Female,1,No,No,62,Yes,No,DSL,Yes,No,Yes,No,Yes,No,One year,Yes,Bank transfer,58.11,3535.85,No
CUST103813,Male,1,No,No,55,Yes,No,DSL,Yes,No,Yes,No,No,No,Month-to-month,Yes,Credit card,52.34,2905.36,No
CUST103814,Female,0,Yes,No,60,Yes,No,DSL,No,No,No,No,No,No,Month-to-month,No,Electronic check,42.27,2490.23,No
CUST103815,Female,0,Yes,Yes,60,No,No phone service,Fiber optic,No,No,No,No,Yes,No,Month-to-month,No,Credit card,68.25,4206.42,No
CUST103816,Female,0,Yes,No,13,Yes,No,Fiber optic,No,Yes,Yes,No,Yes,Yes,Month-to-month,Yes,Bank transfer,92.5,1182.76,Yes
CUST103817,Female,0,Yes,No,3,Yes,Yes,DSL,No,Yes,No,Yes,Yes,No,One year,No,Credit card,63.26,203.59,No
CUST103818,Male,0,Yes,No,46,Yes,Yes,Fiber optic,No,No,No,No,No,No,Month-to-month,Yes,Mailed check,74.67,3521.73,No
CUST103819,Male,0,No,No,45,No,No phone service,Fiber optic,No,Yes,No,No,Yes,No,Month-to-month,Yes,Mailed check,73.86,3340.61,Yes
CUST103820,Male,0,Yes,No,63,Yes,Yes,No,No internet service,No internet service,No internet service,No internet service,No internet service,No internet service,One year,Yes,Bank transfer,39.29,2539.52,No
CUST103821,Female,0,Yes,No,46,Yes,No,Fiber optic,Yes,No,No,Yes,No,No,One year,Yes,Mailed check,74.7,3339.79,No
CUST103822,Female,0,Yes,No,58,Yes,Yes,Fiber optic,No,No,No,No,Yes,No,Month-to-month,Yes,Credit card,80.32,4702.75,No
CUST103823,Male,1,Yes,Yes,26,Yes,No,No,No internet service,No internet service,No internet service,No internet service,No internet service,No internet service,Month-to-month,No,Credit card,23.45,593.69,No
CUST103824,Female,0,No,No,9,Yes,No,No,No internet service,No internet service,No internet service,No internet service,No internet service,No internet service,Month-to-month,No,Mailed check,21.44,261.5,Yes
CUST103825,Male,0,Yes,Yes,3,Yes,Yes,No,No internet service,No internet service,No internet service,No internet service,No internet service,No internet service,Two year,No,Bank transfer,24.41,111.85,No
CUST103826,Male,0,Yes,No,32,Yes,Yes,Fiber optic,No,No,No,Yes,No,No,One year,Yes,Mailed check,83.77,2722.59,No
CUST103827,Female,1,No,No,1,Yes,No,Fiber optic,Yes,No,No,No,No,Yes,One year,Yes,Bank transfer,82.47,138.67,No
CUST103828,Male,0,Yes,No,38,Yes,No,No,No internet service,No internet service,No internet service,No internet service,No internet service,No internet service,Month-to-month,No,Bank transfer,29.64,1208.56,No
CUST103829,Male,0,No,Yes,29,No,No phone service,Fiber optic,No,No,No,No,Yes,No,Month-to-month,No,Bank transfer,70.05,1866.44,Yes
CUST103830,Female,0,No,Yes,19,Yes,Yes,DSL,No,Yes,No,No,No,No,Month-to-month,No,Electronic check,56.22,1006.08,Yes
CUST103831,Male,0,No,Yes,43,No,No phone service,No,No internet service,No internet service,No internet service,No internet service,No internet service,No internet service,Month-to-month,Yes,Credit card,18.0,772.58,No
CUST103832,Female,1,No,No,49,Yes,Yes,No,No internet service,No internet service,No internet service,No internet service,No internet service,No internet service,Month-to-month,Yes,Electronic check,39.22,1827.8,No
CUST103833,Male,0,Yes,No,3,Yes,Yes,DSL,No,No,Yes,Yes,No,No,Month-to-month,No,Electronic check,65.55,177.56,Yes
CUST103834,Male,0,Yes,No,35,Yes,Yes,DSL,No,No,No,Yes,Yes,No,Month-to-month,No,Electronic check,64.47,2272.33,No
CUST103835,Female,0,Yes,No,68,No,No phone service,No,No internet service,No internet service,No internet service,No internet service,No internet service,No internet service,Month-to-month,No,Electronic check,18.0,1350.55,No
CUST103836,Male,0,Yes,No,22,Yes,No,DSL,No,Yes,No,No,Yes,No,Month-to-month,No,Mailed check,58.36,1341.89,No
CUST103837,Female,0,Yes,Yes,57,Yes,Yes,Fiber optic,Yes,Yes,No,No,Yes,No,Month-to-month,Yes,Electronic check,94.76,5459.13,No
CUST103838,Male,0,Yes,No,25,Yes,Yes,DSL,No,No,No,No,No,Yes,One year,Yes,Electronic check,57.48,1441.34,No
CUST103839,Male,0,Yes,No,20,Yes,Yes,DSL,Yes,No,Yes,No,No,Yes,One year,No,Electronic check,70.95,1280.89,No
CUST103840,Male,0,Yes,Yes,62,Yes,Yes,Fiber optic,Yes,No,Yes,Yes,No,No,Month-to-month,No,Electronic check,94.3,5788.8,No
CUST103841,Male,1,No,No,26,Yes,No,No,No internet service,No internet service,No internet service,No internet service,No internet service,No internet service,One year,Yes,Credit card,29.73,642.6,No
CUST103842,Female,1,Yes,No,63,Yes,No,Fiber optic,No,No,Yes,No,No,Yes,Month-to-month,Yes,Mailed check,85.81,5451.13,No
CUST103843,Male,1,Yes,No,48,Yes,No,DSL,No,No,No,No,No,Yes,Month-to-month,Yes,Electronic check,56.4,2715.33,No
CUST103844,Female,0,Yes,Yes,59,Yes,No,DSL,No,No,No,No,No,No,Two year,Yes,Mailed check,50.13,2974.59,No
CUST103845,Male,0,No,No,59,No,No phone service,DSL,Yes,No,No,No,Yes,Yes,Month-to-month,Yes,Bank transfer,54.85,3276.44,No
CUST103846,Female,0,Yes,Yes,66,Yes,Yes,No,No internet service,No internet service,No internet service,No internet service,No internet service,No internet service,One year,No,Mailed check,38.12,2478.71,No
CUST103847,Male,1,No,No,40,No,No phone service,Fiber optic,Yes,Yes,No,No,Yes,No,Month-to-month,Yes,Electronic check,80.92,3132.68,No
CUST103848,Female,0,Yes,No,69,Yes,No,No,No internet service,No internet service,No internet service,No internet service,No internet service,No internet service,Month-to-month,Yes,Bank transfer,31.24,2120.84,No
CUST103849,Male,0,Yes,No,5,Yes,Yes,No,No internet service,No internet service,No internet service,No internet service,No internet service,No internet service,Month-to-month,Yes,Electronic check,35.48,213.97,No
CUST103850,Female,0,No,No,36,Yes,No,Fiber optic,Yes,No,Yes,Yes,No,No,Month-to-month,Yes,Electronic check,86.94,2993.0,No
CUST103851,Male,0,Yes,Yes,29,Yes,Yes,DSL,No,No,No,Yes,No,No,Month-to-month,Yes,Credit card,53.92,1579.68,No
CUST103852,Female,1,Yes,No,7,Yes,Yes,No,No internet service,No internet service,No internet service,No internet service,No internet service,No internet service,Month-to-month,Yes,Mailed check,36.87,161.95,No
CUST103853,Female,0,Yes,Yes,63,Yes,Yes,DSL,Yes,No,Yes,No,Yes,No,Month-to-month,No,Electronic check,74.86,4763.5,Yes
CUST103854,Female,0,Yes,No,58,Yes,Yes,No,No internet service,No internet service,No internet service,No internet service,No internet service,No internet service,Month-to-month,Yes,Electronic check,41.6,2310.73,No
CUST103855,Female,0,Yes,No,54,Yes,No,Fiber optic,No,No,No,No,No,No,Month-to-month,No,Bank transfer,69.5,3815.8,Yes
CUST103856,Male,0,Yes,No,46,Yes,No,DSL,Yes,Yes,No,No,Yes,Yes,Month-to-month,Yes,Electronic check,77.15,3437.14,No
CUST103857,Female,0,Yes,No,44,Yes,No,Fiber optic,No,Yes,No,No,Yes,No,Month-to-month,No,Mailed check,81.34,3503.05,Yes
CUST103858,Female,1,No,No,28,Yes,No,Fiber optic,No,No,Yes,No,No,No,Month-to-month,No,Electronic check,77.78,2232.02,No
CUST103859,Female,0,Yes,No,50,Yes,Yes,Fiber optic,No,No,No,No,No,No,One year,No,Electronic check,77.25,3848.45,No
CUST103860,Female,0,Yes,No,71,Yes,No,Fiber optic,Yes,Yes,No,No,Yes,Yes,Two year,No,Mailed check,99.08,6877.35,No
CUST103861,Male,0,No,Yes,19,Yes,Yes,DSL,No,No,Yes,No,Yes,Yes,Month-to-month,Yes,Electronic check,72.82,1440.14,Yes
CUST103862,Male,0,Yes,No,25,Yes,No,Fiber optic,No,Yes,No,No,No,No,Month-to-month,Yes,Mailed check,72.6,1645.64,Yes
CUST103863,Female,0,No,No,8,Yes,No,Fiber optic,No,No,No,No,Yes,Yes,Two year,Yes,Electronic check,88.16,691.06,No
CUST103864,Male,0,Yes,No,66,Yes,Yes,No,No internet service,No internet service,No internet service,No internet service,No internet service,No internet service,One year,Yes,Credit card,33.02,2345.24,No
CUST103865,Male,1,No,No,39,Yes,No,No,No internet service,No internet service,No internet service,No internet service,No internet service,No internet service,Two year,Yes,Bank transfer,29.25,1147.27,No
CUST103866,Male,0,No,Yes,43,Yes,Yes,Fiber optic,No,Yes,No,Yes,No,No,One year,Yes,Electronic check,80.23,3422.01,No
CUST103867,Male,0,Yes,No,20,Yes,No,No,No internet service,No internet service,No internet service,No internet service,No internet service,No internet service,One year,Yes,Electronic check,31.31,620.43,No
CUST103868,Male,0,No,No,3,Yes,Yes,Fiber optic,Yes,No,No,No,No,Yes,Month-to-month,Yes,Bank transfer,81.49,157.1,Yes
CUST103869,Female,0,No,No,58,Yes,No,DSL,No,No,No,No,No,No,Month-to-month,No,Bank transfer,44.0,2565.8,No
CUST103870,Male,0,No,Yes,62,Yes,No,DSL,Yes,No,No,No,No,No,One year,No,Mailed check,45.54,2996.98,No
CUST103871,Female,1,Yes,No,25,No,No phone service,No,No internet service,No internet service,No internet service,No internet service,No internet service,No internet service,Month-to-month,No,Electronic check,18.0,415.97,No
CUST103872,Female,0,Yes,No,55,Yes,No,Fiber optic,Yes,Yes,Yes,No,Yes,No,One year,Yes,Mailed check,91.86,4987.41,No
CUST103873,Male,1,Yes,No,42,Yes,Yes,No,No internet service,No internet service,No internet service,No internet service,No internet service,No internet service,Two year,No,Electronic check,32.31,1394.95,No
CUST103874,Female,0,No,No,47,Yes,No,Fiber optic,Yes,No,Yes,Yes,No,No,Month-to-month,Yes,Electronic check,87.95,4193.22,Yes
CUST103875,Male,0,Yes,No,13,Yes,No,DSL,No,Yes,No,No,No,Yes,Month-to-month,Yes,Mailed check,57.01,749.44,Yes
CUST103876,Male,0,Yes,No,45,Yes,No,Fiber optic,No,No,Yes,No,Yes,Yes,Two year,Yes,Bank transfer,89.67,4010.42,No
CUST103877,Male,0,No,Yes,12,Yes,No,Fiber optic,No,No,No,No,Yes,No,Two year,Yes,Mailed check,73.73,929.16,No
CUST103878,Female,1,Yes,No,16,No,No phone service,Fiber optic,Yes,Yes,Yes,Yes,No,Yes,Two year,Yes,Electronic check,91.99,1354.53,No
CUST103879,Female,0,No,Yes,26,Yes,Yes,No,No internet service,No internet service,No internet service,No internet service,No internet service,No internet service,One year,No,Electronic check,35.73,889.9,No
CUST103880,Female,0,Yes,No,16,Yes,No,Fiber optic,No,Yes,Yes,No,Yes,No,Two year,No,Bank transfer,89.1,1240.67,No
CUST103881,Male,0,No,No,66,Yes,Yes,Fiber optic,No,Yes,No,Yes,No,Yes,Month-to-month,Yes,Mailed check,97.04,6396.04,No
CUST103882,Female,1,Yes,No,3,No,No phone service,Fiber optic,No,Yes,No,No,No,No,Month-to-month,Yes,Bank transfer,70.46,194.3,No
CUST103883,Male,0,Yes,No,66,Yes,No,DSL,No,Yes,No,No,No,Yes,Month-to-month,Yes,Bank transfer,59.66,4021.64,No
CUST103884,Female,0,No,Yes,12,Yes,No,No,No internet service,No internet service,No internet service,No internet service,No internet service,No internet service,Month-to-month,Yes,Mailed check,28.7,276.09,No
CUST103885,Female,0,Yes,No,63,No,No phone service,DSL,Yes,No,No,No,Yes,No,One year,No,Mailed check,54.42,3511.54,No
CUST103886,Female,1,Yes,No,25,Yes,Yes,Fiber optic,No,No,No,Yes,No,Yes,Month-to-month,Yes,Credit card,89.65,2224.48,Yes
CUST103887,Female,0,Yes,Yes,67,Yes,Yes,Fiber optic,No,No,No,No,No,No,One year,Yes,Credit card,75.35,5099.61,No
CUST103888,Female,0,No,No,39,Yes,Yes,DSL,No,No,No,No,No,No,Month-to-month,Yes,Mailed check,56.67,2271.87,No
CUST103889,Female,1,Yes,No,36,Yes,No,Fiber optic,No,Yes,No,Yes,No,No,One year,No,Bank transfer,84.18,3034.31,No
CUST103890,Male,0,Yes,No,10,Yes,No,Fiber optic,No,No,No,No,No,No,Month-to-month,Yes,Electronic check,69.79,719.86,Yes
CUST103891,Male,0,Yes,No,32,Yes,No,Fiber optic,No,No,No,No,Yes,No,Month-to-month,No,Electronic check,79.48,2497.31,No
CUST103892,Male,0,Yes,No,41,Yes,No,Fiber optic,No,No,No,No,Yes,Yes,Month-to-month,Yes,Electronic check,85.82,3614.52,No
CUST103893,Female,0,No,No,71,No,No phone service,DSL,No,No,No,No,No,No,Month-to-month,Yes,Bank transfer,38.36,2939.12,No
CUST103894,Female,0,Yes,No,19,Yes,Yes,DSL,Yes,No,Yes,No,Yes,No,Month-to-month,Yes,Credit card,64.12,1101.63,Yes
CUST103895,Male,0,No,Yes,6,Yes,No,Fiber optic,Yes,No,No,No,Yes,No,One year,No,Bank transfer,77.59,471.0,Yes
CUST103896,Male,0,No,Yes,19,No,No phone service,Fiber optic,Yes,No,No,Yes,Yes,No,Month-to-month,Yes,Bank transfer,77.52,1449.79,Yes
CUST103897,Male,0,No,No,18,Yes,No,Fiber optic,Yes,No,No,Yes,No,Yes,Two year,Yes,Electronic check,87.17,1604.78,No
CUST103898,Female,0,No,No,69,No,No phone service,DSL,No,No,No,No,Yes,Yes,Two year,Yes,Credit card,47.29,3134.05,No
CUST103899,Female,0,Yes,No,11,Yes,Yes,DSL,No,No,No,Yes,Yes,No,Month-to-month,Yes,Electronic check,56.63,538.52,No
CUST103900,Male,0,No,No,72,Yes,No,Fiber optic,No,Yes,No,No,No,Yes,Month-to-month,Yes,Credit card,81.59,6012.56,No
CUST103901,Male,0,No,No,9,Yes,No,No,No internet service,No internet service,No internet service,No internet service,No internet service,No internet service,Month-to-month,Yes,Electronic check,28.03,369.43,Yes
CUST103902,Male,0,No,Yes,59,Yes,Yes,Fiber optic,Yes,No,Yes,No,Yes,Yes,Month-to-month,Yes,Electronic check,104.46,6035.02,No
CUST103903,Male,0,Yes,No,30,Yes,No,Fiber optic,Yes,Yes,Yes,No,No,No,Month-to-month,Yes,Mailed check,92.73,2939.6,No
CUST103904,Female,0,Yes,No,4,Yes,Yes,Fiber optic,Yes,No,Yes,Yes,No,Yes,Two year,Yes,Electronic check,93.57,314.8,No
CUST103905,Male,0,No,No,45,Yes,Yes,Fiber optic,No,Yes,Yes,Yes,Yes,Yes,Two year,Yes,Electronic check,107.37,4898.62,No
CUST103906,Male,0,Yes,Yes,53,Yes,Yes,Fiber optic,No,No,No,No,No,No,Month-to-month,Yes,Bank transfer,86.51,4576.33,No
CUST103907,Male,1,No,No,61,Yes,No,DSL,Yes,No,No,No,Yes,Yes,One year,No,Bank transfer,59.73,3664.52,No
CUST103908,Male,0,Yes,No,13,Yes,No,Fiber optic,Yes,Yes,No,No,No,No,Two year,Yes,Electronic check,76.09,1001.78,No
CUST103909,Female,0,Yes,No,45,Yes,No,DSL,No,No,Yes,No,Yes,Yes,Month-to-month,Yes,Mailed check,68.89,3177.53,No
CUST103910,Male,0,Yes,No,41,Yes,No,DSL,Yes,Yes,No,No,Yes,No,Two year,Yes,Bank transfer,63.76,2574.98,No
CUST103911,Female,0,Yes,Yes,32,Yes,No,DSL,Yes,No,No,Yes,No,Yes,Two year,Yes,Electronic check,64.1,2202.48,No
CUST103912,Male,0,Yes,No,65,Yes,Yes,DSL,No,No,Yes,No,No,No,Two year,Yes,Mailed check,60.48,4022.1,No
CUST103913,Female,0,No,No,31,Yes,Yes,DSL,No,No,Yes,No,Yes,No,One year,Yes,Bank transfer,67.96,2080.61,No
CUST103914,Male,1,No,No,28,Yes,Yes,DSL,No,No,No,No,No,No,Month-to-month,Yes,Credit card,54.69,1537.46,No
CUST103915,Male,0,No,No,38,Yes,No,DSL,No,Yes,Yes,No,Yes,No,Month-to-month,No,Mailed check,65.18,2489.5,No
CUST103916,Female,0,No,No,67,Yes,No,DSL,No,No,No,No,No,No,Two year,Yes,Bank transfer,41.21,2731.52,No
CUST103917,Female,0,No,No,63,Yes,Yes,DSL,No,No,No,No,Yes,Yes,Month-to-month,Yes,Mailed check,70.93,4444.64,No
CUST103918,Male,0,Yes,No,52,Yes,Yes,Fiber optic,No,Yes,Yes,No,Yes,No,Month-to-month,No,Bank transfer,100.26,5280.74,Yes
CUST103919,Female,1,No,No,6,Yes,No,No,No internet service,No internet service,No internet service,No internet service,No internet service,No internet service,Month-to-month,No,Bank transfer,32.44,244.9,No
CUST103920,Male,0,No,Yes,22,Yes,Yes,Fiber optic,No,No,No,No,Yes,Yes,Month-to-month,Yes,Mailed check,93.0,2005.91,No
CUST103921,Male,0,No,No,2,Yes,No,DSL,No,Yes,Yes,No,No,No,Month-to-month,Yes,Electronic check,63.55,135.51,Yes
CUST103922,Male,0,Yes,No,7,Yes,No,Fiber optic,No,No,No,No,No,No,One year,No,Credit card,70.75,417.43,No
CUST103923,Female,0,No,No,60,No,No phone service,Fiber optic,Yes,No,Yes,No,Yes,No,Month-to-month,Yes,Bank transfer,82.97,5117.1,No
CUST103924,Female,0,Yes,No,59,Yes,Yes,DSL,No,No,Yes,No,No,No,Month-to-month,No,Bank transfer,64.77,3884.87,No
CUST103925,Male,0,Yes,No,8,Yes,No,Fiber optic,No,Yes,No,No,Yes,No,Month-to-month,Yes,Mailed check,80.54,639.35,Yes
CUST103926,Male,0,No,Yes,33,Yes,Yes,DSL,No,Yes,No,Yes,No,No,One year,Yes,Electronic check,68.24,2267.64,Yes
CUST103927,Male,0,No,No,21,Yes,Yes,Fiber optic,Yes,Yes,Yes,No,Yes,Yes,One year,Yes,Mailed check,101.47,2197.48,No
CUST103928,Female,0,Yes,Yes,6,Yes,Yes,Fiber optic,No,No,Yes,Yes,No,Yes,Two year,Yes,Mailed check,90.54,501.85,No
CUST103929,Male,0,Yes,Yes,28,Yes,No,Fiber optic,No,Yes,Yes,No,Yes,Yes,Two year,Yes,Mailed check,90.07,2522.35,Yes
CUST103930,Male,0,No,Yes,8,Yes,No,DSL,No,No,Yes,No,Yes,Yes,Month-to-month,Yes,Electronic check,56.4,508.43,No
CUST103931,Male,0,Yes,No,53,Yes,No,DSL,No,Yes,Yes,No,No,No,Two year,No,Bank transfer,53.13,2720.37,No
CUST103932,Female,0,Yes,Yes,70,Yes,No,No,No internet service,No internet service,No internet service,No internet service,No internet service,No internet service,Month-to-month,Yes,Mailed check,28.33,2027.9,No
CUST103933,Male,0,No,No,31,Yes,No,Fiber optic,No,No,No,Yes,Yes,Yes,One year,No,Bank transfer,87.78,2921.59,No
CUST103934,Male,1,No,No,18,Yes,Yes,Fiber optic,Yes,Yes,No,No,No,Yes,One year,No,Electronic check,88.9,1468.74,No
CUST103935,Female,0,Yes,Yes,36,Yes,Yes,No,No internet service,No internet service,No internet service,No internet service,No internet service,No internet service,Month-to-month,No,Mailed check,25.14,978.45,No
CUST103936,Male,0,No,No,70,No,No phone service,Fiber optic,No,Yes,No,Yes,No,No,Month-to-month,No,Electronic check,69.0,4732.44,No
CUST103937,Male,0,Yes,No,12,Yes,No,DSL,No,No,No,No,No,No,One year,Yes,Bank transfer,42.6,401.01,No
CUST103938,Female,0,Yes,No,50,Yes,No,Fiber optic,No,Yes,No,Yes,No,Yes,Month-to-month,Yes,Bank transfer,94.58,4697.77,Yes
CUST103939,Male,1,No,No,7,Yes,No,DSL,No,Yes,No,Yes,Yes,No,One year,Yes,Mailed check,62.92,483.04,Yes
CUST103940,Male,0,No,No,22,No,No phone service,Fiber optic,Yes,No,No,No,No,Yes,Month-to-month,No,Credit card,81.01,1827.77,No
CUST103941,Male,0,Yes,Yes,32,No,No phone service,Fiber optic,No,No,Yes,No,No,No,One year,Yes,Electronic check,64.13,2042.9,No
CUST103942,Female,1,Yes,No,28,Yes,No,DSL,Yes,No,No,No,No,No,Two year,Yes,Mailed check,55.21,1460.44,No
CUST103943,Male,0,Yes,Yes,13,Yes,Yes,DSL,Yes,No,No,No,Yes,Yes,Month-to-month,Yes,Bank transfer,72.98,937.43,Yes
CUST103944,Male,0,Yes,No,56,Yes,No,Fiber optic,No,No,No,Yes,Yes,Yes,Month-to-month,Yes,Mailed check,85.76,4657.52,No
CUST103945,Female,0,Yes,Yes,49,Yes,No,Fiber optic,No,Yes,Yes,Yes,Yes,No,One year,Yes,Bank transfer,93.03,4625.9,No
CUST103946,Male,0,Yes,No,32,Yes,No,DSL,Yes,No,Yes,No,Yes,Yes,Month-to-month,Yes,Credit card,69.18,2182.47,No
CUST103947,Female,0,No,No,31,Yes,No,DSL,No,Yes,No,No,No,No,Month-to-month,Yes,Bank transfer,49.78,1631.76,No
CUST103948,Female,0,Yes,Yes,6,Yes,No,Fiber optic,No,Yes,No,No,No,Yes,One year,Yes,Electronic check,75.36,374.37,Yes
CUST103949,Male,0,No,Yes,48,Yes,No,No,No internet service,No internet service,No internet service,No internet service,No internet service,No internet service,Month-to-month,Yes,Electronic check,35.88,1765.29,No
CUST103950,Female,0,No,Yes,17,Yes,Yes,Fiber optic,No,No,Yes,Yes,No,No,One year,Yes,Credit card,89.17,1374.35,No
CUST103951,Female,0,No,No,22,Yes,No,Fiber optic,No,No,Yes,Yes,No,Yes,Month-to-month,No,Electronic check,82.55,1924.02,Yes
CUST103952,Female,0,No,No,62,Yes,Yes,Fiber optic,Yes,No,No,Yes,No,No,Month-to-month,No,Mailed check,88.56,5525.98,No
CUST103953,Male,0,Yes,Yes,47,Yes,Yes,Fiber optic,Yes,No,Yes,Yes,Yes,No,Month-to-month,Yes,Credit card,97.61,4558.7,No
CUST103954,Female,0,Yes,No,51,No,No phone service,DSL,Yes,Yes,No,No,No,Yes,Two year,No,Bank transfer,60.6,3055.69,No
CUST103955,Male,0,No,Yes,20,Yes,No,DSL,Yes,Yes,Yes,No,Yes,No,Month-to-month,Yes,Electronic check,66.83,1311.42,No
CUST103956,Male,0,Yes,No,37,Yes,Yes,DSL,Yes,No,Yes,No,No,Yes,Month-to-month,Yes,Bank transfer,69.82,2583.19,No
CUST103957,Male,0,Yes,No,1,Yes,Yes,No,No internet service,No internet service,No internet service,No internet service,No internet service,No internet service,Month-to-month,No,Mailed check,32.5,18.0,Yes
CUST103958,Male,0,Yes,No,18,Yes,No,Fiber optic,No,Yes,Yes,Yes,Yes,No,One year,Yes,Credit card,93.93,1664.28,No
CUST103959,Female,0,No,No,58,Yes,No,DSL,Yes,No,No,No,No,Yes,One year,Yes,Bank transfer,57.93,3335.12,No
CUST103960,Female,0,Yes,No,35,Yes,Yes,Fiber optic,Yes,No,Yes,No,Yes,No,Month-to-month,No,Mailed check,99.0,3546.43,Yes
CUST103961,Male,0,Yes,Yes,46,Yes,No,DSL,No,Yes,No,No,No,No,Month-to-month,No,Electronic check,52.23,2360.91,No
CUST103962,Male,0,Yes,No,57,Yes,No,Fiber optic,No,No,No,No,Yes,Yes,Month-to-month,Yes,Electronic check,93.78,5263.02,No
CUST103963,Male,0,No,Yes,68,Yes,No,Fiber optic,No,No,No,No,Yes,Yes,One year,Yes,Mailed check,83.44,5668.45,No
CUST103964,Female,0,Yes,Yes,6,Yes,No,No,No internet service,No internet service,No internet service,No internet service,No internet service,No internet service,Two year,No,Bank transfer,24.83,195.75,No
CUST103965,Female,0,No,No,42,Yes,No,Fiber optic,No,Yes,Yes,Yes,Yes,No,One year,No,Mailed check,89.1,3749.74,No
CUST103966,Male,1,No,No,72,Yes,No,No,No internet service,No internet service,No internet service,No internet service,No internet service,No internet service,One year,No,Credit card,25.12,1813.31,No
CUST103967,Male,0,Yes,No,15,Yes,Yes,DSL,Yes,No,No,No,No,No,Month-to-month,No,Electronic check,54.75,824.96,Yes
CUST103968,Female,0,Yes,No,62,Yes,Yes,Fiber optic,No,No,No,Yes,No,No,One year,No,Electronic check,88.08,5448.18,No
CUST103969,Male,1,No,No,42,Yes,Yes,No,No internet service,No internet service,No internet service,No internet service,No internet service,No internet service,One year,Yes,Bank transfer,33.98,1382.37,No
CUST103970,Male,1,No,Yes,23,Yes,No,DSL,No,No,No,No,Yes,No,Month-to-month,Yes,Bank transfer,54.21,1183.98,No
CUST103971,Female,0,Yes,No,57,Yes,No,Fiber optic,Yes,No,No,Yes,No,No,Two year,No,Mailed check,74.91,4272.07,No
CUST103972,Male,0,Yes,No,63,No,No phone service,No,No internet service,No internet service,No internet service,No internet service,No internet service,No internet service,Month-to-month,Yes,Mailed check,20.02,1287.25,No
CUST103973,Female,1,Yes,Yes,11,Yes,No,Fiber optic,No,Yes,No,No,No,No,One year,Yes,Electronic check,65.65,727.41,No
CUST103974,Female,0,Yes,No,50,Yes,Yes,DSL,No,No,Yes,No,No,Yes,One year,Yes,Bank transfer,66.44,3178.14,No
CUST103975,Female,0,Yes,No,68,Yes,No,DSL,No,No,Yes,No,Yes,No,Two year,No,Credit card,55.9,3875.53,No
CUST103976,Male,0,Yes,No,48,Yes,No,Fiber optic,Yes,Yes,Yes,Yes,No,Yes,Month-to-month,Yes,Credit card,103.43,4854.72,No
CUST103977,Male,0,Yes,No,40,Yes,No,No,No internet service,No internet service,No internet service,No internet service,No internet service,No internet service,Two year,Yes,Bank transfer,31.34,1147.95,No
CUST103978,Male,0,No,No,11,Yes,No,DSL,No,No,No,No,No,No,Month-to-month,Yes,Bank transfer,49.25,458.01,No
CUST103979,Male,0,No,No,33,Yes,No,DSL,No,No,Yes,Yes,No,No,Month-to-month,Yes,Bank transfer,52.53,1699.18,No
CUST103980,Female,0,No,No,66,Yes,No,DSL,No,Yes,No,No,No,Yes,Two year,Yes,Bank transfer,59.48,3916.66,No
CUST103981,Female,0,No,No,58,Yes,No,Fiber optic,Yes,No,Yes,No,No,Yes,Month-to-month,No,Electronic check,94.86,5580.07,Yes
CUST103982,Female,0,No,No,33,Yes,No,Fiber optic,No,No,No,No,No,No,One year,No,Mailed check,66.99,2290.08,No
CUST103983,Male,1,Yes,No,23,Yes,No,Fiber optic,No,No,No,No,No,No,Month-to-month,Yes,Credit card,66.67,1394.38,Yes
CUST103984,Male,0,No,Yes,58,No,No phone service,Fiber optic,No,Yes,No,No,Yes,No,Two year,Yes,Credit card,74.25,4162.91,No
CUST103985,Male,1,Yes,No,70,Yes,Yes,Fiber optic,No,No,Yes,No,No,Yes,One year,Yes,Bank transfer,90.03,6387.85,No
CUST103986,Female,1,Yes,No,22,Yes,Yes,Fiber optic,No,Yes,No,No,No,No,Month-to-month,No,Electronic check,84.74,1850.11,Yes
CUST103987,Female,0,No,No,59,No,No phone service,Fiber optic,No,No,Yes,No,Yes,No,Two year,Yes,Credit card,76.2,4413.52,No
CUST103988,Female,0,No,No,23,No,No phone service,DSL,No,Yes,Yes,No,No,Yes,Month-to-month,Yes,Electronic check,55.97,1333.92,Yes
CUST103989,Female,0,Yes,No,60,Yes,No,DSL,Yes,No,No,Yes,No,No,One year,Yes,Electronic check,53.21,3282.61,No
CUST103990,Female,1,No,No,70,Yes,No,No,No internet service,No internet service,No internet service,No internet service,No internet service,No internet service,One year,Yes,Mailed check,36.0,2553.3,No
CUST103991,Male,0,Yes,No,48,Yes,No,Fiber optic,Yes,No,No,Yes,Yes,No,One year,No,Bank transfer,93.11,4407.41,No
CUST103992,Male,0,Yes,Yes,36,Yes,No,DSL,Yes,No,No,Yes,No,No,One year,Yes,Mailed check,57.96,1914.04,No
CUST103993,Female,1,Yes,No,23,Yes,No,Fiber optic,Yes,No,Yes,No,No,Yes,Two year,Yes,Bank transfer,92.1,2159.84,No
CUST103994,Female,0,Yes,No,5,Yes,Yes,Fiber optic,No,No,No,Yes,Yes,No,Month-to-month,Yes,Bank transfer,88.95,434.72,Yes
CUST103995,Male,1,No,Yes,4,Yes,No,DSL,No,No,No,No,No,No,Two year,No,Electronic check,41.28,97.97,No
CUST103996,Female,0,Yes,Yes,61,Yes,No,Fiber optic,No,No,Yes,No,No,No,Month-to-month,Yes,Electronic check,78.73,4677.18,No
CUST103997,Female,0,Yes,No,48,Yes,Yes,DSL,Yes,No,Yes,Yes,No,No,Month-to-month,Yes,Bank transfer,63.09,3046.15,No
CUST103998,Male,0,No,No,17,Yes,Yes,No,No internet service,No internet service,No internet service,No internet service,No internet service,No internet service,One year,Yes,Credit card,43.44,694.38,No
CUST103999,Male,0,No,No,40,Yes,No,Fiber optic,Yes,No,No,No,No,Yes,Month-to-month,No,Credit card,77.66,3119.61,No
CUST104000,Male,0,Yes,Yes,64,Yes,Yes,No,No internet service,No internet service,No internet service,No internet service,No internet service,No internet service,Month-to-month,No,Electronic check,40.83,2685.97,No
CUST104001,Female,1,Yes,No,47,Yes,Yes,Fiber optic,Yes,Yes,Yes,No,No,No,One year,No,Mailed check,99.7,4631.43,No
CUST104002,Male,0,Yes,Yes,66,Yes,No,No,No internet service,No internet service,No internet service,No internet service,No internet service,No internet service,Month-to-month,Yes,Credit card,22.8,1674.29,No
CUST104003,Female,0,Yes,Yes,9,Yes,No,Fiber optic,No,Yes,Yes,No,No,Yes,Month-to-month,No,Electronic check,81.41,723.78,No
CUST104004,Female,1,No,No,6,Yes,Yes,DSL,No,Yes,Yes,Yes,No,No,Month-to-month,Yes,Bank transfer,70.26,481.84,Yes
CUST104005,Male,0,No,No,48,Yes,No,No,No internet service,No internet service,No internet service,No internet service,No internet service,No internet service,Month-to-month,Yes,Mailed check,34.41,1609.39,No
CUST104006,Male,0,Yes,No,42,Yes,No,No,No internet service,No internet service,No internet service,No internet service,No internet service,No internet service,Month-to-month,No,Bank transfer,31.08,1352.04,No
CUST104007,Female,1,Yes,Yes,50,Yes,Yes,No,No internet service,No internet service,No internet service,No internet service,No internet service,No internet service,Month-to-month,No,Electronic check,31.95,1525.32,No
CUST104008,Male,0,Yes,Yes,71,Yes,No,No,No internet service,No internet service,No internet service,No internet service,No internet service,No internet service,Two year,Yes,Electronic check,34.46,2499.1,No
CUST104009,Female,0,No,No,8,Yes,No,Fiber optic,No,Yes,No,No,Yes,No,Month-to-month,Yes,Electronic check,91.25,929.21,Yes
CUST104010,Female,0,Yes,Yes,68,Yes,No,Fiber optic,No,Yes,No,No,No,No,One year,Yes,Mailed check,71.49,4774.3,No
CUST104011,Female,0,Yes,Yes,5,Yes,No,Fiber optic,Yes,Yes,Yes,No,Yes,No,Two year,No,Electronic check,93.82,282.95,No
CUST104012,Male,0,No,Yes,38,Yes,Yes,DSL,Yes,No,Yes,No,No,Yes,Month-to-month,No,Mailed check,72.82,2718.33,No
CUST104013,Male,0,No,No,60,Yes,Yes,Fiber optic,Yes,No,No,No,Yes,No,Two year,No,Mailed check,88.18,5314.56,No
CUST104014,Female,0,Yes,No,49,Yes,No,No,No internet service,No internet service,No internet service,No internet service,No internet service,No internet service,Month-to-month,Yes,Electronic check,24.71,1217.98,No
CUST104015,Female,0,Yes,Yes,17,Yes,Yes,Fiber optic,No,No,Yes,No,No,Yes,One year,Yes,Electronic check,85.05,1412.09,No
CUST104016,Female,0,Yes,No,44,Yes,No,Fiber optic,Yes,No,No,Yes,No,Yes,Two year,Yes,Electronic check,80.19,3614.31,No
CUST104017,Female,0,No,No,65,Yes,Yes,Fiber optic,No,Yes,Yes,No,No,No,One year,No,Credit card,90.76,5863.17,No
CUST104018,Female,0,Yes,No,15,Yes,Yes,No,No internet service,No internet service,No internet service,No internet service,No internet service,No internet service,Month-to-month,No,Electronic check,33.25,569.18,No
CUST104019,Female,0,Yes,No,68,Yes,Yes,DSL,No,No,No,No,No,No,Month-to-month,Yes,Bank transfer,59.94,4045.7,No
CUST104020,Male,0,No,No,48,Yes,No,DSL,No,No,Yes,No,No,No,Month-to-month,Yes,Mailed check,53.47,2494.81,No
CUST104021,Female,1,Yes,No,7,Yes,No,Fiber optic,No,No,No,Yes,No,Yes,Two year,Yes,Electronic check,81.96,583.19,No
CUST104022,Female,0,Yes,Yes,24,Yes,Yes,No,No internet service,No internet service,No internet service,No internet service,No internet service,No internet service,Month-to-month,Yes,Credit card,41.1,1000.01,No
CUST104023,Male,0,No,No,63,Yes,No,Fiber optic,No,Yes,No,No,No,No,Month-to-month,Yes,Bank transfer,74.98,4872.94,No
CUST104024,Female,0,Yes,Yes,25,No,No phone service,Fiber optic,No,No,No,No,No,No,Month-to-month,Yes,Bank transfer,60.03,1535.02,Yes
CUST104025,Female,0,No,No,69,Yes,No,DSL,Yes,Yes,Yes,Yes,No,No,Month-to-month,Yes,Electronic check,69.21,4797.76,No
CUST104026,Female,1,No,No,31,Yes,Yes,Fiber optic,No,Yes,No,Yes,No,Yes,Month-to-month,Yes,Electronic check,92.04,2862.48,Yes
CUST104027,Female,0,Yes,Yes,25,Yes,Yes,No,No internet service,No internet service,No internet service,No internet service,No internet service,No internet service,Month-to-month,No,Electronic check,35.91,852.73,No
CUST104028,Female,0,No,Yes,62,Yes,No,Fiber optic,No,Yes,No,No,No,Yes,One year,Yes,Mailed check,83.65,5166.78,No
CUST104029,Male,0,No,Yes,57,No,No phone service,Fiber optic,Yes,No,No,Yes,No,Yes,Month-to-month,No,Credit card,79.43,4485.55,No
CUST104030,Female,0,No,Yes,18,No,No phone service,Fiber optic,Yes,No,No,Yes,No,No,Month-to-month,No,Mailed check,73.71,1337.4,Yes
CUST104031,Male,0,No,No,57,Yes,Yes,Fiber optic,No,No,No,Yes,No,No,Month-to-month,Yes,Electronic check,83.72,4649.15,Yes
CUST104032,Male,1,Yes,Yes,19,Yes,No,Fiber optic,No,No,Yes,No,No,Yes,Month-to-month,Yes,Electronic check,82.9,1436.53,Yes
CUST104033,Female,0,Yes,No,65,Yes,No,Fiber optic,No,No,No,No,Yes,Yes,One year,Yes,Mailed check,82.04,5272.23,No
CUST104034,Female,0,No,No,1,Yes,No,Fiber optic,Yes,No,No,Yes,No,Yes,Month-to-month,No,Electronic check,83.0,18.0,Yes
CUST104035,Female,0,Yes,Yes,48,No,No phone service,Fiber optic,No,No,No,No,Yes,No,Month-to-month,No,Mailed check,66.18,3199.85,No
CUST104036,Female,0,Yes,Yes,12,Yes,Yes,Fiber optic,No,Yes,Yes,No,No,Yes,Month-to-month,No,Credit card,91.43,1051.17,No
CUST104037,Male,0,Yes,No,49,Yes,Yes,No,No internet service,No internet service,No internet service,No internet service,No internet service,No internet service,Month-to-month,No,Mailed check,37.76,1892.22,No
CUST104038,Male,0,Yes,No,71,Yes,No,DSL,No,Yes,Yes,Yes,No,No,One year,Yes,Electronic check,68.02,4777.69,No
CUST104039,Female,0,No,No,49,Yes,No,DSL,No,No,No,Yes,Yes,Yes,Two year,Yes,Electronic check,65.09,3364.65,No
CUST104040,Female,0,No,Yes,32,Yes,No,Fiber optic,Yes,No,No,No,Yes,No,Month-to-month,Yes,Bank transfer,87.04,2763.34,No
CUST104041,Female,1,No,No,60,Yes,Yes,No,No internet service,No internet service,No internet service,No internet service,No internet service,No internet service,Month-to-month,No,Electronic check,32.31,1969.47,No
CUST104042,Male,0,Yes,No,15,Yes,Yes,Fiber optic,No,No,No,Yes,No,No,Month-to-month,Yes,Credit card,81.53,1170.75,No
CUST104043,Male,1,Yes,No,40,Yes,No,Fiber optic,Yes,Yes,Yes,No,No,No,One year,Yes,Bank transfer,84.43,3342.31,No
CUST104044,Female,0,No,No,70,Yes,Yes,Fiber optic,No,No,No,No,No,No,Month-to-month,No,Mailed check,79.48,5596.72,No
CUST104045,Female,0,Yes,No,26,Yes,No,DSL,No,No,No,No,Yes,Yes,Two year,No,Bank transfer,57.64,1498.28,No
CUST104046,Female,1,No,No,2,Yes,No,No,No internet service,No internet service,No internet service,No internet service,No internet service,No internet service,Month-to-month,Yes,Electronic check,31.08,120.14,No
CUST104047,Female,0,No,No,32,Yes,Yes,Fiber optic,No,No,No,No,No,No,Two year,Yes,Electronic check,78.51,2593.43,No
CUST104048,Female,0,Yes,No,35,Yes,No,Fiber optic,No,Yes,No,No,No,Yes,Month-to-month,No,Bank transfer,82.76,3061.2,Yes
CUST104049,Female,0,Yes,Yes,59,No,No phone service,No,No internet service,No internet service,No internet service,No internet service,No internet service,No internet service,Month-to-month,Yes,Electronic check,18.0,1119.32,No
CUST104050,Female,0,No,No,58,Yes,No,Fiber optic,Yes,No,No,Yes,No,No,Month-to-month,No,Electronic check,73.46,4263.54,Yes
CUST104051,Female,1,Yes,Yes,25,Yes,Yes,DSL,No,No,Yes,No,Yes,No,Month-to-month,No,Credit card,63.3,1549.59,No
CUST104052,Female,0,No,No,56,Yes,Yes,DSL,Yes,No,Yes,Yes,Yes,Yes,Two year,Yes,Bank transfer,85.09,4708.8,No
CUST104053,Male,0,No,No,11,Yes,No,DSL,No,No,Yes,No,No,No,Month-to-month,No,Electronic check,44.02,451.17,No
CUST104054,Male,0,Yes,No,14,Yes,Yes,No,No internet service,No internet service,No internet service,No internet service,No internet service,No internet service,Month-to-month,No,Credit card,28.78,420.11,No
CUST104055,Female,0,No,No,44,Yes,Yes,No,No internet service,No internet service,No internet service,No internet service,No internet service,No internet service,Two year,Yes,Electronic check,33.92,1585.73,No
CUST104056,Female,0,Yes,Yes,51,Yes,No,Fiber optic,No,No,No,No,No,No,Month-to-month,Yes,Credit card,66.69,3430.53,No
CUST104057,Male,1,Yes,Yes,59,Yes,No,No,No internet service,No internet service,No internet service,No internet service,No internet service,No internet service,Month-to-month,Yes,Mailed check,40.9,2390.19,No
CUST104058,Male,0,No,No,45,Yes,No,DSL,No,No,No,No,No,No,Month-to-month,No,Mailed check,47.01,2019.42,No
CUST104059,Female,1,No,Yes,10,Yes,No,DSL,Yes,Yes,No,No,No,No,Month-to-month,No,Bank transfer,54.43,481.36,Yes
CUST104060,Male,0,No,Yes,49,Yes,Yes,DSL,Yes,Yes,No,No,No,Yes,Two year,Yes,Electronic check,74.59,3672.09,No
CUST104061,Female,0,No,No,31,Yes,Yes,No,No internet service,No internet service,No internet service,No internet service,No internet service,No internet service,Month-to-month,Yes,Credit card,34.77,1122.46,No
CUST104062,Female,0,No,No,20,Yes,No,DSL,No,Yes,No,Yes,No,Yes,One year,Yes,Electronic check,62.69,1329.34,No
CUST104063,Male,0,Yes,Yes,25,Yes,No,DSL,No,No,No,No,No,No,Month-to-month,Yes,Credit card,53.33,1408.7,No
CUST104064,Male,1,Yes,No,59,Yes,No,DSL,No,Yes,Yes,Yes,Yes,No,Month-to-month,Yes,Electronic check,59.7,3441.41,No
CUST104065,Male,0,Yes,No,13,Yes,Yes,Fiber optic,No,Yes,No,No,Yes,Yes,One year,Yes,Electronic check,92.17,1142.52,Yes
CUST104066,Female,0,Yes,No,41,Yes,Yes,Fiber optic,No,Yes,No,Yes,No,No,One year,Yes,Electronic check,89.15,3723.32,No
CUST104067,Male,0,Yes,Yes,6,Yes,Yes,DSL,No,Yes,No,Yes,No,Yes,Month-to-month,No,Mailed check,66.21,480.46,No
CUST104068,Female,0,No,No,53,Yes,Yes,No,No internet service,No internet service,No internet service,No internet service,No internet service,No internet service,Month-to-month,No,Bank transfer,31.16,1650.66,No
CUST104069,Male,0,Yes,No,11,Yes,No,No,No internet service,No internet service,No internet service,No internet service,No internet service,No internet service,Month-to-month,No,Bank transfer,31.33,472.62,No
CUST104070,Female,1,No,Yes,68,Yes,No,DSL,Yes,No,Yes,Yes,Yes,No,One year,Yes,Credit card,65.32,4533.41,No
CUST104071,Female,0,No,No,64,Yes,No,No,No internet service,No internet service,No internet service,No internet service,No internet service,No internet service,One year,Yes,Mailed check,29.5,1941.97,No
CUST104072,Male,0,No,No,62,Yes,No,No,No internet service,No internet service,No internet service,No internet service,No internet service,No internet service,Month-to-month,Yes,Mailed check,27.01,1702.32,No
CUST104073,Male,0,Yes,No,26,Yes,No,No,No internet service,No internet service,No internet service,No internet service,No internet service,No internet service,Month-to-month,Yes,Electronic check,29.43,628.69,No
CUST104074,Male,0,No,Yes,57,Yes,Yes,DSL,No,Yes,No,No,No,No,One year,Yes,Bank transfer,57.63,3210.25,No
CUST104075,Female,0,No,No,10,Yes,No,No,No internet service,No internet service,No internet service,No internet service,No internet service,No internet service,Month-to-month,No,Credit card,31.37,306.17,No
CUST104076,Female,0,Yes,No,21,Yes,Yes,Fiber optic,No,No,No,Yes,Yes,Yes,One year,Yes,Mailed check,99.83,2225.67,No
CUST104077,Male,0,Yes,Yes,10,Yes,No,DSL,No,Yes,No,Yes,No,Yes,One year,Yes,Mailed check,60.23,708.35,No
CUST104078,Male,0,Yes,Yes,4,Yes,No,Fiber optic,Yes,Yes,No,No,Yes,No,Month-to-month,Yes,Mailed check,80.56,265.96,No
CUST104079,Female,1,No,No,27,Yes,No,DSL,Yes,Yes,No,No,Yes,No,Month-to-month,Yes,Electronic check,62.47,1764.47,No
CUST104080,Male,1,No,Yes,42,Yes,Yes,Fiber optic,Yes,No,Yes,No,Yes,No,Month-to-month,Yes,Mailed check,91.68,3779.13,No
CUST104081,Male,0,Yes,No,63,Yes,Yes,Fiber optic,No,Yes,Yes,No,Yes,No,One year,Yes,Electronic check,91.16,5533.56,Yes
CUST104082,Female,0,No,No,3,Yes,Yes,Fiber optic,No,No,Yes,No,Yes,Yes,Two year,No,Credit card,89.07,421.53,No
CUST104083,Male,0,Yes,Yes,30,Yes,Yes,DSL,Yes,Yes,No,No,Yes,Yes,Month-to-month,Yes,Electronic check,75.37,2082.82,No
CUST104084,Male,0,Yes,No,52,Yes,No,No,No internet service,No internet service,No internet service,No internet service,No internet service,No internet service,Month-to-month,Yes,Electronic check,28.17,1237.12,No
CUST104085,Male,0,No,No,15,Yes,Yes,DSL,Yes,No,Yes,Yes,No,Yes,Month-to-month,No,Electronic check,72.64,1109.27,No
CUST104086,Male,0,No,Yes,54,Yes,No,No,No internet service,No internet service,No internet service,No internet service,No internet service,No internet service,One year,No,Mailed check,27.8,1475.77,No
CUST104087,Female,0,No,No,42,Yes,No,Fiber optic,No,Yes,Yes,Yes,No,No,Month-to-month,No,Bank transfer,87.6,3707.11,Yes
CUST104088,Male,1,Yes,No,41,Yes,No,DSL,No,No,No,No,No,Yes,One year,No,Credit card,58.67,2553.89,No
CUST104089,Male,1,Yes,No,9,Yes,Yes,Fiber optic,No,No,Yes,No,No,No,Month-to-month,Yes,Mailed check,88.14,870.8,Yes
CUST104090,Male,0,Yes,No,13,Yes,Yes,No,No internet service,No internet service,No internet service,No internet service,No internet service,No internet service,Month-to-month,No,Electronic check,32.4,465.33,No
CUST104091,Male,0,Yes,No,64,Yes,No,No,No internet service,No internet service,No internet service,No internet service,No internet service,No internet service,Month-to-month,Yes,Bank transfer,25.0,1530.08,No
CUST104092,Female,0,Yes,No,64,Yes,No,DSL,No,No,Yes,No,Yes,Yes,Two year,Yes,Bank transfer,59.47,3765.98,No
CUST104093,Female,0,No,Yes,33,Yes,No,DSL,No,Yes,No,No,No,Yes,One year,Yes,Bank transfer,61.26,2067.88,No
CUST104094,Female,0,No,Yes,43,Yes,Yes,DSL,No,No,No,No,Yes,Yes,Month-to-month,No,Mailed check,67.73,2877.75,No
CUST104095,Male,1,Yes,No,40,Yes,Yes,Fiber optic,No,No,No,No,Yes,No,Month-to-month,Yes,Mailed check,89.68,3651.22,No
CUST104096,Male,0,Yes,No,38,Yes,Yes,DSL,No,Yes,Yes,Yes,No,No,Two year,Yes,Electronic check,68.72,2629.22,No
CUST104097,Male,0,Yes,No,52,Yes,No,DSL,Yes,No,No,No,No,Yes,Two year,Yes,Electronic check,55.77,2884.3,No
CUST104098,Female,0,Yes,Yes,41,Yes,No,Fiber optic,Yes,No,Yes,No,No,Yes,Month-to-month,Yes,Credit card,86.81,3648.99,No
CUST104099,Male,0,No,No,10,No,No phone service,No,No internet service,No internet service,No internet service,No internet service,No internet service,No internet service,One year,No,Electronic check,19.13,171.79,No
CUST104100,Female,0,Yes,No,6,Yes,No,DSL,Yes,Yes,No,No,Yes,Yes,Two year,No,Electronic check,67.12,293.34,No
CUST104101,Female,0,No,No,62,Yes,Yes,Fiber optic,Yes,No,Yes,No,No,Yes,Month-to-month,Yes,Electronic check,94.34,5948.38,No
CUST104102,Male,0,Yes,Yes,54,No,No phone service,DSL,Yes,Yes,No,No,No,Yes,Month-to-month,Yes,Electronic check,51.5,2781.55,No
CUST104103,Female,0,Yes,Yes,15,Yes,No,Fiber optic,No,No,Yes,No,Yes,No,Month-to-month,No,Credit card,87.56,1295.42,No
CUST104104,Female,0,No,Yes,5,Yes,No,Fiber optic,No,No,No,No,No,Yes,Month-to-month,Yes,Electronic check,70.11,340.59,Yes
CUST104105,Female,0,Yes,No,16,No,No phone service,No,No internet service,No internet service,No internet service,No internet service,No internet service,No internet service,One year,Yes,Mailed check,24.81,351.31,No
CUST104106,Female,0,Yes,Yes,42,Yes,No,Fiber optic,No,Yes,No,No,No,No,Month-to-month,Yes,Credit card,72.99,3274.89,No
CUST104107,Female,1,No,No,43,Yes,No,DSL,Yes,No,No,Yes,No,Yes,Month-to-month,Yes,Electronic check,51.38,2105.57,No
CUST104108,Male,0,Yes,Yes,13,Yes,Yes,Fiber optic,No,Yes,Yes,Yes,Yes,Yes,Month-to-month,No,Electronic check,98.8,1313.22,No
CUST104109,Male,0,Yes,Yes,13,Yes,Yes,DSL,No,No,No,No,Yes,No,One year,No,Mailed check,59.74,793.14,No
CUST104110,Female,0,Yes,No,15,Yes,No,DSL,Yes,No,No,Yes,Yes,No,Month-to-month,Yes,Electronic check,61.31,983.96,No
CUST104111,Female,0,Yes,No,32,Yes,Yes,No,No internet service,No internet service,No internet service,No internet service,No internet service,No internet service,Month-to-month,No,Electronic check,36.63,1143.71,Yes
CUST104112,Female,0,No,No,17,Yes,No,Fiber optic,Yes,No,No,Yes,No,Yes,Month-to-month,No,Bank transfer,85.3,1549.26,No
CUST104113,Female,0,Yes,Yes,33,Yes,Yes,No,No internet service,No internet service,No internet service,No internet service,No internet service,No internet service,Two year,Yes,Electronic check,37.31,1204.57,No
CUST104114,Male,0,No,No,2,Yes,Yes,DSL,No,Yes,No,No,Yes,Yes,Month-to-month,Yes,Bank transfer,72.04,104.64,No
CUST104115,Female,1,No,No,68,Yes,No,No,No internet service,No internet service,No internet service,No internet service,No internet service,No internet service,Month-to-month,Yes,Credit card,30.6,2087.62,No
CUST104116,Female,0,Yes,No,65,Yes,Yes,No,No internet service,No internet service,No internet service,No internet service,No internet service,No internet service,One year,No,Electronic check,38.47,2528.41,No
CUST104117,Female,0,Yes,No,25,Yes,Yes,Fiber optic,No,No,No,No,No,No,Month-to-month,No,Electronic check,79.03,2063.31,No
CUST104118,Female,1,Yes,No,58,Yes,Yes,DSL,Yes,Yes,Yes,Yes,No,Yes,One year,No,Electronic check,78.81,4467.46,No
CUST104119,Female,0,Yes,No,39,Yes,No,No,No internet service,No internet service,No internet service,No internet service,No internet service,No internet service,Month-to-month,Yes,Electronic check,33.69,1387.58,No
CUST104120,Female,0,Yes,No,3,Yes,Yes,No,No internet service,No internet service,No internet service,No internet service,No internet service,No internet service,Two year,Yes,Mailed check,34.73,183.16,No
CUST104121,Male,0,No,No,21,Yes,No,DSL,No,No,No,No,Yes,No,Month-to-month,Yes,Mailed check,50.09,1110.7,No
CUST104122,Male,0,Yes,No,5,Yes,No,No,No internet service,No internet service,No internet service,No internet service,No internet service,No internet service,Month-to-month,No,Electronic check,26.3,126.44,No
CUST104123,Male,0,Yes,No,51,Yes,Yes,No,No internet service,No internet service,No internet service,No internet service,No internet service,No internet service,Month-to-month,No,Electronic check,36.54,1824.77,No
CUST104124,Female,0,No,No,57,Yes,Yes,DSL,No,No,No,No,Yes,Yes,Two year,No,Electronic check,70.99,4086.44,No
CUST104125,Male,0,No,Yes,45,Yes,Yes,Fiber optic,Yes,No,No,No,Yes,No,Two year,Yes,Bank transfer,91.67,4143.92,No
CUST104126,Male,1,Yes,No,1,Yes,Yes,DSL,Yes,No,No,Yes,No,No,Month-to-month,Yes,Mailed check,65.68,18.0,Yes
CUST104127,Female,0,Yes,Yes,17,Yes,No,Fiber optic,Yes,No,Yes,No,Yes,Yes,Month-to-month,No,Bank transfer,92.52,1645.88,Yes
CUST104128,Female,0,No,No,34,Yes,No,No,No internet service,No internet service,No internet service,No internet service,No internet service,No internet service,Month-to-month,Yes,Mailed check,32.35,1045.91,No
CUST104129,Male,0,Yes,Yes,11,Yes,No,No,No internet service,No internet service,No internet service,No internet service,No internet service,No internet service,Month-to-month,Yes,Mailed check,28.03,257.14,No
CUST104130,Female,0,No,Yes,8,Yes,No,DSL,No,Yes,No,No,No,Yes,Month-to-month,Yes,Bank transfer,55.82,532.51,No
CUST104131,Female,0,No,Yes,22,No,No phone service,Fiber optic,No,Yes,Yes,Yes,No,No,Two year,Yes,Electronic check,69.36,1539.83,No
CUST104132,Male,0,Yes,Yes,43,Yes,No,Fiber optic,No,Yes,Yes,Yes,Yes,Yes,Month-to-month,No,Bank transfer,101.42,4348.45,No
CUST104133,Male,1,Yes,Yes,7,Yes,No,Fiber optic,No,Yes,No,Yes,No,Yes,Two year,No,Mailed check,84.66,563.48,No
CUST104134,Male,0,Yes,Yes,72,Yes,No,Fiber optic,Yes,No,Yes,No,Yes,Yes,Month-to-month,No,Mailed check,89.65,6436.01,No
CUST104135,Male,0,Yes,No,34,Yes,No,Fiber optic,No,No,No,No,No,Yes,Two year,Yes,Mailed check,71.88,2441.99,No
CUST104136,Male,0,Yes,No,13,Yes,Yes,DSL,No,No,No,No,Yes,No,Month-to-month,Yes,Mailed check,63.58,958.8,No
CUST104137,Male,0,No,No,2,Yes,No,Fiber optic,Yes,No,No,No,Yes,Yes,Month-to-month,Yes,Bank transfer,89.68,25.45,No
CUST104138,Female,0,No,No,69,Yes,Yes,No,No internet service,No internet service,No internet service,No internet service,No internet service,No internet service,One year,Yes,Electronic check,37.05,2757.91,No
CUST104139,Male,0,No,Yes,43,No,No phone service,DSL,No,No,No,No,Yes,No,Month-to-month,No,Mailed check,44.13,2085.23,No
CUST104140,Male,0,No,No,63,Yes,Yes,Fiber optic,No,Yes,No,No,No,No,Two year,Yes,Electronic check,82.16,5147.33,No
CUST104141,Male,0,No,No,56,Yes,Yes,No,No internet service,No internet service,No internet service,No internet service,No internet service,No internet service,One year,Yes,Electronic check,34.83,1965.68,No
CUST104142,Male,0,Yes,No,71,Yes,No,No,No internet service,No internet service,No internet service,No internet service,No internet service,No internet service,Two year,Yes,Electronic check,23.35,1672.85,No
CUST104143,Female,0,Yes,No,65,Yes,Yes,Fiber optic,No,Yes,No,No,No,Yes,Two year,No,Bank transfer,92.26,6082.62,No
CUST104144,Female,0,No,No,56,No,No phone service,DSL,No,Yes,No,No,No,No,Month-to-month,No,Bank transfer,39.57,2227.21,No
CUST104145,Female,0,No,No,62,Yes,No,Fiber optic,No,Yes,No,No,No,No,Month-to-month,No,Credit card,72.83,4546.37,No
CUST104146,Female,0,Yes,No,62,Yes,No,Fiber optic,Yes,No,No,No,No,No,One year,No,Mailed check,76.48,4836.68,No
CUST104147,Female,0,No,No,19,Yes,Yes,Fiber optic,No,Yes,No,Yes,Yes,Yes,Month-to-month,No,Bank transfer,105.14,1843.0,No
CUST104148,Male,0,Yes,Yes,43,Yes,Yes,DSL,No,No,No,No,No,No,Month-to-month,Yes,Credit card,50.52,2160.07,No
CUST104149,Male,1,Yes,No,71,Yes,Yes,Fiber optic,No,Yes,No,No,No,Yes,Month-to-month,Yes,Electronic check,92.05,6554.3,No
CUST104150,Female,0,No,No,63,Yes,No,Fiber optic,No,No,Yes,No,Yes,No,One year,Yes,Bank transfer,83.31,5222.91,No
CUST104151,Female,0,Yes,Yes,8,Yes,No,No,No internet service,No internet service,No internet service,No internet service,No internet service,No internet service,Month-to-month,No,Electronic check,27.12,81.24,No
CUST104152,Male,1,No,No,9,Yes,No,Fiber optic,No,No,No,No,No,Yes,Month-to-month,Yes,Electronic check,76.66,693.71,Yes
CUST104153,Male,0,No,No,15,Yes,No,DSL,No,No,No,Yes,No,No,Two year,Yes,Credit card,50.62,715.99,No
CUST104154,Male,0,No,No,54,No,No phone service,DSL,No,Yes,No,No,No,Yes,Two year,No,Electronic check,50.91,2715.22,No
CUST104155,Female,0,Yes,Yes,29,Yes,No,Fiber optic,Yes,No,No,Yes,No,No,Month-to-month,No,Credit card,84.61,2453.25,No
CUST104156,Female,0,No,No,46,Yes,Yes,Fiber optic,No,Yes,No,No,No,Yes,Month-to-month,Yes,Credit card,90.17,4012.92,Yes
CUST104157,Male,0,Yes,No,11,Yes,No,DSL,No,No,No,No,No,No,One year,No,Credit card,44.91,471.14,No
CUST104158,Female,1,No,Yes,5,Yes,No,No,No internet service,No internet service,No internet service,No internet service,No internet service,No internet service,Month-to-month,Yes,Bank transfer,26.2,76.9,No
CUST104159,Female,0,Yes,No,56,Yes,No,No,No internet service,No internet service,No internet service,No internet service,No internet service,No internet service,One year,No,Bank transfer,28.57,1497.51,No
CUST104160,Female,0,No,No,21,Yes,Yes,No,No internet service,No internet service,No internet service,No internet service,No internet service,No internet service,One year,Yes,Mailed check,33.1,735.57,No
CUST104161,Female,0,No,Yes,4,Yes,Yes,Fiber optic,Yes,Yes,No,No,Yes,No,Month-to-month,Yes,Mailed check,86.89,245.16,No
CUST104162,Female,1,Yes,No,16,Yes,No,No,No internet service,No internet service,No internet service,No internet service,No internet service,No internet service,Month-to-month,Yes,Credit card,32.58,565.53,No
CUST104163,Male,0,Yes,Yes,24,No,No phone service,Fiber optic,No,No,No,No,No,Yes,Month-to-month,No,Mailed check,68.49,1714.37,No
CUST104164,Female,1,Yes,No,30,No,No phone service,Fiber optic,No,No,No,Yes,No,Yes,Month-to-month,Yes,Mailed check,73.28,2189.7,No
CUST104165,Male,0,No,No,65,Yes,No,DSL,No,Yes,No,No,No,Yes,One year,Yes,Credit card,63.4,4208.91,No
CUST104166,Male,0,No,Yes,15,Yes,No,DSL,Yes,No,No,No,No,No,Month-to-month,No,Mailed check,48.95,919.91,Yes
CUST104167,Female,0,No,No,44,Yes,Yes,DSL,No,No,Yes,Yes,No,Yes,Two year,Yes,Credit card,71.7,3200.82,No
CUST104168,Female,0,No,No,20,Yes,Yes,No,No internet service,No internet service,No internet service,No internet service,No internet service,No internet service,One year,Yes,Electronic check,34.98,675.27,No
CUST104169,Male,0,Yes,No,36,Yes,No,Fiber optic,Yes,No,No,Yes,No,No,Month-to-month,Yes,Electronic check,81.38,3024.41,No
CUST104170,Male,1,No,No,22,Yes,Yes,No,No internet service,No internet service,No internet service,No internet service,No internet service,No internet service,Month-to-month,Yes,Bank transfer,32.61,562.54,No
CUST104171,Female,0,Yes,No,25,No,No phone service,Fiber optic,No,Yes,Yes,No,No,No,Month-to-month,Yes,Mailed check,75.61,2077.77,No
CUST104172,Female,0,No,No,44,Yes,No,DSL,No,Yes,Yes,Yes,No,No,Month-to-month,Yes,Bank transfer,68.1,3004.54,No
CUST104173,Male,0,Yes,Yes,43,Yes,No,Fiber optic,No,No,Yes,Yes,No,Yes,Month-to-month,No,Electronic check,83.25,3602.6,No
CUST104174,Female,0,No,No,10,Yes,No,DSL,No,Yes,No,No,Yes,Yes,Month-to-month,No,Electronic check,68.04,555.63,No
CUST104175,Female,0,Yes,No,12,Yes,No,No,No internet service,No internet service,No internet service,No internet service,No internet service,No internet service,Month-to-month,Yes,Credit card,28.48,415.05,No
CUST104176,Female,0,Yes,No,18,Yes,No,DSL,No,No,Yes,No,No,No,Month-to-month,No,Mailed check,52.47,954.38,Yes
CUST104177,Female,0,Yes,No,65,Yes,No,DSL,No,No,No,No,No,No,Month-to-month,No,Mailed check,47.86,3100.27,No
CUST104178,Male,1,No,No,23,Yes,No,Fiber optic,No,No,No,No,Yes,No,One year,Yes,Electronic check,71.99,1606.03,No
CUST104179,Female,0,Yes,No,42,Yes,Yes,No,No internet service,No internet service,No internet service,No internet service,No internet service,No internet service,Two year,No,Credit card,31.84,1266.49,No
CUST104180,Female,0,Yes,No,33,Yes,No,Fiber optic,No,Yes,No,No,No,Yes,One year,Yes,Credit card,81.03,2615.06,No
CUST104181,Male,0,Yes,Yes,26,Yes,Yes,DSL,No,Yes,Yes,No,No,Yes,Two year,Yes,Mailed check,74.89,1817.31,No
CUST104182,Female,1,Yes,No,3,Yes,Yes,Fiber optic,No,No,No,Yes,Yes,No,One year,No,Electronic check,87.79,279.6,No
CUST104183,Female,0,No,No,32,Yes,No,DSL,No,Yes,Yes,Yes,Yes,No,Month-to-month,Yes,Credit card,69.87,2362.78,No
CUST104184,Male,0,No,No,72,Yes,Yes,Fiber optic,No,No,No,Yes,No,Yes,Two year,Yes,Credit card,89.22,6455.48,No
CUST104185,Female,0,No,No,68,Yes,Yes,Fiber optic,Yes,Yes,Yes,No,No,No,Month-to-month,Yes,Mailed check,92.27,6208.75,No
CUST104186,Male,0,No,No,22,Yes,No,DSL,No,Yes,No,Yes,Yes,Yes,Month-to-month,Yes,Bank transfer,70.61,1579.63,No
CUST104187,Female,1,Yes,No,39,Yes,No,Fiber optic,No,Yes,Yes,Yes,No,No,Two year,Yes,Mailed check,81.74,2975.65,No
CUST104188,Female,1,Yes,Yes,21,Yes,No,DSL,No,Yes,No,No,Yes,No,One year,No,Electronic check,57.38,1341.38,No
CUST104189,Female,0,No,No,67,Yes,No,DSL,No,No,No,No,No,No,Two year,Yes,Bank transfer,44.36,2927.36,No
CUST104190,Male,0,No,No,40,Yes,No,Fiber optic,Yes,Yes,No,No,Yes,No,Month-to-month,No,Bank transfer,86.77,3511.87,No
CUST104191,Female,0,Yes,Yes,67,Yes,No,DSL,Yes,No,No,No,Yes,No,One year,No,Mailed check,55.29,3699.94,No
CUST104192,Female,0,No,No,62,No,No phone service,DSL,No,No,Yes,No,No,No,Month-to-month,No,Credit card,50.27,3163.24,No
CUST104193,Male,1,Yes,No,24,Yes,Yes,Fiber optic,No,No,Yes,No,No,No,Month-to-month,Yes,Mailed check,75.17,1990.55,No
CUST104194,Female,0,Yes,Yes,33,Yes,Yes,Fiber optic,No,Yes,No,No,Yes,No,Two year,No,Credit card,82.3,2544.76,No
CUST104195,Male,0,Yes,No,42,Yes,No,No,No internet service,No internet service,No internet service,No internet service,No internet service,No internet service,Month-to-month,No,Electronic check,29.71,1268.49,No
CUST104196,Female,0,No,No,18,Yes,Yes,No,No internet service,No internet service,No internet service,No internet service,No internet service,No internet service,One year,Yes,Credit card,38.3,712.23,No
CUST104197,Male,0,No,Yes,60,Yes,No,Fiber optic,Yes,Yes,No,No,No,No,Two year,No,Electronic check,86.43,5155.54,No
CUST104198,Female,0,No,Yes,41,Yes,No,Fiber optic,No,Yes,No,No,No,Yes,Two year,Yes,Electronic check,80.95,3259.65,No
CUST104199,Male,0,No,No,15,No,No phone service,Fiber optic,No,No,No,No,No,No,Month-to-month,No,Bank transfer,62.02,1006.74,Yes
CUST104200,Female,0,No,No,35,Yes,No,Fiber optic,No,Yes,No,No,Yes,No,Month-to-month,Yes,Electronic check,84.0,2937.19,Yes
CUST104201,Male,0,Yes,No,60,Yes,Yes,Fiber optic,Yes,Yes,No,No,No,Yes,Two year,Yes,Electronic check,99.6,5975.96,No
CUST104202,Male,0,No,Yes,31,Yes,Yes,No,No internet service,No internet service,No internet service,No internet service,No internet service,No internet service,One year,No,Bank transfer,29.76,898.46,No
CUST104203,Female,1,Yes,Yes,52,Yes,No,Fiber optic,No,Yes,No,Yes,Yes,No,Month-to-month,Yes,Electronic check,87.77,4551.32,No
CUST104204,Female,0,Yes,No,71,Yes,No,DSL,No,No,Yes,No,No,No,Month-to-month,No,Credit card,53.56,3851.61,No
CUST104205,Female,0,Yes,No,25,Yes,Yes,Fiber optic,No,No,No,No,No,Yes,Month-to-month,No,Electronic check,82.66,2111.97,No
CUST104206,Male,0,Yes,No,72,Yes,No,DSL,No,No,No,Yes,Yes,No,Two year,Yes,Mailed check,59.73,4238.4,No
CUST104207,Male,0,No,No,30,Yes,Yes,No,No internet service,No internet service,No internet service,No internet service,No internet service,No internet service,Month-to-month,No,Mailed check,32.55,952.25,No
CUST104208,Male,0,Yes,No,41,Yes,Yes,Fiber optic,No,No,No,No,No,Yes,One year,No,Mailed check,88.88,3725.55,No
CUST104209,Female,0,Yes,No,56,Yes,Yes,Fiber optic,Yes,No,No,No,No,Yes,Month-to-month,Yes,Mailed check,81.95,4723.78,Yes
CUST104210,Male,0,No,No,5,Yes,No,Fiber optic,No,No,No,Yes,Yes,No,Month-to-month,No,Mailed check,80.96,539.46,No
CUST104211,Female,0,No,Yes,51,Yes,No,DSL,Yes,No,No,No,No,No,One year,No,Electronic check,53.27,2845.22,No
CUST104212,Male,1,Yes,No,41,Yes,No,Fiber optic,Yes,No,Yes,No,Yes,No,Two year,Yes,Electronic check,85.85,3535.76,No
CUST104213,Female,0,Yes,No,48,Yes,No,DSL,Yes,No,No,No,Yes,No,Month-to-month,No,Bank transfer,61.42,3030.98,No
CUST104214,Male,0,Yes,No,69,No,No phone service,Fiber optic,Yes,Yes,Yes,No,Yes,Yes,Month-to-month,Yes,Mailed check,91.28,6327.67,No
CUST104215,Male,0,No,Yes,35,Yes,Yes,DSL,Yes,No,No,No,No,Yes,Month-to-month,No,Mailed check,66.2,2257.92,No
CUST104216,Male,0,No,Yes,67,Yes,No,No,No internet service,No internet service,No internet service,No internet service,No internet service,No internet service,Month-to-month,Yes,Electronic check,30.26,2017.63,No
CUST104217,Female,0,Yes,No,41,Yes,Yes,No,No internet service,No internet service,No internet service,No internet service,No internet service,No internet service,Month-to-month,Yes,Credit card,34.79,1409.95,No
CUST104218,Female,1,No,Yes,16,Yes,No,DSL,No,Yes,No,Yes,No,Yes,Month-to-month,Yes,Electronic check,56.38,976.11,Yes
CUST104219,Male,0,No,No,47,Yes,No,No,No internet service,No internet service,No internet service,No internet service,No internet service,No internet service,Month-to-month,No,Credit card,35.01,1709.15,No
CUST104220,Female,0,No,No,14,Yes,No,No,No internet service,No internet service,No internet service,No internet service,No internet service,No internet service,One year,No,Electronic check,33.47,460.34,No
CUST104221,Female,0,Yes,Yes,65,No,No phone service,DSL,No,No,No,No,No,Yes,Month-to-month,No,Credit card,47.89,3094.71,No
CUST104222,Male,0,No,No,11,No,No phone service,No,No internet service,No internet service,No internet service,No internet service,No internet service,No internet service,One year,No,Mailed check,18.55,149.56,No
CUST104223,Male,0,No,No,36,Yes,Yes,DSL,No,Yes,Yes,No,No,No,One year,No,Mailed check,64.79,2306.21,No
CUST104224,Male,0,Yes,Yes,60,Yes,No,No,No internet service,No internet service,No internet service,No internet service,No internet service,No internet service,Two year,Yes,Electronic check,21.09,1256.94,No
CUST104225,Male,0,Yes,No,1,Yes,Yes,Fiber optic,No,No,Yes,Yes,Yes,No,One year,No,Credit card,87.75,114.05,No
CUST104226,Female,0,Yes,No,36,Yes,No,No,No internet service,No internet service,No internet service,No internet service,No internet service,No internet service,One year,Yes,Electronic check,37.64,1364.11,No
CUST104227,Female,0,Yes,No,37,Yes,No,DSL,Yes,Yes,Yes,Yes,Yes,Yes,Month-to-month,No,Bank transfer,75.04,2712.18,No
CUST104228,Male,0,No,Yes,25,Yes,Yes,Fiber optic,Yes,No,No,No,No,Yes,Month-to-month,No,Electronic check,87.79,2155.84,No
CUST104229,Female,0,No,No,49,Yes,Yes,No,No internet service,No internet service,No internet service,No internet service,No internet service,No internet service,Month-to-month,No,Mailed check,35.58,1734.7,No
CUST104230,Female,0,Yes,No,24,Yes,No,Fiber optic,No,Yes,No,No,Yes,No,One year,No,Bank transfer,83.38,2041.66,No
CUST104231,Female,0,No,Yes,27,No,No phone service,Fiber optic,No,No,Yes,No,No,Yes,Month-to-month,Yes,Mailed check,74.0,1958.21,No
CUST104232,Male,0,Yes,No,20,Yes,No,Fiber optic,Yes,Yes,Yes,No,No,No,Month-to-month,Yes,Bank transfer,83.52,1553.22,Yes
CUST104233,Male,1,No,No,45,Yes,No,Fiber optic,Yes,Yes,No,Yes,No,Yes,Month-to-month,Yes,Bank transfer,91.59,4032.45,Yes
CUST104234,Female,0,Yes,No,64,Yes,No,DSL,No,No,No,No,Yes,Yes,One year,No,Mailed check,64.55,4156.75,No
CUST104235,Female,0,No,No,13,Yes,No,DSL,No,No,No,No,No,Yes,Month-to-month,Yes,Electronic check,55.55,759.31,No
CUST104236,Female,1,No,No,30,Yes,No,DSL,Yes,Yes,Yes,No,Yes,No,Month-to-month,No,Mailed check,70.73,2074.95,No
CUST104237,Male,0,No,No,17,Yes,No,DSL,Yes,Yes,No,No,No,Yes,One year,No,Bank transfer,55.25,860.05,No
CUST104238,Female,0,No,No,18,Yes,No,No,No internet service,No internet service,No internet service,No internet service,No internet service,No internet service,Two year,No,Electronic check,30.1,429.46,No
CUST104239,Male,0,Yes,No,70,Yes,Yes,Fiber optic,Yes,No,No,No,Yes,Yes,One year,Yes,Bank transfer,96.51,6647.22,No
CUST104240,Female,0,No,No,52,No,No phone service,Fiber optic,Yes,Yes,No,No,No,No,Month-to-month,Yes,Electronic check,69.46,3581.01,Yes
CUST104241,Female,0,No,No,69,Yes,Yes,DSL,Yes,Yes,No,No,Yes,Yes,Two year,No,Credit card,84.37,5695.71,No
CUST104242,Female,0,Yes,No,46,Yes,No,No,No internet service,No internet service,No internet service,No internet service,No internet service,No internet service,Month-to-month,Yes,Bank transfer,22.13,1030.9,No
CUST104243,Male,0,No,No,48,Yes,No,DSL,Yes,Yes,No,No,No,No,Month-to-month,No,Mailed check,55.86,2722.23,No
CUST104244,Female,0,Yes,No,52,Yes,No,DSL,Yes,Yes,No,No,No,No,Month-to-month,Yes,Credit card,60.73,3048.81,No
CUST104245,Female,0,Yes,Yes,48,Yes,Yes,No,No internet service,No internet service,No internet service,No internet service,No internet service,No internet service,Month-to-month,No,Credit card,35.62,1626.99,No
CUST104246,Female,0,No,No,60,Yes,Yes,DSL,No,No,No,No,No,No,One year,No,Electronic check,45.15,2701.57,No
CUST104247,Female,0,Yes,Yes,24,Yes,No,Fiber optic,No,Yes,No,No,Yes,No,Month-to-month,No,Electronic check,87.76,2041.37,No
CUST104248,Female,0,Yes,No,8,Yes,Yes,Fiber optic,No,Yes,Yes,Yes,Yes,No,Two year,Yes,Mailed check,92.19,752.81,No
CUST104249,Male,0,Yes,No,36,No,No phone service,Fiber optic,No,No,No,No,No,No,One year,No,Mailed check,57.21,2138.26,No
CUST104250,Female,0,No,No,1,Yes,Yes,DSL,No,No,No,No,No,Yes,Month-to-month,Yes,Electronic check,63.87,47.44,Yes
CUST104251,Female,0,No,Yes,4,Yes,No,Fiber optic,Yes,Yes,Yes,No,No,No,Month-to-month,Yes,Mailed check,81.15,188.35,No
CUST104252,Female,0,Yes,No,4,Yes,No,Fiber optic,Yes,No,No,No,Yes,No,One year,Yes,Electronic check,80.98,337.31,No
CUST104253,Male,0,No,No,6,Yes,Yes,Fiber optic,No,Yes,No,No,No,No,Month-to-month,Yes,Electronic check,78.1,441.44,No
CUST104254,Female,1,No,No,51,Yes,No,No,No internet service,No internet service,No internet service,No internet service,No internet service,No internet service,Month-to-month,Yes,Electronic check,28.29,1485.33,No
CUST104255,Female,0,No,No,44,Yes,Yes,DSL,Yes,No,Yes,No,No,Yes,Month-to-month,Yes,Electronic check,74.79,3476.75,Yes
CUST104256,Female,0,No,No,68,Yes,No,Fiber optic,Yes,No,Yes,Yes,No,Yes,Month-to-month,No,Mailed check,85.69,5750.18,No
CUST104257,Female,0,No,Yes,21,Yes,No,DSL,No,No,No,Yes,Yes,No,Month-to-month,No,Electronic check,58.97,1179.75,No
CUST104258,Female,1,Yes,No,24,No,No phone service,Fiber optic,No,Yes,Yes,No,No,No,Two year,Yes,Electronic check,65.11,1585.6,No
CUST104259,Male,0,Yes,No,36,Yes,No,No,No internet service,No internet service,No internet service,No internet service,No internet service,No internet service,Month-to-month,No,Credit card,36.4,1379.57,No
CUST104260,Female,0,No,No,57,No,No phone service,DSL,Yes,Yes,Yes,No,No,No,Month-to-month,Yes,Bank transfer,49.31,2973.86,No
CUST104261,Female,0,Yes,No,68,Yes,Yes,DSL,Yes,Yes,No,Yes,No,No,One year,No,Credit card,70.25,4743.26,No
CUST104262,Female,0,Yes,No,53,Yes,No,Fiber optic,Yes,No,Yes,Yes,No,No,Two year,No,Credit card,86.17,4497.34,No
CUST104263,Female,1,Yes,No,37,No,No phone service,No,No internet service,No internet service,No internet service,No internet service,No internet service,No internet service,One year,No,Bank transfer,20.54,696.54,No
CUST104264,Male,0,Yes,Yes,71,Yes,No,Fiber optic,Yes,No,Yes,Yes,No,No,Month-to-month,Yes,Credit card,83.24,5874.96,Yes
CUST104265,Male,0,No,No,14,Yes,No,Fiber optic,No,No,No,Yes,No,No,Two year,No,Electronic check,69.52,953.49,No
CUST104266,Male,0,Yes,No,34,Yes,No,Fiber optic,No,No,Yes,No,No,No,Month-to-month,No,Bank transfer,80.89,2763.83,No
CUST104267,Female,0,No,Yes,18,Yes,Yes,DSL,Yes,No,Yes,No,No,No,Month-to-month,Yes,Mailed check,59.23,1068.64,No
CUST104268,Male,0,No,No,12,Yes,No,No,No internet service,No internet service,No internet service,No internet service,No internet service,No internet service,One year,No,Bank transfer,27.53,228.05,No
CUST104269,Female,0,Yes,No,29,Yes,No,No,No internet service,No internet service,No internet service,No internet service,No internet service,No internet service,Month-to-month,Yes,Electronic check,26.61,649.14,No
CUST104270,Male,0,Yes,Yes,56,Yes,No,No,No internet service,No internet service,No internet service,No internet service,No internet service,No internet service,Month-to-month,Yes,Credit card,31.93,1779.41,No
CUST104271,Male,0,Yes,No,24,Yes,No,No,No internet service,No internet service,No internet service,No internet service,No internet service,No internet service,Two year,Yes,Mailed check,37.1,829.39,No
CUST104272,Male,0,Yes,No,59,Yes,No,No,No internet service,No internet service,No internet service,No internet service,No internet service,No internet service,Month-to-month,Yes,Bank transfer,25.27,1443.26,No
CUST104273,Male,0,Yes,No,44,Yes,No,DSL,No,No,No,Yes,Yes,Yes,Month-to-month,Yes,Credit card,65.56,2955.1,No
CUST104274,Female,1,No,Yes,51,Yes,No,No,No internet service,No internet service,No internet service,No internet service,No internet service,No internet service,Month-to-month,Yes,Credit card,32.3,1699.79,No
CUST104275,Female,0,Yes,No,18,Yes,No,DSL,Yes,Yes,Yes,No,Yes,No,Month-to-month,No,Electronic check,73.32,1290.53,No
CUST104276,Male,0,Yes,No,63,Yes,No,Fiber optic,No,No,No,No,Yes,Yes,One year,Yes,Mailed check,83.38,5334.27,No
CUST104277,Female,0,Yes,No,15,Yes,Yes,Fiber optic,No,No,Yes,No,No,Yes,Two year,No,Bank transfer,88.53,1414.65,No
CUST104278,Male,0,Yes,No,27,Yes,Yes,DSL,No,No,No,No,Yes,No,One year,No,Mailed check,65.13,1867.87,No
CUST104279,Male,0,Yes,No,57,Yes,No,Fiber optic,No,Yes,No,Yes,Yes,No,Two year,No,Mailed check,79.62,4662.94,No
CUST104280,Male,0,No,Yes,50,Yes,No,Fiber optic,Yes,No,No,No,Yes,Yes,Month-to-month,Yes,Bank transfer,92.65,4616.08,No
CUST104281,Female,0,Yes,No,22,Yes,Yes,DSL,Yes,Yes,Yes,No,No,Yes,Month-to-month,Yes,Credit card,71.8,1668.33,Yes
CUST104282,Male,0,No,No,19,Yes,No,Fiber optic,No,Yes,Yes,No,No,No,Month-to-month,No,Electronic check,80.6,1506.95,No
CUST104283,Female,0,No,Yes,32,Yes,No,Fiber optic,Yes,Yes,Yes,Yes,No,No,One year,No,Electronic check,90.25,2985.1,No
CUST104284,Female,0,No,Yes,33,Yes,No,Fiber optic,Yes,No,No,No,No,Yes,Month-to-month,Yes,Bank transfer,79.57,2606.85,Yes
CUST104285,Female,0,No,No,5,Yes,Yes,Fiber optic,Yes,Yes,No,No,No,No,Month-to-month,No,Bank transfer,88.24,442.71,Yes
CUST104286,Male,0,Yes,No,18,Yes,Yes,Fiber optic,No,Yes,No,Yes,Yes,Yes,Month-to-month,No,Credit card,99.57,1711.99,No
CUST104287,Male,0,No,No,12,Yes,No,Fiber optic,No,No,No,No,No,No,Month-to-month,No,Bank transfer,74.05,807.53,No
CUST104288,Male,0,Yes,Yes,12,Yes,No,Fiber optic,No,No,No,No,Yes,Yes,One year,Yes,Mailed check,80.93,1003.75,No
CUST104289,Male,0,No,No,26,No,No phone service,DSL,Yes,No,No,No,No,Yes,Two year,No,Bank transfer,45.81,1268.62,No
CUST104290,Female,1,Yes,Yes,3,Yes,Yes,Fiber optic,Yes,No,No,No,No,Yes,Month-to-month,Yes,Credit card,89.44,185.56,Yes
CUST104291,Female,0,No,No,49,Yes,Yes,Fiber optic,Yes,Yes,No,No,No,No,Month-to-month,No,Mailed check,86.71,4354.85,No
CUST104292,Male,0,No,No,49,Yes,No,DSL,Yes,No,Yes,No,No,No,Month-to-month,Yes,Electronic check,62.04,3137.04,No
CUST104293,Female,0,No,No,16,Yes,No,No,No internet service,No internet service,No internet service,No internet service,No internet service,No internet service,Month-to-month,Yes,Bank transfer,27.9,478.21,No
CUST104294,Female,0,Yes,No,64,Yes,Yes,DSL,No,Yes,Yes,No,Yes,No,Month-to-month,No,Electronic check,69.99,4555.35,No
CUST104295,Male,0,No,No,43,Yes,No,No,No internet service,No internet service,No internet service,No internet service,No internet service,No internet service,One year,No,Credit card,23.16,953.84,No
CUST104296,Male,0,No,No,23,Yes,Yes,DSL,No,Yes,No,No,Yes,No,Month-to-month,No,Electronic check,65.77,1399.16,No
CUST104297,Female,0,Yes,No,14,Yes,Yes,Fiber optic,Yes,No,Yes,No,No,Yes,One year,No,Mailed check,89.43,1210.18,No
CUST104298,Male,0,Yes,No,31,No,No phone service,DSL,No,No,Yes,Yes,Yes,No,Two year,No,Credit card,54.25,1776.88,No
CUST104299,Female,0,Yes,No,70,No,No phone service,No,No internet service,No internet service,No internet service,No internet service,No internet service,No internet service,Month-to-month,Yes,Electronic check,18.0,1361.06,No
CUST104300,Female,0,Yes,No,1,Yes,Yes,No,No internet service,No internet service,No internet service,No internet service,No internet service,No internet service,One year,Yes,Electronic check,37.06,18.0,No
CUST104301,Female,0,No,No,2,No,No phone service,DSL,Yes,No,Yes,No,No,No,One year,Yes,Electronic check,47.56,18.0,No
CUST104302,Male,0,Yes,No,30,Yes,Yes,DSL,Yes,No,No,No,Yes,Yes,Month-to-month,No,Credit card,76.6,2226.72,No
CUST104303,Female,0,No,Yes,67,Yes,No,Fiber optic,No,No,No,Yes,No,Yes,Month-to-month,Yes,Credit card,77.98,5069.6,No
CUST104304,Female,0,No,No,21,Yes,No,DSL,No,No,Yes,Yes,No,Yes,Month-to-month,Yes,Mailed check,63.15,1277.3,No
CUST104305,Male,1,No,Yes,54,Yes,No,DSL,No,No,No,Yes,No,Yes,Month-to-month,No,Bank transfer,58.49,3197.0,No
CUST104306,Male,0,No,No,42,Yes,No,No,No internet service,No internet service,No internet service,No internet service,No internet service,No internet service,Month-to-month,Yes,Bank transfer,27.39,909.94,No
CUST104307,Male,0,No,No,15,Yes,No,Fiber optic,Yes,No,No,No,No,Yes,Month-to-month,Yes,Electronic check,86.31,1288.59,Yes
CUST104308,Male,1,Yes,Yes,66,Yes,Yes,DSL,No,No,No,No,No,Yes,Two year,No,Electronic check,59.68,4052.22,No
CUST104309,Male,0,Yes,No,12,Yes,No,Fiber optic,Yes,No,Yes,No,Yes,No,Two year,Yes,Credit card,82.78,1066.26,No
CUST104310,Male,0,No,No,37,Yes,No,DSL,Yes,Yes,No,No,Yes,No,One year,No,Electronic check,64.56,2420.54,No
CUST104311,Male,0,No,No,48,Yes,No,No,No internet service,No internet service,No internet service,No internet service,No internet service,No internet service,One year,Yes,Mailed check,35.11,1693.92,No
CUST104312,Male,0,Yes,No,49,Yes,No,DSL,No,Yes,No,No,No,No,Two year,Yes,Electronic check,48.22,2453.46,No
CUST104313,Female,0,No,No,62,Yes,No,Fiber optic,No,No,No,Yes,No,Yes,Month-to-month,No,Mailed check,81.67,5103.89,No
CUST104314,Female,0,No,No,51,Yes,No,DSL,No,No,No,No,No,Yes,Month-to-month,Yes,Electronic check,53.76,2719.84,No
CUST104315,Male,0,Yes,No,48,Yes,No,No,No internet service,No internet service,No internet service,No internet service,No internet service,No internet service,One year,No,Electronic check,31.71,1596.94,No
CUST104316,Female,0,No,No,11,Yes,No,DSL,No,Yes,No,No,Yes,No,Two year,No,Electronic check,60.95,561.3,No
CUST104317,Male,0,No,No,23,Yes,No,Fiber optic,No,No,No,No,Yes,Yes,One year,Yes,Credit card,84.44,2005.58,Yes
CUST104318,Female,0,Yes,Yes,25,Yes,Yes,Fiber optic,Yes,Yes,No,Yes,Yes,No,Month-to-month,Yes,Electronic check,97.28,2475.84,No
CUST104319,Male,0,Yes,No,27,Yes,No,No,No internet service,No internet service,No internet service,No internet service,No internet service,No internet service,One year,No,Mailed check,26.07,719.92,No
CUST104320,Female,1,Yes,No,9,Yes,Yes,DSL,No,No,No,No,No,Yes,Month-to-month,No,Mailed check,61.88,564.43,Yes
CUST104321,Male,0,No,No,7,Yes,No,No,No internet service,No internet service,No internet service,No internet service,No internet service,No internet service,Month-to-month,Yes,Electronic check,25.11,310.36,Yes
CUST104322,Female,1,Yes,No,32,Yes,No,No,No internet service,No internet service,No internet service,No internet service,No internet service,No internet service,Month-to-month,No,Credit card,22.44,804.72,No
CUST104323,Female,0,No,No,53,Yes,Yes,DSL,No,No,Yes,No,No,Yes,One year,No,Electronic check,64.06,3504.99,No
CUST104324,Female,0,No,No,64,No,No phone service,DSL,No,No,Yes,Yes,Yes,Yes,Month-to-month,Yes,Bank transfer,59.9,3872.62,Yes
CUST104325,Male,0,No,Yes,68,Yes,Yes,No,No internet service,No internet service,No internet service,No internet service,No internet service,No internet service,Month-to-month,Yes,Mailed check,33.45,2366.49,No
CUST104326,Female,0,Yes,No,35,Yes,No,Fiber optic,No,Yes,No,No,No,Yes,One year,No,Credit card,84.11,2979.83,No
CUST104327,Male,0,Yes,No,65,Yes,Yes,No,No internet service,No internet service,No internet service,No internet service,No internet service,No internet service,Month-to-month,Yes,Credit card,35.35,2286.34,No
CUST104328,Female,1,Yes,Yes,33,Yes,No,No,No internet service,No internet service,No internet service,No internet service,No internet service,No internet service,Two year,Yes,Electronic check,27.05,955.82,No
CUST104329,Female,0,Yes,No,35,Yes,No,DSL,Yes,No,No,No,No,Yes,Month-to-month,Yes,Bank transfer,53.23,1841.89,No
CUST104330,Male,0,Yes,No,16,No,No phone service,DSL,Yes,No,Yes,No,No,No,One year,Yes,Credit card,46.37,836.33,No
CUST104331,Female,0,Yes,Yes,46,Yes,Yes,Fiber optic,No,No,Yes,No,No,Yes,Month-to-month,Yes,Credit card,82.51,3698.76,No
CUST104332,Female,0,Yes,No,23,Yes,Yes,Fiber optic,No,No,Yes,Yes,Yes,No,Two year,No,Credit card,90.88,2070.6,No
CUST104333,Male,0,No,Yes,35,Yes,No,Fiber optic,No,No,No,No,No,Yes,Two year,No,Bank transfer,73.76,2527.5,No
CUST104334,Male,1,Yes,No,68,No,No phone service,Fiber optic,Yes,Yes,Yes,No,No,No,Month-to-month,No,Mailed check,77.03,5425.26,No
CUST104335,Male,0,Yes,No,40,Yes,Yes,Fiber optic,Yes,No,Yes,Yes,No,No,One year,Yes,Electronic check,92.22,3636.98,No
CUST104336,Female,0,No,No,22,Yes,No,No,No internet service,No internet service,No internet service,No internet service,No internet service,No internet service,One year,No,Credit card,26.98,589.51,No
CUST104337,Male,0,No,No,49,Yes,Yes,DSL,No,Yes,No,No,No,Yes,Month-to-month,Yes,Credit card,60.43,2796.46,No
CUST104338,Female,0,No,No,53,Yes,Yes,Fiber optic,Yes,Yes,No,Yes,No,Yes,One year,Yes,Electronic check,92.1,5018.79,No
CUST104339,Male,1,No,No,44,Yes,No,DSL,Yes,No,Yes,No,No,No,Two year,Yes,Mailed check,61.39,2636.73,Yes
CUST104340,Male,1,Yes,No,4,No,No phone service,DSL,Yes,No,Yes,Yes,No,Yes,Month-to-month,Yes,Electronic check,56.61,347.08,No
CUST104341,Female,0,No,No,17,Yes,No,DSL,No,No,Yes,Yes,Yes,Yes,Two year,Yes,Electronic check,68.84,1087.25,No
CUST104342,Female,1,No,No,10,Yes,Yes,No,No internet service,No internet service,No internet service,No internet service,No internet service,No internet service,Month-to-month,No,Mailed check,33.07,253.25,Yes
CUST104343,Female,0,No,Yes,69,Yes,Yes,Fiber optic,No,Yes,Yes,No,Yes,No,Two year,Yes,Electronic check,97.44,6790.29,No
CUST104344,Female,0,No,No,23,Yes,Yes,DSL,No,Yes,Yes,No,Yes,Yes,Two year,No,Bank transfer,78.16,1674.4,No
CUST104345,Female,0,Yes,No,35,Yes,Yes,Fiber optic,Yes,Yes,Yes,Yes,No,No,Month-to-month,Yes,Electronic check,94.13,3329.37,No
CUST104346,Male,0,Yes,Yes,65,Yes,Yes,Fiber optic,No,Yes,No,No,No,Yes,Month-to-month,Yes,Bank transfer,91.06,5858.39,No
CUST104347,Female,0,No,Yes,72,Yes,No,Fiber optic,No,No,Yes,No,Yes,No,One year,No,Bank transfer,76.59,5687.58,No
CUST104348,Female,0,Yes,Yes,16,Yes,No,DSL,No,No,No,No,Yes,Yes,Two year,No,Bank transfer,59.6,1098.46,No
CUST104349,Male,0,Yes,Yes,62,Yes,No,DSL,No,Yes,No,No,No,No,Month-to-month,Yes,Electronic check,38.99,2519.29,No
CUST104350,Female,1,Yes,No,53,Yes,No,DSL,Yes,No,No,Yes,No,No,Month-to-month,Yes,Electronic check,57.25,3221.27,No
CUST104351,Male,1,Yes,No,45,Yes,Yes,Fiber optic,No,No,Yes,No,No,Yes,One year,No,Bank transfer,87.3,3879.47,No
CUST104352,Male,0,Yes,No,13,Yes,No,DSL,Yes,Yes,No,No,No,No,Month-to-month,Yes,Bank transfer,55.09,779.24,No
CUST104353,Male,0,Yes,Yes,50,Yes,No,Fiber optic,No,No,No,No,No,Yes,One year,No,Mailed check,81.83,4016.54,No
CUST104354,Female,0,No,No,45,Yes,Yes,No,No internet service,No internet service,No internet service,No internet service,No internet service,No internet service,One year,No,Mailed check,32.0,1510.63,No
CUST104355,Female,0,Yes,No,33,No,No phone service,DSL,No,Yes,Yes,Yes,No,Yes,Two year,No,Credit card,57.17,1914.55,No
CUST104356,Male,0,Yes,No,43,Yes,Yes,DSL,Yes,No,No,No,Yes,No,Month-to-month,Yes,Electronic check,59.04,2440.68,No
CUST104357,Male,0,Yes,Yes,16,Yes,No,No,No internet service,No internet service,No internet service,No internet service,No internet service,No internet service,Two year,Yes,Electronic check,28.19,447.04,No
CUST104358,Female,0,No,No,45,No,No phone service,Fiber optic,Yes,Yes,No,No,No,No,One year,Yes,Credit card,71.73,3236.22,No
CUST104359,Male,0,No,Yes,12,Yes,No,Fiber optic,Yes,Yes,No,No,No,Yes,Two year,Yes,Credit card,89.91,1084.78,No
CUST104360,Male,0,No,No,21,No,No phone service,No,No internet service,No internet service,No internet service,No internet service,No internet service,No internet service,Month-to-month,No,Electronic check,19.86,561.01,No
CUST104361,Female,0,No,No,36,Yes,No,Fiber optic,No,No,Yes,Yes,No,Yes,One year,Yes,Credit card,88.34,3095.33,No
CUST104362,Male,1,No,No,12,Yes,No,Fiber optic,No,Yes,No,Yes,Yes,No,Two year,Yes,Electronic check,89.08,1015.19,No
CUST104363,Female,0,No,Yes,66,Yes,Yes,Fiber optic,No,Yes,Yes,No,No,Yes,One year,Yes,Credit card,95.45,6062.54,No
CUST104364,Male,0,No,Yes,64,Yes,No,No,No internet service,No internet service,No internet service,No internet service,No internet service,No internet service,Month-to-month,Yes,Bank transfer,27.47,1812.19,No
CUST104365,Male,0,Yes,No,35,Yes,No,Fiber optic,Yes,No,No,No,No,Yes,Month-to-month,No,Mailed check,84.15,3010.9,No
CUST104366,Male,0,No,No,41,Yes,No,DSL,Yes,No,Yes,No,Yes,No,Month-to-month,Yes,Credit card,65.58,2759.39,No
CUST104367,Female,0,Yes,No,21,Yes,Yes,Fiber optic,No,No,Yes,Yes,No,No,Month-to-month,No,Credit card,91.01,1908.26,No
CUST104368,Female,0,No,No,16,Yes,Yes,DSL,No,No,No,Yes,No,Yes,One year,No,Electronic check,74.12,1126.92,No
CUST104369,Male,0,Yes,Yes,70,Yes,No,Fiber optic,No,Yes,Yes,No,No,No,Two year,No,Bank transfer,76.0,5224.49,No
CUST104370,Male,0,Yes,No,30,Yes,No,DSL,Yes,No,Yes,No,Yes,No,One year,No,Bank transfer,65.07,1997.27,No
CUST104371,Male,0,Yes,No,69,Yes,Yes,Fiber optic,No,No,No,No,No,No,Month-to-month,No,Mailed check,76.94,5242.92,Yes
CUST104372,Female,0,No,No,5,Yes,Yes,Fiber optic,No,No,No,No,Yes,Yes,Month-to-month,Yes,Electronic check,91.8,325.13,Yes
CUST104373,Female,0,No,No,8,Yes,Yes,Fiber optic,No,Yes,No,No,No,No,Month-to-month,No,Electronic check,85.03,763.27,Yes
CUST104374,Male,0,Yes,No,35,Yes,No,Fiber optic,No,No,No,No,No,No,Month-to-month,Yes,Credit card,70.89,2451.92,No
CUST104375,Female,0,Yes,No,57,Yes,Yes,DSL,No,No,Yes,No,No,No,Two year,No,Mailed check,53.74,3076.76,No
CUST104376,Male,0,Yes,Yes,31,Yes,Yes,DSL,No,Yes,No,Yes,No,No,Month-to-month,Yes,Mailed check,60.91,1616.99,No
CUST104377,Female,0,No,No,61,Yes,No,Fiber optic,No,No,Yes,No,Yes,Yes,Month-to-month,Yes,Bank transfer,91.29,5565.3,No
CUST104378,Female,0,Yes,Yes,10,Yes,Yes,Fiber optic,No,Yes,Yes,Yes,Yes,No,One year,No,Electronic check,95.9,940.15,No
CUST104379,Female,0,Yes,No,62,Yes,No,No,No internet service,No internet service,No internet service,No internet service,No internet service,No internet service,Month-to-month,No,Electronic check,23.59,1611.34,No
CUST104380,Male,0,No,No,32,Yes,No,Fiber optic,Yes,No,Yes,Yes,Yes,No,Month-to-month,No,Electronic check,90.79,2885.49,No
CUST104381,Male,0,No,Yes,21,Yes,No,Fiber optic,Yes,No,No,Yes,Yes,No,Month-to-month,No,Electronic check,81.22,1463.2,No
CUST104382,Female,0,No,Yes,47,Yes,No,No,No internet service,No internet service,No internet service,No internet service,No internet service,No internet service,Month-to-month,No,Credit card,24.95,1153.43,No
CUST104383,Female,0,No,No,57,Yes,Yes,Fiber optic,No,Yes,No,No,Yes,Yes,Month-to-month,No,Electronic check,103.76,5914.9,No
CUST104384,Male,0,No,Yes,67,Yes,Yes,DSL,No,Yes,No,Yes,No,No,Month-to-month,Yes,Electronic check,60.81,4179.5,No
CUST104385,Female,1,Yes,No,7,Yes,No,Fiber optic,No,Yes,No,No,No,No,One year,Yes,Mailed check,76.53,531.81,No
CUST104386,Male,1,Yes,Yes,51,Yes,No,No,No internet service,No internet service,No internet service,No internet service,No internet service,No internet service,Month-to-month,No,Credit card,24.7,1224.2,No
CUST104387,Female,0,No,No,23,Yes,No,Fiber optic,No,No,Yes,Yes,Yes,No,Month-to-month,Yes,Electronic check,89.52,2046.86,No
CUST104388,Female,0,Yes,No,37,Yes,No,DSL,No,Yes,No,No,No,Yes,One year,Yes,Electronic check,56.95,2342.89,No
CUST104389,Female,0,No,Yes,34,Yes,No,Fiber optic,No,No,No,Yes,No,Yes,Month-to-month,No,Bank transfer,85.16,2937.38,No
CUST104390,Male,0,Yes,No,56,Yes,Yes,DSL,No,No,No,No,No,No,Month-to-month,No,Mailed check,51.71,2871.57,No
CUST104391,Female,0,Yes,Yes,29,Yes,Yes,Fiber optic,Yes,No,No,Yes,Yes,No,Month-to-month,Yes,Bank transfer,92.13,2756.04,No
CUST104392,Male,0,Yes,No,21,Yes,No,No,No internet service,No internet service,No internet service,No internet service,No internet service,No internet service,Month-to-month,Yes,Electronic check,27.39,479.67,No
CUST104393,Female,0,No,No,36,Yes,No,No,No internet service,No internet service,No internet service,No internet service,No internet service,No internet service,Month-to-month,Yes,Credit card,28.02,945.51,No
CUST104394,Female,0,No,Yes,49,Yes,Yes,Fiber optic,No,Yes,No,Yes,No,Yes,Two year,No,Bank transfer,94.91,4604.49,No
CUST104395,Male,0,Yes,Yes,61,Yes,Yes,No,No internet service,No internet service,No internet service,No internet service,No internet service,No internet service,Month-to-month,Yes,Credit card,32.22,1816.25,No
CUST104396,Male,0,Yes,No,1,No,No phone service,No,No internet service,No internet service,No internet service,No internet service,No internet service,No internet service,Month-to-month,Yes,Credit card,18.0,101.0,No
CUST104397,Female,1,Yes,No,41,Yes,No,No,No internet service,No internet service,No internet service,No internet service,No internet service,No internet service,Month-to-month,Yes,Bank transfer,22.35,849.47,No
CUST104398,Female,0,Yes,No,6,Yes,Yes,No,No internet service,No internet service,No internet service,No internet service,No internet service,No internet service,Month-to-month,No,Electronic check,32.65,206.38,No
CUST104399,Female,0,Yes,No,45,No,No phone service,No,No internet service,No internet service,No internet service,No internet service,No internet service,No internet service,One year,Yes,Bank transfer,18.0,761.59,No
CUST104400,Male,1,No,No,45,Yes,Yes,DSL,No,No,Yes,No,No,No,One year,No,Mailed check,52.88,2407.17,No
CUST104401,Female,0,Yes,Yes,62,Yes,No,DSL,No,No,No,No,No,Yes,Two year,Yes,Electronic check,52.03,3387.57,No
CUST104402,Female,0,Yes,Yes,14,No,No phone service,DSL,No,Yes,No,Yes,No,No,Month-to-month,Yes,Electronic check,50.34,674.33,No
CUST104403,Female,0,Yes,No,58,Yes,No,Fiber optic,No,No,No,No,No,Yes,Month-to-month,Yes,Electronic check,75.65,4346.6,No
CUST104404,Male,0,Yes,No,50,Yes,Yes,No,No internet service,No internet service,No internet service,No internet service,No internet service,No internet service,One year,Yes,Credit card,42.97,2040.92,No
CUST104405,Female,0,Yes,Yes,48,Yes,Yes,No,No internet service,No internet service,No internet service,No internet service,No internet service,No internet service,Month-to-month,Yes,Credit card,36.21,1713.24,No
CUST104406,Male,0,No,Yes,46,Yes,Yes,No,No internet service,No internet service,No internet service,No internet service,No internet service,No internet service,Month-to-month,Yes,Bank transfer,35.81,1484.79,No
CUST104407,Female,0,No,No,40,Yes,No,No,No internet service,No internet service,No internet service,No internet service,No internet service,No internet service,Month-to-month,Yes,Bank transfer,23.47,1062.56,No
CUST104408,Female,0,No,No,5,Yes,No,Fiber optic,No,No,No,No,No,No,Month-to-month,Yes,Bank transfer,72.33,305.48,Yes
CUST104409,Female,1,Yes,No,59,Yes,Yes,Fiber optic,Yes,Yes,No,No,No,No,Two year,No,Credit card,89.31,5187.95,No
CUST104410,Female,0,No,No,29,Yes,Yes,Fiber optic,No,No,No,No,Yes,No,Two year,Yes,Electronic check,80.21,2309.88,Yes
CUST104411,Female,0,No,No,8,Yes,No,DSL,Yes,No,No,No,No,Yes,One year,No,Electronic check,58.16,520.04,No
CUST104412,Male,0,No,No,45,Yes,Yes,Fiber optic,No,Yes,No,Yes,No,No,Month-to-month,No,Bank transfer,93.12,4168.38,No
CUST104413,Female,0,No,No,69,Yes,No,Fiber optic,No,Yes,Yes,No,No,No,One year,Yes,Credit card,81.04,5686.65,No
CUST104414,Male,0,Yes,No,52,No,No phone service,DSL,Yes,Yes,No,Yes,No,Yes,One year,Yes,Credit card,63.4,3257.46,No
CUST104415,Female,0,No,No,18,Yes,No,Fiber optic,No,Yes,No,No,Yes,No,One year,No,Credit card,80.65,1383.7,No
CUST104416,Female,1,No,No,59,Yes,No,Fiber optic,No,No,Yes,No,Yes,No,Month-to-month,Yes,Bank transfer,74.98,4418.17,No
CUST104417,Female,0,No,Yes,61,Yes,No,Fiber optic,No,No,Yes,No,No,No,Two year,Yes,Electronic check,76.92,4677.79,No
CUST104418,Female,0,No,Yes,24,Yes,No,No,No internet service,No internet service,No internet service,No internet service,No internet service,No internet service,Month-to-month,Yes,Electronic check,27.37,735.49,No
CUST104419,Male,0,No,Yes,38,Yes,Yes,DSL,No,Yes,No,No,Yes,Yes,One year,Yes,Mailed check,72.97,2842.27,No
CUST104420,Female,0,Yes,Yes,61,Yes,Yes,No,No internet service,No internet service,No internet service,No internet service,No internet service,No internet service,One year,Yes,Bank transfer,35.19,2105.6,No
CUST104421,Male,0,No,Yes,12,Yes,No,DSL,No,Yes,No,No,Yes,No,Two year,Yes,Mailed check,54.86,523.12,No
CUST104422,Male,0,No,No,26,Yes,Yes,Fiber optic,Yes,Yes,Yes,No,Yes,No,Two year,Yes,Electronic check,99.25,2630.71,No
CUST104423,Male,0,No,No,33,Yes,Yes,Fiber optic,No,No,Yes,No,Yes,Yes,Month-to-month,No,Mailed check,93.46,2978.6,Yes
CUST104424,Female,0,No,No,1,Yes,No,No,No internet service,No internet service,No internet service,No internet service,No internet service,No internet service,One year,No,Credit card,23.88,18.0,No
CUST104425,Female,0,Yes,No,13,Yes,Yes,No,No internet service,No internet service,No internet service,No internet service,No internet service,No internet service,Month-to-month,No,Electronic check,38.13,538.25,Yes
CUST104426,Male,0,Yes,No,44,Yes,No,DSL,Yes,No,No,No,Yes,No,One year,Yes,Bank transfer,54.62,2559.65,No
CUST104427,Female,0,Yes,No,19,Yes,Yes,Fiber optic,Yes,No,No,No,No,Yes,Month-to-month,Yes,Electronic check,88.41,1867.61,Yes
CUST104428,Female,1,No,Yes,18,Yes,Yes,No,No internet service,No internet service,No internet service,No internet service,No internet service,No internet service,Month-to-month,No,Mailed check,31.45,601.44,No
CUST104429,Male,0,No,Yes,22,Yes,Yes,No,No internet service,No internet service,No internet service,No internet service,No internet service,No internet service,Two year,No,Bank transfer,40.78,726.39,No
CUST104430,Male,1,No,Yes,9,Yes,Yes,DSL,No,Yes,No,No,Yes,No,Two year,Yes,Electronic check,66.96,506.07,No
CUST104431,Male,0,No,No,46,Yes,Yes,DSL,No,Yes,No,No,No,No,Month-to-month,Yes,Bank transfer,54.02,2470.74,No
CUST104432,Female,0,No,Yes,19,Yes,No,Fiber optic,Yes,No,Yes,No,No,No,Month-to-month,No,Bank transfer,80.02,1489.62,No
CUST104433,Male,0,Yes,No,47,Yes,No,No,No internet service,No internet service,No internet service,No internet service,No internet service,No internet service,Month-to-month,No,Electronic check,28.1,1330.28,No
CUST104434,Female,0,No,No,60,Yes,Yes,DSL,Yes,No,No,No,No,Yes,Month-to-month,No,Credit card,65.43,3936.83,No
CUST104435,Male,0,No,No,35,Yes,Yes,Fiber optic,Yes,Yes,Yes,No,No,Yes,Month-to-month,No,Bank transfer,96.53,3276.08,Yes
CUST104436,Male,0,No,No,66,Yes,No,No,No internet service,No internet service,No internet service,No internet service,No internet service,No internet service,Two year,Yes,Mailed check,25.31,1721.83,No
CUST104437,Male,1,No,No,15,Yes,Yes,Fiber optic,No,No,No,No,No,Yes,Month-to-month,No,Electronic check,89.92,1270.03,Yes
CUST104438,Male,0,No,No,70,Yes,Yes,Fiber optic,No,Yes,No,Yes,Yes,No,Month-to-month,Yes,Mailed check,90.41,6342.28,No
CUST104439,Female,0,Yes,No,24,Yes,No,No,No internet service,No internet service,No internet service,No internet service,No internet service,No internet service,One year,Yes,Electronic check,23.83,727.31,No
CUST104440,Female,0,No,Yes,22,Yes,No,Fiber optic,No,No,No,No,No,No,Month-to-month,Yes,Electronic check,62.7,1294.15,No
CUST104441,Female,0,No,No,71,Yes,Yes,DSL,Yes,Yes,No,No,No,Yes,Month-to-month,No,Bank transfer,68.99,4910.97,No
CUST104442,Female,0,Yes,No,33,Yes,No,DSL,No,Yes,Yes,No,No,No,Month-to-month,Yes,Credit card,50.84,1643.47,No
CUST104443,Male,0,Yes,Yes,54,Yes,Yes,Fiber optic,Yes,Yes,No,No,Yes,No,Month-to-month,Yes,Electronic check,102.79,5464.43,No
CUST104444,Female,0,Yes,No,58,Yes,No,DSL,No,Yes,No,No,No,No,Month-to-month,No,Bank transfer,45.55,2652.17,No
CUST104445,Male,0,Yes,No,33,Yes,Yes,DSL,No,Yes,Yes,No,Yes,Yes,One year,Yes,Bank transfer,73.92,2373.53,No
CUST104446,Female,0,No,No,23,Yes,No,DSL,No,Yes,No,No,No,No,Month-to-month,Yes,Bank transfer,59.69,1440.06,No
CUST104447,Female,0,Yes,No,36,Yes,No,Fiber optic,No,Yes,Yes,Yes,No,No,Two year,Yes,Credit card,89.32,3269.96,No
CUST104448,Female,0,Yes,No,28,Yes,Yes,No,No internet service,No internet service,No internet service,No internet service,No internet service,No internet service,Two year,Yes,Mailed check,27.69,918.62,No
CUST104449,Male,0,No,Yes,30,Yes,No,Fiber optic,Yes,Yes,No,Yes,No,No,One year,No,Bank transfer,85.04,2617.15,No
CUST104450,Male,1,Yes,Yes,18,Yes,Yes,Fiber optic,No,Yes,No,No,Yes,No,Two year,Yes,Electronic check,89.95,1674.81,No
CUST104451,Male,0,No,No,66,No,No phone service,No,No internet service,No internet service,No internet service,No internet service,No internet service,No internet service,Two year,Yes,Electronic check,18.0,1020.32,No
CUST104452,Female,1,Yes,No,42,Yes,Yes,Fiber optic,No,No,No,No,No,Yes,Two year,No,Mailed check,86.45,3707.65,No
CUST104453,Female,0,Yes,No,58,No,No phone service,Fiber optic,No,No,Yes,No,Yes,No,Month-to-month,Yes,Electronic check,68.3,4026.59,No
CUST104454,Male,0,No,No,48,Yes,No,DSL,No,No,Yes,No,Yes,No,Month-to-month,No,Electronic check,51.15,2393.31,No
CUST104455,Male,0,No,No,26,Yes,Yes,Fiber optic,No,Yes,No,No,No,Yes,One year,Yes,Electronic check,92.78,2562.38,No
CUST104456,Female,0,No,Yes,23,Yes,Yes,DSL,No,No,No,Yes,No,Yes,Two year,Yes,Electronic check,67.26,1625.09,No
CUST104457,Male,0,No,Yes,71,Yes,No,Fiber optic,No,No,No,No,Yes,No,Two year,No,Mailed check,84.34,6006.54,No
CUST104458,Female,0,Yes,No,2,Yes,No,No,No internet service,No internet service,No internet service,No internet service,No internet service,No internet service,One year,Yes,Electronic check,27.54,118.13,No
CUST104459,Female,0,No,No,22,Yes,Yes,DSL,Yes,No,No,Yes,Yes,No,Two year,No,Electronic check,76.2,1716.0,No
CUST104460,Male,1,Yes,Yes,53,Yes,No,DSL,No,No,No,Yes,No,Yes,One year,No,Bank transfer,55.72,2969.53,No
CUST104461,Female,0,Yes,No,40,Yes,No,No,No internet service,No internet service,No internet service,No internet service,No internet service,No internet service,One year,Yes,Bank transfer,32.56,1286.63,No
CUST104462,Female,0,Yes,No,45,Yes,No,No,No internet service,No internet service,No internet service,No internet service,No internet service,No internet service,Month-to-month,Yes,Credit card,35.43,1697.41,No
CUST104463,Male,0,No,No,2,Yes,No,Fiber optic,No,No,Yes,Yes,No,Yes,Month-to-month,No,Credit card,83.3,48.53,No
CUST104464,Male,0,Yes,No,16,No,No phone service,DSL,No,No,No,No,Yes,No,Month-to-month,No,Credit card,37.8,621.79,Yes
CUST104465,Female,0,Yes,No,44,Yes,No,Fiber optic,Yes,No,Yes,No,No,Yes,Month-to-month,No,Bank transfer,87.85,3988.13,No
CUST104466,Female,0,Yes,No,23,No,No phone service,Fiber optic,No,No,Yes,Yes,No,No,Month-to-month,Yes,Electronic check,72.75,1683.45,No
CUST104467,Male,0,No,No,34,Yes,No,Fiber optic,Yes,No,Yes,No,No,No,Month-to-month,Yes,Electronic check,79.33,2762.76,No
CUST104468,Male,0,Yes,No,69,Yes,No,Fiber optic,No,No,No,No,No,No,Two year,Yes,Credit card,73.83,5094.7,No
CUST104469,Male,0,Yes,Yes,46,Yes,Yes,No,No internet service,No internet service,No internet service,No internet service,No internet service,No internet service,Month-to-month,Yes,Credit card,30.47,1319.1,No
CUST104470,Male,0,Yes,No,46,Yes,No,DSL,No,No,Yes,No,No,Yes,One year,No,Mailed check,57.48,2719.44,No
CUST104471,Female,0,No,No,15,Yes,Yes,No,No internet service,No internet service,No internet service,No internet service,No internet service,No internet service,Month-to-month,No,Mailed check,31.87,599.3,No
CUST104472,Male,0,Yes,No,43,Yes,No,DSL,No,No,Yes,Yes,Yes,No,Two year,Yes,Electronic check,69.48,2942.01,No
CUST104473,Female,0,No,No,70,Yes,No,DSL,No,Yes,Yes,No,Yes,No,Month-to-month,No,Electronic check,66.06,4669.8,No
CUST104474,Female,1,Yes,Yes,47,Yes,No,No,No internet service,No internet service,No internet service,No internet service,No internet service,No internet service,Month-to-month,Yes,Mailed check,25.13,1205.12,No
CUST104475,Male,0,Yes,No,57,Yes,Yes,Fiber optic,No,Yes,No,No,Yes,No,One year,Yes,Electronic check,89.15,5051.17,No
CUST104476,Female,0,Yes,Yes,69,Yes,No,Fiber optic,No,Yes,Yes,No,Yes,No,Month-to-month,No,Mailed check,86.27,6047.63,Yes
CUST104477,Male,0,Yes,Yes,65,Yes,Yes,DSL,No,No,No,No,No,No,One year,Yes,Credit card,47.69,3080.11,No
CUST104478,Female,0,Yes,No,25,No,No phone service,DSL,No,No,No,Yes,No,No,One year,Yes,Credit card,49.32,1148.36,No
CUST104479,Male,0,Yes,No,22,Yes,No,DSL,No,Yes,Yes,No,No,No,One year,Yes,Credit card,54.25,1163.41,No
CUST104480,Male,0,No,No,21,Yes,Yes,Fiber optic,No,No,No,No,No,No,Month-to-month,Yes,Electronic check,89.32,1862.42,Yes
CUST104481,Female,1,Yes,No,56,No,No phone service,DSL,Yes,Yes,No,No,No,No,Two year,Yes,Mailed check,48.12,2639.62,No
CUST104482,Female,1,Yes,Yes,28,No,No phone service,No,No internet service,No internet service,No internet service,No internet service,No internet service,No internet service,Month-to-month,No,Bank transfer,24.97,654.05,No
CUST104483,Male,0,Yes,Yes,60,Yes,Yes,Fiber optic,No,No,No,Yes,No,No,Month-to-month,Yes,Bank transfer,82.1,4831.21,No
CUST104484,Female,0,Yes,Yes,58,Yes,No,No,No internet service,No internet service,No internet service,No internet service,No internet service,No internet service,Month-to-month,Yes,Credit card,29.21,1668.51,No
CUST104485,Female,0,Yes,No,48,Yes,No,No,No internet service,No internet service,No internet service,No internet service,No internet service,No internet service,Month-to-month,No,Electronic check,26.32,1277.13,No
CUST104486,Female,0,Yes,No,9,Yes,No,Fiber optic,No,Yes,No,No,No,No,Month-to-month,Yes,Electronic check,67.8,535.66,Yes
CUST104487,Male,0,Yes,Yes,52,Yes,Yes,Fiber optic,No,Yes,No,Yes,No,No,Two year,No,Mailed check,93.67,4781.72,No
CUST104488,Female,0,Yes,No,15,Yes,Yes,No,No internet service,No internet service,No internet service,No internet service,No internet service,No internet service,One year,No,Mailed check,32.54,404.62,No
CUST104489,Male,0,No,No,40,Yes,Yes,Fiber optic,No,Yes,Yes,No,No,Yes,Two year,No,Mailed check,99.85,3981.12,No
CUST104490,Female,0,No,No,17,Yes,No,DSL,Yes,No,No,Yes,Yes,No,Month-to-month,Yes,Electronic check,71.36,1170.0,Yes
CUST104491,Female,0,No,No,5,Yes,No,Fiber optic,Yes,No,No,No,No,Yes,One year,No,Electronic check,79.36,262.09,No
CUST104492,Female,0,Yes,No,46,Yes,No,DSL,Yes,No,No,No,No,Yes,Month-to-month,No,Mailed check,54.61,2407.86,No
CUST104493,Male,1,No,No,33,Yes,Yes,Fiber optic,Yes,No,Yes,Yes,No,Yes,Month-to-month,No,Bank transfer,96.66,3180.18,No
CUST104494,Female,0,Yes,No,47,Yes,No,No,No internet service,No internet service,No internet service,No internet service,No internet service,No internet service,Month-to-month,Yes,Electronic check,20.35,923.34,No
CUST104495,Female,0,Yes,Yes,36,Yes,No,Fiber optic,No,Yes,No,Yes,No,Yes,One year,Yes,Credit card,88.38,3171.94,No
CUST104496,Male,0,No,Yes,27,Yes,Yes,DSL,No,Yes,No,No,Yes,No,One year,Yes,Bank transfer,70.17,2018.15,No
CUST104497,Female,0,Yes,No,2,Yes,No,DSL,No,No,No,Yes,No,No,Month-to-month,Yes,Electronic check,47.21,112.77,No
CUST104498,Female,0,Yes,No,20,Yes,No,Fiber optic,No,Yes,Yes,No,No,No,Month-to-month,Yes,Electronic check,81.87,1485.57,No
CUST104499,Female,1,No,Yes,64,Yes,Yes,DSL,No,Yes,Yes,No,No,No,Month-to-month,Yes,Electronic check,62.09,3920.27,No
CUST104500,Female,0,No,No,55,Yes,No,Fiber optic,No,No,No,No,No,No,Month-to-month,Yes,Electronic check,69.11,3826.32,No
CUST104501,Male,0,Yes,No,34,Yes,Yes,Fiber optic,No,No,No,No,No,Yes,One year,Yes,Bank transfer,83.92,2796.5,No
CUST104502,Male,1,Yes,Yes,3,Yes,Yes,Fiber optic,No,No,No,Yes,Yes,No,Month-to-month,No,Credit card,90.32,188.8,No
CUST104503,Male,0,Yes,Yes,71,Yes,No,Fiber optic,Yes,No,No,Yes,No,No,Two year,No,Electronic check,77.44,5568.14,No
CUST104504,Male,0,No,No,54,Yes,Yes,Fiber optic,Yes,No,Yes,No,No,No,Two year,Yes,Electronic check,87.04,4663.94,No
CUST104505,Female,1,Yes,No,2,Yes,No,DSL,Yes,No,No,No,No,No,Month-to-month,No,Credit card,48.59,24.75,No
CUST104506,Female,0,Yes,Yes,16,Yes,Yes,Fiber optic,No,No,No,No,No,Yes,Two year,Yes,Mailed check,84.51,1280.67,No
CUST104507,Female,0,Yes,No,13,Yes,Yes,Fiber optic,Yes,No,No,Yes,No,No,One year,Yes,Mailed check,83.32,1215.07,No
CUST104508,Male,0,No,No,65,Yes,Yes,DSL,No,No,No,No,Yes,Yes,Month-to-month,Yes,Mailed check,70.63,4496.83,No
CUST104509,Female,0,No,No,69,Yes,No,Fiber optic,No,No,No,No,No,No,Two year,Yes,Electronic check,68.6,4714.4,No
CUST104510,Male,0,Yes,Yes,30,Yes,Yes,Fiber optic,No,Yes,No,No,No,Yes,Month-to-month,No,Electronic check,84.0,2505.77,No
CUST104511,Female,0,No,Yes,13,No,No phone service,DSL,No,No,No,Yes,No,Yes,One year,Yes,Credit card,49.14,691.11,No
CUST104512,Male,1,Yes,Yes,47,Yes,Yes,Fiber optic,No,Yes,No,No,No,No,One year,Yes,Bank transfer,81.7,3772.21,No
CUST104513,Female,0,No,No,20,Yes,No,DSL,No,No,No,No,No,No,Two year,No,Electronic check,44.04,810.69,No
CUST104514,Male,0,Yes,No,9,Yes,Yes,Fiber optic,Yes,No,No,No,No,No,One year,Yes,Credit card,75.55,741.84,No
CUST104515,Male,0,Yes,No,19,Yes,No,DSL,No,No,No,No,No,No,Two year,No,Mailed check,45.48,1059.8,No
CUST104516,Male,1,Yes,Yes,19,Yes,Yes,No,No internet service,No internet service,No internet service,No internet service,No internet service,No internet service,Month-to-month,No,Electronic check,35.65,629.28,No
CUST104517,Female,0,No,No,4,Yes,Yes,Fiber optic,No,No,No,No,Yes,Yes,Two year,No,Credit card,92.69,317.32,No
CUST104518,Female,0,No,No,51,Yes,No,DSL,No,Yes,No,No,No,Yes,One year,No,Bank transfer,62.05,3360.69,No
CUST104519,Male,0,No,No,26,Yes,Yes,DSL,No,No,Yes,No,Yes,No,One year,No,Bank transfer,67.0,1710.56,No
CUST104520,Female,0,Yes,No,40,Yes,No,No,No internet service,No internet service,No internet service,No internet service,No internet service,No internet service,Two year,Yes,Electronic check,29.31,1144.1,No
CUST104521,Male,1,Yes,No,40,Yes,No,Fiber optic,Yes,No,Yes,No,Yes,No,Month-to-month,Yes,Electronic check,89.27,3585.21,No
CUST104522,Male,1,Yes,Yes,56,Yes,No,Fiber optic,No,No,Yes,No,No,No,Month-to-month,Yes,Credit card,72.73,4105.43,No
CUST104523,Male,0,Yes,Yes,55,Yes,No,No,No internet service,No internet service,No internet service,No internet service,No internet service,No internet service,Two year,Yes,Electronic check,31.73,1764.89,No
CUST104524,Male,0,Yes,No,41,Yes,No,DSL,No,No,Yes,Yes,Yes,No,Two year,Yes,Credit card,62.69,2647.24,No
CUST104525,Male,0,No,Yes,61,Yes,Yes,Fiber optic,Yes,Yes,No,No,No,No,One year,Yes,Bank transfer,86.24,5148.94,No
CUST104526,Female,0,No,Yes,41,Yes,Yes,Fiber optic,No,No,Yes,Yes,Yes,No,Month-to-month,Yes,Mailed check,89.01,3631.15,No
CUST104527,Female,0,No,No,2,Yes,No,No,No internet service,No internet service,No internet service,No internet service,No internet service,No internet service,Month-to-month,Yes,Credit card,29.77,146.5,Yes
CUST104528,Female,0,Yes,Yes,62,Yes,No,Fiber optic,No,Yes,Yes,No,Yes,No,Month-to-month,No,Credit card,88.35,5293.91,No
CUST104529,Female,0,Yes,No,56,Yes,No,No,No internet service,No internet service,No internet service,No internet service,No internet service,No internet service,Month-to-month,Yes,Credit card,30.97,1629.0,No
CUST104530,Male,1,Yes,No,31,Yes,No,Fiber optic,No,No,No,No,No,No,Two year,Yes,Mailed check,64.46,2054.85,No
CUST104531,Female,0,Yes,No,28,Yes,Yes,No,No internet service,No internet service,No internet service,No internet service,No internet service,No internet service,One year,Yes,Bank transfer,37.87,1066.98,No
CUST104532,Female,0,No,Yes,65,Yes,No,DSL,No,No,Yes,No,Yes,No,Month-to-month,Yes,Electronic check,57.29,3672.09,No
CUST104533,Male,0,No,No,31,No,No phone service,Fiber optic,Yes,No,No,No,No,Yes,Month-to-month,No,Electronic check,70.41,2207.85,No
CUST104534,Male,0,Yes,No,27,No,No phone service,DSL,Yes,No,No,No,Yes,Yes,Two year,Yes,Credit card,55.15,1524.18,No
CUST104535,Female,0,Yes,No,53,Yes,No,No,No internet service,No internet service,No internet service,No internet service,No internet service,No internet service,One year,Yes,Credit card,24.73,1239.57,No
CUST104536,Male,0,No,No,24,Yes,Yes,DSL,No,Yes,No,No,No,Yes,Month-to-month,Yes,Electronic check,66.32,1585.55,Yes
CUST104537,Female,0,Yes,No,30,Yes,No,Fiber optic,No,No,No,Yes,Yes,No,Month-to-month,Yes,Bank transfer,80.26,2313.73,No
CUST104538,Male,0,No,Yes,57,Yes,Yes,DSL,No,No,Yes,Yes,No,No,Month-to-month,Yes,Credit card,62.67,3664.45,No
CUST104539,Male,1,No,Yes,17,Yes,No,DSL,No,No,No,Yes,Yes,No,Month-to-month,Yes,Bank transfer,56.13,829.37,No
CUST104540,Male,1,No,No,1,Yes,No,DSL,Yes,No,No,No,No,Yes,One year,Yes,Electronic check,57.49,47.15,No
CUST104541,Male,0,Yes,No,25,Yes,No,Fiber optic,No,No,Yes,Yes,Yes,No,Month-to-month,No,Electronic check,82.45,2124.69,No
CUST104542,Male,0,No,No,13,Yes,No,DSL,No,No,No,No,No,Yes,Month-to-month,No,Mailed check,44.96,744.59,Yes
CUST104543,Male,0,No,Yes,27,Yes,Yes,No,No internet service,No internet service,No internet service,No internet service,No internet service,No internet service,Month-to-month,Yes,Credit card,45.64,1216.89,No
CUST104544,Male,0,Yes,Yes,6,Yes,Yes,Fiber optic,No,No,Yes,No,No,No,Month-to-month,Yes,Electronic check,82.15,712.93,Yes
CUST104545,Female,1,Yes,No,43,Yes,Yes,No,No internet service,No internet service,No internet service,No internet service,No internet service,No internet service,One year,Yes,Mailed check,46.8,1921.49,No
CUST104546,Male,1,No,No,37,Yes,No,Fiber optic,No,No,No,Yes,No,No,One year,Yes,Credit card,74.7,2810.95,No
CUST104547,Male,0,No,Yes,20,Yes,No,Fiber optic,Yes,Yes,No,No,No,No,Month-to-month,Yes,Credit card,79.88,1541.7,No
CUST104548,Male,0,Yes,No,46,Yes,No,Fiber optic,No,No,No,No,Yes,No,Month-to-month,No,Credit card,75.82,3618.87,No
CUST104549,Male,0,No,No,11,Yes,No,DSL,No,Yes,No,No,No,Yes,One year,No,Credit card,60.24,655.55,Yes
CUST104550,Male,0,No,Yes,1,Yes,No,Fiber optic,Yes,No,Yes,No,No,Yes,Two year,No,Bank transfer,87.38,18.0,No
CUST104551,Female,1,Yes,No,35,Yes,Yes,No,No internet service,No internet service,No internet service,No internet service,No internet service,No internet service,Month-to-month,Yes,Credit card,29.6,1135.19,No
CUST104552,Female,0,Yes,Yes,12,Yes,No,DSL,Yes,No,Yes,No,No,No,Month-to-month,Yes,Bank transfer,51.75,585.93,No
CUST104553,Female,0,Yes,No,62,Yes,No,DSL,No,Yes,No,Yes,No,Yes,Two year,Yes,Bank transfer,58.12,3499.51,No
CUST104554,Male,0,Yes,Yes,22,Yes,Yes,Fiber optic,No,No,Yes,Yes,Yes,No,Month-to-month,Yes,Electronic check,94.4,2051.1,No
CUST104555,Male,0,No,No,31,Yes,Yes,No,No internet service,No internet service,No internet service,No internet service,No internet service,No internet service,Two year,Yes,Mailed check,35.58,1183.71,No
CUST104556,Female,0,No,Yes,22,Yes,No,DSL,No,Yes,No,No,No,Yes,Two year,No,Electronic check,58.4,1272.87,No
CUST104557,Female,1,Yes,No,32,Yes,Yes,No,No internet service,No internet service,No internet service,No internet service,No internet service,No internet service,Month-to-month,Yes,Credit card,32.09,995.46,Yes
CUST104558,Male,0,No,No,7,Yes,No,DSL,Yes,No,Yes,Yes,No,Yes,Month-to-month,Yes,Electronic check,63.1,441.45,Yes
CUST104559,Male,0,Yes,No,68,Yes,No,Fiber optic,No,No,No,No,Yes,No,Two year,No,Electronic check,81.5,5349.55,No
CUST104560,Male,0,Yes,No,13,Yes,Yes,No,No internet service,No internet service,No internet service,No internet service,No internet service,No internet service,Month-to-month,No,Credit card,35.76,693.67,No
CUST104561,Female,0,Yes,No,29,Yes,No,Fiber optic,Yes,Yes,No,No,No,Yes,Month-to-month,Yes,Credit card,89.26,2584.05,No
CUST104562,Female,0,No,Yes,61,Yes,Yes,Fiber optic,No,No,No,No,No,No,Month-to-month,No,Bank transfer,80.76,5003.44,No
CUST104563,Female,0,No,No,31,Yes,No,No,No internet service,No internet service,No internet service,No internet service,No internet service,No internet service,One year,No,Bank transfer,19.74,731.51,No
CUST104564,Female,0,No,No,51,Yes,Yes,DSL,No,Yes,Yes,No,Yes,Yes,Two year,Yes,Electronic check,77.18,3849.97,Yes
CUST104565,Male,0,Yes,No,5,Yes,No,DSL,No,No,No,Yes,No,No,One year,Yes,Electronic check,55.4,174.37,Yes
CUST104566,Female,0,Yes,Yes,22,Yes,No,No,No internet service,No internet service,No internet service,No internet service,No internet service,No internet service,Month-to-month,No,Credit card,22.99,633.05,No
CUST104567,Male,0,Yes,Yes,55,Yes,Yes,Fiber optic,No,Yes,Yes,No,Yes,No,One year,No,Credit card,89.4,4851.23,No
CUST104568,Male,1,No,No,19,Yes,No,No,No internet service,No internet service,No internet service,No internet service,No internet service,No internet service,One year,No,Mailed check,23.32,411.47,Yes
CUST104569,Female,0,Yes,Yes,30,Yes,No,No,No internet service,No internet service,No internet service,No internet service,No internet service,No internet service,Month-to-month,No,Electronic check,21.8,592.79,No
CUST104570,Female,0,No,Yes,6,Yes,No,Fiber optic,No,No,No,No,Yes,No,One year,No,Electronic check,79.22,235.0,Yes
CUST104571,Male,0,No,No,37,Yes,No,Fiber optic,Yes,No,No,No,Yes,Yes,One year,Yes,Mailed check,89.66,3298.84,No
CUST104572,Female,0,Yes,Yes,26,Yes,No,Fiber optic,No,No,Yes,No,Yes,Yes,Month-to-month,No,Electronic check,83.9,2175.0,No
CUST104573,Female,0,Yes,Yes,62,Yes,No,DSL,Yes,Yes,No,No,No,Yes,Two year,No,Electronic check,55.56,3529.87,No
CUST104574,Male,0,Yes,Yes,29,Yes,No,Fiber optic,No,Yes,Yes,No,No,Yes,Month-to-month,Yes,Mailed check,83.46,2383.55,No
CUST104575,Male,0,No,No,60,Yes,No,No,No internet service,No internet service,No internet service,No internet service,No internet service,No internet service,Month-to-month,No,Mailed check,32.18,1881.12,No
CUST104576,Male,0,No,No,66,Yes,Yes,No,No internet service,No internet service,No internet service,No internet service,No internet service,No internet service,Month-to-month,Yes,Bank transfer,30.16,2033.01,No
CUST104577,Female,0,Yes,Yes,61,Yes,Yes,No,No internet service,No internet service,No internet service,No internet service,No internet service,No internet service,Month-to-month,No,Mailed check,27.83,1768.66,No
CUST104578,Female,1,No,No,54,Yes,No,No,No internet service,No internet service,No internet service,No internet service,No internet service,No internet service,Month-to-month,No,Electronic check,27.18,1373.56,Yes
CUST104579,Female,0,Yes,No,43,Yes,Yes,DSL,No,Yes,No,No,No,Yes,Month-to-month,Yes,Electronic check,59.85,2413.92,No
CUST104580,Female,1,Yes,Yes,35,Yes,No,Fiber optic,Yes,Yes,Yes,No,No,No,One year,Yes,Bank transfer,91.42,3377.41,No
CUST104581,Female,0,No,No,6,Yes,No,DSL,Yes,No,Yes,No,Yes,No,One year,No,Electronic check,63.22,503.52,No
CUST104582,Male,0,No,No,10,No,No phone service,Fiber optic,No,No,Yes,Yes,No,No,Month-to-month,No,Credit card,70.08,646.1,Yes
CUST104583,Female,0,Yes,No,28,Yes,No,No,No internet service,No internet service,No internet service,No internet service,No internet service,No internet service,One year,Yes,Electronic check,26.14,704.35,No
CUST104584,Male,0,No,No,48,Yes,Yes,No,No internet service,No internet service,No internet service,No internet service,No internet service,No internet service,One year,Yes,Credit card,32.21,1541.5,No
CUST104585,Male,0,No,No,1,Yes,Yes,No,No internet service,No internet service,No internet service,No internet service,No internet service,No internet service,Month-to-month,Yes,Electronic check,32.6,18.0,No
CUST104586,Male,0,No,No,68,Yes,Yes,Fiber optic,No,No,Yes,No,No,No,Two year,No,Bank transfer,91.24,6155.63,No
CUST104587,Female,0,No,No,72,Yes,No,Fiber optic,No,No,No,No,Yes,No,Month-to-month,Yes,Bank transfer,80.42,5778.86,No
CUST104588,Female,0,Yes,Yes,6,Yes,No,DSL,No,Yes,No,No,Yes,No,Month-to-month,Yes,Electronic check,56.7,224.74,Yes
CUST104589,Male,0,Yes,No,7,Yes,No,Fiber optic,Yes,No,No,Yes,Yes,No,Month-to-month,Yes,Mailed check,87.43,797.59,No
CUST104590,Female,0,No,No,62,Yes,Yes,DSL,No,No,No,Yes,Yes,No,Month-to-month,Yes,Electronic check,61.57,3680.48,No
CUST104591,Male,0,Yes,Yes,15,Yes,Yes,No,No internet service,No internet service,No internet service,No internet service,No internet service,No internet service,Month-to-month,No,Mailed check,38.57,408.54,No
CUST104592,Female,0,Yes,No,13,Yes,No,Fiber optic,No,No,No,No,No,No,Month-to-month,Yes,Credit card,56.05,799.32,No
CUST104593,Female,0,Yes,No,14,Yes,No,Fiber optic,No,No,Yes,No,Yes,No,One year,No,Bank transfer,79.12,1074.13,No
CUST104594,Male,0,Yes,Yes,51,Yes,No,No,No internet service,No internet service,No internet service,No internet service,No internet service,No internet service,Two year,No,Bank transfer,23.1,1210.38,No
CUST104595,Male,0,Yes,No,10,Yes,No,DSL,No,Yes,No,No,No,Yes,One year,No,Electronic check,60.93,607.57,No
CUST104596,Female,0,Yes,No,14,Yes,No,Fiber optic,No,No,Yes,No,Yes,No,One year,No,Mailed check,81.26,1105.4,No
CUST104597,Male,0,Yes,No,29,No,No phone service,No,No internet service,No internet service,No internet service,No internet service,No internet service,No internet service,One year,No,Bank transfer,18.0,512.49,No
CUST104598,Female,0,Yes,No,44,No,No phone service,No,No internet service,No internet service,No internet service,No internet service,No internet service,No internet service,One year,No,Electronic check,18.75,855.66,No
CUST104599,Male,0,No,No,72,Yes,Yes,DSL,No,Yes,No,No,Yes,No,Month-to-month,No,Electronic check,64.11,4705.3,No
CUST104600,Male,0,No,No,18,Yes,Yes,Fiber optic,Yes,No,Yes,No,Yes,Yes,Month-to-month,No,Electronic check,106.05,1846.75,No
CUST104601,Male,0,Yes,Yes,19,Yes,No,Fiber optic,No,Yes,Yes,No,No,No,Month-to-month,No,Electronic check,80.24,1560.58,No
CUST104602,Male,0,Yes,No,40,Yes,No,DSL,No,No,Yes,Yes,No,No,Month-to-month,No,Credit card,54.93,2158.38,No
CUST104603,Female,0,Yes,No,31,No,No phone service,DSL,No,No,No,No,Yes,Yes,One year,Yes,Electronic check,51.31,1559.69,No
CUST104604,Male,0,No,No,44,Yes,No,Fiber optic,No,No,Yes,Yes,Yes,No,Month-to-month,Yes,Electronic check,76.92,3312.55,No
CUST104605,Female,0,No,Yes,18,Yes,No,DSL,No,Yes,No,No,No,No,Month-to-month,No,Electronic check,46.79,817.19,No
CUST104606,Female,0,No,No,45,Yes,No,Fiber optic,No,Yes,No,Yes,No,Yes,Month-to-month,Yes,Electronic check,78.18,3418.24,No
CUST104607,Female,0,No,No,67,Yes,No,DSL,No,Yes,Yes,No,Yes,No,One year,No,Mailed check,70.14,4606.69,No
CUST104608,Female,0,Yes,Yes,50,No,No phone service,DSL,Yes,No,No,No,No,No,Month-to-month,Yes,Electronic check,40.13,1931.92,No
CUST104609,Male,0,Yes,No,53,Yes,Yes,Fiber optic,No,Yes,Yes,No,No,No,Month-to-month,No,Electronic check,88.66,4516.44,No
CUST104610,Female,0,Yes,No,5,Yes,No,DSL,No,No,No,No,No,No,Month-to-month,No,Electronic check,40.97,127.23,No
CUST104611,Female,1,Yes,No,65,No,No phone service,DSL,Yes,Yes,No,No,No,No,Month-to-month,Yes,Bank transfer,45.48,2914.28,No
CUST104612,Female,0,Yes,No,51,Yes,No,DSL,No,No,No,No,Yes,No,One year,Yes,Mailed check,50.71,2613.08,No
CUST104613,Male,0,No,Yes,46,Yes,Yes,Fiber optic,Yes,No,Yes,No,Yes,Yes,Month-to-month,No,Bank transfer,102.13,4584.55,No
CUST104614,Male,0,Yes,No,12,Yes,Yes,Fiber optic,No,Yes,No,Yes,Yes,No,Month-to-month,Yes,Electronic check,92.42,1103.84,No
CUST104615,Male,0,No,Yes,40,Yes,No,No,No internet service,No internet service,No internet service,No internet service,No internet service,No internet service,Two year,No,Electronic check,24.4,1003.72,No
CUST104616,Female,1,Yes,No,49,Yes,No,Fiber optic,No,Yes,Yes,No,Yes,No,Month-to-month,Yes,Credit card,77.78,3787.17,No
CUST104617,Female,0,Yes,No,45,Yes,Yes,DSL,Yes,No,No,No,No,No,One year,Yes,Electronic check,65.92,2978.79,No
CUST104618,Male,0,No,Yes,9,No,No phone service,DSL,No,No,Yes,No,Yes,Yes,One year,Yes,Mailed check,53.9,499.43,No
CUST104619,Male,0,Yes,No,3,Yes,No,No,No internet service,No internet service,No internet service,No internet service,No internet service,No internet service,Month-to-month,No,Electronic check,25.42,44.19,No
CUST104620,Male,0,Yes,No,35,Yes,Yes,DSL,No,Yes,No,Yes,No,No,Month-to-month,No,Electronic check,59.66,2031.63,No
CUST104621,Male,0,Yes,No,52,Yes,No,DSL,Yes,No,No,Yes,No,No,Month-to-month,No,Mailed check,60.59,3160.97,No
CUST104622,Male,0,No,Yes,28,No,No phone service,DSL,No,No,Yes,No,Yes,No,Month-to-month,No,Mailed check,46.33,1207.05,No
CUST104623,Male,1,Yes,No,50,Yes,No,Fiber optic,No,No,Yes,No,No,No,Month-to-month,Yes,Electronic check,72.03,3418.13,No
CUST104624,Female,1,No,No,70,No,No phone service,Fiber optic,No,No,No,Yes,No,Yes,One year,No,Mailed check,73.81,5104.86,No
CUST104625,Female,0,No,Yes,65,Yes,No,Fiber optic,No,No,No,No,No,No,Month-to-month,Yes,Mailed check,73.85,4751.05,No
CUST104626,Female,1,No,No,46,Yes,No,DSL,No,Yes,No,No,No,No,Month-to-month,No,Mailed check,49.93,2304.82,Yes
CUST104627,Female,0,Yes,No,53,Yes,Yes,Fiber optic,Yes,Yes,Yes,Yes,No,Yes,One year,Yes,Credit card,103.18,5472.98,No
CUST104628,Female,0,No,No,7,Yes,No,DSL,No,No,No,No,Yes,Yes,Month-to-month,Yes,Bank transfer,58.52,354.07,Yes
CUST104629,Male,1,Yes,No,7,Yes,Yes,Fiber optic,No,No,Yes,Yes,Yes,No,One year,No,Electronic check,91.11,640.49,No
CUST104630,Female,0,No,Yes,51,Yes,Yes,No,No internet service,No internet service,No internet service,No internet service,No internet service,No internet service,Month-to-month,No,Electronic check,41.39,2179.02,No
CUST104631,Female,0,Yes,No,58,Yes,No,DSL,No,Yes,Yes,No,Yes,Yes,One year,No,Bank transfer,65.75,3794.73,No
CUST104632,Female,0,Yes,Yes,14,Yes,No,Fiber optic,No,No,No,Yes,No,No,Two year,Yes,Electronic check,75.59,979.8,No
CUST104633,Female,0,Yes,No,43,Yes,No,Fiber optic,No,No,No,No,No,No,Month-to-month,No,Credit card,66.74,2833.24,No
CUST104634,Female,0,No,Yes,21,Yes,No,Fiber optic,No,No,Yes,No,Yes,No,Two year,Yes,Credit card,83.39,1804.08,No
CUST104635,Female,0,No,Yes,8,Yes,No,Fiber optic,No,No,No,No,No,Yes,Month-to-month,Yes,Electronic check,75.77,486.65,Yes
CUST104636,Male,0,Yes,No,28,Yes,Yes,Fiber optic,No,No,No,No,Yes,No,Month-to-month,Yes,Credit card,83.98,2399.94,No
CUST104637,Male,0,Yes,No,33,Yes,Yes,Fiber optic,Yes,No,Yes,No,No,Yes,Month-to-month,No,Electronic check,93.35,3031.84,No
CUST104638,Female,0,No,Yes,56,Yes,No,Fiber optic,No,No,Yes,No,No,No,Month-to-month,Yes,Electronic check,69.58,3978.95,No
CUST104639,Male,0,No,No,63,Yes,No,Fiber optic,Yes,No,Yes,Yes,No,No,Two year,No,Credit card,83.75,5293.33,No
CUST104640,Male,0,No,Yes,68,Yes,No,DSL,No,No,Yes,No,No,Yes,Month-to-month,No,Bank transfer,49.72,3423.99,No
CUST104641,Male,0,Yes,No,8,Yes,No,DSL,No,No,No,No,Yes,No,Month-to-month,No,Mailed check,52.88,490.88,No
CUST104642,Female,0,No,Yes,67,Yes,Yes,Fiber optic,No,No,Yes,Yes,Yes,Yes,Two year,Yes,Credit card,97.96,6645.27,No
CUST104643,Male,0,No,No,38,Yes,Yes,Fiber optic,Yes,Yes,No,No,No,Yes,Month-to-month,No,Electronic check,92.09,3561.68,No
CUST104644,Female,0,Yes,Yes,13,Yes,No,Fiber optic,No,Yes,Yes,No,No,Yes,One year,No,Bank transfer,86.1,1038.88,No
CUST104645,Female,1,Yes,No,47,Yes,No,Fiber optic,Yes,Yes,No,No,Yes,Yes,Month-to-month,No,Credit card,93.58,4452.67,No
CUST104646,Female,0,Yes,No,5,No,No phone service,No,No internet service,No internet service,No internet service,No internet service,No internet service,No internet service,Two year,No,Credit card,18.0,18.0,No
CUST104647,Male,0,Yes,No,34,Yes,Yes,Fiber optic,Yes,Yes,No,Yes,No,No,Month-to-month,Yes,Mailed check,89.48,2942.17,No
CUST104648,Female,0,No,No,60,No,No phone service,Fiber optic,No,No,No,Yes,Yes,No,One year,Yes,Mailed check,74.04,4430.21,No
CUST104649,Female,0,Yes,Yes,70,Yes,No,DSL,No,Yes,No,No,Yes,No,Month-to-month,Yes,Credit card,63.29,4524.72,No
CUST104650,Female,0,No,Yes,21,No,No phone service,Fiber optic,Yes,No,No,Yes,Yes,Yes,Two year,Yes,Electronic check,95.35,1988.36,No
CUST104651,Female,0,Yes,No,13,Yes,No,Fiber optic,No,No,Yes,No,No,Yes,Two year,Yes,Credit card,88.96,1087.55,Yes
CUST104652,Male,0,No,Yes,42,Yes,No,No,No internet service,No internet service,No internet service,No internet service,No internet service,No internet service,One year,Yes,Electronic check,24.07,1055.37,No
CUST104653,Female,1,No,No,12,Yes,No,No,No internet service,No internet service,No internet service,No internet service,No internet service,No internet service,Month-to-month,Yes,Electronic check,29.22,308.36,No
CUST104654,Female,0,No,No,71,Yes,No,DSL,No,Yes,Yes,No,No,No,Month-to-month,No,Electronic check,59.53,4258.17,No
CUST104655,Female,0,No,No,24,Yes,Yes,No,No internet service,No internet service,No internet service,No internet service,No internet service,No internet service,Two year,Yes,Mailed check,36.75,887.56,No
CUST104656,Female,0,Yes,No,14,Yes,No,Fiber optic,Yes,No,Yes,No,No,Yes,One year,Yes,Electronic check,85.96,1121.87,No
CUST104657,Female,1,No,No,18,Yes,Yes,Fiber optic,No,No,Yes,Yes,No,No,Two year,Yes,Mailed check,87.31,1657.72,No
CUST104658,Male,1,No,No,27,Yes,No,Fiber optic,No,No,Yes,Yes,Yes,No,One year,Yes,Credit card,87.79,2233.86,No
CUST104659,Female,0,Yes,No,54,Yes,Yes,Fiber optic,No,No,No,No,No,Yes,Month-to-month,No,Electronic check,80.81,4287.38,No
CUST104660,Female,0,No,No,63,Yes,No,No,No internet service,No internet service,No internet service,No internet service,No internet service,No internet service,Month-to-month,Yes,Bank transfer,28.35,1832.79,No
CUST104661,Male,0,Yes,No,54,No,No phone service,DSL,No,No,Yes,No,Yes,No,Month-to-month,Yes,Mailed check,44.37,2621.03,Yes
CUST104662,Male,0,No,No,47,Yes,No,Fiber optic,No,No,No,Yes,No,Yes,One year,Yes,Bank transfer,90.86,4124.55,No
CUST104663,Female,0,Yes,No,20,Yes,No,DSL,No,No,No,No,No,Yes,Month-to-month,No,Mailed check,50.95,1004.5,Yes
CUST104664,Female,0,No,Yes,68,Yes,Yes,DSL,No,Yes,No,No,Yes,No,Month-to-month,Yes,Credit card,66.7,4342.68,No
CUST104665,Female,1,Yes,No,72,Yes,Yes,Fiber optic,No,Yes,No,No,No,No,One year,Yes,Mailed check,82.45,5920.29,No
CUST104666,Male,0,Yes,No,46,Yes,Yes,Fiber optic,No,No,Yes,Yes,No,No,Month-to-month,Yes,Mailed check,87.06,3948.16,No
CUST104667,Female,0,Yes,Yes,57,Yes,No,No,No internet service,No internet service,No internet service,No internet service,No internet service,No internet service,Month-to-month,No,Electronic check,30.01,1709.26,No
CUST104668,Female,0,No,Yes,22,Yes,No,Fiber optic,Yes,No,No,No,Yes,No,Month-to-month,Yes,Mailed check,86.08,2002.48,No
CUST104669,Male,0,Yes,No,33,Yes,No,Fiber optic,No,No,No,No,No,No,Month-to-month,Yes,Electronic check,70.0,2374.9,Yes
CUST104670,Female,0,No,Yes,58,Yes,Yes,No,No internet service,No internet service,No internet service,No internet service,No internet service,No internet service,Month-to-month,Yes,Bank transfer,37.87,2164.07,Yes
CUST104671,Female,0,Yes,No,31,Yes,No,Fiber optic,No,Yes,No,Yes,Yes,Yes,One year,No,Mailed check,95.54,3014.22,No
CUST104672,Male,0,No,No,55,Yes,Yes,Fiber optic,No,No,No,No,No,No,Two year,Yes,Bank transfer,71.5,3934.77,Yes
CUST104673,Female,0,Yes,No,62,Yes,No,No,No internet service,No internet service,No internet service,No internet service,No internet service,No internet service,One year,Yes,Mailed check,27.78,1635.68,No
CUST104674,Male,0,No,Yes,68,Yes,Yes,Fiber optic,No,Yes,No,No,No,No,Two year,No,Bank transfer,80.79,5485.82,No
CUST104675,Male,0,No,No,21,No,No phone service,Fiber optic,No,No,Yes,No,Yes,Yes,Month-to-month,Yes,Electronic check,83.13,1780.21,Yes
CUST104676,Female,0,Yes,No,35,Yes,No,Fiber optic,Yes,No,No,No,Yes,Yes,Month-to-month,Yes,Bank transfer,91.48,3495.72,No
CUST104677,Male,0,Yes,No,28,Yes,No,Fiber optic,Yes,No,Yes,No,Yes,Yes,Month-to-month,No,Credit card,94.19,2739.81,No
CUST104678,Male,1,No,No,37,No,No phone service,Fiber optic,No,Yes,No,No,Yes,No,One year,No,Mailed check,75.26,2839.44,No
CUST104679,Male,1,Yes,No,54,Yes,No,Fiber optic,No,No,No,No,Yes,No,Month-to-month,No,Electronic check,77.35,4031.44,No
CUST104680,Female,0,Yes,Yes,24,Yes,Yes,Fiber optic,Yes,No,No,No,Yes,No,Two year,Yes,Bank transfer,86.44,2087.61,No
CUST104681,Female,0,Yes,No,17,No,No phone service,DSL,No,No,No,No,Yes,No,One year,Yes,Electronic check,49.71,957.6,No
CUST104682,Female,0,No,No,20,Yes,No,DSL,No,Yes,Yes,Yes,Yes,Yes,One year,Yes,Mailed check,77.12,1584.63,No
CUST104683,Male,0,No,No,56,Yes,Yes,Fiber optic,No,No,Yes,Yes,Yes,Yes,Month-to-month,No,Electronic check,108.42,6162.18,No
CUST104684,Female,0,No,Yes,72,Yes,Yes,DSL,No,No,No,No,No,Yes,One year,Yes,Mailed check,59.07,4292.71,No
CUST104685,Male,0,No,No,8,No,No phone service,Fiber optic,Yes,Yes,Yes,No,Yes,No,Month-to-month,Yes,Credit card,81.5,733.2,No
CUST104686,Male,0,Yes,No,71,Yes,No,DSL,No,No,Yes,No,No,Yes,Month-to-month,Yes,Electronic check,49.38,3367.71,No
CUST104687,Male,0,Yes,No,3,Yes,Yes,DSL,No,No,Yes,No,No,Yes,One year,Yes,Mailed check,74.08,353.26,No
CUST104688,Female,0,Yes,No,39,Yes,Yes,No,No internet service,No internet service,No internet service,No internet service,No internet service,No internet service,Month-to-month,Yes,Electronic check,36.98,1506.51,No
CUST104689,Female,0,Yes,Yes,10,Yes,Yes,Fiber optic,Yes,Yes,Yes,No,Yes,No,Two year,Yes,Electronic check,102.03,1114.2,No
CUST104690,Male,0,Yes,Yes,69,Yes,Yes,Fiber optic,No,Yes,No,No,No,Yes,One year,No,Bank transfer,95.75,6617.13,No
CUST104691,Female,0,No,No,55,No,No phone service,DSL,No,No,No,Yes,Yes,Yes,One year,Yes,Bank transfer,57.5,3205.13,No
CUST104692,Female,0,Yes,No,26,Yes,No,DSL,Yes,No,No,No,Yes,No,Month-to-month,Yes,Credit card,55.1,1491.03,No
CUST104693,Male,0,Yes,Yes,50,Yes,Yes,DSL,Yes,Yes,No,No,Yes,Yes,Month-to-month,No,Electronic check,80.56,4013.87,No
CUST104694,Male,0,Yes,No,62,No,No phone service,DSL,No,Yes,Yes,No,Yes,Yes,Month-to-month,Yes,Electronic check,61.02,3719.47,No
CUST104695,Male,0,Yes,Yes,16,Yes,No,DSL,No,No,Yes,No,Yes,No,One year,No,Mailed check,50.66,721.42,No
CUST104696,Male,1,Yes,No,46,Yes,Yes,Fiber optic,No,No,Yes,No,No,No,Month-to-month,Yes,Bank transfer,88.01,4038.0,Yes
CUST104697,Female,0,Yes,No,22,Yes,No,DSL,Yes,No,No,Yes,No,No,Two year,Yes,Bank transfer,51.55,1064.58,No
CUST104698,Female,1,Yes,Yes,52,No,No phone service,Fiber optic,No,Yes,Yes,No,No,No,Two year,Yes,Bank transfer,68.98,3528.88,No
CUST104699,Female,0,No,No,41,No,No phone service,Fiber optic,No,No,No,No,No,No,Month-to-month,Yes,Credit card,65.06,2785.01,No
CUST104700,Female,0,No,No,52,Yes,No,DSL,No,Yes,Yes,Yes,Yes,Yes,One year,Yes,Electronic check,66.89,3608.02,No
CUST104701,Male,0,No,No,46,Yes,No,No,No internet service,No internet service,No internet service,No internet service,No internet service,No internet service,Month-to-month,Yes,Credit card,28.31,1273.93,No
CUST104702,Female,0,No,Yes,46,Yes,Yes,Fiber optic,Yes,No,Yes,No,Yes,No,Month-to-month,Yes,Credit card,94.94,4471.3,No
CUST104703,Male,0,No,No,7,Yes,Yes,Fiber optic,No,No,No,No,No,Yes,Month-to-month,Yes,Electronic check,88.21,602.35,Yes
CUST104704,Male,1,No,Yes,62,Yes,No,Fiber optic,No,Yes,No,Yes,No,No,Two year,Yes,Electronic check,82.35,5075.51,No
CUST104705,Male,0,Yes,Yes,13,Yes,No,Fiber optic,No,No,No,No,Yes,No,Two year,Yes,Bank transfer,79.84,1067.41,No
CUST104706,Female,0,No,No,29,Yes,No,Fiber optic,No,No,No,No,No,No,Month-to-month,Yes,Mailed check,73.52,2072.34,No
CUST104707,Female,0,Yes,No,37,Yes,Yes,No,No internet service,No internet service,No internet service,No internet service,No internet service,No internet service,Month-to-month,Yes,Electronic check,40.8,1482.64,No
CUST104708,Male,0,Yes,Yes,62,Yes,No,Fiber optic,No,Yes,No,No,No,No,Month-to-month,No,Mailed check,73.09,4638.87,No
CUST104709,Male,0,Yes,No,46,Yes,No,Fiber optic,No,No,Yes,No,No,No,Month-to-month,Yes,Bank transfer,70.95,3290.21,No
CUST104710,Female,0,Yes,No,14,No,No phone service,No,No internet service,No internet service,No internet service,No internet service,No internet service,No internet service,Month-to-month,Yes,Credit card,18.0,282.37,No
CUST104711,Female,0,No,No,21,Yes,No,Fiber optic,Yes,No,No,Yes,No,Yes,Two year,Yes,Credit card,89.42,1859.58,No
CUST104712,Male,0,Yes,No,15,Yes,No,No,No internet service,No internet service,No internet service,No internet service,No internet service,No internet service,Two year,Yes,Credit card,26.77,376.07,No
CUST104713,Male,0,No,No,43,Yes,No,Fiber optic,Yes,No,No,Yes,Yes,Yes,Month-to-month,Yes,Mailed check,91.51,3944.05,Yes
CUST104714,Female,0,No,No,52,Yes,No,Fiber optic,No,No,No,No,No,Yes,Two year,Yes,Credit card,81.22,4285.49,No
CUST104715,Female,0,Yes,Yes,52,Yes,No,Fiber optic,No,No,Yes,No,No,No,One year,Yes,Electronic check,77.21,4042.31,No
CUST104716,Male,0,Yes,No,55,No,No phone service,Fiber optic,Yes,No,No,No,No,No,One year,Yes,Mailed check,73.21,4075.16,No
CUST104717,Male,0,Yes,No,51,Yes,No,DSL,Yes,No,No,No,No,Yes,Two year,Yes,Credit card,59.03,2866.3,No
CUST104718,Male,0,Yes,No,65,Yes,Yes,Fiber optic,No,No,No,Yes,No,No,Month-to-month,Yes,Credit card,84.14,5388.72,No
CUST104719,Female,0,No,Yes,66,Yes,No,DSL,No,No,No,No,No,No,Month-to-month,No,Bank transfer,44.32,2876.01,No
CUST104720,Female,0,No,No,20,Yes,Yes,Fiber optic,No,Yes,No,No,Yes,Yes,Month-to-month,No,Electronic check,87.47,1784.16,No
CUST104721,Male,0,No,No,22,Yes,Yes,Fiber optic,Yes,Yes,Yes,No,No,Yes,One year,Yes,Electronic check,96.81,2158.96,No
CUST104722,Male,0,Yes,No,5,Yes,Yes,No,No internet service,No internet service,No internet service,No internet service,No internet service,No internet service,Month-to-month,No,Bank transfer,32.02,212.03,No
CUST104723,Male,0,No,Yes,20,Yes,Yes,DSL,No,No,No,No,No,Yes,Month-to-month,Yes,Electronic check,54.55,1063.37,No
CUST104724,Female,0,No,Yes,37,Yes,Yes,Fiber optic,No,No,Yes,No,No,Yes,Month-to-month,No,Electronic check,89.66,3325.98,Yes
CUST104725,Female,0,Yes,No,48,Yes,Yes,Fiber optic,No,No,No,Yes,No,No,Month-to-month,No,Credit card,85.65,4252.92,No
CUST104726,Female,0,Yes,Yes,64,Yes,No,Fiber optic,No,No,Yes,No,No,No,Month-to-month,Yes,Electronic check,73.11,4681.68,No
CUST104727,Female,0,Yes,No,43,Yes,No,DSL,No,No,No,No,No,Yes,Month-to-month,Yes,Mailed check,54.55,2196.88,No
CUST104728,Male,0,Yes,No,70,Yes,No,Fiber optic,No,No,No,No,No,No,Two year,No,Electronic check,67.68,4776.38,No
CUST104729,Female,0,No,No,40,No,No phone service,Fiber optic,No,No,Yes,Yes,No,Yes,One year,No,Electronic check,78.36,3229.06,No
CUST104730,Male,1,No,No,62,Yes,No,DSL,No,No,Yes,No,Yes,No,Month-to-month,Yes,Electronic check,55.57,3536.67,No
CUST104731,Male,0,Yes,Yes,59,Yes,Yes,Fiber optic,No,No,No,No,Yes,No,Two year,Yes,Electronic check,85.19,5000.0,No
CUST104732,Male,0,No,No,36,Yes,Yes,DSL,Yes,No,Yes,No,Yes,No,Two year,No,Mailed check,72.32,2582.73,No
CUST104733,Male,0,Yes,No,63,Yes,No,Fiber optic,No,No,Yes,No,No,No,Month-to-month,No,Mailed check,81.84,5216.44,No
CUST104734,Female,0,Yes,No,63,No,No phone service,No,No internet service,No internet service,No internet service,No internet service,No internet service,No internet service,One year,No,Mailed check,18.0,1145.34,No
CUST104735,Male,0,No,No,23,Yes,No,DSL,No,No,No,No,No,Yes,Month-to-month,Yes,Credit card,52.14,1243.0,No
CUST104736,Female,0,No,Yes,16,Yes,No,DSL,No,No,No,No,Yes,No,Month-to-month,Yes,Mailed check,57.5,874.09,No
CUST104737,Female,0,No,No,9,Yes,Yes,No,No internet service,No internet service,No internet service,No internet service,No internet service,No internet service,One year,Yes,Bank transfer,33.63,331.85,No
CUST104738,Female,0,Yes,No,67,Yes,No,DSL,No,Yes,No,No,No,Yes,Month-to-month,Yes,Bank transfer,60.01,3977.62,No
CUST104739,Female,0,No,No,32,Yes,No,Fiber optic,Yes,No,No,No,Yes,Yes,Month-to-month,Yes,Mailed check,86.98,2766.25,No
CUST104740,Male,1,No,Yes,41,Yes,No,Fiber optic,No,No,Yes,Yes,No,No,Month-to-month,No,Electronic check,81.57,3257.79,No
CUST104741,Female,0,No,Yes,20,Yes,No,Fiber optic,No,Yes,No,Yes,No,No,Month-to-month,Yes,Credit card,82.39,1582.77,No
CUST104742,Female,0,Yes,No,29,Yes,No,Fiber optic,No,No,No,Yes,Yes,Yes,Month-to-month,No,Mailed check,94.21,2617.33,No
CUST104743,Female,0,Yes,Yes,29,Yes,Yes,Fiber optic,No,Yes,Yes,No,Yes,Yes,Two year,Yes,Bank transfer,97.94,2714.66,No
CUST104744,Female,0,No,No,42,Yes,Yes,No,No internet service,No internet service,No internet service,No internet service,No internet service,No internet service,Month-to-month,Yes,Mailed check,36.95,1476.66,No
CUST104745,Male,0,No,No,13,Yes,No,Fiber optic,No,Yes,No,Yes,No,No,Month-to-month,Yes,Credit card,79.43,1066.4,Yes
CUST104746,Female,1,No,No,57,Yes,No,Fiber optic,No,Yes,Yes,No,No,Yes,One year,Yes,Mailed check,80.44,4604.0,No
CUST104747,Male,1,No,Yes,29,Yes,Yes,No,No internet service,No internet service,No internet service,No internet service,No internet service,No internet service,Month-to-month,Yes,Mailed check,32.5,1009.17,Yes
CUST104748,Female,0,No,Yes,18,Yes,Yes,DSL,Yes,Yes,No,No,Yes,Yes,One year,Yes,Mailed check,74.01,1295.39,No
CUST104749,Male,0,No,No,2,No,No phone service,No,No internet service,No internet service,No internet service,No internet service,No internet service,No internet service,Month-to-month,Yes,Bank transfer,21.71,18.0,No
CUST104750,Female,0,Yes,No,8,No,No phone service,No,No internet service,No internet service,No internet service,No internet service,No internet service,No internet service,Month-to-month,No,Electronic check,18.0,172.03,No
CUST104751,Female,0,Yes,No,20,No,No phone service,No,No internet service,No internet service,No internet service,No internet service,No internet service,No internet service,Month-to-month,No,Credit card,20.36,405.51,No
CUST104752,Female,0,Yes,No,53,Yes,No,DSL,No,No,No,No,Yes,Yes,Month-to-month,Yes,Credit card,60.05,3171.49,No
CUST104753,Male,1,No,No,62,Yes,Yes,Fiber optic,No,No,No,No,Yes,No,One year,Yes,Electronic check,86.59,5281.28,No
CUST104754,Male,0,Yes,Yes,69,Yes,Yes,No,No internet service,No internet service,No internet service,No internet service,No internet service,No internet service,One year,No,Electronic check,33.09,2253.55,No
CUST104755,Female,0,Yes,No,22,Yes,Yes,DSL,No,Yes,Yes,No,Yes,No,Month-to-month,No,Credit card,64.08,1463.64,No
CUST104756,Male,0,No,No,46,No,No phone service,Fiber optic,No,Yes,No,No,Yes,No,Month-to-month,Yes,Electronic check,77.71,3478.1,No
CUST104757,Male,0,No,No,20,Yes,No,DSL,Yes,No,Yes,No,Yes,No,Two year,No,Electronic check,60.75,1067.93,No
CUST104758,Female,1,Yes,No,11,Yes,Yes,DSL,No,Yes,No,No,No,No,Month-to-month,Yes,Electronic check,62.4,697.78,No
CUST104759,Female,0,Yes,No,40,Yes,Yes,No,No internet service,No internet service,No internet service,No internet service,No internet service,No internet service,Month-to-month,No,Electronic check,34.92,1331.85,No
CUST104760,Male,0,No,No,47,Yes,Yes,No,No internet service,No internet service,No internet service,No internet service,No internet service,No internet service,One year,Yes,Mailed check,35.28,1717.21,No
CUST104761,Male,1,Yes,No,55,Yes,No,DSL,No,No,Yes,Yes,No,No,Month-to-month,Yes,Bank transfer,58.43,3186.55,No
CUST104762,Male,0,Yes,No,9,Yes,No,DSL,Yes,No,No,No,Yes,Yes,Two year,Yes,Bank transfer,67.58,524.24,No
CUST104763,Female,0,Yes,Yes,54,Yes,No,Fiber optic,No,No,Yes,Yes,Yes,Yes,Month-to-month,Yes,Electronic check,93.7,5071.02,No
CUST104764,Female,0,Yes,No,22,No,No phone service,DSL,Yes,No,No,No,Yes,Yes,Two year,Yes,Mailed check,55.26,1212.53,No
CUST104765,Female,0,No,No,21,Yes,No,Fiber optic,Yes,Yes,No,No,Yes,No,Month-to-month,Yes,Electronic check,86.82,1820.14,No
CUST104766,Female,0,Yes,No,3,Yes,No,Fiber optic,No,Yes,No,No,Yes,No,Month-to-month,No,Bank transfer,74.78,137.57,Yes
CUST104767,Male,0,Yes,Yes,15,Yes,Yes,Fiber optic,Yes,No,No,Yes,No,No,Month-to-month,Yes,Mailed check,90.93,1460.21,No
CUST104768,Female,0,Yes,Yes,36,Yes,Yes,Fiber optic,No,Yes,Yes,No,Yes,No,Two year,Yes,Credit card,90.56,3212.15,No
CUST104769,Female,1,Yes,No,14,Yes,Yes,DSL,No,Yes,No,No,Yes,No,Month-to-month,No,Credit card,62.95,995.88,No
CUST104770,Female,0,Yes,No,24,Yes,No,DSL,Yes,No,Yes,Yes,Yes,Yes,Month-to-month,No,Bank transfer,73.41,1624.22,No
CUST104771,Female,1,No,Yes,39,Yes,No,No,No internet service,No internet service,No internet service,No internet service,No internet service,No internet service,Two year,Yes,Mailed check,29.5,1219.46,No
CUST104772,Male,1,Yes,No,8,Yes,No,DSL,No,Yes,No,No,Yes,Yes,Month-to-month,No,Bank transfer,64.48,555.63,No
CUST104773,Female,0,Yes,No,64,Yes,No,DSL,Yes,No,No,No,No,No,Month-to-month,No,Mailed check,53.66,3410.0,No
CUST104774,Male,0,Yes,No,23,Yes,Yes,Fiber optic,Yes,Yes,No,No,Yes,No,Month-to-month,Yes,Credit card,96.06,2076.03,No
CUST104775,Female,0,No,Yes,55,No,No phone service,DSL,No,No,Yes,No,No,Yes,Two year,Yes,Credit card,46.74,2574.93,No
CUST104776,Female,0,Yes,No,47,Yes,No,Fiber optic,Yes,No,No,No,Yes,Yes,Month-to-month,No,Credit card,85.76,3882.23,No
CUST104777,Female,0,No,No,55,Yes,Yes,No,No internet service,No internet service,No internet service,No internet service,No internet service,No internet service,Month-to-month,Yes,Bank transfer,33.92,1828.6,No
CUST104778,Male,0,No,No,21,No,No phone service,DSL,No,Yes,No,No,No,No,Two year,Yes,Bank transfer,45.86,1025.56,No
CUST104779,Female,0,No,No,13,Yes,Yes,Fiber optic,No,Yes,No,No,Yes,Yes,One year,No,Mailed check,98.14,1259.43,No
CUST104780,Female,0,No,Yes,11,Yes,No,DSL,No,No,No,No,No,Yes,Month-to-month,No,Electronic check,55.54,594.39,No
CUST104781,Male,0,Yes,Yes,17,Yes,No,Fiber optic,Yes,No,No,Yes,No,No,One year,No,Bank transfer,78.97,1452.19,No
CUST104782,Male,0,No,No,40,Yes,No,Fiber optic,No,No,No,Yes,Yes,No,Month-to-month,No,Credit card,86.01,3450.39,No
CUST104783,Female,0,No,No,45,Yes,Yes,No,No internet service,No internet service,No internet service,No internet service,No internet service,No internet service,Month-to-month,Yes,Credit card,36.39,1774.08,No
CUST104784,Male,0,Yes,Yes,55,Yes,Yes,DSL,No,No,No,No,Yes,Yes,Month-to-month,No,Credit card,64.64,3528.14,No
CUST104785,Male,1,No,No,70,No,No phone service,Fiber optic,No,No,Yes,Yes,Yes,No,One year,Yes,Mailed check,77.95,5537.34,No
CUST104786,Female,1,Yes,Yes,60,Yes,No,No,No internet service,No internet service,No internet service,No internet service,No internet service,No internet service,One year,No,Bank transfer,31.25,1862.29,No
CUST104787,Male,0,No,No,26,Yes,No,Fiber optic,No,No,No,No,No,Yes,Month-to-month,Yes,Bank transfer,83.01,2185.25,No
CUST104788,Female,0,No,No,34,Yes,Yes,Fiber optic,Yes,No,No,Yes,Yes,Yes,Month-to-month,Yes,Mailed check,94.08,3132.01,No
CUST104789,Female,0,No,No,69,Yes,No,DSL,Yes,No,No,No,No,No,Month-to-month,Yes,Electronic check,52.06,3611.49,No
CUST104790,Male,0,Yes,No,52,Yes,No,Fiber optic,No,No,No,Yes,Yes,No,One year,No,Bank transfer,75.58,3954.75,No
CUST104791,Female,0,No,No,31,Yes,Yes,Fiber optic,Yes,Yes,Yes,Yes,Yes,Yes,One year,Yes,Electronic check,108.0,3357.37,No
CUST104792,Male,0,No,Yes,60,Yes,Yes,DSL,Yes,No,Yes,No,Yes,Yes,One year,Yes,Bank transfer,78.87,4592.81,No
CUST104793,Male,0,Yes,No,10,Yes,No,Fiber optic,Yes,Yes,Yes,No,No,Yes,Two year,Yes,Credit card,92.46,1006.18,No
CUST104794,Female,0,No,Yes,49,Yes,Yes,Fiber optic,No,Yes,No,No,Yes,No,Two year,No,Bank transfer,85.75,4225.8,No
CUST104795,Female,0,No,Yes,69,No,No phone service,Fiber optic,No,Yes,Yes,No,No,No,Two year,No,Electronic check,70.24,4881.25,No
CUST104796,Female,1,No,No,38,No,No phone service,No,No internet service,No internet service,No internet service,No internet service,No internet service,No internet service,One year,Yes,Mailed check,23.72,1021.78,No
CUST104797,Male,0,No,No,45,Yes,No,Fiber optic,No,Yes,No,Yes,Yes,Yes,Month-to-month,No,Mailed check,94.32,4237.87,No
CUST104798,Female,0,Yes,No,5,Yes,No,Fiber optic,No,Yes,No,No,Yes,No,One year,Yes,Bank transfer,81.99,463.78,No
CUST104799,Female,1,Yes,Yes,44,No,No phone service,Fiber optic,No,Yes,No,No,No,No,Month-to-month,No,Electronic check,71.08,3188.68,Yes
CUST104800,Male,0,Yes,Yes,21,Yes,No,Fiber optic,No,No,No,Yes,Yes,No,Month-to-month,Yes,Mailed check,85.11,1764.75,Yes
CUST104801,Male,0,Yes,Yes,72,Yes,Yes,Fiber optic,No,No,Yes,No,No,Yes,Month-to-month,No,Credit card,87.46,6297.16,No
CUST104802,Male,0,Yes,No,24,No,No phone service,DSL,Yes,Yes,No,Yes,No,No,Month-to-month,Yes,Electronic check,55.45,1267.19,No
CUST104803,Female,1,No,No,23,Yes,Yes,Fiber optic,No,No,No,Yes,No,Yes,One year,No,Bank transfer,87.98,1827.18,No
CUST104804,Male,0,Yes,No,29,Yes,No,Fiber optic,Yes,No,No,No,No,Yes,Month-to-month,No,Credit card,82.38,2328.57,No
CUST104805,Male,0,No,No,51,Yes,No,Fiber optic,No,No,No,Yes,Yes,No,Month-to-month,No,Credit card,75.13,3720.87,No
CUST104806,Male,0,Yes,No,69,Yes,No,DSL,No,No,No,Yes,No,No,Two year,Yes,Credit card,48.73,3241.9,No
CUST104807,Female,0,Yes,No,25,Yes,Yes,DSL,No,No,No,No,No,No,One year,No,Bank transfer,53.62,1283.59,Yes
CUST104808,Male,0,No,No,16,Yes,No,Fiber optic,No,Yes,Yes,No,No,No,Month-to-month,No,Mailed check,75.51,1396.97,No
CUST104809,Female,0,No,No,56,Yes,No,DSL,Yes,No,Yes,No,Yes,Yes,Month-to-month,Yes,Mailed check,68.68,3752.53,No
CUST104810,Male,0,Yes,No,39,No,No phone service,Fiber optic,No,Yes,Yes,Yes,No,No,Month-to-month,Yes,Electronic check,70.56,2792.36,No
CUST104811,Female,0,No,No,33,Yes,No,Fiber optic,No,No,No,No,No,Yes,Two year,No,Electronic check,79.81,2482.97,No
CUST104812,Female,0,Yes,Yes,72,Yes,No,DSL,Yes,No,No,No,No,Yes,Month-to-month,Yes,Bank transfer,63.57,4600.29,No
CUST104813,Male,0,Yes,Yes,36,Yes,No,No,No internet service,No internet service,No internet service,No internet service,No internet service,No internet service,Two year,No,Electronic check,23.97,916.56,No
CUST104814,Male,0,Yes,No,45,Yes,Yes,Fiber optic,No,No,No,No,No,No,Month-to-month,No,Electronic check,70.67,3090.56,No
CUST104815,Male,0,No,No,71,Yes,Yes,DSL,No,No,No,No,No,Yes,One year,Yes,Credit card,62.16,4360.9,No
CUST104816,Female,0,Yes,No,16,Yes,No,No,No internet service,No internet service,No internet service,No internet service,No internet service,No internet service,Month-to-month,No,Electronic check,28.99,388.71,No
CUST104817,Male,1,No,No,65,Yes,No,Fiber optic,Yes,Yes,Yes,No,No,No,Month-to-month,Yes,Electronic check,86.79,5680.73,No
CUST104818,Female,1,No,Yes,70,Yes,No,Fiber optic,No,Yes,Yes,Yes,No,No,Month-to-month,Yes,Bank transfer,87.8,6168.52,No
CUST104819,Male,0,Yes,No,34,Yes,No,DSL,No,No,No,No,No,No,Month-to-month,Yes,Electronic check,46.55,1646.05,No
CUST104820,Male,0,No,No,25,Yes,No,No,No internet service,No internet service,No internet service,No internet service,No internet service,No internet service,Two year,No,Mailed check,33.46,823.39,No
CUST104821,Male,0,Yes,Yes,12,Yes,Yes,DSL,Yes,Yes,Yes,No,Yes,No,One year,No,Electronic check,80.92,847.84,No
CUST104822,Male,0,Yes,No,4,Yes,Yes,Fiber optic,Yes,Yes,Yes,No,Yes,No,Month-to-month,No,Bank transfer,106.65,337.11,Yes
CUST104823,Male,0,Yes,No,71,Yes,Yes,No,No internet service,No internet service,No internet service,No internet service,No internet service,No internet service,One year,No,Bank transfer,43.25,2961.36,No
CUST104824,Male,1,Yes,Yes,32,Yes,Yes,No,No internet service,No internet service,No internet service,No internet service,No internet service,No internet service,Month-to-month,Yes,Bank transfer,32.14,958.94,No
CUST104825,Female,0,Yes,Yes,49,No,No phone service,Fiber optic,Yes,No,Yes,Yes,No,Yes,Two year,Yes,Electronic check,88.28,4278.16,No
CUST104826,Female,0,Yes,No,18,Yes,No,DSL,No,Yes,No,Yes,No,Yes,Month-to-month,Yes,Bank transfer,63.76,1109.42,No
CUST104827,Female,1,No,No,24,Yes,Yes,DSL,No,No,Yes,No,No,Yes,Month-to-month,No,Electronic check,57.36,1363.87,No
CUST104828,Male,0,Yes,No,59,Yes,No,No,No internet service,No internet service,No internet service,No internet service,No internet service,No internet service,Month-to-month,No,Bank transfer,30.07,1623.6,No
CUST104829,Male,0,Yes,Yes,48,Yes,Yes,Fiber optic,No,No,No,Yes,No,Yes,Month-to-month,Yes,Electronic check,86.14,4198.97,No
CUST104830,Female,0,No,Yes,16,Yes,No,No,No internet service,No internet service,No internet service,No internet service,No internet service,No internet service,Two year,No,Electronic check,28.0,469.59,No
CUST104831,Female,0,Yes,No,1,Yes,No,DSL,No,No,Yes,No,Yes,No,Month-to-month,No,Electronic check,53.44,22.13,Yes
CUST104832,Female,1,No,No,60,Yes,Yes,No,No internet service,No internet service,No internet service,No internet service,No internet service,No internet service,Month-to-month,Yes,Electronic check,40.22,2368.22,No
CUST104833,Female,0,No,Yes,6,Yes,No,DSL,No,Yes,No,No,No,No,Two year,Yes,Electronic check,47.42,241.79,No
CUST104834,Female,0,Yes,No,3,Yes,No,DSL,No,No,No,No,No,No,Month-to-month,No,Electronic check,43.05,98.76,No
CUST104835,Male,0,Yes,Yes,22,No,No phone service,No,No internet service,No internet service,No internet service,No internet service,No internet service,No internet service,Month-to-month,Yes,Credit card,24.56,574.94,No
CUST104836,Male,1,Yes,No,67,No,No phone service,Fiber optic,No,Yes,Yes,No,Yes,Yes,One year,Yes,Mailed check,87.1,5822.09,No
CUST104837,Female,0,Yes,No,47,Yes,Yes,Fiber optic,No,No,Yes,No,No,No,Month-to-month,Yes,Bank transfer,89.18,4213.02,No
CUST104838,Female,0,Yes,No,4,Yes,No,Fiber optic,Yes,No,No,Yes,No,Yes,Two year,Yes,Electronic check,90.55,367.71,No
CUST104839,Male,0,No,No,67,Yes,No,No,No internet service,No internet service,No internet service,No internet service,No internet service,No internet service,One year,Yes,Electronic check,32.4,2121.84,No
CUST104840,Male,1,No,Yes,68,Yes,Yes,DSL,Yes,No,No,No,Yes,Yes,Month-to-month,No,Credit card,67.83,4482.71,No
CUST104841,Male,0,Yes,No,51,Yes,Yes,DSL,No,No,No,No,No,No,Month-to-month,No,Electronic check,54.39,2882.95,No
CUST104842,Female,0,No,No,6,Yes,No,Fiber optic,Yes,No,Yes,No,No,No,Month-to-month,No,Credit card,87.31,572.37,Yes
CUST104843,Female,1,Yes,Yes,2,Yes,No,No,No internet service,No internet service,No internet service,No internet service,No internet service,No internet service,Month-to-month,Yes,Bank transfer,23.65,149.32,No
CUST104844,Female,0,No,No,63,No,No phone service,No,No internet service,No internet service,No internet service,No internet service,No internet service,No internet service,One year,Yes,Mailed check,20.04,1221.82,No
CUST104845,Male,0,No,Yes,60,Yes,No,Fiber optic,No,No,No,No,Yes,Yes,One year,Yes,Bank transfer,83.6,5042.34,No
CUST104846,Male,0,Yes,Yes,60,Yes,No,Fiber optic,No,Yes,No,No,Yes,Yes,Month-to-month,Yes,Bank transfer,90.1,5356.49,No
CUST104847,Male,0,Yes,No,36,No,No phone service,Fiber optic,No,No,No,No,Yes,No,One year,Yes,Credit card,72.05,2645.98,No
CUST104848,Female,0,Yes,No,43,Yes,No,DSL,No,No,No,No,Yes,Yes,Month-to-month,No,Mailed check,60.54,2728.49,No
CUST104849,Female,0,No,Yes,13,Yes,No,DSL,No,No,No,No,Yes,Yes,Two year,No,Electronic check,68.11,1006.57,No
CUST104850,Male,0,Yes,Yes,3,Yes,Yes,DSL,No,No,No,No,No,No,Month-to-month,No,Bank transfer,43.58,133.45,No
CUST104851,Male,0,No,Yes,16,Yes,No,DSL,No,No,No,No,Yes,No,Two year,Yes,Electronic check,42.26,734.92,No
CUST104852,Male,0,Yes,No,45,Yes,No,DSL,No,No,Yes,No,No,No,Month-to-month,No,Mailed check,50.0,2291.22,No
CUST104853,Female,1,Yes,No,29,Yes,No,DSL,No,No,No,No,No,Yes,Month-to-month,No,Bank transfer,58.11,1696.16,Yes
CUST104854,Female,0,No,Yes,45,Yes,No,No,No internet service,No internet service,No internet service,No internet service,No internet service,No internet service,Month-to-month,Yes,Electronic check,27.38,1266.39,Yes
CUST104855,Female,0,Yes,No,32,Yes,No,DSL,Yes,Yes,No,No,No,Yes,Two year,Yes,Credit card,61.32,1900.39,No
CUST104856,Male,0,Yes,No,41,Yes,No,No,No internet service,No internet service,No internet service,No internet service,No internet service,No internet service,Two year,Yes,Credit card,20.4,713.34,No
CUST104857,Male,0,No,No,69,Yes,Yes,No,No internet service,No internet service,No internet service,No internet service,No internet service,No internet service,One year,No,Electronic check,33.78,2365.31,No
CUST104858,Male,0,Yes,No,46,Yes,Yes,Fiber optic,No,No,No,No,No,Yes,Month-to-month,No,Electronic check,81.88,3678.71,No
CUST104859,Female,0,No,No,69,Yes,Yes,Fiber optic,No,Yes,No,No,Yes,No,One year,No,Mailed check,88.32,6026.22,No
CUST104860,Male,0,No,No,70,No,No phone service,DSL,Yes,Yes,Yes,No,No,Yes,Month-to-month,Yes,Electronic check,59.43,4124.78,No
CUST104861,Female,0,Yes,No,45,Yes,No,DSL,No,No,Yes,No,No,No,One year,No,Electronic check,53.76,2539.48,No
CUST104862,Male,0,No,Yes,72,Yes,No,Fiber optic,No,Yes,No,No,No,No,Month-to-month,Yes,Credit card,73.26,5269.28,No
CUST104863,Male,1,Yes,Yes,18,Yes,Yes,Fiber optic,No,No,No,No,No,Yes,Two year,Yes,Electronic check,80.59,1380.01,No
CUST104864,Male,0,No,Yes,38,Yes,No,Fiber optic,Yes,No,No,Yes,No,Yes,One year,No,Electronic check,87.07,3209.97,No
CUST104865,Male,0,No,No,6,Yes,No,No,No internet service,No internet service,No internet service,No internet service,No internet service,No internet service,Month-to-month,Yes,Mailed check,27.92,153.27,No
CUST104866,Male,0,No,Yes,7,No,No phone service,Fiber optic,Yes,Yes,No,No,No,Yes,One year,No,Electronic check,74.1,501.41,No
CUST104867,Female,0,No,No,10,Yes,No,Fiber optic,No,No,No,Yes,No,No,Month-to-month,Yes,Credit card,76.5,671.51,No
CUST104868,Female,0,Yes,Yes,10,Yes,Yes,DSL,No,Yes,Yes,Yes,No,Yes,Month-to-month,No,Credit card,69.94,710.06,No
CUST104869,Male,1,No,No,30,Yes,Yes,No,No internet service,No internet service,No internet service,No internet service,No internet service,No internet service,Month-to-month,Yes,Mailed check,37.61,996.75,No
CUST104870,Male,1,Yes,Yes,52,Yes,Yes,No,No internet service,No internet service,No internet service,No internet service,No internet service,No internet service,Month-to-month,No,Electronic check,32.89,1624.04,No
CUST104871,Female,0,No,No,71,Yes,No,Fiber optic,No,No,No,No,No,No,Month-to-month,No,Credit card,65.45,4755.9,No
CUST104872,Male,1,Yes,No,71,Yes,No,Fiber optic,Yes,No,No,No,No,Yes,One year,Yes,Bank transfer,93.09,6515.77,No
CUST104873,Female,0,Yes,No,13,Yes,No,Fiber optic,No,No,Yes,No,No,No,One year,No,Mailed check,75.42,969.57,No
CUST104874,Male,0,Yes,No,32,Yes,No,DSL,No,Yes,No,No,No,No,Month-to-month,Yes,Mailed check,55.23,1797.95,Yes
CUST104875,Female,0,Yes,No,32,Yes,No,No,No internet service,No internet service,No internet service,No internet service,No internet service,No internet service,Two year,Yes,Mailed check,27.71,1032.09,No
CUST104876,Male,0,Yes,No,8,Yes,No,Fiber optic,Yes,No,Yes,No,No,Yes,Two year,No,Electronic check,92.25,859.63,No
CUST104877,Female,0,Yes,No,3,Yes,Yes,Fiber optic,No,No,No,No,Yes,No,Month-to-month,Yes,Mailed check,86.95,312.7,Yes
CUST104878,Female,1,No,No,26,Yes,Yes,Fiber optic,Yes,Yes,No,No,No,No,Month-to-month,Yes,Bank transfer,85.9,2147.05,No
CUST104879,Male,0,No,No,62,No,No phone service,Fiber optic,No,No,Yes,Yes,No,No,Two year,No,Mailed check,75.89,4628.37,No
CUST104880,Male,0,Yes,No,28,Yes,No,DSL,No,Yes,No,No,No,No,Month-to-month,No,Bank transfer,55.75,1522.49,No
CUST104881,Female,0,No,No,28,Yes,No,Fiber optic,Yes,No,No,No,No,No,Month-to-month,No,Bank transfer,73.33,2247.91,No
CUST104882,Male,0,Yes,No,72,Yes,No,DSL,Yes,No,Yes,No,Yes,Yes,Two year,Yes,Bank transfer,69.94,5075.15,No
CUST104883,Female,1,No,No,28,Yes,No,DSL,Yes,No,No,No,No,Yes,One year,No,Mailed check,66.36,1853.32,No
CUST104884,Female,0,Yes,No,50,Yes,No,DSL,No,No,No,No,Yes,No,Two year,No,Electronic check,53.79,2704.22,No
CUST104885,Female,0,No,Yes,71,Yes,No,Fiber optic,Yes,Yes,No,No,No,No,Two year,No,Bank transfer,84.45,6104.64,No
CUST104886,Female,0,Yes,Yes,9,Yes,No,No,No internet service,No internet service,No internet service,No internet service,No internet service,No internet service,Month-to-month,Yes,Credit card,31.31,232.78,No
CUST104887,Male,0,Yes,No,37,Yes,Yes,DSL,No,Yes,No,No,No,No,One year,No,Electronic check,62.37,2313.25,No
CUST104888,Male,0,No,No,25,Yes,Yes,Fiber optic,No,Yes,Yes,Yes,Yes,Yes,One year,No,Credit card,109.99,2731.08,No
CUST104889,Female,0,No,No,9,Yes,No,Fiber optic,No,No,Yes,No,No,Yes,Month-to-month,No,Credit card,71.1,581.6,No
CUST104890,Female,0,No,No,4,Yes,Yes,No,No internet service,No internet service,No internet service,No internet service,No internet service,No internet service,Month-to-month,No,Bank transfer,32.89,111.14,No
CUST104891,Male,0,Yes,No,47,Yes,No,Fiber optic,Yes,No,No,Yes,No,No,Month-to-month,Yes,Electronic check,78.79,3730.77,No
CUST104892,Male,0,Yes,No,48,Yes,No,No,No internet service,No internet service,No internet service,No internet service,No internet service,No internet service,One year,Yes,Bank transfer,29.17,1423.16,No
CUST104893,Female,0,No,No,41,Yes,No,Fiber optic,No,No,Yes,No,Yes,No,One year,Yes,Mailed check,78.48,3328.92,No
CUST104894,Female,0,Yes,Yes,49,No,No phone service,Fiber optic,No,No,Yes,Yes,No,No,Two year,No,Electronic check,71.57,3456.56,Yes
CUST104895,Female,1,Yes,No,52,Yes,Yes,Fiber optic,Yes,Yes,No,No,Yes,No,Month-to-month,Yes,Electronic check,88.97,4644.79,No
CUST104896,Female,1,Yes,No,5,Yes,No,DSL,No,No,No,No,No,No,One year,Yes,Bank transfer,37.92,93.59,No
CUST104897,Male,0,Yes,Yes,3,Yes,No,Fiber optic,Yes,Yes,Yes,No,Yes,Yes,Month-to-month,Yes,Mailed check,109.74,322.71,No
CUST104898,Male,0,Yes,No,25,Yes,Yes,Fiber optic,No,No,No,No,No,No,Two year,No,Mailed check,75.28,1758.38,No
CUST104899,Male,1,Yes,No,41,Yes,No,Fiber optic,Yes,No,Yes,No,Yes,Yes,Month-to-month,No,Mailed check,99.1,4100.63,No
CUST104900,Male,0,No,Yes,66,Yes,No,Fiber optic,No,Yes,Yes,No,No,No,One year,Yes,Mailed check,83.59,5661.59,No
CUST104901,Female,0,No,No,71,Yes,Yes,Fiber optic,No,No,No,No,No,No,Month-to-month,Yes,Mailed check,75.34,5431.22,No
CUST104902,Male,0,No,No,60,Yes,Yes,Fiber optic,No,Yes,No,No,No,No,Month-to-month,Yes,Mailed check,88.1,5254.35,No
CUST104903,Male,0,No,No,21,Yes,No,DSL,Yes,No,Yes,No,No,No,Month-to-month,No,Electronic check,52.43,1178.51,Yes
CUST104904,Male,0,Yes,Yes,42,Yes,No,DSL,Yes,No,No,No,No,No,Two year,No,Mailed check,50.7,2010.13,No
CUST104905,Female,0,No,Yes,9,Yes,No,Fiber optic,Yes,Yes,No,No,Yes,No,Month-to-month,No,Electronic check,89.44,839.54,No
CUST104906,Male,0,No,No,35,Yes,No,DSL,No,Yes,No,No,No,No,Two year,Yes,Bank transfer,51.13,1992.39,No
CUST104907,Female,1,No,Yes,8,Yes,No,No,No internet service,No internet service,No internet service,No internet service,No internet service,No internet service,Month-to-month,Yes,Mailed check,27.37,252.8,No
CUST104908,Male,0,Yes,No,72,Yes,Yes,DSL,Yes,No,No,Yes,No,No,Month-to-month,No,Credit card,55.19,3951.82,No
CUST104909,Male,0,No,No,33,Yes,No,DSL,No,No,No,Yes,No,Yes,Month-to-month,Yes,Mailed check,61.08,1988.3,No
CUST104910,Male,0,No,No,52,Yes,No,Fiber optic,No,No,No,No,No,Yes,Month-to-month,Yes,Electronic check,80.66,4215.79,No
CUST104911,Male,0,No,No,8,Yes,Yes,DSL,No,No,No,No,Yes,Yes,Month-to-month,Yes,Electronic check,65.08,516.23,Yes
CUST104912,Male,0,No,No,69,Yes,Yes,Fiber optic,No,No,No,Yes,No,No,Month-to-month,Yes,Electronic check,85.74,5876.96,No
CUST104913,Female,0,No,Yes,38,Yes,No,DSL,No,Yes,No,No,No,No,Month-to-month,Yes,Mailed check,52.0,1962.67,Yes
CUST104914,Male,0,No,Yes,6,No,No phone service,DSL,No,Yes,Yes,No,Yes,No,One year,Yes,Bank transfer,59.42,222.19,No
CUST104915,Male,0,No,No,27,Yes,Yes,Fiber optic,No,Yes,No,No,Yes,Yes,Month-to-month,No,Electronic check,99.14,2734.36,Yes
CUST104916,Female,0,No,No,16,Yes,Yes,Fiber optic,No,No,Yes,No,Yes,No,One year,No,Mailed check,87.81,1489.78,No
CUST104917,Female,0,No,Yes,5,No,No phone service,Fiber optic,Yes,No,Yes,No,No,Yes,One year,No,Electronic check,87.39,491.22,No
CUST104918,Female,1,Yes,No,3,Yes,Yes,DSL,No,Yes,Yes,No,No,No,Month-to-month,No,Mailed check,59.44,148.94,No
CUST104919,Male,0,No,Yes,52,Yes,Yes,Fiber optic,No,No,Yes,Yes,Yes,No,Month-to-month,No,Bank transfer,81.9,4286.31,No
CUST104920,Male,0,Yes,No,63,Yes,No,Fiber optic,Yes,No,Yes,Yes,No,No,Month-to-month,Yes,Electronic check,74.52,4726.2,No
CUST104921,Male,0,Yes,No,48,Yes,No,DSL,No,Yes,Yes,No,No,No,Month-to-month,Yes,Electronic check,57.78,2748.12,Yes
CUST104922,Male,0,Yes,No,50,No,No phone service,Fiber optic,Yes,No,No,Yes,No,No,Month-to-month,No,Bank transfer,62.94,3237.74,No
CUST104923,Male,0,Yes,No,3,No,No phone service,Fiber optic,No,No,No,No,No,No,One year,No,Mailed check,59.47,244.17,No
CUST104924,Male,0,Yes,Yes,13,Yes,No,No,No internet service,No internet service,No internet service,No internet service,No internet service,No internet service,Month-to-month,Yes,Mailed check,32.48,501.12,No
CUST104925,Female,0,Yes,No,3,Yes,Yes,No,No internet service,No internet service,No internet service,No internet service,No internet service,No internet service,Two year,Yes,Bank transfer,24.95,99.82,Yes
CUST104926,Female,0,Yes,No,71,Yes,No,Fiber optic,No,No,No,No,No,No,One year,Yes,Electronic check,69.04,4780.22,No
CUST104927,Female,1,No,No,54,Yes,No,DSL,Yes,No,Yes,No,Yes,Yes,Month-to-month,Yes,Credit card,69.7,3584.55,No
CUST104928,Male,0,No,Yes,69,Yes,No,Fiber optic,No,No,No,No,No,No,One year,No,Bank transfer,63.84,4364.41,No
CUST104929,Female,0,No,No,66,Yes,Yes,Fiber optic,Yes,No,Yes,No,Yes,Yes,Month-to-month,No,Mailed check,102.01,6663.74,No
CUST104930,Female,1,Yes,No,17,Yes,No,No,No internet service,No internet service,No internet service,No internet service,No internet service,No internet service,Month-to-month,Yes,Mailed check,27.23,456.33,No
CUST104931,Female,0,Yes,Yes,37,Yes,Yes,Fiber optic,No,No,No,No,No,No,Two year,Yes,Mailed check,79.46,2846.26,No
CUST104932,Male,0,No,Yes,47,Yes,No,DSL,No,Yes,Yes,No,Yes,Yes,Month-to-month,Yes,Bank transfer,69.8,3187.42,No
CUST104933,Male,0,Yes,Yes,54,Yes,No,No,No internet service,No internet service,No internet service,No internet service,No internet service,No internet service,Month-to-month,Yes,Electronic check,26.04,1241.57,No
CUST104934,Male,0,No,No,49,Yes,No,Fiber optic,Yes,Yes,No,No,No,No,Two year,No,Bank transfer,81.45,3878.88,No
CUST104935,Female,0,No,Yes,33,Yes,No,DSL,No,No,Yes,No,Yes,Yes,Two year,No,Electronic check,70.08,2275.33,No
CUST104936,Male,0,Yes,No,1,Yes,Yes,Fiber optic,No,No,No,No,No,Yes,Month-to-month,Yes,Bank transfer,89.52,40.54,No
CUST104937,Male,0,Yes,No,68,Yes,No,Fiber optic,No,No,Yes,No,No,No,One year,No,Credit card,77.39,5344.09,No
CUST104938,Male,0,Yes,No,50,No,No phone service,Fiber optic,Yes,Yes,Yes,No,Yes,Yes,One year,Yes,Electronic check,94.29,4686.97,No
CUST104939,Female,0,No,Yes,61,Yes,No,No,No internet service,No internet service,No internet service,No internet service,No internet service,No internet service,One year,Yes,Mailed check,25.37,1417.64,No
CUST104940,Female,1,Yes,No,16,Yes,No,DSL,Yes,No,Yes,No,No,No,Month-to-month,No,Mailed check,54.95,854.77,No
CUST104941,Male,1,No,Yes,8,Yes,No,DSL,No,No,No,No,Yes,No,Two year,Yes,Mailed check,54.87,475.35,No
CUST104942,Female,0,No,Yes,65,Yes,Yes,DSL,No,No,No,No,No,Yes,Month-to-month,No,Electronic check,60.99,3773.52,No
CUST104943,Male,0,Yes,No,59,Yes,No,No,No internet service,No internet service,No internet service,No internet service,No internet service,No internet service,Month-to-month,Yes,Bank transfer,30.44,1891.66,No
CUST104944,Male,0,Yes,No,61,Yes,Yes,DSL,No,No,No,No,Yes,Yes,Month-to-month,No,Bank transfer,72.77,4471.28,No
CUST104945,Female,0,Yes,No,32,Yes,Yes,Fiber optic,No,No,No,Yes,No,Yes,Month-to-month,Yes,Credit card,88.54,2943.72,No
CUST104946,Male,0,Yes,No,66,Yes,Yes,Fiber optic,Yes,No,No,Yes,Yes,Yes,Month-to-month,Yes,Bank transfer,95.08,6311.85,No
CUST104947,Female,0,No,No,17,Yes,Yes,No,No internet service,No internet service,No internet service,No internet service,No internet service,No internet service,Month-to-month,No,Bank transfer,31.44,498.69,No
CUST104948,Male,0,No,Yes,55,Yes,No,DSL,Yes,Yes,No,No,No,Yes,Month-to-month,Yes,Electronic check,63.83,3504.22,No
CUST104949,Female,0,No,No,36,Yes,Yes,DSL,Yes,No,No,No,No,Yes,Two year,No,Electronic check,63.51,2246.23,No
CUST104950,Female,0,Yes,No,12,Yes,No,No,No internet service,No internet service,No internet service,No internet service,No internet service,No internet service,Month-to-month,Yes,Bank transfer,23.09,341.95,No
CUST104951,Female,0,Yes,No,52,Yes,Yes,Fiber optic,Yes,Yes,No,No,No,No,Month-to-month,No,Bank transfer,86.83,4451.31,No
CUST104952,Female,0,No,Yes,26,No,No phone service,DSL,Yes,No,Yes,Yes,No,Yes,Two year,Yes,Credit card,57.04,1508.71,No
CUST104953,Male,0,No,No,12,Yes,Yes,DSL,Yes,Yes,No,No,No,No,Month-to-month,Yes,Mailed check,65.34,874.51,No
CUST104954,Female,0,No,Yes,52,Yes,Yes,No,No internet service,No internet service,No internet service,No internet service,No internet service,No internet service,One year,Yes,Electronic check,41.08,2153.08,No
CUST104955,Female,1,No,Yes,56,No,No phone service,No,No internet service,No internet service,No internet service,No internet service,No internet service,No internet service,Month-to-month,No,Electronic check,24.67,1386.52,No
CUST104956,Female,0,No,No,24,Yes,Yes,Fiber optic,No,No,Yes,No,No,No,One year,No,Mailed check,78.29,1911.35,No
CUST104957,Female,0,Yes,No,70,Yes,Yes,Fiber optic,Yes,No,No,Yes,No,No,Month-to-month,Yes,Electronic check,84.51,5859.79,No
CUST104958,Female,0,Yes,No,52,Yes,No,Fiber optic,No,No,Yes,No,No,Yes,Month-to-month,Yes,Electronic check,75.84,3768.91,No
CUST104959,Male,0,No,No,2,Yes,Yes,DSL,Yes,No,Yes,No,No,Yes,One year,Yes,Electronic check,74.48,68.73,No
CUST104960,Male,0,Yes,Yes,25,Yes,No,No,No internet service,No internet service,No internet service,No internet service,No internet service,No internet service,Month-to-month,Yes,Mailed check,28.55,650.26,Yes
CUST104961,Female,0,No,No,71,Yes,Yes,DSL,No,Yes,Yes,No,No,Yes,Month-to-month,Yes,Electronic check,76.39,5449.84,No
CUST104962,Male,0,Yes,Yes,13,Yes,No,DSL,No,No,No,Yes,Yes,No,Month-to-month,Yes,Credit card,60.43,712.57,No
CUST104963,Male,0,Yes,No,69,Yes,Yes,DSL,No,No,Yes,Yes,Yes,Yes,One year,No,Credit card,75.22,5127.54,No
CUST104964,Female,1,Yes,Yes,38,Yes,No,DSL,Yes,No,No,No,No,No,Month-to-month,No,Electronic check,43.9,1727.86,No
CUST104965,Male,1,No,No,49,Yes,Yes,Fiber optic,Yes,No,Yes,No,Yes,No,One year,No,Bank transfer,95.23,4697.01,No
CUST104966,Female,0,No,No,50,Yes,No,Fiber optic,No,No,No,Yes,Yes,Yes,One year,Yes,Mailed check,97.42,4966.69,No
CUST104967,Female,0,Yes,Yes,37,Yes,Yes,Fiber optic,No,No,No,No,Yes,Yes,Month-to-month,Yes,Credit card,94.41,3484.3,No
CUST104968,Female,0,Yes,No,38,Yes,No,Fiber optic,No,No,Yes,No,No,No,Two year,No,Bank transfer,74.49,2707.73,No
CUST104969,Female,0,Yes,No,41,No,No phone service,DSL,Yes,Yes,No,No,No,No,Two year,No,Electronic check,51.38,2276.87,No
CUST104970,Male,0,Yes,Yes,47,Yes,Yes,Fiber optic,No,No,No,Yes,No,Yes,Month-to-month,Yes,Electronic check,91.93,4368.99,No
CUST104971,Male,0,No,No,54,Yes,Yes,Fiber optic,Yes,No,No,Yes,No,No,Month-to-month,No,Credit card,92.08,4924.81,No
CUST104972,Female,0,Yes,Yes,32,No,No phone service,Fiber optic,Yes,Yes,Yes,No,No,No,Month-to-month,Yes,Credit card,73.58,2423.4,No
CUST104973,Male,0,Yes,No,32,Yes,Yes,DSL,No,No,Yes,No,Yes,No,Two year,Yes,Mailed check,66.74,2151.09,No
CUST104974,Male,0,Yes,No,57,Yes,No,No,No internet service,No internet service,No internet service,No internet service,No internet service,No internet service,Month-to-month,Yes,Mailed check,22.05,1354.18,No
CUST104975,Male,0,No,No,55,Yes,No,DSL,Yes,No,Yes,No,Yes,No,Month-to-month,Yes,Mailed check,55.51,3071.38,No
CUST104976,Male,0,No,No,47,Yes,No,DSL,No,No,Yes,No,Yes,Yes,Two year,Yes,Bank transfer,67.81,3153.2,No
CUST104977,Male,0,No,No,34,Yes,Yes,DSL,Yes,Yes,Yes,No,No,No,One year,Yes,Mailed check,72.99,2503.46,No
CUST104978,Female,0,No,No,42,Yes,No,Fiber optic,No,No,Yes,No,No,Yes,Month-to-month,No,Electronic check,82.02,3522.27,No
CUST104979,Male,0,No,No,42,Yes,No,DSL,Yes,Yes,Yes,No,No,Yes,One year,No,Electronic check,67.65,2777.82,No
CUST104980,Male,1,Yes,No,32,Yes,Yes,DSL,Yes,No,Yes,No,Yes,Yes,One year,No,Mailed check,78.4,2512.86,No
CUST104981,Male,0,No,No,13,Yes,No,Fiber optic,No,Yes,Yes,No,No,No,Month-to-month,Yes,Mailed check,84.62,1003.57,Yes
CUST104982,Male,1,No,Yes,39,Yes,Yes,Fiber optic,Yes,Yes,No,No,No,Yes,Month-to-month,No,Credit card,97.59,3844.42,No
CUST104983,Female,0,Yes,Yes,32,Yes,No,DSL,No,Yes,No,No,No,Yes,One year,Yes,Credit card,59.31,1902.04,No
CUST104984,Female,0,No,No,4,Yes,No,Fiber optic,No,No,No,No,Yes,Yes,Month-to-month,No,Electronic check,86.75,397.53,Yes
CUST104985,Female,0,No,No,69,Yes,No,Fiber optic,Yes,Yes,No,No,No,No,Two year,Yes,Credit card,83.29,5827.4,No
CUST104986,Female,0,No,Yes,49,No,No phone service,DSL,No,No,No,No,Yes,No,Month-to-month,No,Bank transfer,40.71,1941.5,No
CUST104987,Male,0,Yes,No,9,Yes,Yes,DSL,No,No,Yes,Yes,No,Yes,One year,Yes,Bank transfer,72.15,664.22,No
CUST104988,Male,0,Yes,Yes,15,Yes,No,Fiber optic,Yes,Yes,No,No,Yes,No,One year,No,Electronic check,81.85,1246.0,No
CUST104989,Male,0,No,No,42,Yes,No,No,No internet service,No internet service,No internet service,No internet service,No internet service,No internet service,Month-to-month,Yes,Mailed check,32.31,1305.25,No
CUST104990,Male,0,Yes,No,62,Yes,No,Fiber optic,Yes,No,No,No,Yes,No,Month-to-month,Yes,Credit card,85.39,5214.38,No
CUST104991,Male,1,Yes,No,35,No,No phone service,DSL,No,Yes,Yes,No,No,Yes,Two year,Yes,Bank transfer,55.24,2055.61,No
CUST104992,Male,1,Yes,No,59,Yes,Yes,No,No internet service,No internet service,No internet service,No internet service,No internet service,No internet service,One year,Yes,Bank transfer,34.26,1987.76,No
CUST104993,Male,0,Yes,No,10,Yes,Yes,Fiber optic,No,No,No,No,No,No,Month-to-month,Yes,Electronic check,81.6,782.06,No
CUST104994,Male,0,No,Yes,39,No,No phone service,Fiber optic,No,Yes,Yes,Yes,No,Yes,Month-to-month,Yes,Electronic check,85.1,3298.53,No
CUST104995,Male,1,No,No,60,Yes,No,No,No internet service,No internet service,No internet service,No internet service,No internet service,No internet service,Month-to-month,Yes,Mailed check,29.03,1782.24,No
CUST104996,Female,0,No,Yes,61,Yes,Yes,Fiber optic,No,No,Yes,Yes,No,Yes,Month-to-month,No,Bank transfer,95.34,5777.65,No
CUST104997,Male,0,Yes,No,18,No,No phone service,Fiber optic,No,No,Yes,Yes,Yes,No,Month-to-month,Yes,Credit card,80.64,1388.91,No
CUST104998,Male,0,Yes,No,49,Yes,No,Fiber optic,No,No,Yes,No,No,Yes,Month-to-month,Yes,Mailed check,86.68,4259.53,No
CUST104999,Male,0,Yes,Yes,3,Yes,Yes,No,No internet service,No internet service,No internet service,No internet service,No internet service,No internet service,Month-to-month,No,Electronic check,28.56,142.09,Yes
CUST105000,Female,0,Yes,Yes,11,Yes,Yes,DSL,No,No,Yes,Yes,Yes,Yes,One year,Yes,Electronic check,76.54,878.49,No
